ISO-10303-21;
HEADER;
FILE_DESCRIPTION(('KiCad electronic assembly'),'2;1');
FILE_NAME('mesa2.step','2026-09-07T03:06:20',('Pcbnew'),('Kicad'),
  'Open CASCADE STEP processor 7.9','KiCad to STEP converter','Unknown'
  );
FILE_SCHEMA(('AUTOMOTIVE_DESIGN { 1 0 10303 214 1 1 1 1 }'));
ENDSEC;
DATA;
#1 = APPLICATION_PROTOCOL_DEFINITION('international standard',
  'automotive_design',2000,#2);
#2 = APPLICATION_CONTEXT(
  'core data for automotive mechanical design processes');
#3 = SHAPE_DEFINITION_REPRESENTATION(#4,#10);
#4 = PRODUCT_DEFINITION_SHAPE('','',#5);
#5 = PRODUCT_DEFINITION('design','',#6,#9);
#6 = PRODUCT_DEFINITION_FORMATION('','',#7);
#7 = PRODUCT('mesa2 1','mesa2 1','',(#8));
#8 = PRODUCT_CONTEXT('',#2,'mechanical');
#9 = PRODUCT_DEFINITION_CONTEXT('part definition',#2,'design');
#10 = SHAPE_REPRESENTATION('',(#11,#15),#19);
#11 = AXIS2_PLACEMENT_3D('',#12,#13,#14);
#12 = CARTESIAN_POINT('',(0.,0.,0.));
#13 = DIRECTION('',(0.,0.,1.));
#14 = DIRECTION('',(1.,0.,-0.));
#15 = AXIS2_PLACEMENT_3D('',#16,#17,#18);
#16 = CARTESIAN_POINT('',(0.,0.,0.));
#17 = DIRECTION('',(0.,0.,1.));
#18 = DIRECTION('',(1.,0.,-0.));
#19 = ( GEOMETRIC_REPRESENTATION_CONTEXT(3) 
GLOBAL_UNCERTAINTY_ASSIGNED_CONTEXT((#23)) GLOBAL_UNIT_ASSIGNED_CONTEXT(
(#20,#21,#22)) REPRESENTATION_CONTEXT('Context #1',
  '3D Context with UNIT and UNCERTAINTY') );
#20 = ( LENGTH_UNIT() NAMED_UNIT(*) SI_UNIT(.MILLI.,.METRE.) );
#21 = ( NAMED_UNIT(*) PLANE_ANGLE_UNIT() SI_UNIT($,.RADIAN.) );
#22 = ( NAMED_UNIT(*) SI_UNIT($,.STERADIAN.) SOLID_ANGLE_UNIT() );
#23 = UNCERTAINTY_MEASURE_WITH_UNIT(LENGTH_MEASURE(1.E-07),#20,
  'distance_accuracy_value','confusion accuracy');
#24 = PRODUCT_RELATED_PRODUCT_CATEGORY('part',$,(#7));
#25 = SHAPE_DEFINITION_REPRESENTATION(#26,#32);
#26 = PRODUCT_DEFINITION_SHAPE('','',#27);
#27 = PRODUCT_DEFINITION('design','',#28,#31);
#28 = PRODUCT_DEFINITION_FORMATION('','',#29);
#29 = PRODUCT('mesa3-left_PCB','mesa3-left_PCB','',(#30));
#30 = PRODUCT_CONTEXT('',#2,'mechanical');
#31 = PRODUCT_DEFINITION_CONTEXT('part definition',#2,'design');
#32 = ADVANCED_BREP_SHAPE_REPRESENTATION('',(#11,#33),#3834);
#33 = MANIFOLD_SOLID_BREP('',#34);
#34 = CLOSED_SHELL('',(#35,#75,#106,#137,#1155,#2173,#2190,#2207,#2224,
    #2241,#2258,#2275,#2292,#2309,#2326,#2343,#2360,#2377,#2394,#2411,
    #2428,#2445,#2462,#2479,#2496,#2513,#2530,#2547,#2559,#2576,#2593,
    #2610,#2627,#2644,#2661,#2678,#2695,#2712,#2729,#2746,#2763,#2780,
    #2797,#2814,#2831,#2848,#2865,#2882,#2899,#2916,#2933,#2950,#2967,
    #2984,#3001,#3018,#3035,#3052,#3069,#3086,#3103,#3120,#3137,#3154,
    #3171,#3188,#3205,#3222,#3239,#3256,#3273,#3290,#3307,#3324,#3341,
    #3358,#3375,#3392,#3409,#3426,#3443,#3460,#3477,#3494,#3511,#3528,
    #3545,#3562,#3579,#3596,#3613,#3630,#3647,#3664,#3681,#3698,#3715,
    #3732,#3749,#3766,#3783,#3800,#3817));
#35 = ADVANCED_FACE('',(#36),#70,.T.);
#36 = FACE_BOUND('',#37,.T.);
#37 = EDGE_LOOP('',(#38,#48,#56,#64));
#38 = ORIENTED_EDGE('',*,*,#39,.T.);
#39 = EDGE_CURVE('',#40,#42,#44,.T.);
#40 = VERTEX_POINT('',#41);
#41 = CARTESIAN_POINT('',(10.,52.5,0.));
#42 = VERTEX_POINT('',#43);
#43 = CARTESIAN_POINT('',(10.,52.5,1.51));
#44 = LINE('',#45,#46);
#45 = CARTESIAN_POINT('',(10.,52.5,0.));
#46 = VECTOR('',#47,1.);
#47 = DIRECTION('',(0.,0.,1.));
#48 = ORIENTED_EDGE('',*,*,#49,.T.);
#49 = EDGE_CURVE('',#42,#50,#52,.T.);
#50 = VERTEX_POINT('',#51);
#51 = CARTESIAN_POINT('',(9.,37.5,1.51));
#52 = LINE('',#53,#54);
#53 = CARTESIAN_POINT('',(10.,52.5,1.51));
#54 = VECTOR('',#55,1.);
#55 = DIRECTION('',(-6.651901052377E-02,-0.997785157857,0.));
#56 = ORIENTED_EDGE('',*,*,#57,.F.);
#57 = EDGE_CURVE('',#58,#50,#60,.T.);
#58 = VERTEX_POINT('',#59);
#59 = CARTESIAN_POINT('',(9.,37.5,0.));
#60 = LINE('',#61,#62);
#61 = CARTESIAN_POINT('',(9.,37.5,0.));
#62 = VECTOR('',#63,1.);
#63 = DIRECTION('',(0.,0.,1.));
#64 = ORIENTED_EDGE('',*,*,#65,.F.);
#65 = EDGE_CURVE('',#40,#58,#66,.T.);
#66 = LINE('',#67,#68);
#67 = CARTESIAN_POINT('',(10.,52.5,0.));
#68 = VECTOR('',#69,1.);
#69 = DIRECTION('',(-6.651901052377E-02,-0.997785157857,0.));
#70 = PLANE('',#71);
#71 = AXIS2_PLACEMENT_3D('',#72,#73,#74);
#72 = CARTESIAN_POINT('',(10.,52.5,0.));
#73 = DIRECTION('',(0.997785157857,-6.651901052377E-02,0.));
#74 = DIRECTION('',(-6.651901052377E-02,-0.997785157857,0.));
#75 = ADVANCED_FACE('',(#76),#101,.T.);
#76 = FACE_BOUND('',#77,.T.);
#77 = EDGE_LOOP('',(#78,#88,#94,#95));
#78 = ORIENTED_EDGE('',*,*,#79,.T.);
#79 = EDGE_CURVE('',#80,#82,#84,.T.);
#80 = VERTEX_POINT('',#81);
#81 = CARTESIAN_POINT('',(-15.,55.5,0.));
#82 = VERTEX_POINT('',#83);
#83 = CARTESIAN_POINT('',(-15.,55.5,1.51));
#84 = LINE('',#85,#86);
#85 = CARTESIAN_POINT('',(-15.,55.5,0.));
#86 = VECTOR('',#87,1.);
#87 = DIRECTION('',(0.,0.,1.));
#88 = ORIENTED_EDGE('',*,*,#89,.T.);
#89 = EDGE_CURVE('',#82,#42,#90,.T.);
#90 = LINE('',#91,#92);
#91 = CARTESIAN_POINT('',(-15.,55.5,1.51));
#92 = VECTOR('',#93,1.);
#93 = DIRECTION('',(0.992876838487,-0.119145220618,0.));
#94 = ORIENTED_EDGE('',*,*,#39,.F.);
#95 = ORIENTED_EDGE('',*,*,#96,.F.);
#96 = EDGE_CURVE('',#80,#40,#97,.T.);
#97 = LINE('',#98,#99);
#98 = CARTESIAN_POINT('',(-15.,55.5,0.));
#99 = VECTOR('',#100,1.);
#100 = DIRECTION('',(0.992876838487,-0.119145220618,0.));
#101 = PLANE('',#102);
#102 = AXIS2_PLACEMENT_3D('',#103,#104,#105);
#103 = CARTESIAN_POINT('',(-15.,55.5,0.));
#104 = DIRECTION('',(0.119145220618,0.992876838487,-0.));
#105 = DIRECTION('',(0.992876838487,-0.119145220618,0.));
#106 = ADVANCED_FACE('',(#107),#132,.T.);
#107 = FACE_BOUND('',#108,.T.);
#108 = EDGE_LOOP('',(#109,#110,#118,#126));
#109 = ORIENTED_EDGE('',*,*,#57,.T.);
#110 = ORIENTED_EDGE('',*,*,#111,.T.);
#111 = EDGE_CURVE('',#50,#112,#114,.T.);
#112 = VERTEX_POINT('',#113);
#113 = CARTESIAN_POINT('',(38.7,23.5,1.51));
#114 = LINE('',#115,#116);
#115 = CARTESIAN_POINT('',(9.,37.5,1.51));
#116 = VECTOR('',#117,1.);
#117 = DIRECTION('',(0.904542423848,-0.426383634137,0.));
#118 = ORIENTED_EDGE('',*,*,#119,.F.);
#119 = EDGE_CURVE('',#120,#112,#122,.T.);
#120 = VERTEX_POINT('',#121);
#121 = CARTESIAN_POINT('',(38.7,23.5,0.));
#122 = LINE('',#123,#124);
#123 = CARTESIAN_POINT('',(38.7,23.5,0.));
#124 = VECTOR('',#125,1.);
#125 = DIRECTION('',(0.,0.,1.));
#126 = ORIENTED_EDGE('',*,*,#127,.F.);
#127 = EDGE_CURVE('',#58,#120,#128,.T.);
#128 = LINE('',#129,#130);
#129 = CARTESIAN_POINT('',(9.,37.5,0.));
#130 = VECTOR('',#131,1.);
#131 = DIRECTION('',(0.904542423848,-0.426383634137,0.));
#132 = PLANE('',#133);
#133 = AXIS2_PLACEMENT_3D('',#134,#135,#136);
#134 = CARTESIAN_POINT('',(9.,37.5,0.));
#135 = DIRECTION('',(0.426383634137,0.904542423848,-0.));
#136 = DIRECTION('',(0.904542423848,-0.426383634137,0.));
#137 = ADVANCED_FACE('',(#138,#325,#336,#347,#358,#369,#380,#391,#402,
    #413,#424,#435,#446,#457,#468,#479,#490,#501,#512,#523,#534,#545,
    #556,#567,#578,#589,#600,#611,#622,#633,#644,#655,#666,#677,#688,
    #699,#710,#721,#732,#743,#754,#765,#776,#787,#798,#809,#820,#831,
    #842,#853,#864,#875,#886,#897,#908,#919,#930,#941,#952,#963,#974,
    #985,#996,#1007,#1018,#1029,#1040,#1051,#1062,#1073,#1084,#1095,
    #1106,#1117,#1128,#1139),#1150,.F.);
#138 = FACE_BOUND('',#139,.F.);
#139 = EDGE_LOOP('',(#140,#141,#142,#150,#158,#166,#174,#182,#190,#198,
    #206,#214,#222,#230,#238,#246,#254,#262,#270,#278,#286,#294,#302,
    #310,#318,#324));
#140 = ORIENTED_EDGE('',*,*,#65,.F.);
#141 = ORIENTED_EDGE('',*,*,#96,.F.);
#142 = ORIENTED_EDGE('',*,*,#143,.F.);
#143 = EDGE_CURVE('',#144,#80,#146,.T.);
#144 = VERTEX_POINT('',#145);
#145 = CARTESIAN_POINT('',(-33.,52.5,0.));
#146 = LINE('',#147,#148);
#147 = CARTESIAN_POINT('',(-33.,52.5,0.));
#148 = VECTOR('',#149,1.);
#149 = DIRECTION('',(0.986393923832,0.164398987305,0.));
#150 = ORIENTED_EDGE('',*,*,#151,.F.);
#151 = EDGE_CURVE('',#152,#144,#154,.T.);
#152 = VERTEX_POINT('',#153);
#153 = CARTESIAN_POINT('',(-47.,43.5,0.));
#154 = LINE('',#155,#156);
#155 = CARTESIAN_POINT('',(-47.,43.5,0.));
#156 = VECTOR('',#157,1.);
#157 = DIRECTION('',(0.841178475377,0.540757591313,0.));
#158 = ORIENTED_EDGE('',*,*,#159,.F.);
#159 = EDGE_CURVE('',#160,#152,#162,.T.);
#160 = VERTEX_POINT('',#161);
#161 = CARTESIAN_POINT('',(-62.,16.5,0.));
#162 = LINE('',#163,#164);
#163 = CARTESIAN_POINT('',(-62.,16.5,0.));
#164 = VECTOR('',#165,1.);
#165 = DIRECTION('',(0.485642931179,0.874157276122,0.));
#166 = ORIENTED_EDGE('',*,*,#167,.F.);
#167 = EDGE_CURVE('',#168,#160,#170,.T.);
#168 = VERTEX_POINT('',#169);
#169 = CARTESIAN_POINT('',(-41.,6.5,0.));
#170 = LINE('',#171,#172);
#171 = CARTESIAN_POINT('',(-41.,6.5,0.));
#172 = VECTOR('',#173,1.);
#173 = DIRECTION('',(-0.902860518824,0.429933580392,0.));
#174 = ORIENTED_EDGE('',*,*,#175,.F.);
#175 = EDGE_CURVE('',#176,#168,#178,.T.);
#176 = VERTEX_POINT('',#177);
#177 = CARTESIAN_POINT('',(-4.,0.5,0.));
#178 = LINE('',#179,#180);
#179 = CARTESIAN_POINT('',(-4.,0.5,0.));
#180 = VECTOR('',#181,1.);
#181 = DIRECTION('',(-0.987105477748,0.160071158554,0.));
#182 = ORIENTED_EDGE('',*,*,#183,.F.);
#183 = EDGE_CURVE('',#184,#176,#186,.T.);
#184 = VERTEX_POINT('',#185);
#185 = CARTESIAN_POINT('',(15.,-11.5,0.));
#186 = LINE('',#187,#188);
#187 = CARTESIAN_POINT('',(15.,-11.5,0.));
#188 = VECTOR('',#189,1.);
#189 = DIRECTION('',(-0.845488903031,0.533992991388,0.));
#190 = ORIENTED_EDGE('',*,*,#191,.F.);
#191 = EDGE_CURVE('',#192,#184,#194,.T.);
#192 = VERTEX_POINT('',#193);
#193 = CARTESIAN_POINT('',(-1.,-29.5,0.));
#194 = LINE('',#195,#196);
#195 = CARTESIAN_POINT('',(-1.,-29.5,0.));
#196 = VECTOR('',#197,1.);
#197 = DIRECTION('',(0.66436383883,0.747409318684,0.));
#198 = ORIENTED_EDGE('',*,*,#199,.F.);
#199 = EDGE_CURVE('',#200,#192,#202,.T.);
#200 = VERTEX_POINT('',#201);
#201 = CARTESIAN_POINT('',(29.,-55.5,0.));
#202 = LINE('',#203,#204);
#203 = CARTESIAN_POINT('',(29.,-55.5,0.));
#204 = VECTOR('',#205,1.);
#205 = DIRECTION('',(-0.75568908279,0.654930538418,0.));
#206 = ORIENTED_EDGE('',*,*,#207,.F.);
#207 = EDGE_CURVE('',#208,#200,#210,.T.);
#208 = VERTEX_POINT('',#209);
#209 = CARTESIAN_POINT('',(45.,-37.5,0.));
#210 = LINE('',#211,#212);
#211 = CARTESIAN_POINT('',(45.,-37.5,0.));
#212 = VECTOR('',#213,1.);
#213 = DIRECTION('',(-0.66436383883,-0.747409318684,0.));
#214 = ORIENTED_EDGE('',*,*,#215,.F.);
#215 = EDGE_CURVE('',#216,#208,#218,.T.);
#216 = VERTEX_POINT('',#217);
#217 = CARTESIAN_POINT('',(62.,-37.5,0.));
#218 = LINE('',#219,#220);
#219 = CARTESIAN_POINT('',(62.,-37.5,0.));
#220 = VECTOR('',#221,1.);
#221 = DIRECTION('',(-1.,0.,0.));
#222 = ORIENTED_EDGE('',*,*,#223,.F.);
#223 = EDGE_CURVE('',#224,#216,#226,.T.);
#224 = VERTEX_POINT('',#225);
#225 = CARTESIAN_POINT('',(62.,-29.5,0.));
#226 = LINE('',#227,#228);
#227 = CARTESIAN_POINT('',(62.,-29.5,0.));
#228 = VECTOR('',#229,1.);
#229 = DIRECTION('',(0.,-1.,0.));
#230 = ORIENTED_EDGE('',*,*,#231,.F.);
#231 = EDGE_CURVE('',#232,#224,#234,.T.);
#232 = VERTEX_POINT('',#233);
#233 = CARTESIAN_POINT('',(57.,-29.5,0.));
#234 = LINE('',#235,#236);
#235 = CARTESIAN_POINT('',(57.,-29.5,0.));
#236 = VECTOR('',#237,1.);
#237 = DIRECTION('',(1.,0.,0.));
#238 = ORIENTED_EDGE('',*,*,#239,.F.);
#239 = EDGE_CURVE('',#240,#232,#242,.T.);
#240 = VERTEX_POINT('',#241);
#241 = CARTESIAN_POINT('',(57.,-24.5,0.));
#242 = LINE('',#243,#244);
#243 = CARTESIAN_POINT('',(57.,-24.5,0.));
#244 = VECTOR('',#245,1.);
#245 = DIRECTION('',(0.,-1.,0.));
#246 = ORIENTED_EDGE('',*,*,#247,.F.);
#247 = EDGE_CURVE('',#248,#240,#250,.T.);
#248 = VERTEX_POINT('',#249);
#249 = CARTESIAN_POINT('',(62.,-24.5,0.));
#250 = LINE('',#251,#252);
#251 = CARTESIAN_POINT('',(62.,-24.5,0.));
#252 = VECTOR('',#253,1.);
#253 = DIRECTION('',(-1.,0.,0.));
#254 = ORIENTED_EDGE('',*,*,#255,.F.);
#255 = EDGE_CURVE('',#256,#248,#258,.T.);
#256 = VERTEX_POINT('',#257);
#257 = CARTESIAN_POINT('',(62.,23.5,0.));
#258 = LINE('',#259,#260);
#259 = CARTESIAN_POINT('',(62.,23.5,0.));
#260 = VECTOR('',#261,1.);
#261 = DIRECTION('',(0.,-1.,0.));
#262 = ORIENTED_EDGE('',*,*,#263,.F.);
#263 = EDGE_CURVE('',#264,#256,#266,.T.);
#264 = VERTEX_POINT('',#265);
#265 = CARTESIAN_POINT('',(51.3,23.5,0.));
#266 = LINE('',#267,#268);
#267 = CARTESIAN_POINT('',(51.3,23.5,0.));
#268 = VECTOR('',#269,1.);
#269 = DIRECTION('',(1.,0.,0.));
#270 = ORIENTED_EDGE('',*,*,#271,.F.);
#271 = EDGE_CURVE('',#272,#264,#274,.T.);
#272 = VERTEX_POINT('',#273);
#273 = CARTESIAN_POINT('',(51.3,21.0749,0.));
#274 = LINE('',#275,#276);
#275 = CARTESIAN_POINT('',(51.3,21.0749,0.));
#276 = VECTOR('',#277,1.);
#277 = DIRECTION('',(0.,1.,0.));
#278 = ORIENTED_EDGE('',*,*,#279,.F.);
#279 = EDGE_CURVE('',#280,#272,#282,.T.);
#280 = VERTEX_POINT('',#281);
#281 = CARTESIAN_POINT('',(51.3,5.1549,0.));
#282 = LINE('',#283,#284);
#283 = CARTESIAN_POINT('',(51.3,5.1549,0.));
#284 = VECTOR('',#285,1.);
#285 = DIRECTION('',(0.,1.,0.));
#286 = ORIENTED_EDGE('',*,*,#287,.F.);
#287 = EDGE_CURVE('',#288,#280,#290,.T.);
#288 = VERTEX_POINT('',#289);
#289 = CARTESIAN_POINT('',(50.3,4.1549,0.));
#290 = LINE('',#291,#292);
#291 = CARTESIAN_POINT('',(50.3,4.1549,0.));
#292 = VECTOR('',#293,1.);
#293 = DIRECTION('',(0.707106781187,0.707106781187,0.));
#294 = ORIENTED_EDGE('',*,*,#295,.F.);
#295 = EDGE_CURVE('',#296,#288,#298,.T.);
#296 = VERTEX_POINT('',#297);
#297 = CARTESIAN_POINT('',(39.7,4.1549,0.));
#298 = LINE('',#299,#300);
#299 = CARTESIAN_POINT('',(39.7,4.1549,0.));
#300 = VECTOR('',#301,1.);
#301 = DIRECTION('',(1.,0.,0.));
#302 = ORIENTED_EDGE('',*,*,#303,.F.);
#303 = EDGE_CURVE('',#304,#296,#306,.T.);
#304 = VERTEX_POINT('',#305);
#305 = CARTESIAN_POINT('',(38.7,5.1549,0.));
#306 = LINE('',#307,#308);
#307 = CARTESIAN_POINT('',(38.7,5.1549,0.));
#308 = VECTOR('',#309,1.);
#309 = DIRECTION('',(0.707106781187,-0.707106781187,0.));
#310 = ORIENTED_EDGE('',*,*,#311,.F.);
#311 = EDGE_CURVE('',#312,#304,#314,.T.);
#312 = VERTEX_POINT('',#313);
#313 = CARTESIAN_POINT('',(38.7,21.0749,0.));
#314 = LINE('',#315,#316);
#315 = CARTESIAN_POINT('',(38.7,21.0749,0.));
#316 = VECTOR('',#317,1.);
#317 = DIRECTION('',(0.,-1.,0.));
#318 = ORIENTED_EDGE('',*,*,#319,.F.);
#319 = EDGE_CURVE('',#120,#312,#320,.T.);
#320 = LINE('',#321,#322);
#321 = CARTESIAN_POINT('',(38.7,23.5,0.));
#322 = VECTOR('',#323,1.);
#323 = DIRECTION('',(0.,-1.,0.));
#324 = ORIENTED_EDGE('',*,*,#127,.F.);
#325 = FACE_BOUND('',#326,.F.);
#326 = EDGE_LOOP('',(#327));
#327 = ORIENTED_EDGE('',*,*,#328,.T.);
#328 = EDGE_CURVE('',#329,#329,#331,.T.);
#329 = VERTEX_POINT('',#330);
#330 = CARTESIAN_POINT('',(27.516612,-47.678714,0.));
#331 = CIRCLE('',#332,1.5);
#332 = AXIS2_PLACEMENT_3D('',#333,#334,#335);
#333 = CARTESIAN_POINT('',(27.516612,-46.178714,0.));
#334 = DIRECTION('',(-0.,0.,-1.));
#335 = DIRECTION('',(-0.,-1.,0.));
#336 = FACE_BOUND('',#337,.F.);
#337 = EDGE_LOOP('',(#338));
#338 = ORIENTED_EDGE('',*,*,#339,.T.);
#339 = EDGE_CURVE('',#340,#340,#342,.T.);
#340 = VERTEX_POINT('',#341);
#341 = CARTESIAN_POINT('',(24.380406,-44.913789,0.));
#342 = CIRCLE('',#343,0.8509);
#343 = AXIS2_PLACEMENT_3D('',#344,#345,#346);
#344 = CARTESIAN_POINT('',(24.380406,-44.062889,0.));
#345 = DIRECTION('',(-0.,0.,-1.));
#346 = DIRECTION('',(-0.,-1.,0.));
#347 = FACE_BOUND('',#348,.F.);
#348 = EDGE_LOOP('',(#349));
#349 = ORIENTED_EDGE('',*,*,#350,.T.);
#350 = EDGE_CURVE('',#351,#351,#353,.T.);
#351 = VERTEX_POINT('',#352);
#352 = CARTESIAN_POINT('',(28.032,-41.6645,0.));
#353 = CIRCLE('',#354,1.7145);
#354 = AXIS2_PLACEMENT_3D('',#355,#356,#357);
#355 = CARTESIAN_POINT('',(28.032,-39.95,0.));
#356 = DIRECTION('',(-0.,0.,-1.));
#357 = DIRECTION('',(-0.,-1.,0.));
#358 = FACE_BOUND('',#359,.F.);
#359 = EDGE_LOOP('',(#360));
#360 = ORIENTED_EDGE('',*,*,#361,.T.);
#361 = EDGE_CURVE('',#362,#362,#364,.T.);
#362 = VERTEX_POINT('',#363);
#363 = CARTESIAN_POINT('',(14.810412,-36.380214,0.));
#364 = CIRCLE('',#365,1.5);
#365 = AXIS2_PLACEMENT_3D('',#366,#367,#368);
#366 = CARTESIAN_POINT('',(14.810412,-34.880214,0.));
#367 = DIRECTION('',(-0.,0.,-1.));
#368 = DIRECTION('',(-0.,-1.,0.));
#369 = FACE_BOUND('',#370,.F.);
#370 = EDGE_LOOP('',(#371));
#371 = ORIENTED_EDGE('',*,*,#372,.T.);
#372 = EDGE_CURVE('',#373,#373,#375,.T.);
#373 = VERTEX_POINT('',#374);
#374 = CARTESIAN_POINT('',(11.674206,-33.615289,0.));
#375 = CIRCLE('',#376,0.8509);
#376 = AXIS2_PLACEMENT_3D('',#377,#378,#379);
#377 = CARTESIAN_POINT('',(11.674206,-32.764389,0.));
#378 = DIRECTION('',(-0.,0.,-1.));
#379 = DIRECTION('',(-0.,-1.,0.));
#380 = FACE_BOUND('',#381,.F.);
#381 = EDGE_LOOP('',(#382));
#382 = ORIENTED_EDGE('',*,*,#383,.T.);
#383 = EDGE_CURVE('',#384,#384,#386,.T.);
#384 = VERTEX_POINT('',#385);
#385 = CARTESIAN_POINT('',(19.775199,-34.101861,0.));
#386 = CIRCLE('',#387,1.5);
#387 = AXIS2_PLACEMENT_3D('',#388,#389,#390);
#388 = CARTESIAN_POINT('',(19.775199,-32.601861,0.));
#389 = DIRECTION('',(-0.,0.,-1.));
#390 = DIRECTION('',(-0.,-1.,0.));
#391 = FACE_BOUND('',#392,.F.);
#392 = EDGE_LOOP('',(#393));
#393 = ORIENTED_EDGE('',*,*,#394,.T.);
#394 = EDGE_CURVE('',#395,#395,#397,.T.);
#395 = VERTEX_POINT('',#396);
#396 = CARTESIAN_POINT('',(28.356943,-33.753304,0.));
#397 = CIRCLE('',#398,0.4953);
#398 = AXIS2_PLACEMENT_3D('',#399,#400,#401);
#399 = CARTESIAN_POINT('',(28.356943,-33.258004,0.));
#400 = DIRECTION('',(-0.,0.,-1.));
#401 = DIRECTION('',(-0.,-1.,0.));
#402 = FACE_BOUND('',#403,.F.);
#403 = EDGE_LOOP('',(#404));
#404 = ORIENTED_EDGE('',*,*,#405,.T.);
#405 = EDGE_CURVE('',#406,#406,#408,.T.);
#406 = VERTEX_POINT('',#407);
#407 = CARTESIAN_POINT('',(15.3258,-30.366,0.));
#408 = CIRCLE('',#409,1.7145);
#409 = AXIS2_PLACEMENT_3D('',#410,#411,#412);
#410 = CARTESIAN_POINT('',(15.3258,-28.6515,0.));
#411 = DIRECTION('',(-0.,0.,-1.));
#412 = DIRECTION('',(-0.,-1.,0.));
#413 = FACE_BOUND('',#414,.F.);
#414 = EDGE_LOOP('',(#415));
#415 = ORIENTED_EDGE('',*,*,#416,.T.);
#416 = EDGE_CURVE('',#417,#417,#419,.T.);
#417 = VERTEX_POINT('',#418);
#418 = CARTESIAN_POINT('',(18.977394,-25.389511,0.));
#419 = CIRCLE('',#420,0.8509);
#420 = AXIS2_PLACEMENT_3D('',#421,#422,#423);
#421 = CARTESIAN_POINT('',(18.977394,-24.538611,0.));
#422 = DIRECTION('',(-0.,0.,-1.));
#423 = DIRECTION('',(-0.,-1.,0.));
#424 = FACE_BOUND('',#425,.F.);
#425 = EDGE_LOOP('',(#426));
#426 = ORIENTED_EDGE('',*,*,#427,.T.);
#427 = EDGE_CURVE('',#428,#428,#430,.T.);
#428 = VERTEX_POINT('',#429);
#429 = CARTESIAN_POINT('',(32.481399,-45.400361,0.));
#430 = CIRCLE('',#431,1.5);
#431 = AXIS2_PLACEMENT_3D('',#432,#433,#434);
#432 = CARTESIAN_POINT('',(32.481399,-43.900361,0.));
#433 = DIRECTION('',(-0.,0.,-1.));
#434 = DIRECTION('',(-0.,-1.,0.));
#435 = FACE_BOUND('',#436,.F.);
#436 = EDGE_LOOP('',(#437));
#437 = ORIENTED_EDGE('',*,*,#438,.T.);
#438 = EDGE_CURVE('',#439,#439,#441,.T.);
#439 = VERTEX_POINT('',#440);
#440 = CARTESIAN_POINT('',(31.683594,-36.688011,0.));
#441 = CIRCLE('',#442,0.8509);
#442 = AXIS2_PLACEMENT_3D('',#443,#444,#445);
#443 = CARTESIAN_POINT('',(31.683594,-35.837111,0.));
#444 = DIRECTION('',(-0.,0.,-1.));
#445 = DIRECTION('',(-0.,-1.,0.));
#446 = FACE_BOUND('',#447,.F.);
#447 = EDGE_LOOP('',(#448));
#448 = ORIENTED_EDGE('',*,*,#449,.T.);
#449 = EDGE_CURVE('',#450,#450,#452,.T.);
#450 = VERTEX_POINT('',#451);
#451 = CARTESIAN_POINT('',(45.16,-31.77,0.));
#452 = CIRCLE('',#453,0.38);
#453 = AXIS2_PLACEMENT_3D('',#454,#455,#456);
#454 = CARTESIAN_POINT('',(45.16,-31.39,0.));
#455 = DIRECTION('',(-0.,0.,-1.));
#456 = DIRECTION('',(-0.,-1.,0.));
#457 = FACE_BOUND('',#458,.F.);
#458 = EDGE_LOOP('',(#459));
#459 = ORIENTED_EDGE('',*,*,#460,.T.);
#460 = EDGE_CURVE('',#461,#461,#463,.T.);
#461 = VERTEX_POINT('',#462);
#462 = CARTESIAN_POINT('',(47.7,-30.5,0.));
#463 = CIRCLE('',#464,0.38);
#464 = AXIS2_PLACEMENT_3D('',#465,#466,#467);
#465 = CARTESIAN_POINT('',(47.7,-30.12,0.));
#466 = DIRECTION('',(-0.,0.,-1.));
#467 = DIRECTION('',(-0.,-1.,0.));
#468 = FACE_BOUND('',#469,.F.);
#469 = EDGE_LOOP('',(#470));
#470 = ORIENTED_EDGE('',*,*,#471,.T.);
#471 = EDGE_CURVE('',#472,#472,#474,.T.);
#472 = VERTEX_POINT('',#473);
#473 = CARTESIAN_POINT('',(54.05,-34.26,0.));
#474 = CIRCLE('',#475,1.6);
#475 = AXIS2_PLACEMENT_3D('',#476,#477,#478);
#476 = CARTESIAN_POINT('',(54.05,-32.66,0.));
#477 = DIRECTION('',(-0.,0.,-1.));
#478 = DIRECTION('',(-0.,-1.,0.));
#479 = FACE_BOUND('',#480,.F.);
#480 = EDGE_LOOP('',(#481));
#481 = ORIENTED_EDGE('',*,*,#482,.T.);
#482 = EDGE_CURVE('',#483,#483,#485,.T.);
#483 = VERTEX_POINT('',#484);
#484 = CARTESIAN_POINT('',(45.16,-29.23,0.));
#485 = CIRCLE('',#486,0.38);
#486 = AXIS2_PLACEMENT_3D('',#487,#488,#489);
#487 = CARTESIAN_POINT('',(45.16,-28.85,0.));
#488 = DIRECTION('',(-0.,0.,-1.));
#489 = DIRECTION('',(-0.,-1.,0.));
#490 = FACE_BOUND('',#491,.F.);
#491 = EDGE_LOOP('',(#492));
#492 = ORIENTED_EDGE('',*,*,#493,.T.);
#493 = EDGE_CURVE('',#494,#494,#496,.T.);
#494 = VERTEX_POINT('',#495);
#495 = CARTESIAN_POINT('',(47.7,-27.96,0.));
#496 = CIRCLE('',#497,0.38);
#497 = AXIS2_PLACEMENT_3D('',#498,#499,#500);
#498 = CARTESIAN_POINT('',(47.7,-27.58,0.));
#499 = DIRECTION('',(-0.,0.,-1.));
#500 = DIRECTION('',(-0.,-1.,0.));
#501 = FACE_BOUND('',#502,.F.);
#502 = EDGE_LOOP('',(#503));
#503 = ORIENTED_EDGE('',*,*,#504,.T.);
#504 = EDGE_CURVE('',#505,#505,#507,.T.);
#505 = VERTEX_POINT('',#506);
#506 = CARTESIAN_POINT('',(45.16,-26.69,0.));
#507 = CIRCLE('',#508,0.38);
#508 = AXIS2_PLACEMENT_3D('',#509,#510,#511);
#509 = CARTESIAN_POINT('',(45.16,-26.31,0.));
#510 = DIRECTION('',(-0.,0.,-1.));
#511 = DIRECTION('',(-0.,-1.,0.));
#512 = FACE_BOUND('',#513,.F.);
#513 = EDGE_LOOP('',(#514));
#514 = ORIENTED_EDGE('',*,*,#515,.T.);
#515 = EDGE_CURVE('',#516,#516,#518,.T.);
#516 = VERTEX_POINT('',#517);
#517 = CARTESIAN_POINT('',(47.7,-25.42,0.));
#518 = CIRCLE('',#519,0.38);
#519 = AXIS2_PLACEMENT_3D('',#520,#521,#522);
#520 = CARTESIAN_POINT('',(47.7,-25.04,0.));
#521 = DIRECTION('',(-0.,0.,-1.));
#522 = DIRECTION('',(-0.,-1.,0.));
#523 = FACE_BOUND('',#524,.F.);
#524 = EDGE_LOOP('',(#525));
#525 = ORIENTED_EDGE('',*,*,#526,.T.);
#526 = EDGE_CURVE('',#527,#527,#529,.T.);
#527 = VERTEX_POINT('',#528);
#528 = CARTESIAN_POINT('',(15.650743,-22.454804,0.));
#529 = CIRCLE('',#530,0.4953);
#530 = AXIS2_PLACEMENT_3D('',#531,#532,#533);
#531 = CARTESIAN_POINT('',(15.650743,-21.959504,0.));
#532 = DIRECTION('',(-0.,0.,-1.));
#533 = DIRECTION('',(3.58642608399E-15,-1.,-0.));
#534 = FACE_BOUND('',#535,.F.);
#535 = EDGE_LOOP('',(#536));
#536 = ORIENTED_EDGE('',*,*,#537,.T.);
#537 = EDGE_CURVE('',#538,#538,#540,.T.);
#538 = VERTEX_POINT('',#539);
#539 = CARTESIAN_POINT('',(29.,-24.6,0.));
#540 = CIRCLE('',#541,1.1);
#541 = AXIS2_PLACEMENT_3D('',#542,#543,#544);
#542 = CARTESIAN_POINT('',(29.,-23.5,0.));
#543 = DIRECTION('',(-0.,0.,-1.));
#544 = DIRECTION('',(-0.,-1.,0.));
#545 = FACE_BOUND('',#546,.F.);
#546 = EDGE_LOOP('',(#547));
#547 = ORIENTED_EDGE('',*,*,#548,.T.);
#548 = EDGE_CURVE('',#549,#549,#551,.T.);
#549 = VERTEX_POINT('',#550);
#550 = CARTESIAN_POINT('',(45.16,-24.15,0.));
#551 = CIRCLE('',#552,0.38);
#552 = AXIS2_PLACEMENT_3D('',#553,#554,#555);
#553 = CARTESIAN_POINT('',(45.16,-23.77,0.));
#554 = DIRECTION('',(-0.,0.,-1.));
#555 = DIRECTION('',(-0.,-1.,0.));
#556 = FACE_BOUND('',#557,.F.);
#557 = EDGE_LOOP('',(#558));
#558 = ORIENTED_EDGE('',*,*,#559,.T.);
#559 = EDGE_CURVE('',#560,#560,#562,.T.);
#560 = VERTEX_POINT('',#561);
#561 = CARTESIAN_POINT('',(47.7,-22.88,0.));
#562 = CIRCLE('',#563,0.38);
#563 = AXIS2_PLACEMENT_3D('',#564,#565,#566);
#564 = CARTESIAN_POINT('',(47.7,-22.5,0.));
#565 = DIRECTION('',(-0.,0.,-1.));
#566 = DIRECTION('',(-0.,-1.,0.));
#567 = FACE_BOUND('',#568,.F.);
#568 = EDGE_LOOP('',(#569));
#569 = ORIENTED_EDGE('',*,*,#570,.T.);
#570 = EDGE_CURVE('',#571,#571,#573,.T.);
#571 = VERTEX_POINT('',#572);
#572 = CARTESIAN_POINT('',(54.05,-22.83,0.));
#573 = CIRCLE('',#574,1.6);
#574 = AXIS2_PLACEMENT_3D('',#575,#576,#577);
#575 = CARTESIAN_POINT('',(54.05,-21.23,0.));
#576 = DIRECTION('',(-0.,0.,-1.));
#577 = DIRECTION('',(-0.,-1.,0.));
#578 = FACE_BOUND('',#579,.F.);
#579 = EDGE_LOOP('',(#580));
#580 = ORIENTED_EDGE('',*,*,#581,.T.);
#581 = EDGE_CURVE('',#582,#582,#584,.T.);
#582 = VERTEX_POINT('',#583);
#583 = CARTESIAN_POINT('',(47.295,-18.05745,0.));
#584 = CIRCLE('',#585,1.18745);
#585 = AXIS2_PLACEMENT_3D('',#586,#587,#588);
#586 = CARTESIAN_POINT('',(47.295,-16.87,0.));
#587 = DIRECTION('',(-0.,0.,-1.));
#588 = DIRECTION('',(-0.,-1.,0.));
#589 = FACE_BOUND('',#590,.F.);
#590 = EDGE_LOOP('',(#591));
#591 = ORIENTED_EDGE('',*,*,#592,.T.);
#592 = EDGE_CURVE('',#593,#593,#595,.T.);
#593 = VERTEX_POINT('',#594);
#594 = CARTESIAN_POINT('',(47.295,-14.8253,0.));
#595 = CIRCLE('',#596,0.4953);
#596 = AXIS2_PLACEMENT_3D('',#597,#598,#599);
#597 = CARTESIAN_POINT('',(47.295,-14.33,0.));
#598 = DIRECTION('',(-0.,0.,-1.));
#599 = DIRECTION('',(-0.,-1.,0.));
#600 = FACE_BOUND('',#601,.F.);
#601 = EDGE_LOOP('',(#602));
#602 = ORIENTED_EDGE('',*,*,#603,.T.);
#603 = EDGE_CURVE('',#604,#604,#606,.T.);
#604 = VERTEX_POINT('',#605);
#605 = CARTESIAN_POINT('',(50.47,-18.05745,0.));
#606 = CIRCLE('',#607,1.18745);
#607 = AXIS2_PLACEMENT_3D('',#608,#609,#610);
#608 = CARTESIAN_POINT('',(50.47,-16.87,0.));
#609 = DIRECTION('',(-0.,0.,-1.));
#610 = DIRECTION('',(-0.,-1.,0.));
#611 = FACE_BOUND('',#612,.F.);
#612 = EDGE_LOOP('',(#613));
#613 = ORIENTED_EDGE('',*,*,#614,.T.);
#614 = EDGE_CURVE('',#615,#615,#617,.T.);
#615 = VERTEX_POINT('',#616);
#616 = CARTESIAN_POINT('',(52.375,-15.8413,0.));
#617 = CIRCLE('',#618,0.4953);
#618 = AXIS2_PLACEMENT_3D('',#619,#620,#621);
#619 = CARTESIAN_POINT('',(52.375,-15.346,0.));
#620 = DIRECTION('',(-0.,0.,-1.));
#621 = DIRECTION('',(-0.,-1.,0.));
#622 = FACE_BOUND('',#623,.F.);
#623 = EDGE_LOOP('',(#624));
#624 = ORIENTED_EDGE('',*,*,#625,.T.);
#625 = EDGE_CURVE('',#626,#626,#628,.T.);
#626 = VERTEX_POINT('',#627);
#627 = CARTESIAN_POINT('',(52.375,-13.8093,0.));
#628 = CIRCLE('',#629,0.4953);
#629 = AXIS2_PLACEMENT_3D('',#630,#631,#632);
#630 = CARTESIAN_POINT('',(52.375,-13.314,0.));
#631 = DIRECTION('',(-0.,0.,-1.));
#632 = DIRECTION('',(-0.,-1.,0.));
#633 = FACE_BOUND('',#634,.F.);
#634 = EDGE_LOOP('',(#635));
#635 = ORIENTED_EDGE('',*,*,#636,.T.);
#636 = EDGE_CURVE('',#637,#637,#639,.T.);
#637 = VERTEX_POINT('',#638);
#638 = CARTESIAN_POINT('',(47.295,-12.97745,0.));
#639 = CIRCLE('',#640,1.18745);
#640 = AXIS2_PLACEMENT_3D('',#641,#642,#643);
#641 = CARTESIAN_POINT('',(47.295,-11.79,0.));
#642 = DIRECTION('',(-0.,0.,-1.));
#643 = DIRECTION('',(-0.,-1.,0.));
#644 = FACE_BOUND('',#645,.F.);
#645 = EDGE_LOOP('',(#646));
#646 = ORIENTED_EDGE('',*,*,#647,.T.);
#647 = EDGE_CURVE('',#648,#648,#650,.T.);
#648 = VERTEX_POINT('',#649);
#649 = CARTESIAN_POINT('',(50.47,-12.97745,0.));
#650 = CIRCLE('',#651,1.18745);
#651 = AXIS2_PLACEMENT_3D('',#652,#653,#654);
#652 = CARTESIAN_POINT('',(50.47,-11.79,0.));
#653 = DIRECTION('',(-0.,0.,-1.));
#654 = DIRECTION('',(-0.,-1.,0.));
#655 = FACE_BOUND('',#656,.F.);
#656 = EDGE_LOOP('',(#657));
#657 = ORIENTED_EDGE('',*,*,#658,.T.);
#658 = EDGE_CURVE('',#659,#659,#661,.T.);
#659 = VERTEX_POINT('',#660);
#660 = CARTESIAN_POINT('',(-48.224992,14.486234,0.));
#661 = CIRCLE('',#662,1.5);
#662 = AXIS2_PLACEMENT_3D('',#663,#664,#665);
#663 = CARTESIAN_POINT('',(-48.224992,15.986234,0.));
#664 = DIRECTION('',(-0.,0.,-1.));
#665 = DIRECTION('',(-0.,-1.,0.));
#666 = FACE_BOUND('',#667,.F.);
#667 = EDGE_LOOP('',(#668));
#668 = ORIENTED_EDGE('',*,*,#669,.T.);
#669 = EDGE_CURVE('',#670,#670,#672,.T.);
#670 = VERTEX_POINT('',#671);
#671 = CARTESIAN_POINT('',(-51.673857,18.722427,0.));
#672 = CIRCLE('',#673,1.5);
#673 = AXIS2_PLACEMENT_3D('',#674,#675,#676);
#674 = CARTESIAN_POINT('',(-51.673857,20.222427,0.));
#675 = DIRECTION('',(-0.,0.,-1.));
#676 = DIRECTION('',(-0.,-1.,0.));
#677 = FACE_BOUND('',#678,.F.);
#678 = EDGE_LOOP('',(#679));
#679 = ORIENTED_EDGE('',*,*,#680,.T.);
#680 = EDGE_CURVE('',#681,#681,#683,.T.);
#681 = VERTEX_POINT('',#682);
#682 = CARTESIAN_POINT('',(-40.61833,17.926603,0.));
#683 = CIRCLE('',#684,0.8509);
#684 = AXIS2_PLACEMENT_3D('',#685,#686,#687);
#685 = CARTESIAN_POINT('',(-40.61833,18.777503,0.));
#686 = DIRECTION('',(-0.,0.,-1.));
#687 = DIRECTION('',(-0.,-1.,0.));
#688 = FACE_BOUND('',#689,.F.);
#689 = EDGE_LOOP('',(#690));
#690 = ORIENTED_EDGE('',*,*,#691,.T.);
#691 = EDGE_CURVE('',#692,#692,#694,.T.);
#692 = VERTEX_POINT('',#693);
#693 = CARTESIAN_POINT('',(-45.5145,19.5685,0.));
#694 = CIRCLE('',#695,1.7145);
#695 = AXIS2_PLACEMENT_3D('',#696,#697,#698);
#696 = CARTESIAN_POINT('',(-45.5145,21.283,0.));
#697 = DIRECTION('',(-0.,0.,-1.));
#698 = DIRECTION('',(-0.,-1.,0.));
#699 = FACE_BOUND('',#700,.F.);
#700 = EDGE_LOOP('',(#701));
#701 = ORIENTED_EDGE('',*,*,#702,.T.);
#702 = EDGE_CURVE('',#703,#703,#705,.T.);
#703 = VERTEX_POINT('',#704);
#704 = CARTESIAN_POINT('',(-38.954301,22.148648,0.));
#705 = CIRCLE('',#706,0.4953);
#706 = AXIS2_PLACEMENT_3D('',#707,#708,#709);
#707 = CARTESIAN_POINT('',(-38.954301,22.643948,0.));
#708 = DIRECTION('',(-0.,0.,-1.));
#709 = DIRECTION('',(-0.,-1.,0.));
#710 = FACE_BOUND('',#711,.F.);
#711 = EDGE_LOOP('',(#712));
#712 = ORIENTED_EDGE('',*,*,#713,.T.);
#713 = EDGE_CURVE('',#714,#714,#716,.T.);
#714 = VERTEX_POINT('',#715);
#715 = CARTESIAN_POINT('',(-29.347168,18.920472,0.));
#716 = CIRCLE('',#717,1.5);
#717 = AXIS2_PLACEMENT_3D('',#718,#719,#720);
#718 = CARTESIAN_POINT('',(-29.347168,20.420472,0.));
#719 = DIRECTION('',(-0.,0.,-1.));
#720 = DIRECTION('',(-0.,-1.,0.));
#721 = FACE_BOUND('',#722,.F.);
#722 = EDGE_LOOP('',(#723));
#723 = ORIENTED_EDGE('',*,*,#724,.T.);
#724 = EDGE_CURVE('',#725,#725,#727,.T.);
#725 = VERTEX_POINT('',#726);
#726 = CARTESIAN_POINT('',(-15.,8.4,0.));
#727 = CIRCLE('',#728,1.1);
#728 = AXIS2_PLACEMENT_3D('',#729,#730,#731);
#729 = CARTESIAN_POINT('',(-15.,9.5,0.));
#730 = DIRECTION('',(-0.,0.,-1.));
#731 = DIRECTION('',(-0.,-1.,0.));
#732 = FACE_BOUND('',#733,.F.);
#733 = EDGE_LOOP('',(#734));
#734 = ORIENTED_EDGE('',*,*,#735,.T.);
#735 = EDGE_CURVE('',#736,#736,#738,.T.);
#736 = VERTEX_POINT('',#737);
#737 = CARTESIAN_POINT('',(-24.255965,16.940663,0.));
#738 = CIRCLE('',#739,1.5);
#739 = AXIS2_PLACEMENT_3D('',#740,#741,#742);
#740 = CARTESIAN_POINT('',(-24.255965,18.440663,0.));
#741 = DIRECTION('',(-0.,0.,-1.));
#742 = DIRECTION('',(-0.,-1.,0.));
#743 = FACE_BOUND('',#744,.F.);
#744 = EDGE_LOOP('',(#745));
#745 = ORIENTED_EDGE('',*,*,#746,.T.);
#746 = EDGE_CURVE('',#747,#747,#749,.T.);
#747 = VERTEX_POINT('',#748);
#748 = CARTESIAN_POINT('',(-5.993233,18.536918,0.));
#749 = CIRCLE('',#750,1.5);
#750 = AXIS2_PLACEMENT_3D('',#751,#752,#753);
#751 = CARTESIAN_POINT('',(-5.993233,20.036918,0.));
#752 = DIRECTION('',(-0.,0.,-1.));
#753 = DIRECTION('',(-0.,-1.,0.));
#754 = FACE_BOUND('',#755,.F.);
#755 = EDGE_LOOP('',(#756));
#756 = ORIENTED_EDGE('',*,*,#757,.T.);
#757 = EDGE_CURVE('',#758,#758,#760,.T.);
#758 = VERTEX_POINT('',#759);
#759 = CARTESIAN_POINT('',(-10.678073,21.346236,0.));
#760 = CIRCLE('',#761,1.5);
#761 = AXIS2_PLACEMENT_3D('',#762,#763,#764);
#762 = CARTESIAN_POINT('',(-10.678073,22.846236,0.));
#763 = DIRECTION('',(-0.,0.,-1.));
#764 = DIRECTION('',(-0.,-1.,0.));
#765 = FACE_BOUND('',#766,.F.);
#766 = EDGE_LOOP('',(#767));
#767 = ORIENTED_EDGE('',*,*,#768,.T.);
#768 = EDGE_CURVE('',#769,#769,#771,.T.);
#769 = VERTEX_POINT('',#770);
#770 = CARTESIAN_POINT('',(-50.41067,22.937597,0.));
#771 = CIRCLE('',#772,0.8509);
#772 = AXIS2_PLACEMENT_3D('',#773,#774,#775);
#773 = CARTESIAN_POINT('',(-50.41067,23.788497,0.));
#774 = DIRECTION('',(-0.,0.,-1.));
#775 = DIRECTION('',(-8.350484613469E-15,-1.,0.));
#776 = FACE_BOUND('',#777,.F.);
#777 = EDGE_LOOP('',(#778));
#778 = ORIENTED_EDGE('',*,*,#779,.T.);
#779 = EDGE_CURVE('',#780,#780,#782,.T.);
#780 = VERTEX_POINT('',#781);
#781 = CARTESIAN_POINT('',(-30.010265,23.294193,0.));
#782 = CIRCLE('',#783,0.8509);
#783 = AXIS2_PLACEMENT_3D('',#784,#785,#786);
#784 = CARTESIAN_POINT('',(-30.010265,24.145093,0.));
#785 = DIRECTION('',(-0.,0.,-1.));
#786 = DIRECTION('',(-0.,-1.,0.));
#787 = FACE_BOUND('',#788,.F.);
#788 = EDGE_LOOP('',(#789));
#789 = ORIENTED_EDGE('',*,*,#790,.T.);
#790 = EDGE_CURVE('',#791,#791,#793,.T.);
#791 = VERTEX_POINT('',#792);
#792 = CARTESIAN_POINT('',(-40.,35.4,0.));
#793 = CIRCLE('',#794,1.1);
#794 = AXIS2_PLACEMENT_3D('',#795,#796,#797);
#795 = CARTESIAN_POINT('',(-40.,36.5,0.));
#796 = DIRECTION('',(-0.,0.,-1.));
#797 = DIRECTION('',(-0.,-1.,0.));
#798 = FACE_BOUND('',#799,.F.);
#799 = EDGE_LOOP('',(#800));
#800 = ORIENTED_EDGE('',*,*,#801,.T.);
#801 = EDGE_CURVE('',#802,#802,#804,.T.);
#802 = VERTEX_POINT('',#803);
#803 = CARTESIAN_POINT('',(-30.099168,35.899472,0.));
#804 = CIRCLE('',#805,1.5);
#805 = AXIS2_PLACEMENT_3D('',#806,#807,#808);
#806 = CARTESIAN_POINT('',(-30.099168,37.399472,0.));
#807 = DIRECTION('',(-0.,0.,-1.));
#808 = DIRECTION('',(-0.,-1.,0.));
#809 = FACE_BOUND('',#810,.F.);
#810 = EDGE_LOOP('',(#811));
#811 = ORIENTED_EDGE('',*,*,#812,.T.);
#812 = EDGE_CURVE('',#813,#813,#815,.T.);
#813 = VERTEX_POINT('',#814);
#814 = CARTESIAN_POINT('',(-30.762265,40.273193,0.));
#815 = CIRCLE('',#816,0.8509);
#816 = AXIS2_PLACEMENT_3D('',#817,#818,#819);
#817 = CARTESIAN_POINT('',(-30.762265,41.124093,0.));
#818 = DIRECTION('',(-0.,0.,-1.));
#819 = DIRECTION('',(-0.,-1.,0.));
#820 = FACE_BOUND('',#821,.F.);
#821 = EDGE_LOOP('',(#822));
#822 = ORIENTED_EDGE('',*,*,#823,.T.);
#823 = EDGE_CURVE('',#824,#824,#826,.T.);
#824 = VERTEX_POINT('',#825);
#825 = CARTESIAN_POINT('',(-24.5155,22.6705,0.));
#826 = CIRCLE('',#827,1.7145);
#827 = AXIS2_PLACEMENT_3D('',#828,#829,#830);
#828 = CARTESIAN_POINT('',(-24.5155,24.385,0.));
#829 = DIRECTION('',(-0.,0.,-1.));
#830 = DIRECTION('',(-0.,-1.,0.));
#831 = FACE_BOUND('',#832,.F.);
#832 = EDGE_LOOP('',(#833));
#833 = ORIENTED_EDGE('',*,*,#834,.T.);
#834 = EDGE_CURVE('',#835,#835,#837,.T.);
#835 = VERTEX_POINT('',#836);
#836 = CARTESIAN_POINT('',(-19.48367,28.313396,0.));
#837 = CIRCLE('',#838,0.4953);
#838 = AXIS2_PLACEMENT_3D('',#839,#840,#841);
#839 = CARTESIAN_POINT('',(-19.48367,28.808696,0.));
#840 = DIRECTION('',(-0.,0.,-1.));
#841 = DIRECTION('',(-0.,-1.,0.));
#842 = FACE_BOUND('',#843,.F.);
#843 = EDGE_LOOP('',(#844));
#844 = ORIENTED_EDGE('',*,*,#845,.T.);
#845 = EDGE_CURVE('',#846,#846,#848,.T.);
#846 = VERTEX_POINT('',#847);
#847 = CARTESIAN_POINT('',(-19.020735,23.774007,0.));
#848 = CIRCLE('',#849,0.8509);
#849 = AXIS2_PLACEMENT_3D('',#850,#851,#852);
#850 = CARTESIAN_POINT('',(-19.020735,24.624907,0.));
#851 = DIRECTION('',(-0.,0.,-1.));
#852 = DIRECTION('',(4.175242306735E-15,-1.,-0.));
#853 = FACE_BOUND('',#854,.F.);
#854 = EDGE_LOOP('',(#855));
#855 = ORIENTED_EDGE('',*,*,#856,.T.);
#856 = EDGE_CURVE('',#857,#857,#859,.T.);
#857 = VERTEX_POINT('',#858);
#858 = CARTESIAN_POINT('',(-10.704131,25.778433,0.));
#859 = CIRCLE('',#860,0.8509);
#860 = AXIS2_PLACEMENT_3D('',#861,#862,#863);
#861 = CARTESIAN_POINT('',(-10.704131,26.629333,0.));
#862 = DIRECTION('',(-0.,0.,-1.));
#863 = DIRECTION('',(-0.,-1.,0.));
#864 = FACE_BOUND('',#865,.F.);
#865 = EDGE_LOOP('',(#866));
#866 = ORIENTED_EDGE('',*,*,#867,.T.);
#867 = EDGE_CURVE('',#868,#868,#870,.T.);
#868 = VERTEX_POINT('',#869);
#869 = CARTESIAN_POINT('',(-5.2475,24.2255,0.));
#870 = CIRCLE('',#871,1.7145);
#871 = AXIS2_PLACEMENT_3D('',#872,#873,#874);
#872 = CARTESIAN_POINT('',(-5.2475,25.94,0.));
#873 = DIRECTION('',(-0.,0.,-1.));
#874 = DIRECTION('',(-0.,-1.,0.));
#875 = FACE_BOUND('',#876,.F.);
#876 = EDGE_LOOP('',(#877));
#877 = ORIENTED_EDGE('',*,*,#878,.T.);
#878 = EDGE_CURVE('',#879,#879,#881,.T.);
#879 = VERTEX_POINT('',#880);
#880 = CARTESIAN_POINT('',(0.209131,24.399767,0.));
#881 = CIRCLE('',#882,0.8509);
#882 = AXIS2_PLACEMENT_3D('',#883,#884,#885);
#883 = CARTESIAN_POINT('',(0.209131,25.250667,0.));
#884 = DIRECTION('',(-0.,0.,-1.));
#885 = DIRECTION('',(1.957144831282E-16,-1.,-0.));
#886 = FACE_BOUND('',#887,.F.);
#887 = EDGE_LOOP('',(#888));
#888 = ORIENTED_EDGE('',*,*,#889,.T.);
#889 = EDGE_CURVE('',#890,#890,#892,.T.);
#890 = VERTEX_POINT('',#891);
#891 = CARTESIAN_POINT('',(0.457738,28.957342,0.));
#892 = CIRCLE('',#893,0.4953);
#893 = AXIS2_PLACEMENT_3D('',#894,#895,#896);
#894 = CARTESIAN_POINT('',(0.457738,29.452642,0.));
#895 = DIRECTION('',(-0.,0.,-1.));
#896 = DIRECTION('',(-1.120758151247E-16,-1.,0.));
#897 = FACE_BOUND('',#898,.F.);
#898 = EDGE_LOOP('',(#899));
#899 = ORIENTED_EDGE('',*,*,#900,.T.);
#900 = EDGE_CURVE('',#901,#901,#903,.T.);
#901 = VERTEX_POINT('',#902);
#902 = CARTESIAN_POINT('',(-25.007965,33.919663,0.));
#903 = CIRCLE('',#904,1.5);
#904 = AXIS2_PLACEMENT_3D('',#905,#906,#907);
#905 = CARTESIAN_POINT('',(-25.007965,35.419663,0.));
#906 = DIRECTION('',(-0.,0.,-1.));
#907 = DIRECTION('',(-0.,-1.,0.));
#908 = FACE_BOUND('',#909,.F.);
#909 = EDGE_LOOP('',(#910));
#910 = ORIENTED_EDGE('',*,*,#911,.T.);
#911 = EDGE_CURVE('',#912,#912,#914,.T.);
#912 = VERTEX_POINT('',#913);
#913 = CARTESIAN_POINT('',(-25.2675,39.6495,0.));
#914 = CIRCLE('',#915,1.7145);
#915 = AXIS2_PLACEMENT_3D('',#916,#917,#918);
#916 = CARTESIAN_POINT('',(-25.2675,41.364,0.));
#917 = DIRECTION('',(-0.,0.,-1.));
#918 = DIRECTION('',(-0.,-1.,0.));
#919 = FACE_BOUND('',#920,.F.);
#920 = EDGE_LOOP('',(#921));
#921 = ORIENTED_EDGE('',*,*,#922,.T.);
#922 = EDGE_CURVE('',#923,#923,#925,.T.);
#923 = VERTEX_POINT('',#924);
#924 = CARTESIAN_POINT('',(-19.772735,40.753007,0.));
#925 = CIRCLE('',#926,0.8509);
#926 = AXIS2_PLACEMENT_3D('',#927,#928,#929);
#927 = CARTESIAN_POINT('',(-19.772735,41.603907,0.));
#928 = DIRECTION('',(-0.,0.,-1.));
#929 = DIRECTION('',(-0.,-1.,0.));
#930 = FACE_BOUND('',#931,.F.);
#931 = EDGE_LOOP('',(#932));
#932 = ORIENTED_EDGE('',*,*,#933,.T.);
#933 = EDGE_CURVE('',#934,#934,#936,.T.);
#934 = VERTEX_POINT('',#935);
#935 = CARTESIAN_POINT('',(-20.23567,45.292396,0.));
#936 = CIRCLE('',#937,0.4953);
#937 = AXIS2_PLACEMENT_3D('',#938,#939,#940);
#938 = CARTESIAN_POINT('',(-20.23567,45.787696,0.));
#939 = DIRECTION('',(-0.,0.,-1.));
#940 = DIRECTION('',(-0.,-1.,0.));
#941 = FACE_BOUND('',#942,.F.);
#942 = EDGE_LOOP('',(#943));
#943 = ORIENTED_EDGE('',*,*,#944,.T.);
#944 = EDGE_CURVE('',#945,#945,#947,.T.);
#945 = VERTEX_POINT('',#946);
#946 = CARTESIAN_POINT('',(-8.550073,38.216236,0.));
#947 = CIRCLE('',#948,1.5);
#948 = AXIS2_PLACEMENT_3D('',#949,#950,#951);
#949 = CARTESIAN_POINT('',(-8.550073,39.716236,0.));
#950 = DIRECTION('',(-0.,0.,-1.));
#951 = DIRECTION('',(-0.,-1.,0.));
#952 = FACE_BOUND('',#953,.F.);
#953 = EDGE_LOOP('',(#954));
#954 = ORIENTED_EDGE('',*,*,#955,.T.);
#955 = EDGE_CURVE('',#956,#956,#958,.T.);
#956 = VERTEX_POINT('',#957);
#957 = CARTESIAN_POINT('',(-3.865233,35.406918,0.));
#958 = CIRCLE('',#959,1.5);
#959 = AXIS2_PLACEMENT_3D('',#960,#961,#962);
#960 = CARTESIAN_POINT('',(-3.865233,36.906918,0.));
#961 = DIRECTION('',(-0.,0.,-1.));
#962 = DIRECTION('',(-0.,-1.,0.));
#963 = FACE_BOUND('',#964,.F.);
#964 = EDGE_LOOP('',(#965));
#965 = ORIENTED_EDGE('',*,*,#966,.T.);
#966 = EDGE_CURVE('',#967,#967,#969,.T.);
#967 = VERTEX_POINT('',#968);
#968 = CARTESIAN_POINT('',(-8.576131,42.648433,0.));
#969 = CIRCLE('',#970,0.8509);
#970 = AXIS2_PLACEMENT_3D('',#971,#972,#973);
#971 = CARTESIAN_POINT('',(-8.576131,43.499333,0.));
#972 = DIRECTION('',(-0.,0.,-1.));
#973 = DIRECTION('',(-0.,-1.,0.));
#974 = FACE_BOUND('',#975,.F.);
#975 = EDGE_LOOP('',(#976));
#976 = ORIENTED_EDGE('',*,*,#977,.T.);
#977 = EDGE_CURVE('',#978,#978,#980,.T.);
#978 = VERTEX_POINT('',#979);
#979 = CARTESIAN_POINT('',(-3.1195,41.0955,0.));
#980 = CIRCLE('',#981,1.7145);
#981 = AXIS2_PLACEMENT_3D('',#982,#983,#984);
#982 = CARTESIAN_POINT('',(-3.1195,42.81,0.));
#983 = DIRECTION('',(-0.,0.,-1.));
#984 = DIRECTION('',(2.590196616215E-16,-1.,-0.));
#985 = FACE_BOUND('',#986,.F.);
#986 = EDGE_LOOP('',(#987));
#987 = ORIENTED_EDGE('',*,*,#988,.T.);
#988 = EDGE_CURVE('',#989,#989,#991,.T.);
#989 = VERTEX_POINT('',#990);
#990 = CARTESIAN_POINT('',(4.85448,-1.077886,0.));
#991 = CIRCLE('',#992,1.5);
#992 = AXIS2_PLACEMENT_3D('',#993,#994,#995);
#993 = CARTESIAN_POINT('',(4.85448,0.422114,0.));
#994 = DIRECTION('',(-0.,0.,-1.));
#995 = DIRECTION('',(-0.,-1.,0.));
#996 = FACE_BOUND('',#997,.F.);
#997 = EDGE_LOOP('',(#998));
#998 = ORIENTED_EDGE('',*,*,#999,.T.);
#999 = EDGE_CURVE('',#1000,#1000,#1002,.T.);
#1000 = VERTEX_POINT('',#1001);
#1001 = CARTESIAN_POINT('',(1.780062,3.437416,0.));
#1002 = CIRCLE('',#1003,1.5);
#1003 = AXIS2_PLACEMENT_3D('',#1004,#1005,#1006);
#1004 = CARTESIAN_POINT('',(1.780062,4.937416,0.));
#1005 = DIRECTION('',(-0.,0.,-1.));
#1006 = DIRECTION('',(-0.,-1.,0.));
#1007 = FACE_BOUND('',#1008,.F.);
#1008 = EDGE_LOOP('',(#1009));
#1009 = ORIENTED_EDGE('',*,*,#1010,.T.);
#1010 = EDGE_CURVE('',#1011,#1011,#1013,.T.);
#1011 = VERTEX_POINT('',#1012);
#1012 = CARTESIAN_POINT('',(8.0075,3.7535,0.));
#1013 = CIRCLE('',#1014,1.7145);
#1014 = AXIS2_PLACEMENT_3D('',#1015,#1016,#1017);
#1015 = CARTESIAN_POINT('',(8.0075,5.468,0.));
#1016 = DIRECTION('',(-0.,0.,-1.));
#1017 = DIRECTION('',(-0.,-1.,0.));
#1018 = FACE_BOUND('',#1019,.F.);
#1019 = EDGE_LOOP('',(#1020));
#1020 = ORIENTED_EDGE('',*,*,#1021,.T.);
#1021 = EDGE_CURVE('',#1022,#1022,#1024,.T.);
#1022 = VERTEX_POINT('',#1023);
#1023 = CARTESIAN_POINT('',(12.671765,1.702544,0.));
#1024 = CIRCLE('',#1025,0.8509);
#1025 = AXIS2_PLACEMENT_3D('',#1026,#1027,#1028);
#1026 = CARTESIAN_POINT('',(12.671765,2.553444,0.));
#1027 = DIRECTION('',(-0.,0.,-1.));
#1028 = DIRECTION('',(-0.,-1.,0.));
#1029 = FACE_BOUND('',#1030,.F.);
#1030 = EDGE_LOOP('',(#1031));
#1031 = ORIENTED_EDGE('',*,*,#1032,.T.);
#1032 = EDGE_CURVE('',#1033,#1033,#1035,.T.);
#1033 = VERTEX_POINT('',#1034);
#1034 = CARTESIAN_POINT('',(3.343235,7.531656,0.));
#1035 = CIRCLE('',#1036,0.8509);
#1036 = AXIS2_PLACEMENT_3D('',#1037,#1038,#1039);
#1037 = CARTESIAN_POINT('',(3.343235,8.382556,0.));
#1038 = DIRECTION('',(-0.,0.,-1.));
#1039 = DIRECTION('',(-0.,-1.,0.));
#1040 = FACE_BOUND('',#1041,.F.);
#1041 = EDGE_LOOP('',(#1042));
#1042 = ORIENTED_EDGE('',*,*,#1043,.T.);
#1043 = EDGE_CURVE('',#1044,#1044,#1046,.T.);
#1044 = VERTEX_POINT('',#1045);
#1045 = CARTESIAN_POINT('',(14.659972,5.768323,0.));
#1046 = CIRCLE('',#1047,0.4953);
#1047 = AXIS2_PLACEMENT_3D('',#1048,#1049,#1050);
#1048 = CARTESIAN_POINT('',(14.659972,6.263623,0.));
#1049 = DIRECTION('',(-0.,0.,-1.));
#1050 = DIRECTION('',(-0.,-1.,0.));
#1051 = FACE_BOUND('',#1052,.F.);
#1052 = EDGE_LOOP('',(#1053));
#1053 = ORIENTED_EDGE('',*,*,#1054,.T.);
#1054 = EDGE_CURVE('',#1055,#1055,#1057,.T.);
#1055 = VERTEX_POINT('',#1056);
#1056 = CARTESIAN_POINT('',(13.86148,13.341114,0.));
#1057 = CIRCLE('',#1058,1.5);
#1058 = AXIS2_PLACEMENT_3D('',#1059,#1060,#1061);
#1059 = CARTESIAN_POINT('',(13.86148,14.841114,0.));
#1060 = DIRECTION('',(-0.,0.,-1.));
#1061 = DIRECTION('',(-0.,-1.,0.));
#1062 = FACE_BOUND('',#1063,.F.);
#1063 = EDGE_LOOP('',(#1064));
#1064 = ORIENTED_EDGE('',*,*,#1065,.T.);
#1065 = EDGE_CURVE('',#1066,#1066,#1068,.T.);
#1066 = VERTEX_POINT('',#1067);
#1067 = CARTESIAN_POINT('',(10.787062,17.856416,0.));
#1068 = CIRCLE('',#1069,1.5);
#1069 = AXIS2_PLACEMENT_3D('',#1070,#1071,#1072);
#1070 = CARTESIAN_POINT('',(10.787062,19.356416,0.));
#1071 = DIRECTION('',(-0.,0.,-1.));
#1072 = DIRECTION('',(-0.,-1.,0.));
#1073 = FACE_BOUND('',#1074,.F.);
#1074 = EDGE_LOOP('',(#1075));
#1075 = ORIENTED_EDGE('',*,*,#1076,.T.);
#1076 = EDGE_CURVE('',#1077,#1077,#1079,.T.);
#1077 = VERTEX_POINT('',#1078);
#1078 = CARTESIAN_POINT('',(12.350235,21.950656,0.));
#1079 = CIRCLE('',#1080,0.8509);
#1080 = AXIS2_PLACEMENT_3D('',#1081,#1082,#1083);
#1081 = CARTESIAN_POINT('',(12.350235,22.801556,0.));
#1082 = DIRECTION('',(-0.,0.,-1.));
#1083 = DIRECTION('',(-2.087621153367E-15,-1.,0.));
#1084 = FACE_BOUND('',#1085,.F.);
#1085 = EDGE_LOOP('',(#1086));
#1086 = ORIENTED_EDGE('',*,*,#1087,.T.);
#1087 = EDGE_CURVE('',#1088,#1088,#1090,.T.);
#1088 = VERTEX_POINT('',#1089);
#1089 = CARTESIAN_POINT('',(21.678765,16.121544,0.));
#1090 = CIRCLE('',#1091,0.8509);
#1091 = AXIS2_PLACEMENT_3D('',#1092,#1093,#1094);
#1092 = CARTESIAN_POINT('',(21.678765,16.972444,0.));
#1093 = DIRECTION('',(-0.,0.,-1.));
#1094 = DIRECTION('',(-0.,-1.,0.));
#1095 = FACE_BOUND('',#1096,.F.);
#1096 = EDGE_LOOP('',(#1097));
#1097 = ORIENTED_EDGE('',*,*,#1098,.T.);
#1098 = EDGE_CURVE('',#1099,#1099,#1101,.T.);
#1099 = VERTEX_POINT('',#1100);
#1100 = CARTESIAN_POINT('',(17.0145,18.1725,0.));
#1101 = CIRCLE('',#1102,1.7145);
#1102 = AXIS2_PLACEMENT_3D('',#1103,#1104,#1105);
#1103 = CARTESIAN_POINT('',(17.0145,19.887,0.));
#1104 = DIRECTION('',(-0.,0.,-1.));
#1105 = DIRECTION('',(2.072157292972E-15,-1.,-0.));
#1106 = FACE_BOUND('',#1107,.F.);
#1107 = EDGE_LOOP('',(#1108));
#1108 = ORIENTED_EDGE('',*,*,#1109,.T.);
#1109 = EDGE_CURVE('',#1110,#1110,#1112,.T.);
#1110 = VERTEX_POINT('',#1111);
#1111 = CARTESIAN_POINT('',(28.,17.4,0.));
#1112 = CIRCLE('',#1113,1.1);
#1113 = AXIS2_PLACEMENT_3D('',#1114,#1115,#1116);
#1114 = CARTESIAN_POINT('',(28.,18.5,0.));
#1115 = DIRECTION('',(-0.,0.,-1.));
#1116 = DIRECTION('',(-0.,-1.,0.));
#1117 = FACE_BOUND('',#1118,.F.);
#1118 = EDGE_LOOP('',(#1119));
#1119 = ORIENTED_EDGE('',*,*,#1120,.T.);
#1120 = EDGE_CURVE('',#1121,#1121,#1123,.T.);
#1121 = VERTEX_POINT('',#1122);
#1122 = CARTESIAN_POINT('',(23.666972,20.187323,0.));
#1123 = CIRCLE('',#1124,0.4953);
#1124 = AXIS2_PLACEMENT_3D('',#1125,#1126,#1127);
#1125 = CARTESIAN_POINT('',(23.666972,20.682623,0.));
#1126 = DIRECTION('',(-0.,0.,-1.));
#1127 = DIRECTION('',(-0.,-1.,0.));
#1128 = FACE_BOUND('',#1129,.F.);
#1129 = EDGE_LOOP('',(#1130));
#1130 = ORIENTED_EDGE('',*,*,#1131,.T.);
#1131 = EDGE_CURVE('',#1132,#1132,#1134,.T.);
#1132 = VERTEX_POINT('',#1133);
#1133 = CARTESIAN_POINT('',(2.337131,41.269767,0.));
#1134 = CIRCLE('',#1135,0.8509);
#1135 = AXIS2_PLACEMENT_3D('',#1136,#1137,#1138);
#1136 = CARTESIAN_POINT('',(2.337131,42.120667,0.));
#1137 = DIRECTION('',(-0.,0.,-1.));
#1138 = DIRECTION('',(-5.219052883418E-16,-1.,0.));
#1139 = FACE_BOUND('',#1140,.F.);
#1140 = EDGE_LOOP('',(#1141));
#1141 = ORIENTED_EDGE('',*,*,#1142,.T.);
#1142 = EDGE_CURVE('',#1143,#1143,#1145,.T.);
#1143 = VERTEX_POINT('',#1144);
#1144 = CARTESIAN_POINT('',(2.585738,45.827342,0.));
#1145 = CIRCLE('',#1146,0.4953);
#1146 = AXIS2_PLACEMENT_3D('',#1147,#1148,#1149);
#1147 = CARTESIAN_POINT('',(2.585738,46.322642,0.));
#1148 = DIRECTION('',(-0.,0.,-1.));
#1149 = DIRECTION('',(-0.,-1.,0.));
#1150 = PLANE('',#1151);
#1151 = AXIS2_PLACEMENT_3D('',#1152,#1153,#1154);
#1152 = CARTESIAN_POINT('',(0.,0.,0.));
#1153 = DIRECTION('',(0.,0.,1.));
#1154 = DIRECTION('',(1.,0.,-0.));
#1155 = ADVANCED_FACE('',(#1156,#1343,#1354,#1365,#1376,#1387,#1398,
    #1409,#1420,#1431,#1442,#1453,#1464,#1475,#1486,#1497,#1508,#1519,
    #1530,#1541,#1552,#1563,#1574,#1585,#1596,#1607,#1618,#1629,#1640,
    #1651,#1662,#1673,#1684,#1695,#1706,#1717,#1728,#1739,#1750,#1761,
    #1772,#1783,#1794,#1805,#1816,#1827,#1838,#1849,#1860,#1871,#1882,
    #1893,#1904,#1915,#1926,#1937,#1948,#1959,#1970,#1981,#1992,#2003,
    #2014,#2025,#2036,#2047,#2058,#2069,#2080,#2091,#2102,#2113,#2124,
    #2135,#2146,#2157),#2168,.T.);
#1156 = FACE_BOUND('',#1157,.T.);
#1157 = EDGE_LOOP('',(#1158,#1159,#1160,#1168,#1176,#1184,#1192,#1200,
    #1208,#1216,#1224,#1232,#1240,#1248,#1256,#1264,#1272,#1280,#1288,
    #1296,#1304,#1312,#1320,#1328,#1336,#1342));
#1158 = ORIENTED_EDGE('',*,*,#49,.F.);
#1159 = ORIENTED_EDGE('',*,*,#89,.F.);
#1160 = ORIENTED_EDGE('',*,*,#1161,.F.);
#1161 = EDGE_CURVE('',#1162,#82,#1164,.T.);
#1162 = VERTEX_POINT('',#1163);
#1163 = CARTESIAN_POINT('',(-33.,52.5,1.51));
#1164 = LINE('',#1165,#1166);
#1165 = CARTESIAN_POINT('',(-33.,52.5,1.51));
#1166 = VECTOR('',#1167,1.);
#1167 = DIRECTION('',(0.986393923832,0.164398987305,0.));
#1168 = ORIENTED_EDGE('',*,*,#1169,.F.);
#1169 = EDGE_CURVE('',#1170,#1162,#1172,.T.);
#1170 = VERTEX_POINT('',#1171);
#1171 = CARTESIAN_POINT('',(-47.,43.5,1.51));
#1172 = LINE('',#1173,#1174);
#1173 = CARTESIAN_POINT('',(-47.,43.5,1.51));
#1174 = VECTOR('',#1175,1.);
#1175 = DIRECTION('',(0.841178475377,0.540757591313,0.));
#1176 = ORIENTED_EDGE('',*,*,#1177,.F.);
#1177 = EDGE_CURVE('',#1178,#1170,#1180,.T.);
#1178 = VERTEX_POINT('',#1179);
#1179 = CARTESIAN_POINT('',(-62.,16.5,1.51));
#1180 = LINE('',#1181,#1182);
#1181 = CARTESIAN_POINT('',(-62.,16.5,1.51));
#1182 = VECTOR('',#1183,1.);
#1183 = DIRECTION('',(0.485642931179,0.874157276122,0.));
#1184 = ORIENTED_EDGE('',*,*,#1185,.F.);
#1185 = EDGE_CURVE('',#1186,#1178,#1188,.T.);
#1186 = VERTEX_POINT('',#1187);
#1187 = CARTESIAN_POINT('',(-41.,6.5,1.51));
#1188 = LINE('',#1189,#1190);
#1189 = CARTESIAN_POINT('',(-41.,6.5,1.51));
#1190 = VECTOR('',#1191,1.);
#1191 = DIRECTION('',(-0.902860518824,0.429933580392,0.));
#1192 = ORIENTED_EDGE('',*,*,#1193,.F.);
#1193 = EDGE_CURVE('',#1194,#1186,#1196,.T.);
#1194 = VERTEX_POINT('',#1195);
#1195 = CARTESIAN_POINT('',(-4.,0.5,1.51));
#1196 = LINE('',#1197,#1198);
#1197 = CARTESIAN_POINT('',(-4.,0.5,1.51));
#1198 = VECTOR('',#1199,1.);
#1199 = DIRECTION('',(-0.987105477748,0.160071158554,0.));
#1200 = ORIENTED_EDGE('',*,*,#1201,.F.);
#1201 = EDGE_CURVE('',#1202,#1194,#1204,.T.);
#1202 = VERTEX_POINT('',#1203);
#1203 = CARTESIAN_POINT('',(15.,-11.5,1.51));
#1204 = LINE('',#1205,#1206);
#1205 = CARTESIAN_POINT('',(15.,-11.5,1.51));
#1206 = VECTOR('',#1207,1.);
#1207 = DIRECTION('',(-0.845488903031,0.533992991388,0.));
#1208 = ORIENTED_EDGE('',*,*,#1209,.F.);
#1209 = EDGE_CURVE('',#1210,#1202,#1212,.T.);
#1210 = VERTEX_POINT('',#1211);
#1211 = CARTESIAN_POINT('',(-1.,-29.5,1.51));
#1212 = LINE('',#1213,#1214);
#1213 = CARTESIAN_POINT('',(-1.,-29.5,1.51));
#1214 = VECTOR('',#1215,1.);
#1215 = DIRECTION('',(0.66436383883,0.747409318684,0.));
#1216 = ORIENTED_EDGE('',*,*,#1217,.F.);
#1217 = EDGE_CURVE('',#1218,#1210,#1220,.T.);
#1218 = VERTEX_POINT('',#1219);
#1219 = CARTESIAN_POINT('',(29.,-55.5,1.51));
#1220 = LINE('',#1221,#1222);
#1221 = CARTESIAN_POINT('',(29.,-55.5,1.51));
#1222 = VECTOR('',#1223,1.);
#1223 = DIRECTION('',(-0.75568908279,0.654930538418,0.));
#1224 = ORIENTED_EDGE('',*,*,#1225,.F.);
#1225 = EDGE_CURVE('',#1226,#1218,#1228,.T.);
#1226 = VERTEX_POINT('',#1227);
#1227 = CARTESIAN_POINT('',(45.,-37.5,1.51));
#1228 = LINE('',#1229,#1230);
#1229 = CARTESIAN_POINT('',(45.,-37.5,1.51));
#1230 = VECTOR('',#1231,1.);
#1231 = DIRECTION('',(-0.66436383883,-0.747409318684,0.));
#1232 = ORIENTED_EDGE('',*,*,#1233,.F.);
#1233 = EDGE_CURVE('',#1234,#1226,#1236,.T.);
#1234 = VERTEX_POINT('',#1235);
#1235 = CARTESIAN_POINT('',(62.,-37.5,1.51));
#1236 = LINE('',#1237,#1238);
#1237 = CARTESIAN_POINT('',(62.,-37.5,1.51));
#1238 = VECTOR('',#1239,1.);
#1239 = DIRECTION('',(-1.,0.,0.));
#1240 = ORIENTED_EDGE('',*,*,#1241,.F.);
#1241 = EDGE_CURVE('',#1242,#1234,#1244,.T.);
#1242 = VERTEX_POINT('',#1243);
#1243 = CARTESIAN_POINT('',(62.,-29.5,1.51));
#1244 = LINE('',#1245,#1246);
#1245 = CARTESIAN_POINT('',(62.,-29.5,1.51));
#1246 = VECTOR('',#1247,1.);
#1247 = DIRECTION('',(0.,-1.,0.));
#1248 = ORIENTED_EDGE('',*,*,#1249,.F.);
#1249 = EDGE_CURVE('',#1250,#1242,#1252,.T.);
#1250 = VERTEX_POINT('',#1251);
#1251 = CARTESIAN_POINT('',(57.,-29.5,1.51));
#1252 = LINE('',#1253,#1254);
#1253 = CARTESIAN_POINT('',(57.,-29.5,1.51));
#1254 = VECTOR('',#1255,1.);
#1255 = DIRECTION('',(1.,0.,0.));
#1256 = ORIENTED_EDGE('',*,*,#1257,.F.);
#1257 = EDGE_CURVE('',#1258,#1250,#1260,.T.);
#1258 = VERTEX_POINT('',#1259);
#1259 = CARTESIAN_POINT('',(57.,-24.5,1.51));
#1260 = LINE('',#1261,#1262);
#1261 = CARTESIAN_POINT('',(57.,-24.5,1.51));
#1262 = VECTOR('',#1263,1.);
#1263 = DIRECTION('',(0.,-1.,0.));
#1264 = ORIENTED_EDGE('',*,*,#1265,.F.);
#1265 = EDGE_CURVE('',#1266,#1258,#1268,.T.);
#1266 = VERTEX_POINT('',#1267);
#1267 = CARTESIAN_POINT('',(62.,-24.5,1.51));
#1268 = LINE('',#1269,#1270);
#1269 = CARTESIAN_POINT('',(62.,-24.5,1.51));
#1270 = VECTOR('',#1271,1.);
#1271 = DIRECTION('',(-1.,0.,0.));
#1272 = ORIENTED_EDGE('',*,*,#1273,.F.);
#1273 = EDGE_CURVE('',#1274,#1266,#1276,.T.);
#1274 = VERTEX_POINT('',#1275);
#1275 = CARTESIAN_POINT('',(62.,23.5,1.51));
#1276 = LINE('',#1277,#1278);
#1277 = CARTESIAN_POINT('',(62.,23.5,1.51));
#1278 = VECTOR('',#1279,1.);
#1279 = DIRECTION('',(0.,-1.,0.));
#1280 = ORIENTED_EDGE('',*,*,#1281,.F.);
#1281 = EDGE_CURVE('',#1282,#1274,#1284,.T.);
#1282 = VERTEX_POINT('',#1283);
#1283 = CARTESIAN_POINT('',(51.3,23.5,1.51));
#1284 = LINE('',#1285,#1286);
#1285 = CARTESIAN_POINT('',(51.3,23.5,1.51));
#1286 = VECTOR('',#1287,1.);
#1287 = DIRECTION('',(1.,0.,0.));
#1288 = ORIENTED_EDGE('',*,*,#1289,.F.);
#1289 = EDGE_CURVE('',#1290,#1282,#1292,.T.);
#1290 = VERTEX_POINT('',#1291);
#1291 = CARTESIAN_POINT('',(51.3,21.0749,1.51));
#1292 = LINE('',#1293,#1294);
#1293 = CARTESIAN_POINT('',(51.3,21.0749,1.51));
#1294 = VECTOR('',#1295,1.);
#1295 = DIRECTION('',(0.,1.,0.));
#1296 = ORIENTED_EDGE('',*,*,#1297,.F.);
#1297 = EDGE_CURVE('',#1298,#1290,#1300,.T.);
#1298 = VERTEX_POINT('',#1299);
#1299 = CARTESIAN_POINT('',(51.3,5.1549,1.51));
#1300 = LINE('',#1301,#1302);
#1301 = CARTESIAN_POINT('',(51.3,5.1549,1.51));
#1302 = VECTOR('',#1303,1.);
#1303 = DIRECTION('',(0.,1.,0.));
#1304 = ORIENTED_EDGE('',*,*,#1305,.F.);
#1305 = EDGE_CURVE('',#1306,#1298,#1308,.T.);
#1306 = VERTEX_POINT('',#1307);
#1307 = CARTESIAN_POINT('',(50.3,4.1549,1.51));
#1308 = LINE('',#1309,#1310);
#1309 = CARTESIAN_POINT('',(50.3,4.1549,1.51));
#1310 = VECTOR('',#1311,1.);
#1311 = DIRECTION('',(0.707106781187,0.707106781187,0.));
#1312 = ORIENTED_EDGE('',*,*,#1313,.F.);
#1313 = EDGE_CURVE('',#1314,#1306,#1316,.T.);
#1314 = VERTEX_POINT('',#1315);
#1315 = CARTESIAN_POINT('',(39.7,4.1549,1.51));
#1316 = LINE('',#1317,#1318);
#1317 = CARTESIAN_POINT('',(39.7,4.1549,1.51));
#1318 = VECTOR('',#1319,1.);
#1319 = DIRECTION('',(1.,0.,0.));
#1320 = ORIENTED_EDGE('',*,*,#1321,.F.);
#1321 = EDGE_CURVE('',#1322,#1314,#1324,.T.);
#1322 = VERTEX_POINT('',#1323);
#1323 = CARTESIAN_POINT('',(38.7,5.1549,1.51));
#1324 = LINE('',#1325,#1326);
#1325 = CARTESIAN_POINT('',(38.7,5.1549,1.51));
#1326 = VECTOR('',#1327,1.);
#1327 = DIRECTION('',(0.707106781187,-0.707106781187,0.));
#1328 = ORIENTED_EDGE('',*,*,#1329,.F.);
#1329 = EDGE_CURVE('',#1330,#1322,#1332,.T.);
#1330 = VERTEX_POINT('',#1331);
#1331 = CARTESIAN_POINT('',(38.7,21.0749,1.51));
#1332 = LINE('',#1333,#1334);
#1333 = CARTESIAN_POINT('',(38.7,21.0749,1.51));
#1334 = VECTOR('',#1335,1.);
#1335 = DIRECTION('',(0.,-1.,0.));
#1336 = ORIENTED_EDGE('',*,*,#1337,.F.);
#1337 = EDGE_CURVE('',#112,#1330,#1338,.T.);
#1338 = LINE('',#1339,#1340);
#1339 = CARTESIAN_POINT('',(38.7,23.5,1.51));
#1340 = VECTOR('',#1341,1.);
#1341 = DIRECTION('',(0.,-1.,0.));
#1342 = ORIENTED_EDGE('',*,*,#111,.F.);
#1343 = FACE_BOUND('',#1344,.T.);
#1344 = EDGE_LOOP('',(#1345));
#1345 = ORIENTED_EDGE('',*,*,#1346,.T.);
#1346 = EDGE_CURVE('',#1347,#1347,#1349,.T.);
#1347 = VERTEX_POINT('',#1348);
#1348 = CARTESIAN_POINT('',(27.516612,-47.678714,1.51));
#1349 = CIRCLE('',#1350,1.5);
#1350 = AXIS2_PLACEMENT_3D('',#1351,#1352,#1353);
#1351 = CARTESIAN_POINT('',(27.516612,-46.178714,1.51));
#1352 = DIRECTION('',(-0.,0.,-1.));
#1353 = DIRECTION('',(-0.,-1.,0.));
#1354 = FACE_BOUND('',#1355,.T.);
#1355 = EDGE_LOOP('',(#1356));
#1356 = ORIENTED_EDGE('',*,*,#1357,.T.);
#1357 = EDGE_CURVE('',#1358,#1358,#1360,.T.);
#1358 = VERTEX_POINT('',#1359);
#1359 = CARTESIAN_POINT('',(24.380406,-44.913789,1.51));
#1360 = CIRCLE('',#1361,0.8509);
#1361 = AXIS2_PLACEMENT_3D('',#1362,#1363,#1364);
#1362 = CARTESIAN_POINT('',(24.380406,-44.062889,1.51));
#1363 = DIRECTION('',(-0.,0.,-1.));
#1364 = DIRECTION('',(-0.,-1.,0.));
#1365 = FACE_BOUND('',#1366,.T.);
#1366 = EDGE_LOOP('',(#1367));
#1367 = ORIENTED_EDGE('',*,*,#1368,.T.);
#1368 = EDGE_CURVE('',#1369,#1369,#1371,.T.);
#1369 = VERTEX_POINT('',#1370);
#1370 = CARTESIAN_POINT('',(28.032,-41.6645,1.51));
#1371 = CIRCLE('',#1372,1.7145);
#1372 = AXIS2_PLACEMENT_3D('',#1373,#1374,#1375);
#1373 = CARTESIAN_POINT('',(28.032,-39.95,1.51));
#1374 = DIRECTION('',(-0.,0.,-1.));
#1375 = DIRECTION('',(-0.,-1.,0.));
#1376 = FACE_BOUND('',#1377,.T.);
#1377 = EDGE_LOOP('',(#1378));
#1378 = ORIENTED_EDGE('',*,*,#1379,.T.);
#1379 = EDGE_CURVE('',#1380,#1380,#1382,.T.);
#1380 = VERTEX_POINT('',#1381);
#1381 = CARTESIAN_POINT('',(14.810412,-36.380214,1.51));
#1382 = CIRCLE('',#1383,1.5);
#1383 = AXIS2_PLACEMENT_3D('',#1384,#1385,#1386);
#1384 = CARTESIAN_POINT('',(14.810412,-34.880214,1.51));
#1385 = DIRECTION('',(-0.,0.,-1.));
#1386 = DIRECTION('',(-0.,-1.,0.));
#1387 = FACE_BOUND('',#1388,.T.);
#1388 = EDGE_LOOP('',(#1389));
#1389 = ORIENTED_EDGE('',*,*,#1390,.T.);
#1390 = EDGE_CURVE('',#1391,#1391,#1393,.T.);
#1391 = VERTEX_POINT('',#1392);
#1392 = CARTESIAN_POINT('',(11.674206,-33.615289,1.51));
#1393 = CIRCLE('',#1394,0.8509);
#1394 = AXIS2_PLACEMENT_3D('',#1395,#1396,#1397);
#1395 = CARTESIAN_POINT('',(11.674206,-32.764389,1.51));
#1396 = DIRECTION('',(-0.,0.,-1.));
#1397 = DIRECTION('',(-0.,-1.,0.));
#1398 = FACE_BOUND('',#1399,.T.);
#1399 = EDGE_LOOP('',(#1400));
#1400 = ORIENTED_EDGE('',*,*,#1401,.T.);
#1401 = EDGE_CURVE('',#1402,#1402,#1404,.T.);
#1402 = VERTEX_POINT('',#1403);
#1403 = CARTESIAN_POINT('',(19.775199,-34.101861,1.51));
#1404 = CIRCLE('',#1405,1.5);
#1405 = AXIS2_PLACEMENT_3D('',#1406,#1407,#1408);
#1406 = CARTESIAN_POINT('',(19.775199,-32.601861,1.51));
#1407 = DIRECTION('',(-0.,0.,-1.));
#1408 = DIRECTION('',(-0.,-1.,0.));
#1409 = FACE_BOUND('',#1410,.T.);
#1410 = EDGE_LOOP('',(#1411));
#1411 = ORIENTED_EDGE('',*,*,#1412,.T.);
#1412 = EDGE_CURVE('',#1413,#1413,#1415,.T.);
#1413 = VERTEX_POINT('',#1414);
#1414 = CARTESIAN_POINT('',(28.356943,-33.753304,1.51));
#1415 = CIRCLE('',#1416,0.4953);
#1416 = AXIS2_PLACEMENT_3D('',#1417,#1418,#1419);
#1417 = CARTESIAN_POINT('',(28.356943,-33.258004,1.51));
#1418 = DIRECTION('',(-0.,0.,-1.));
#1419 = DIRECTION('',(-0.,-1.,0.));
#1420 = FACE_BOUND('',#1421,.T.);
#1421 = EDGE_LOOP('',(#1422));
#1422 = ORIENTED_EDGE('',*,*,#1423,.T.);
#1423 = EDGE_CURVE('',#1424,#1424,#1426,.T.);
#1424 = VERTEX_POINT('',#1425);
#1425 = CARTESIAN_POINT('',(15.3258,-30.366,1.51));
#1426 = CIRCLE('',#1427,1.7145);
#1427 = AXIS2_PLACEMENT_3D('',#1428,#1429,#1430);
#1428 = CARTESIAN_POINT('',(15.3258,-28.6515,1.51));
#1429 = DIRECTION('',(-0.,0.,-1.));
#1430 = DIRECTION('',(-0.,-1.,0.));
#1431 = FACE_BOUND('',#1432,.T.);
#1432 = EDGE_LOOP('',(#1433));
#1433 = ORIENTED_EDGE('',*,*,#1434,.T.);
#1434 = EDGE_CURVE('',#1435,#1435,#1437,.T.);
#1435 = VERTEX_POINT('',#1436);
#1436 = CARTESIAN_POINT('',(18.977394,-25.389511,1.51));
#1437 = CIRCLE('',#1438,0.8509);
#1438 = AXIS2_PLACEMENT_3D('',#1439,#1440,#1441);
#1439 = CARTESIAN_POINT('',(18.977394,-24.538611,1.51));
#1440 = DIRECTION('',(-0.,0.,-1.));
#1441 = DIRECTION('',(-0.,-1.,0.));
#1442 = FACE_BOUND('',#1443,.T.);
#1443 = EDGE_LOOP('',(#1444));
#1444 = ORIENTED_EDGE('',*,*,#1445,.T.);
#1445 = EDGE_CURVE('',#1446,#1446,#1448,.T.);
#1446 = VERTEX_POINT('',#1447);
#1447 = CARTESIAN_POINT('',(32.481399,-45.400361,1.51));
#1448 = CIRCLE('',#1449,1.5);
#1449 = AXIS2_PLACEMENT_3D('',#1450,#1451,#1452);
#1450 = CARTESIAN_POINT('',(32.481399,-43.900361,1.51));
#1451 = DIRECTION('',(-0.,0.,-1.));
#1452 = DIRECTION('',(-0.,-1.,0.));
#1453 = FACE_BOUND('',#1454,.T.);
#1454 = EDGE_LOOP('',(#1455));
#1455 = ORIENTED_EDGE('',*,*,#1456,.T.);
#1456 = EDGE_CURVE('',#1457,#1457,#1459,.T.);
#1457 = VERTEX_POINT('',#1458);
#1458 = CARTESIAN_POINT('',(31.683594,-36.688011,1.51));
#1459 = CIRCLE('',#1460,0.8509);
#1460 = AXIS2_PLACEMENT_3D('',#1461,#1462,#1463);
#1461 = CARTESIAN_POINT('',(31.683594,-35.837111,1.51));
#1462 = DIRECTION('',(-0.,0.,-1.));
#1463 = DIRECTION('',(-0.,-1.,0.));
#1464 = FACE_BOUND('',#1465,.T.);
#1465 = EDGE_LOOP('',(#1466));
#1466 = ORIENTED_EDGE('',*,*,#1467,.T.);
#1467 = EDGE_CURVE('',#1468,#1468,#1470,.T.);
#1468 = VERTEX_POINT('',#1469);
#1469 = CARTESIAN_POINT('',(45.16,-31.77,1.51));
#1470 = CIRCLE('',#1471,0.38);
#1471 = AXIS2_PLACEMENT_3D('',#1472,#1473,#1474);
#1472 = CARTESIAN_POINT('',(45.16,-31.39,1.51));
#1473 = DIRECTION('',(-0.,0.,-1.));
#1474 = DIRECTION('',(-0.,-1.,0.));
#1475 = FACE_BOUND('',#1476,.T.);
#1476 = EDGE_LOOP('',(#1477));
#1477 = ORIENTED_EDGE('',*,*,#1478,.T.);
#1478 = EDGE_CURVE('',#1479,#1479,#1481,.T.);
#1479 = VERTEX_POINT('',#1480);
#1480 = CARTESIAN_POINT('',(47.7,-30.5,1.51));
#1481 = CIRCLE('',#1482,0.38);
#1482 = AXIS2_PLACEMENT_3D('',#1483,#1484,#1485);
#1483 = CARTESIAN_POINT('',(47.7,-30.12,1.51));
#1484 = DIRECTION('',(-0.,0.,-1.));
#1485 = DIRECTION('',(-0.,-1.,0.));
#1486 = FACE_BOUND('',#1487,.T.);
#1487 = EDGE_LOOP('',(#1488));
#1488 = ORIENTED_EDGE('',*,*,#1489,.T.);
#1489 = EDGE_CURVE('',#1490,#1490,#1492,.T.);
#1490 = VERTEX_POINT('',#1491);
#1491 = CARTESIAN_POINT('',(54.05,-34.26,1.51));
#1492 = CIRCLE('',#1493,1.6);
#1493 = AXIS2_PLACEMENT_3D('',#1494,#1495,#1496);
#1494 = CARTESIAN_POINT('',(54.05,-32.66,1.51));
#1495 = DIRECTION('',(-0.,0.,-1.));
#1496 = DIRECTION('',(-0.,-1.,0.));
#1497 = FACE_BOUND('',#1498,.T.);
#1498 = EDGE_LOOP('',(#1499));
#1499 = ORIENTED_EDGE('',*,*,#1500,.T.);
#1500 = EDGE_CURVE('',#1501,#1501,#1503,.T.);
#1501 = VERTEX_POINT('',#1502);
#1502 = CARTESIAN_POINT('',(45.16,-29.23,1.51));
#1503 = CIRCLE('',#1504,0.38);
#1504 = AXIS2_PLACEMENT_3D('',#1505,#1506,#1507);
#1505 = CARTESIAN_POINT('',(45.16,-28.85,1.51));
#1506 = DIRECTION('',(-0.,0.,-1.));
#1507 = DIRECTION('',(-0.,-1.,0.));
#1508 = FACE_BOUND('',#1509,.T.);
#1509 = EDGE_LOOP('',(#1510));
#1510 = ORIENTED_EDGE('',*,*,#1511,.T.);
#1511 = EDGE_CURVE('',#1512,#1512,#1514,.T.);
#1512 = VERTEX_POINT('',#1513);
#1513 = CARTESIAN_POINT('',(47.7,-27.96,1.51));
#1514 = CIRCLE('',#1515,0.38);
#1515 = AXIS2_PLACEMENT_3D('',#1516,#1517,#1518);
#1516 = CARTESIAN_POINT('',(47.7,-27.58,1.51));
#1517 = DIRECTION('',(-0.,0.,-1.));
#1518 = DIRECTION('',(-0.,-1.,0.));
#1519 = FACE_BOUND('',#1520,.T.);
#1520 = EDGE_LOOP('',(#1521));
#1521 = ORIENTED_EDGE('',*,*,#1522,.T.);
#1522 = EDGE_CURVE('',#1523,#1523,#1525,.T.);
#1523 = VERTEX_POINT('',#1524);
#1524 = CARTESIAN_POINT('',(45.16,-26.69,1.51));
#1525 = CIRCLE('',#1526,0.38);
#1526 = AXIS2_PLACEMENT_3D('',#1527,#1528,#1529);
#1527 = CARTESIAN_POINT('',(45.16,-26.31,1.51));
#1528 = DIRECTION('',(-0.,0.,-1.));
#1529 = DIRECTION('',(-0.,-1.,0.));
#1530 = FACE_BOUND('',#1531,.T.);
#1531 = EDGE_LOOP('',(#1532));
#1532 = ORIENTED_EDGE('',*,*,#1533,.T.);
#1533 = EDGE_CURVE('',#1534,#1534,#1536,.T.);
#1534 = VERTEX_POINT('',#1535);
#1535 = CARTESIAN_POINT('',(47.7,-25.42,1.51));
#1536 = CIRCLE('',#1537,0.38);
#1537 = AXIS2_PLACEMENT_3D('',#1538,#1539,#1540);
#1538 = CARTESIAN_POINT('',(47.7,-25.04,1.51));
#1539 = DIRECTION('',(-0.,0.,-1.));
#1540 = DIRECTION('',(-0.,-1.,0.));
#1541 = FACE_BOUND('',#1542,.T.);
#1542 = EDGE_LOOP('',(#1543));
#1543 = ORIENTED_EDGE('',*,*,#1544,.T.);
#1544 = EDGE_CURVE('',#1545,#1545,#1547,.T.);
#1545 = VERTEX_POINT('',#1546);
#1546 = CARTESIAN_POINT('',(15.650743,-22.454804,1.51));
#1547 = CIRCLE('',#1548,0.4953);
#1548 = AXIS2_PLACEMENT_3D('',#1549,#1550,#1551);
#1549 = CARTESIAN_POINT('',(15.650743,-21.959504,1.51));
#1550 = DIRECTION('',(-0.,0.,-1.));
#1551 = DIRECTION('',(3.58642608399E-15,-1.,-0.));
#1552 = FACE_BOUND('',#1553,.T.);
#1553 = EDGE_LOOP('',(#1554));
#1554 = ORIENTED_EDGE('',*,*,#1555,.T.);
#1555 = EDGE_CURVE('',#1556,#1556,#1558,.T.);
#1556 = VERTEX_POINT('',#1557);
#1557 = CARTESIAN_POINT('',(29.,-24.6,1.51));
#1558 = CIRCLE('',#1559,1.1);
#1559 = AXIS2_PLACEMENT_3D('',#1560,#1561,#1562);
#1560 = CARTESIAN_POINT('',(29.,-23.5,1.51));
#1561 = DIRECTION('',(-0.,0.,-1.));
#1562 = DIRECTION('',(-0.,-1.,0.));
#1563 = FACE_BOUND('',#1564,.T.);
#1564 = EDGE_LOOP('',(#1565));
#1565 = ORIENTED_EDGE('',*,*,#1566,.T.);
#1566 = EDGE_CURVE('',#1567,#1567,#1569,.T.);
#1567 = VERTEX_POINT('',#1568);
#1568 = CARTESIAN_POINT('',(45.16,-24.15,1.51));
#1569 = CIRCLE('',#1570,0.38);
#1570 = AXIS2_PLACEMENT_3D('',#1571,#1572,#1573);
#1571 = CARTESIAN_POINT('',(45.16,-23.77,1.51));
#1572 = DIRECTION('',(-0.,0.,-1.));
#1573 = DIRECTION('',(-0.,-1.,0.));
#1574 = FACE_BOUND('',#1575,.T.);
#1575 = EDGE_LOOP('',(#1576));
#1576 = ORIENTED_EDGE('',*,*,#1577,.T.);
#1577 = EDGE_CURVE('',#1578,#1578,#1580,.T.);
#1578 = VERTEX_POINT('',#1579);
#1579 = CARTESIAN_POINT('',(47.7,-22.88,1.51));
#1580 = CIRCLE('',#1581,0.38);
#1581 = AXIS2_PLACEMENT_3D('',#1582,#1583,#1584);
#1582 = CARTESIAN_POINT('',(47.7,-22.5,1.51));
#1583 = DIRECTION('',(-0.,0.,-1.));
#1584 = DIRECTION('',(-0.,-1.,0.));
#1585 = FACE_BOUND('',#1586,.T.);
#1586 = EDGE_LOOP('',(#1587));
#1587 = ORIENTED_EDGE('',*,*,#1588,.T.);
#1588 = EDGE_CURVE('',#1589,#1589,#1591,.T.);
#1589 = VERTEX_POINT('',#1590);
#1590 = CARTESIAN_POINT('',(54.05,-22.83,1.51));
#1591 = CIRCLE('',#1592,1.6);
#1592 = AXIS2_PLACEMENT_3D('',#1593,#1594,#1595);
#1593 = CARTESIAN_POINT('',(54.05,-21.23,1.51));
#1594 = DIRECTION('',(-0.,0.,-1.));
#1595 = DIRECTION('',(-0.,-1.,0.));
#1596 = FACE_BOUND('',#1597,.T.);
#1597 = EDGE_LOOP('',(#1598));
#1598 = ORIENTED_EDGE('',*,*,#1599,.T.);
#1599 = EDGE_CURVE('',#1600,#1600,#1602,.T.);
#1600 = VERTEX_POINT('',#1601);
#1601 = CARTESIAN_POINT('',(47.295,-18.05745,1.51));
#1602 = CIRCLE('',#1603,1.18745);
#1603 = AXIS2_PLACEMENT_3D('',#1604,#1605,#1606);
#1604 = CARTESIAN_POINT('',(47.295,-16.87,1.51));
#1605 = DIRECTION('',(-0.,0.,-1.));
#1606 = DIRECTION('',(-0.,-1.,0.));
#1607 = FACE_BOUND('',#1608,.T.);
#1608 = EDGE_LOOP('',(#1609));
#1609 = ORIENTED_EDGE('',*,*,#1610,.T.);
#1610 = EDGE_CURVE('',#1611,#1611,#1613,.T.);
#1611 = VERTEX_POINT('',#1612);
#1612 = CARTESIAN_POINT('',(47.295,-14.8253,1.51));
#1613 = CIRCLE('',#1614,0.4953);
#1614 = AXIS2_PLACEMENT_3D('',#1615,#1616,#1617);
#1615 = CARTESIAN_POINT('',(47.295,-14.33,1.51));
#1616 = DIRECTION('',(-0.,0.,-1.));
#1617 = DIRECTION('',(-0.,-1.,0.));
#1618 = FACE_BOUND('',#1619,.T.);
#1619 = EDGE_LOOP('',(#1620));
#1620 = ORIENTED_EDGE('',*,*,#1621,.T.);
#1621 = EDGE_CURVE('',#1622,#1622,#1624,.T.);
#1622 = VERTEX_POINT('',#1623);
#1623 = CARTESIAN_POINT('',(50.47,-18.05745,1.51));
#1624 = CIRCLE('',#1625,1.18745);
#1625 = AXIS2_PLACEMENT_3D('',#1626,#1627,#1628);
#1626 = CARTESIAN_POINT('',(50.47,-16.87,1.51));
#1627 = DIRECTION('',(-0.,0.,-1.));
#1628 = DIRECTION('',(-0.,-1.,0.));
#1629 = FACE_BOUND('',#1630,.T.);
#1630 = EDGE_LOOP('',(#1631));
#1631 = ORIENTED_EDGE('',*,*,#1632,.T.);
#1632 = EDGE_CURVE('',#1633,#1633,#1635,.T.);
#1633 = VERTEX_POINT('',#1634);
#1634 = CARTESIAN_POINT('',(52.375,-15.8413,1.51));
#1635 = CIRCLE('',#1636,0.4953);
#1636 = AXIS2_PLACEMENT_3D('',#1637,#1638,#1639);
#1637 = CARTESIAN_POINT('',(52.375,-15.346,1.51));
#1638 = DIRECTION('',(-0.,0.,-1.));
#1639 = DIRECTION('',(-0.,-1.,0.));
#1640 = FACE_BOUND('',#1641,.T.);
#1641 = EDGE_LOOP('',(#1642));
#1642 = ORIENTED_EDGE('',*,*,#1643,.T.);
#1643 = EDGE_CURVE('',#1644,#1644,#1646,.T.);
#1644 = VERTEX_POINT('',#1645);
#1645 = CARTESIAN_POINT('',(52.375,-13.8093,1.51));
#1646 = CIRCLE('',#1647,0.4953);
#1647 = AXIS2_PLACEMENT_3D('',#1648,#1649,#1650);
#1648 = CARTESIAN_POINT('',(52.375,-13.314,1.51));
#1649 = DIRECTION('',(-0.,0.,-1.));
#1650 = DIRECTION('',(-0.,-1.,0.));
#1651 = FACE_BOUND('',#1652,.T.);
#1652 = EDGE_LOOP('',(#1653));
#1653 = ORIENTED_EDGE('',*,*,#1654,.T.);
#1654 = EDGE_CURVE('',#1655,#1655,#1657,.T.);
#1655 = VERTEX_POINT('',#1656);
#1656 = CARTESIAN_POINT('',(47.295,-12.97745,1.51));
#1657 = CIRCLE('',#1658,1.18745);
#1658 = AXIS2_PLACEMENT_3D('',#1659,#1660,#1661);
#1659 = CARTESIAN_POINT('',(47.295,-11.79,1.51));
#1660 = DIRECTION('',(-0.,0.,-1.));
#1661 = DIRECTION('',(-0.,-1.,0.));
#1662 = FACE_BOUND('',#1663,.T.);
#1663 = EDGE_LOOP('',(#1664));
#1664 = ORIENTED_EDGE('',*,*,#1665,.T.);
#1665 = EDGE_CURVE('',#1666,#1666,#1668,.T.);
#1666 = VERTEX_POINT('',#1667);
#1667 = CARTESIAN_POINT('',(50.47,-12.97745,1.51));
#1668 = CIRCLE('',#1669,1.18745);
#1669 = AXIS2_PLACEMENT_3D('',#1670,#1671,#1672);
#1670 = CARTESIAN_POINT('',(50.47,-11.79,1.51));
#1671 = DIRECTION('',(-0.,0.,-1.));
#1672 = DIRECTION('',(-0.,-1.,0.));
#1673 = FACE_BOUND('',#1674,.T.);
#1674 = EDGE_LOOP('',(#1675));
#1675 = ORIENTED_EDGE('',*,*,#1676,.T.);
#1676 = EDGE_CURVE('',#1677,#1677,#1679,.T.);
#1677 = VERTEX_POINT('',#1678);
#1678 = CARTESIAN_POINT('',(-48.224992,14.486234,1.51));
#1679 = CIRCLE('',#1680,1.5);
#1680 = AXIS2_PLACEMENT_3D('',#1681,#1682,#1683);
#1681 = CARTESIAN_POINT('',(-48.224992,15.986234,1.51));
#1682 = DIRECTION('',(-0.,0.,-1.));
#1683 = DIRECTION('',(-0.,-1.,0.));
#1684 = FACE_BOUND('',#1685,.T.);
#1685 = EDGE_LOOP('',(#1686));
#1686 = ORIENTED_EDGE('',*,*,#1687,.T.);
#1687 = EDGE_CURVE('',#1688,#1688,#1690,.T.);
#1688 = VERTEX_POINT('',#1689);
#1689 = CARTESIAN_POINT('',(-51.673857,18.722427,1.51));
#1690 = CIRCLE('',#1691,1.5);
#1691 = AXIS2_PLACEMENT_3D('',#1692,#1693,#1694);
#1692 = CARTESIAN_POINT('',(-51.673857,20.222427,1.51));
#1693 = DIRECTION('',(-0.,0.,-1.));
#1694 = DIRECTION('',(-0.,-1.,0.));
#1695 = FACE_BOUND('',#1696,.T.);
#1696 = EDGE_LOOP('',(#1697));
#1697 = ORIENTED_EDGE('',*,*,#1698,.T.);
#1698 = EDGE_CURVE('',#1699,#1699,#1701,.T.);
#1699 = VERTEX_POINT('',#1700);
#1700 = CARTESIAN_POINT('',(-40.61833,17.926603,1.51));
#1701 = CIRCLE('',#1702,0.8509);
#1702 = AXIS2_PLACEMENT_3D('',#1703,#1704,#1705);
#1703 = CARTESIAN_POINT('',(-40.61833,18.777503,1.51));
#1704 = DIRECTION('',(-0.,0.,-1.));
#1705 = DIRECTION('',(-0.,-1.,0.));
#1706 = FACE_BOUND('',#1707,.T.);
#1707 = EDGE_LOOP('',(#1708));
#1708 = ORIENTED_EDGE('',*,*,#1709,.T.);
#1709 = EDGE_CURVE('',#1710,#1710,#1712,.T.);
#1710 = VERTEX_POINT('',#1711);
#1711 = CARTESIAN_POINT('',(-45.5145,19.5685,1.51));
#1712 = CIRCLE('',#1713,1.7145);
#1713 = AXIS2_PLACEMENT_3D('',#1714,#1715,#1716);
#1714 = CARTESIAN_POINT('',(-45.5145,21.283,1.51));
#1715 = DIRECTION('',(-0.,0.,-1.));
#1716 = DIRECTION('',(-0.,-1.,0.));
#1717 = FACE_BOUND('',#1718,.T.);
#1718 = EDGE_LOOP('',(#1719));
#1719 = ORIENTED_EDGE('',*,*,#1720,.T.);
#1720 = EDGE_CURVE('',#1721,#1721,#1723,.T.);
#1721 = VERTEX_POINT('',#1722);
#1722 = CARTESIAN_POINT('',(-38.954301,22.148648,1.51));
#1723 = CIRCLE('',#1724,0.4953);
#1724 = AXIS2_PLACEMENT_3D('',#1725,#1726,#1727);
#1725 = CARTESIAN_POINT('',(-38.954301,22.643948,1.51));
#1726 = DIRECTION('',(-0.,0.,-1.));
#1727 = DIRECTION('',(-0.,-1.,0.));
#1728 = FACE_BOUND('',#1729,.T.);
#1729 = EDGE_LOOP('',(#1730));
#1730 = ORIENTED_EDGE('',*,*,#1731,.T.);
#1731 = EDGE_CURVE('',#1732,#1732,#1734,.T.);
#1732 = VERTEX_POINT('',#1733);
#1733 = CARTESIAN_POINT('',(-29.347168,18.920472,1.51));
#1734 = CIRCLE('',#1735,1.5);
#1735 = AXIS2_PLACEMENT_3D('',#1736,#1737,#1738);
#1736 = CARTESIAN_POINT('',(-29.347168,20.420472,1.51));
#1737 = DIRECTION('',(-0.,0.,-1.));
#1738 = DIRECTION('',(-0.,-1.,0.));
#1739 = FACE_BOUND('',#1740,.T.);
#1740 = EDGE_LOOP('',(#1741));
#1741 = ORIENTED_EDGE('',*,*,#1742,.T.);
#1742 = EDGE_CURVE('',#1743,#1743,#1745,.T.);
#1743 = VERTEX_POINT('',#1744);
#1744 = CARTESIAN_POINT('',(-15.,8.4,1.51));
#1745 = CIRCLE('',#1746,1.1);
#1746 = AXIS2_PLACEMENT_3D('',#1747,#1748,#1749);
#1747 = CARTESIAN_POINT('',(-15.,9.5,1.51));
#1748 = DIRECTION('',(-0.,0.,-1.));
#1749 = DIRECTION('',(-0.,-1.,0.));
#1750 = FACE_BOUND('',#1751,.T.);
#1751 = EDGE_LOOP('',(#1752));
#1752 = ORIENTED_EDGE('',*,*,#1753,.T.);
#1753 = EDGE_CURVE('',#1754,#1754,#1756,.T.);
#1754 = VERTEX_POINT('',#1755);
#1755 = CARTESIAN_POINT('',(-24.255965,16.940663,1.51));
#1756 = CIRCLE('',#1757,1.5);
#1757 = AXIS2_PLACEMENT_3D('',#1758,#1759,#1760);
#1758 = CARTESIAN_POINT('',(-24.255965,18.440663,1.51));
#1759 = DIRECTION('',(-0.,0.,-1.));
#1760 = DIRECTION('',(-0.,-1.,0.));
#1761 = FACE_BOUND('',#1762,.T.);
#1762 = EDGE_LOOP('',(#1763));
#1763 = ORIENTED_EDGE('',*,*,#1764,.T.);
#1764 = EDGE_CURVE('',#1765,#1765,#1767,.T.);
#1765 = VERTEX_POINT('',#1766);
#1766 = CARTESIAN_POINT('',(-5.993233,18.536918,1.51));
#1767 = CIRCLE('',#1768,1.5);
#1768 = AXIS2_PLACEMENT_3D('',#1769,#1770,#1771);
#1769 = CARTESIAN_POINT('',(-5.993233,20.036918,1.51));
#1770 = DIRECTION('',(-0.,0.,-1.));
#1771 = DIRECTION('',(-0.,-1.,0.));
#1772 = FACE_BOUND('',#1773,.T.);
#1773 = EDGE_LOOP('',(#1774));
#1774 = ORIENTED_EDGE('',*,*,#1775,.T.);
#1775 = EDGE_CURVE('',#1776,#1776,#1778,.T.);
#1776 = VERTEX_POINT('',#1777);
#1777 = CARTESIAN_POINT('',(-10.678073,21.346236,1.51));
#1778 = CIRCLE('',#1779,1.5);
#1779 = AXIS2_PLACEMENT_3D('',#1780,#1781,#1782);
#1780 = CARTESIAN_POINT('',(-10.678073,22.846236,1.51));
#1781 = DIRECTION('',(-0.,0.,-1.));
#1782 = DIRECTION('',(-0.,-1.,0.));
#1783 = FACE_BOUND('',#1784,.T.);
#1784 = EDGE_LOOP('',(#1785));
#1785 = ORIENTED_EDGE('',*,*,#1786,.T.);
#1786 = EDGE_CURVE('',#1787,#1787,#1789,.T.);
#1787 = VERTEX_POINT('',#1788);
#1788 = CARTESIAN_POINT('',(-50.41067,22.937597,1.51));
#1789 = CIRCLE('',#1790,0.8509);
#1790 = AXIS2_PLACEMENT_3D('',#1791,#1792,#1793);
#1791 = CARTESIAN_POINT('',(-50.41067,23.788497,1.51));
#1792 = DIRECTION('',(-0.,0.,-1.));
#1793 = DIRECTION('',(-8.350484613469E-15,-1.,0.));
#1794 = FACE_BOUND('',#1795,.T.);
#1795 = EDGE_LOOP('',(#1796));
#1796 = ORIENTED_EDGE('',*,*,#1797,.T.);
#1797 = EDGE_CURVE('',#1798,#1798,#1800,.T.);
#1798 = VERTEX_POINT('',#1799);
#1799 = CARTESIAN_POINT('',(-30.010265,23.294193,1.51));
#1800 = CIRCLE('',#1801,0.8509);
#1801 = AXIS2_PLACEMENT_3D('',#1802,#1803,#1804);
#1802 = CARTESIAN_POINT('',(-30.010265,24.145093,1.51));
#1803 = DIRECTION('',(-0.,0.,-1.));
#1804 = DIRECTION('',(-0.,-1.,0.));
#1805 = FACE_BOUND('',#1806,.T.);
#1806 = EDGE_LOOP('',(#1807));
#1807 = ORIENTED_EDGE('',*,*,#1808,.T.);
#1808 = EDGE_CURVE('',#1809,#1809,#1811,.T.);
#1809 = VERTEX_POINT('',#1810);
#1810 = CARTESIAN_POINT('',(-40.,35.4,1.51));
#1811 = CIRCLE('',#1812,1.1);
#1812 = AXIS2_PLACEMENT_3D('',#1813,#1814,#1815);
#1813 = CARTESIAN_POINT('',(-40.,36.5,1.51));
#1814 = DIRECTION('',(-0.,0.,-1.));
#1815 = DIRECTION('',(-0.,-1.,0.));
#1816 = FACE_BOUND('',#1817,.T.);
#1817 = EDGE_LOOP('',(#1818));
#1818 = ORIENTED_EDGE('',*,*,#1819,.T.);
#1819 = EDGE_CURVE('',#1820,#1820,#1822,.T.);
#1820 = VERTEX_POINT('',#1821);
#1821 = CARTESIAN_POINT('',(-30.099168,35.899472,1.51));
#1822 = CIRCLE('',#1823,1.5);
#1823 = AXIS2_PLACEMENT_3D('',#1824,#1825,#1826);
#1824 = CARTESIAN_POINT('',(-30.099168,37.399472,1.51));
#1825 = DIRECTION('',(-0.,0.,-1.));
#1826 = DIRECTION('',(-0.,-1.,0.));
#1827 = FACE_BOUND('',#1828,.T.);
#1828 = EDGE_LOOP('',(#1829));
#1829 = ORIENTED_EDGE('',*,*,#1830,.T.);
#1830 = EDGE_CURVE('',#1831,#1831,#1833,.T.);
#1831 = VERTEX_POINT('',#1832);
#1832 = CARTESIAN_POINT('',(-30.762265,40.273193,1.51));
#1833 = CIRCLE('',#1834,0.8509);
#1834 = AXIS2_PLACEMENT_3D('',#1835,#1836,#1837);
#1835 = CARTESIAN_POINT('',(-30.762265,41.124093,1.51));
#1836 = DIRECTION('',(-0.,0.,-1.));
#1837 = DIRECTION('',(-0.,-1.,0.));
#1838 = FACE_BOUND('',#1839,.T.);
#1839 = EDGE_LOOP('',(#1840));
#1840 = ORIENTED_EDGE('',*,*,#1841,.T.);
#1841 = EDGE_CURVE('',#1842,#1842,#1844,.T.);
#1842 = VERTEX_POINT('',#1843);
#1843 = CARTESIAN_POINT('',(-24.5155,22.6705,1.51));
#1844 = CIRCLE('',#1845,1.7145);
#1845 = AXIS2_PLACEMENT_3D('',#1846,#1847,#1848);
#1846 = CARTESIAN_POINT('',(-24.5155,24.385,1.51));
#1847 = DIRECTION('',(-0.,0.,-1.));
#1848 = DIRECTION('',(-0.,-1.,0.));
#1849 = FACE_BOUND('',#1850,.T.);
#1850 = EDGE_LOOP('',(#1851));
#1851 = ORIENTED_EDGE('',*,*,#1852,.T.);
#1852 = EDGE_CURVE('',#1853,#1853,#1855,.T.);
#1853 = VERTEX_POINT('',#1854);
#1854 = CARTESIAN_POINT('',(-19.48367,28.313396,1.51));
#1855 = CIRCLE('',#1856,0.4953);
#1856 = AXIS2_PLACEMENT_3D('',#1857,#1858,#1859);
#1857 = CARTESIAN_POINT('',(-19.48367,28.808696,1.51));
#1858 = DIRECTION('',(-0.,0.,-1.));
#1859 = DIRECTION('',(-0.,-1.,0.));
#1860 = FACE_BOUND('',#1861,.T.);
#1861 = EDGE_LOOP('',(#1862));
#1862 = ORIENTED_EDGE('',*,*,#1863,.T.);
#1863 = EDGE_CURVE('',#1864,#1864,#1866,.T.);
#1864 = VERTEX_POINT('',#1865);
#1865 = CARTESIAN_POINT('',(-19.020735,23.774007,1.51));
#1866 = CIRCLE('',#1867,0.8509);
#1867 = AXIS2_PLACEMENT_3D('',#1868,#1869,#1870);
#1868 = CARTESIAN_POINT('',(-19.020735,24.624907,1.51));
#1869 = DIRECTION('',(-0.,0.,-1.));
#1870 = DIRECTION('',(4.175242306735E-15,-1.,-0.));
#1871 = FACE_BOUND('',#1872,.T.);
#1872 = EDGE_LOOP('',(#1873));
#1873 = ORIENTED_EDGE('',*,*,#1874,.T.);
#1874 = EDGE_CURVE('',#1875,#1875,#1877,.T.);
#1875 = VERTEX_POINT('',#1876);
#1876 = CARTESIAN_POINT('',(-10.704131,25.778433,1.51));
#1877 = CIRCLE('',#1878,0.8509);
#1878 = AXIS2_PLACEMENT_3D('',#1879,#1880,#1881);
#1879 = CARTESIAN_POINT('',(-10.704131,26.629333,1.51));
#1880 = DIRECTION('',(-0.,0.,-1.));
#1881 = DIRECTION('',(-0.,-1.,0.));
#1882 = FACE_BOUND('',#1883,.T.);
#1883 = EDGE_LOOP('',(#1884));
#1884 = ORIENTED_EDGE('',*,*,#1885,.T.);
#1885 = EDGE_CURVE('',#1886,#1886,#1888,.T.);
#1886 = VERTEX_POINT('',#1887);
#1887 = CARTESIAN_POINT('',(-5.2475,24.2255,1.51));
#1888 = CIRCLE('',#1889,1.7145);
#1889 = AXIS2_PLACEMENT_3D('',#1890,#1891,#1892);
#1890 = CARTESIAN_POINT('',(-5.2475,25.94,1.51));
#1891 = DIRECTION('',(-0.,0.,-1.));
#1892 = DIRECTION('',(-0.,-1.,0.));
#1893 = FACE_BOUND('',#1894,.T.);
#1894 = EDGE_LOOP('',(#1895));
#1895 = ORIENTED_EDGE('',*,*,#1896,.T.);
#1896 = EDGE_CURVE('',#1897,#1897,#1899,.T.);
#1897 = VERTEX_POINT('',#1898);
#1898 = CARTESIAN_POINT('',(0.209131,24.399767,1.51));
#1899 = CIRCLE('',#1900,0.8509);
#1900 = AXIS2_PLACEMENT_3D('',#1901,#1902,#1903);
#1901 = CARTESIAN_POINT('',(0.209131,25.250667,1.51));
#1902 = DIRECTION('',(-0.,0.,-1.));
#1903 = DIRECTION('',(1.957144831282E-16,-1.,-0.));
#1904 = FACE_BOUND('',#1905,.T.);
#1905 = EDGE_LOOP('',(#1906));
#1906 = ORIENTED_EDGE('',*,*,#1907,.T.);
#1907 = EDGE_CURVE('',#1908,#1908,#1910,.T.);
#1908 = VERTEX_POINT('',#1909);
#1909 = CARTESIAN_POINT('',(0.457738,28.957342,1.51));
#1910 = CIRCLE('',#1911,0.4953);
#1911 = AXIS2_PLACEMENT_3D('',#1912,#1913,#1914);
#1912 = CARTESIAN_POINT('',(0.457738,29.452642,1.51));
#1913 = DIRECTION('',(-0.,0.,-1.));
#1914 = DIRECTION('',(-1.120758151247E-16,-1.,0.));
#1915 = FACE_BOUND('',#1916,.T.);
#1916 = EDGE_LOOP('',(#1917));
#1917 = ORIENTED_EDGE('',*,*,#1918,.T.);
#1918 = EDGE_CURVE('',#1919,#1919,#1921,.T.);
#1919 = VERTEX_POINT('',#1920);
#1920 = CARTESIAN_POINT('',(-25.007965,33.919663,1.51));
#1921 = CIRCLE('',#1922,1.5);
#1922 = AXIS2_PLACEMENT_3D('',#1923,#1924,#1925);
#1923 = CARTESIAN_POINT('',(-25.007965,35.419663,1.51));
#1924 = DIRECTION('',(-0.,0.,-1.));
#1925 = DIRECTION('',(-0.,-1.,0.));
#1926 = FACE_BOUND('',#1927,.T.);
#1927 = EDGE_LOOP('',(#1928));
#1928 = ORIENTED_EDGE('',*,*,#1929,.T.);
#1929 = EDGE_CURVE('',#1930,#1930,#1932,.T.);
#1930 = VERTEX_POINT('',#1931);
#1931 = CARTESIAN_POINT('',(-25.2675,39.6495,1.51));
#1932 = CIRCLE('',#1933,1.7145);
#1933 = AXIS2_PLACEMENT_3D('',#1934,#1935,#1936);
#1934 = CARTESIAN_POINT('',(-25.2675,41.364,1.51));
#1935 = DIRECTION('',(-0.,0.,-1.));
#1936 = DIRECTION('',(-0.,-1.,0.));
#1937 = FACE_BOUND('',#1938,.T.);
#1938 = EDGE_LOOP('',(#1939));
#1939 = ORIENTED_EDGE('',*,*,#1940,.T.);
#1940 = EDGE_CURVE('',#1941,#1941,#1943,.T.);
#1941 = VERTEX_POINT('',#1942);
#1942 = CARTESIAN_POINT('',(-19.772735,40.753007,1.51));
#1943 = CIRCLE('',#1944,0.8509);
#1944 = AXIS2_PLACEMENT_3D('',#1945,#1946,#1947);
#1945 = CARTESIAN_POINT('',(-19.772735,41.603907,1.51));
#1946 = DIRECTION('',(-0.,0.,-1.));
#1947 = DIRECTION('',(-0.,-1.,0.));
#1948 = FACE_BOUND('',#1949,.T.);
#1949 = EDGE_LOOP('',(#1950));
#1950 = ORIENTED_EDGE('',*,*,#1951,.T.);
#1951 = EDGE_CURVE('',#1952,#1952,#1954,.T.);
#1952 = VERTEX_POINT('',#1953);
#1953 = CARTESIAN_POINT('',(-20.23567,45.292396,1.51));
#1954 = CIRCLE('',#1955,0.4953);
#1955 = AXIS2_PLACEMENT_3D('',#1956,#1957,#1958);
#1956 = CARTESIAN_POINT('',(-20.23567,45.787696,1.51));
#1957 = DIRECTION('',(-0.,0.,-1.));
#1958 = DIRECTION('',(-0.,-1.,0.));
#1959 = FACE_BOUND('',#1960,.T.);
#1960 = EDGE_LOOP('',(#1961));
#1961 = ORIENTED_EDGE('',*,*,#1962,.T.);
#1962 = EDGE_CURVE('',#1963,#1963,#1965,.T.);
#1963 = VERTEX_POINT('',#1964);
#1964 = CARTESIAN_POINT('',(-8.550073,38.216236,1.51));
#1965 = CIRCLE('',#1966,1.5);
#1966 = AXIS2_PLACEMENT_3D('',#1967,#1968,#1969);
#1967 = CARTESIAN_POINT('',(-8.550073,39.716236,1.51));
#1968 = DIRECTION('',(-0.,0.,-1.));
#1969 = DIRECTION('',(-0.,-1.,0.));
#1970 = FACE_BOUND('',#1971,.T.);
#1971 = EDGE_LOOP('',(#1972));
#1972 = ORIENTED_EDGE('',*,*,#1973,.T.);
#1973 = EDGE_CURVE('',#1974,#1974,#1976,.T.);
#1974 = VERTEX_POINT('',#1975);
#1975 = CARTESIAN_POINT('',(-3.865233,35.406918,1.51));
#1976 = CIRCLE('',#1977,1.5);
#1977 = AXIS2_PLACEMENT_3D('',#1978,#1979,#1980);
#1978 = CARTESIAN_POINT('',(-3.865233,36.906918,1.51));
#1979 = DIRECTION('',(-0.,0.,-1.));
#1980 = DIRECTION('',(-0.,-1.,0.));
#1981 = FACE_BOUND('',#1982,.T.);
#1982 = EDGE_LOOP('',(#1983));
#1983 = ORIENTED_EDGE('',*,*,#1984,.T.);
#1984 = EDGE_CURVE('',#1985,#1985,#1987,.T.);
#1985 = VERTEX_POINT('',#1986);
#1986 = CARTESIAN_POINT('',(-8.576131,42.648433,1.51));
#1987 = CIRCLE('',#1988,0.8509);
#1988 = AXIS2_PLACEMENT_3D('',#1989,#1990,#1991);
#1989 = CARTESIAN_POINT('',(-8.576131,43.499333,1.51));
#1990 = DIRECTION('',(-0.,0.,-1.));
#1991 = DIRECTION('',(-0.,-1.,0.));
#1992 = FACE_BOUND('',#1993,.T.);
#1993 = EDGE_LOOP('',(#1994));
#1994 = ORIENTED_EDGE('',*,*,#1995,.T.);
#1995 = EDGE_CURVE('',#1996,#1996,#1998,.T.);
#1996 = VERTEX_POINT('',#1997);
#1997 = CARTESIAN_POINT('',(-3.1195,41.0955,1.51));
#1998 = CIRCLE('',#1999,1.7145);
#1999 = AXIS2_PLACEMENT_3D('',#2000,#2001,#2002);
#2000 = CARTESIAN_POINT('',(-3.1195,42.81,1.51));
#2001 = DIRECTION('',(-0.,0.,-1.));
#2002 = DIRECTION('',(2.590196616215E-16,-1.,-0.));
#2003 = FACE_BOUND('',#2004,.T.);
#2004 = EDGE_LOOP('',(#2005));
#2005 = ORIENTED_EDGE('',*,*,#2006,.T.);
#2006 = EDGE_CURVE('',#2007,#2007,#2009,.T.);
#2007 = VERTEX_POINT('',#2008);
#2008 = CARTESIAN_POINT('',(4.85448,-1.077886,1.51));
#2009 = CIRCLE('',#2010,1.5);
#2010 = AXIS2_PLACEMENT_3D('',#2011,#2012,#2013);
#2011 = CARTESIAN_POINT('',(4.85448,0.422114,1.51));
#2012 = DIRECTION('',(-0.,0.,-1.));
#2013 = DIRECTION('',(-0.,-1.,0.));
#2014 = FACE_BOUND('',#2015,.T.);
#2015 = EDGE_LOOP('',(#2016));
#2016 = ORIENTED_EDGE('',*,*,#2017,.T.);
#2017 = EDGE_CURVE('',#2018,#2018,#2020,.T.);
#2018 = VERTEX_POINT('',#2019);
#2019 = CARTESIAN_POINT('',(1.780062,3.437416,1.51));
#2020 = CIRCLE('',#2021,1.5);
#2021 = AXIS2_PLACEMENT_3D('',#2022,#2023,#2024);
#2022 = CARTESIAN_POINT('',(1.780062,4.937416,1.51));
#2023 = DIRECTION('',(-0.,0.,-1.));
#2024 = DIRECTION('',(-0.,-1.,0.));
#2025 = FACE_BOUND('',#2026,.T.);
#2026 = EDGE_LOOP('',(#2027));
#2027 = ORIENTED_EDGE('',*,*,#2028,.T.);
#2028 = EDGE_CURVE('',#2029,#2029,#2031,.T.);
#2029 = VERTEX_POINT('',#2030);
#2030 = CARTESIAN_POINT('',(8.0075,3.7535,1.51));
#2031 = CIRCLE('',#2032,1.7145);
#2032 = AXIS2_PLACEMENT_3D('',#2033,#2034,#2035);
#2033 = CARTESIAN_POINT('',(8.0075,5.468,1.51));
#2034 = DIRECTION('',(-0.,0.,-1.));
#2035 = DIRECTION('',(-0.,-1.,0.));
#2036 = FACE_BOUND('',#2037,.T.);
#2037 = EDGE_LOOP('',(#2038));
#2038 = ORIENTED_EDGE('',*,*,#2039,.T.);
#2039 = EDGE_CURVE('',#2040,#2040,#2042,.T.);
#2040 = VERTEX_POINT('',#2041);
#2041 = CARTESIAN_POINT('',(12.671765,1.702544,1.51));
#2042 = CIRCLE('',#2043,0.8509);
#2043 = AXIS2_PLACEMENT_3D('',#2044,#2045,#2046);
#2044 = CARTESIAN_POINT('',(12.671765,2.553444,1.51));
#2045 = DIRECTION('',(-0.,0.,-1.));
#2046 = DIRECTION('',(-0.,-1.,0.));
#2047 = FACE_BOUND('',#2048,.T.);
#2048 = EDGE_LOOP('',(#2049));
#2049 = ORIENTED_EDGE('',*,*,#2050,.T.);
#2050 = EDGE_CURVE('',#2051,#2051,#2053,.T.);
#2051 = VERTEX_POINT('',#2052);
#2052 = CARTESIAN_POINT('',(3.343235,7.531656,1.51));
#2053 = CIRCLE('',#2054,0.8509);
#2054 = AXIS2_PLACEMENT_3D('',#2055,#2056,#2057);
#2055 = CARTESIAN_POINT('',(3.343235,8.382556,1.51));
#2056 = DIRECTION('',(-0.,0.,-1.));
#2057 = DIRECTION('',(-0.,-1.,0.));
#2058 = FACE_BOUND('',#2059,.T.);
#2059 = EDGE_LOOP('',(#2060));
#2060 = ORIENTED_EDGE('',*,*,#2061,.T.);
#2061 = EDGE_CURVE('',#2062,#2062,#2064,.T.);
#2062 = VERTEX_POINT('',#2063);
#2063 = CARTESIAN_POINT('',(14.659972,5.768323,1.51));
#2064 = CIRCLE('',#2065,0.4953);
#2065 = AXIS2_PLACEMENT_3D('',#2066,#2067,#2068);
#2066 = CARTESIAN_POINT('',(14.659972,6.263623,1.51));
#2067 = DIRECTION('',(-0.,0.,-1.));
#2068 = DIRECTION('',(-0.,-1.,0.));
#2069 = FACE_BOUND('',#2070,.T.);
#2070 = EDGE_LOOP('',(#2071));
#2071 = ORIENTED_EDGE('',*,*,#2072,.T.);
#2072 = EDGE_CURVE('',#2073,#2073,#2075,.T.);
#2073 = VERTEX_POINT('',#2074);
#2074 = CARTESIAN_POINT('',(13.86148,13.341114,1.51));
#2075 = CIRCLE('',#2076,1.5);
#2076 = AXIS2_PLACEMENT_3D('',#2077,#2078,#2079);
#2077 = CARTESIAN_POINT('',(13.86148,14.841114,1.51));
#2078 = DIRECTION('',(-0.,0.,-1.));
#2079 = DIRECTION('',(-0.,-1.,0.));
#2080 = FACE_BOUND('',#2081,.T.);
#2081 = EDGE_LOOP('',(#2082));
#2082 = ORIENTED_EDGE('',*,*,#2083,.T.);
#2083 = EDGE_CURVE('',#2084,#2084,#2086,.T.);
#2084 = VERTEX_POINT('',#2085);
#2085 = CARTESIAN_POINT('',(10.787062,17.856416,1.51));
#2086 = CIRCLE('',#2087,1.5);
#2087 = AXIS2_PLACEMENT_3D('',#2088,#2089,#2090);
#2088 = CARTESIAN_POINT('',(10.787062,19.356416,1.51));
#2089 = DIRECTION('',(-0.,0.,-1.));
#2090 = DIRECTION('',(-0.,-1.,0.));
#2091 = FACE_BOUND('',#2092,.T.);
#2092 = EDGE_LOOP('',(#2093));
#2093 = ORIENTED_EDGE('',*,*,#2094,.T.);
#2094 = EDGE_CURVE('',#2095,#2095,#2097,.T.);
#2095 = VERTEX_POINT('',#2096);
#2096 = CARTESIAN_POINT('',(12.350235,21.950656,1.51));
#2097 = CIRCLE('',#2098,0.8509);
#2098 = AXIS2_PLACEMENT_3D('',#2099,#2100,#2101);
#2099 = CARTESIAN_POINT('',(12.350235,22.801556,1.51));
#2100 = DIRECTION('',(-0.,0.,-1.));
#2101 = DIRECTION('',(-2.087621153367E-15,-1.,0.));
#2102 = FACE_BOUND('',#2103,.T.);
#2103 = EDGE_LOOP('',(#2104));
#2104 = ORIENTED_EDGE('',*,*,#2105,.T.);
#2105 = EDGE_CURVE('',#2106,#2106,#2108,.T.);
#2106 = VERTEX_POINT('',#2107);
#2107 = CARTESIAN_POINT('',(21.678765,16.121544,1.51));
#2108 = CIRCLE('',#2109,0.8509);
#2109 = AXIS2_PLACEMENT_3D('',#2110,#2111,#2112);
#2110 = CARTESIAN_POINT('',(21.678765,16.972444,1.51));
#2111 = DIRECTION('',(-0.,0.,-1.));
#2112 = DIRECTION('',(-0.,-1.,0.));
#2113 = FACE_BOUND('',#2114,.T.);
#2114 = EDGE_LOOP('',(#2115));
#2115 = ORIENTED_EDGE('',*,*,#2116,.T.);
#2116 = EDGE_CURVE('',#2117,#2117,#2119,.T.);
#2117 = VERTEX_POINT('',#2118);
#2118 = CARTESIAN_POINT('',(17.0145,18.1725,1.51));
#2119 = CIRCLE('',#2120,1.7145);
#2120 = AXIS2_PLACEMENT_3D('',#2121,#2122,#2123);
#2121 = CARTESIAN_POINT('',(17.0145,19.887,1.51));
#2122 = DIRECTION('',(-0.,0.,-1.));
#2123 = DIRECTION('',(2.072157292972E-15,-1.,-0.));
#2124 = FACE_BOUND('',#2125,.T.);
#2125 = EDGE_LOOP('',(#2126));
#2126 = ORIENTED_EDGE('',*,*,#2127,.T.);
#2127 = EDGE_CURVE('',#2128,#2128,#2130,.T.);
#2128 = VERTEX_POINT('',#2129);
#2129 = CARTESIAN_POINT('',(28.,17.4,1.51));
#2130 = CIRCLE('',#2131,1.1);
#2131 = AXIS2_PLACEMENT_3D('',#2132,#2133,#2134);
#2132 = CARTESIAN_POINT('',(28.,18.5,1.51));
#2133 = DIRECTION('',(-0.,0.,-1.));
#2134 = DIRECTION('',(-0.,-1.,0.));
#2135 = FACE_BOUND('',#2136,.T.);
#2136 = EDGE_LOOP('',(#2137));
#2137 = ORIENTED_EDGE('',*,*,#2138,.T.);
#2138 = EDGE_CURVE('',#2139,#2139,#2141,.T.);
#2139 = VERTEX_POINT('',#2140);
#2140 = CARTESIAN_POINT('',(23.666972,20.187323,1.51));
#2141 = CIRCLE('',#2142,0.4953);
#2142 = AXIS2_PLACEMENT_3D('',#2143,#2144,#2145);
#2143 = CARTESIAN_POINT('',(23.666972,20.682623,1.51));
#2144 = DIRECTION('',(-0.,0.,-1.));
#2145 = DIRECTION('',(-0.,-1.,0.));
#2146 = FACE_BOUND('',#2147,.T.);
#2147 = EDGE_LOOP('',(#2148));
#2148 = ORIENTED_EDGE('',*,*,#2149,.T.);
#2149 = EDGE_CURVE('',#2150,#2150,#2152,.T.);
#2150 = VERTEX_POINT('',#2151);
#2151 = CARTESIAN_POINT('',(2.337131,41.269767,1.51));
#2152 = CIRCLE('',#2153,0.8509);
#2153 = AXIS2_PLACEMENT_3D('',#2154,#2155,#2156);
#2154 = CARTESIAN_POINT('',(2.337131,42.120667,1.51));
#2155 = DIRECTION('',(-0.,0.,-1.));
#2156 = DIRECTION('',(-5.219052883418E-16,-1.,0.));
#2157 = FACE_BOUND('',#2158,.T.);
#2158 = EDGE_LOOP('',(#2159));
#2159 = ORIENTED_EDGE('',*,*,#2160,.T.);
#2160 = EDGE_CURVE('',#2161,#2161,#2163,.T.);
#2161 = VERTEX_POINT('',#2162);
#2162 = CARTESIAN_POINT('',(2.585738,45.827342,1.51));
#2163 = CIRCLE('',#2164,0.4953);
#2164 = AXIS2_PLACEMENT_3D('',#2165,#2166,#2167);
#2165 = CARTESIAN_POINT('',(2.585738,46.322642,1.51));
#2166 = DIRECTION('',(-0.,0.,-1.));
#2167 = DIRECTION('',(-0.,-1.,0.));
#2168 = PLANE('',#2169);
#2169 = AXIS2_PLACEMENT_3D('',#2170,#2171,#2172);
#2170 = CARTESIAN_POINT('',(0.,0.,1.51));
#2171 = DIRECTION('',(0.,0.,1.));
#2172 = DIRECTION('',(1.,0.,-0.));
#2173 = ADVANCED_FACE('',(#2174),#2185,.T.);
#2174 = FACE_BOUND('',#2175,.T.);
#2175 = EDGE_LOOP('',(#2176,#2182,#2183,#2184));
#2176 = ORIENTED_EDGE('',*,*,#2177,.T.);
#2177 = EDGE_CURVE('',#144,#1162,#2178,.T.);
#2178 = LINE('',#2179,#2180);
#2179 = CARTESIAN_POINT('',(-33.,52.5,0.));
#2180 = VECTOR('',#2181,1.);
#2181 = DIRECTION('',(0.,0.,1.));
#2182 = ORIENTED_EDGE('',*,*,#1161,.T.);
#2183 = ORIENTED_EDGE('',*,*,#79,.F.);
#2184 = ORIENTED_EDGE('',*,*,#143,.F.);
#2185 = PLANE('',#2186);
#2186 = AXIS2_PLACEMENT_3D('',#2187,#2188,#2189);
#2187 = CARTESIAN_POINT('',(-33.,52.5,0.));
#2188 = DIRECTION('',(-0.164398987305,0.986393923832,0.));
#2189 = DIRECTION('',(0.986393923832,0.164398987305,0.));
#2190 = ADVANCED_FACE('',(#2191),#2202,.T.);
#2191 = FACE_BOUND('',#2192,.T.);
#2192 = EDGE_LOOP('',(#2193,#2194,#2195,#2201));
#2193 = ORIENTED_EDGE('',*,*,#119,.T.);
#2194 = ORIENTED_EDGE('',*,*,#1337,.T.);
#2195 = ORIENTED_EDGE('',*,*,#2196,.F.);
#2196 = EDGE_CURVE('',#312,#1330,#2197,.T.);
#2197 = LINE('',#2198,#2199);
#2198 = CARTESIAN_POINT('',(38.7,21.0749,0.));
#2199 = VECTOR('',#2200,1.);
#2200 = DIRECTION('',(0.,0.,1.));
#2201 = ORIENTED_EDGE('',*,*,#319,.F.);
#2202 = PLANE('',#2203);
#2203 = AXIS2_PLACEMENT_3D('',#2204,#2205,#2206);
#2204 = CARTESIAN_POINT('',(38.7,23.5,0.));
#2205 = DIRECTION('',(1.,0.,-0.));
#2206 = DIRECTION('',(0.,-1.,0.));
#2207 = ADVANCED_FACE('',(#2208),#2219,.T.);
#2208 = FACE_BOUND('',#2209,.T.);
#2209 = EDGE_LOOP('',(#2210,#2216,#2217,#2218));
#2210 = ORIENTED_EDGE('',*,*,#2211,.T.);
#2211 = EDGE_CURVE('',#152,#1170,#2212,.T.);
#2212 = LINE('',#2213,#2214);
#2213 = CARTESIAN_POINT('',(-47.,43.5,0.));
#2214 = VECTOR('',#2215,1.);
#2215 = DIRECTION('',(0.,0.,1.));
#2216 = ORIENTED_EDGE('',*,*,#1169,.T.);
#2217 = ORIENTED_EDGE('',*,*,#2177,.F.);
#2218 = ORIENTED_EDGE('',*,*,#151,.F.);
#2219 = PLANE('',#2220);
#2220 = AXIS2_PLACEMENT_3D('',#2221,#2222,#2223);
#2221 = CARTESIAN_POINT('',(-47.,43.5,0.));
#2222 = DIRECTION('',(-0.540757591313,0.841178475377,0.));
#2223 = DIRECTION('',(0.841178475377,0.540757591313,0.));
#2224 = ADVANCED_FACE('',(#2225),#2236,.T.);
#2225 = FACE_BOUND('',#2226,.T.);
#2226 = EDGE_LOOP('',(#2227,#2228,#2229,#2235));
#2227 = ORIENTED_EDGE('',*,*,#2196,.T.);
#2228 = ORIENTED_EDGE('',*,*,#1329,.T.);
#2229 = ORIENTED_EDGE('',*,*,#2230,.F.);
#2230 = EDGE_CURVE('',#304,#1322,#2231,.T.);
#2231 = LINE('',#2232,#2233);
#2232 = CARTESIAN_POINT('',(38.7,5.1549,0.));
#2233 = VECTOR('',#2234,1.);
#2234 = DIRECTION('',(0.,0.,1.));
#2235 = ORIENTED_EDGE('',*,*,#311,.F.);
#2236 = PLANE('',#2237);
#2237 = AXIS2_PLACEMENT_3D('',#2238,#2239,#2240);
#2238 = CARTESIAN_POINT('',(38.7,21.0749,0.));
#2239 = DIRECTION('',(1.,0.,-0.));
#2240 = DIRECTION('',(0.,-1.,0.));
#2241 = ADVANCED_FACE('',(#2242),#2253,.T.);
#2242 = FACE_BOUND('',#2243,.T.);
#2243 = EDGE_LOOP('',(#2244,#2250,#2251,#2252));
#2244 = ORIENTED_EDGE('',*,*,#2245,.T.);
#2245 = EDGE_CURVE('',#160,#1178,#2246,.T.);
#2246 = LINE('',#2247,#2248);
#2247 = CARTESIAN_POINT('',(-62.,16.5,0.));
#2248 = VECTOR('',#2249,1.);
#2249 = DIRECTION('',(0.,0.,1.));
#2250 = ORIENTED_EDGE('',*,*,#1177,.T.);
#2251 = ORIENTED_EDGE('',*,*,#2211,.F.);
#2252 = ORIENTED_EDGE('',*,*,#159,.F.);
#2253 = PLANE('',#2254);
#2254 = AXIS2_PLACEMENT_3D('',#2255,#2256,#2257);
#2255 = CARTESIAN_POINT('',(-62.,16.5,0.));
#2256 = DIRECTION('',(-0.874157276122,0.485642931179,0.));
#2257 = DIRECTION('',(0.485642931179,0.874157276122,0.));
#2258 = ADVANCED_FACE('',(#2259),#2270,.T.);
#2259 = FACE_BOUND('',#2260,.T.);
#2260 = EDGE_LOOP('',(#2261,#2262,#2263,#2269));
#2261 = ORIENTED_EDGE('',*,*,#2230,.T.);
#2262 = ORIENTED_EDGE('',*,*,#1321,.T.);
#2263 = ORIENTED_EDGE('',*,*,#2264,.F.);
#2264 = EDGE_CURVE('',#296,#1314,#2265,.T.);
#2265 = LINE('',#2266,#2267);
#2266 = CARTESIAN_POINT('',(39.7,4.1549,0.));
#2267 = VECTOR('',#2268,1.);
#2268 = DIRECTION('',(0.,0.,1.));
#2269 = ORIENTED_EDGE('',*,*,#303,.F.);
#2270 = PLANE('',#2271);
#2271 = AXIS2_PLACEMENT_3D('',#2272,#2273,#2274);
#2272 = CARTESIAN_POINT('',(38.7,5.1549,0.));
#2273 = DIRECTION('',(0.707106781187,0.707106781187,-0.));
#2274 = DIRECTION('',(0.707106781187,-0.707106781187,0.));
#2275 = ADVANCED_FACE('',(#2276),#2287,.T.);
#2276 = FACE_BOUND('',#2277,.T.);
#2277 = EDGE_LOOP('',(#2278,#2284,#2285,#2286));
#2278 = ORIENTED_EDGE('',*,*,#2279,.T.);
#2279 = EDGE_CURVE('',#168,#1186,#2280,.T.);
#2280 = LINE('',#2281,#2282);
#2281 = CARTESIAN_POINT('',(-41.,6.5,0.));
#2282 = VECTOR('',#2283,1.);
#2283 = DIRECTION('',(0.,0.,1.));
#2284 = ORIENTED_EDGE('',*,*,#1185,.T.);
#2285 = ORIENTED_EDGE('',*,*,#2245,.F.);
#2286 = ORIENTED_EDGE('',*,*,#167,.F.);
#2287 = PLANE('',#2288);
#2288 = AXIS2_PLACEMENT_3D('',#2289,#2290,#2291);
#2289 = CARTESIAN_POINT('',(-41.,6.5,0.));
#2290 = DIRECTION('',(-0.429933580392,-0.902860518824,0.));
#2291 = DIRECTION('',(-0.902860518824,0.429933580392,0.));
#2292 = ADVANCED_FACE('',(#2293),#2304,.T.);
#2293 = FACE_BOUND('',#2294,.T.);
#2294 = EDGE_LOOP('',(#2295,#2296,#2297,#2303));
#2295 = ORIENTED_EDGE('',*,*,#2264,.T.);
#2296 = ORIENTED_EDGE('',*,*,#1313,.T.);
#2297 = ORIENTED_EDGE('',*,*,#2298,.F.);
#2298 = EDGE_CURVE('',#288,#1306,#2299,.T.);
#2299 = LINE('',#2300,#2301);
#2300 = CARTESIAN_POINT('',(50.3,4.1549,0.));
#2301 = VECTOR('',#2302,1.);
#2302 = DIRECTION('',(0.,0.,1.));
#2303 = ORIENTED_EDGE('',*,*,#295,.F.);
#2304 = PLANE('',#2305);
#2305 = AXIS2_PLACEMENT_3D('',#2306,#2307,#2308);
#2306 = CARTESIAN_POINT('',(39.7,4.1549,0.));
#2307 = DIRECTION('',(0.,1.,0.));
#2308 = DIRECTION('',(1.,0.,0.));
#2309 = ADVANCED_FACE('',(#2310),#2321,.T.);
#2310 = FACE_BOUND('',#2311,.T.);
#2311 = EDGE_LOOP('',(#2312,#2318,#2319,#2320));
#2312 = ORIENTED_EDGE('',*,*,#2313,.T.);
#2313 = EDGE_CURVE('',#176,#1194,#2314,.T.);
#2314 = LINE('',#2315,#2316);
#2315 = CARTESIAN_POINT('',(-4.,0.5,0.));
#2316 = VECTOR('',#2317,1.);
#2317 = DIRECTION('',(0.,0.,1.));
#2318 = ORIENTED_EDGE('',*,*,#1193,.T.);
#2319 = ORIENTED_EDGE('',*,*,#2279,.F.);
#2320 = ORIENTED_EDGE('',*,*,#175,.F.);
#2321 = PLANE('',#2322);
#2322 = AXIS2_PLACEMENT_3D('',#2323,#2324,#2325);
#2323 = CARTESIAN_POINT('',(-4.,0.5,0.));
#2324 = DIRECTION('',(-0.160071158554,-0.987105477748,0.));
#2325 = DIRECTION('',(-0.987105477748,0.160071158554,0.));
#2326 = ADVANCED_FACE('',(#2327),#2338,.T.);
#2327 = FACE_BOUND('',#2328,.T.);
#2328 = EDGE_LOOP('',(#2329,#2330,#2331,#2337));
#2329 = ORIENTED_EDGE('',*,*,#2298,.T.);
#2330 = ORIENTED_EDGE('',*,*,#1305,.T.);
#2331 = ORIENTED_EDGE('',*,*,#2332,.F.);
#2332 = EDGE_CURVE('',#280,#1298,#2333,.T.);
#2333 = LINE('',#2334,#2335);
#2334 = CARTESIAN_POINT('',(51.3,5.1549,0.));
#2335 = VECTOR('',#2336,1.);
#2336 = DIRECTION('',(0.,0.,1.));
#2337 = ORIENTED_EDGE('',*,*,#287,.F.);
#2338 = PLANE('',#2339);
#2339 = AXIS2_PLACEMENT_3D('',#2340,#2341,#2342);
#2340 = CARTESIAN_POINT('',(50.3,4.1549,0.));
#2341 = DIRECTION('',(-0.707106781187,0.707106781187,0.));
#2342 = DIRECTION('',(0.707106781187,0.707106781187,0.));
#2343 = ADVANCED_FACE('',(#2344),#2355,.T.);
#2344 = FACE_BOUND('',#2345,.T.);
#2345 = EDGE_LOOP('',(#2346,#2352,#2353,#2354));
#2346 = ORIENTED_EDGE('',*,*,#2347,.T.);
#2347 = EDGE_CURVE('',#184,#1202,#2348,.T.);
#2348 = LINE('',#2349,#2350);
#2349 = CARTESIAN_POINT('',(15.,-11.5,0.));
#2350 = VECTOR('',#2351,1.);
#2351 = DIRECTION('',(0.,0.,1.));
#2352 = ORIENTED_EDGE('',*,*,#1201,.T.);
#2353 = ORIENTED_EDGE('',*,*,#2313,.F.);
#2354 = ORIENTED_EDGE('',*,*,#183,.F.);
#2355 = PLANE('',#2356);
#2356 = AXIS2_PLACEMENT_3D('',#2357,#2358,#2359);
#2357 = CARTESIAN_POINT('',(15.,-11.5,0.));
#2358 = DIRECTION('',(-0.533992991388,-0.845488903031,0.));
#2359 = DIRECTION('',(-0.845488903031,0.533992991388,0.));
#2360 = ADVANCED_FACE('',(#2361),#2372,.T.);
#2361 = FACE_BOUND('',#2362,.T.);
#2362 = EDGE_LOOP('',(#2363,#2364,#2365,#2371));
#2363 = ORIENTED_EDGE('',*,*,#2332,.T.);
#2364 = ORIENTED_EDGE('',*,*,#1297,.T.);
#2365 = ORIENTED_EDGE('',*,*,#2366,.F.);
#2366 = EDGE_CURVE('',#272,#1290,#2367,.T.);
#2367 = LINE('',#2368,#2369);
#2368 = CARTESIAN_POINT('',(51.3,21.0749,0.));
#2369 = VECTOR('',#2370,1.);
#2370 = DIRECTION('',(0.,0.,1.));
#2371 = ORIENTED_EDGE('',*,*,#279,.F.);
#2372 = PLANE('',#2373);
#2373 = AXIS2_PLACEMENT_3D('',#2374,#2375,#2376);
#2374 = CARTESIAN_POINT('',(51.3,5.1549,0.));
#2375 = DIRECTION('',(-1.,0.,0.));
#2376 = DIRECTION('',(0.,1.,0.));
#2377 = ADVANCED_FACE('',(#2378),#2389,.T.);
#2378 = FACE_BOUND('',#2379,.T.);
#2379 = EDGE_LOOP('',(#2380,#2386,#2387,#2388));
#2380 = ORIENTED_EDGE('',*,*,#2381,.T.);
#2381 = EDGE_CURVE('',#192,#1210,#2382,.T.);
#2382 = LINE('',#2383,#2384);
#2383 = CARTESIAN_POINT('',(-1.,-29.5,0.));
#2384 = VECTOR('',#2385,1.);
#2385 = DIRECTION('',(0.,0.,1.));
#2386 = ORIENTED_EDGE('',*,*,#1209,.T.);
#2387 = ORIENTED_EDGE('',*,*,#2347,.F.);
#2388 = ORIENTED_EDGE('',*,*,#191,.F.);
#2389 = PLANE('',#2390);
#2390 = AXIS2_PLACEMENT_3D('',#2391,#2392,#2393);
#2391 = CARTESIAN_POINT('',(-1.,-29.5,0.));
#2392 = DIRECTION('',(-0.747409318684,0.66436383883,0.));
#2393 = DIRECTION('',(0.66436383883,0.747409318684,0.));
#2394 = ADVANCED_FACE('',(#2395),#2406,.T.);
#2395 = FACE_BOUND('',#2396,.T.);
#2396 = EDGE_LOOP('',(#2397,#2398,#2399,#2405));
#2397 = ORIENTED_EDGE('',*,*,#2366,.T.);
#2398 = ORIENTED_EDGE('',*,*,#1289,.T.);
#2399 = ORIENTED_EDGE('',*,*,#2400,.F.);
#2400 = EDGE_CURVE('',#264,#1282,#2401,.T.);
#2401 = LINE('',#2402,#2403);
#2402 = CARTESIAN_POINT('',(51.3,23.5,0.));
#2403 = VECTOR('',#2404,1.);
#2404 = DIRECTION('',(0.,0.,1.));
#2405 = ORIENTED_EDGE('',*,*,#271,.F.);
#2406 = PLANE('',#2407);
#2407 = AXIS2_PLACEMENT_3D('',#2408,#2409,#2410);
#2408 = CARTESIAN_POINT('',(51.3,21.0749,0.));
#2409 = DIRECTION('',(-1.,0.,0.));
#2410 = DIRECTION('',(0.,1.,0.));
#2411 = ADVANCED_FACE('',(#2412),#2423,.T.);
#2412 = FACE_BOUND('',#2413,.T.);
#2413 = EDGE_LOOP('',(#2414,#2420,#2421,#2422));
#2414 = ORIENTED_EDGE('',*,*,#2415,.T.);
#2415 = EDGE_CURVE('',#200,#1218,#2416,.T.);
#2416 = LINE('',#2417,#2418);
#2417 = CARTESIAN_POINT('',(29.,-55.5,0.));
#2418 = VECTOR('',#2419,1.);
#2419 = DIRECTION('',(0.,0.,1.));
#2420 = ORIENTED_EDGE('',*,*,#1217,.T.);
#2421 = ORIENTED_EDGE('',*,*,#2381,.F.);
#2422 = ORIENTED_EDGE('',*,*,#199,.F.);
#2423 = PLANE('',#2424);
#2424 = AXIS2_PLACEMENT_3D('',#2425,#2426,#2427);
#2425 = CARTESIAN_POINT('',(29.,-55.5,0.));
#2426 = DIRECTION('',(-0.654930538418,-0.75568908279,0.));
#2427 = DIRECTION('',(-0.75568908279,0.654930538418,0.));
#2428 = ADVANCED_FACE('',(#2429),#2440,.T.);
#2429 = FACE_BOUND('',#2430,.T.);
#2430 = EDGE_LOOP('',(#2431,#2432,#2433,#2439));
#2431 = ORIENTED_EDGE('',*,*,#2400,.T.);
#2432 = ORIENTED_EDGE('',*,*,#1281,.T.);
#2433 = ORIENTED_EDGE('',*,*,#2434,.F.);
#2434 = EDGE_CURVE('',#256,#1274,#2435,.T.);
#2435 = LINE('',#2436,#2437);
#2436 = CARTESIAN_POINT('',(62.,23.5,0.));
#2437 = VECTOR('',#2438,1.);
#2438 = DIRECTION('',(0.,0.,1.));
#2439 = ORIENTED_EDGE('',*,*,#263,.F.);
#2440 = PLANE('',#2441);
#2441 = AXIS2_PLACEMENT_3D('',#2442,#2443,#2444);
#2442 = CARTESIAN_POINT('',(51.3,23.5,0.));
#2443 = DIRECTION('',(0.,1.,0.));
#2444 = DIRECTION('',(1.,0.,0.));
#2445 = ADVANCED_FACE('',(#2446),#2457,.T.);
#2446 = FACE_BOUND('',#2447,.T.);
#2447 = EDGE_LOOP('',(#2448,#2454,#2455,#2456));
#2448 = ORIENTED_EDGE('',*,*,#2449,.T.);
#2449 = EDGE_CURVE('',#208,#1226,#2450,.T.);
#2450 = LINE('',#2451,#2452);
#2451 = CARTESIAN_POINT('',(45.,-37.5,0.));
#2452 = VECTOR('',#2453,1.);
#2453 = DIRECTION('',(0.,0.,1.));
#2454 = ORIENTED_EDGE('',*,*,#1225,.T.);
#2455 = ORIENTED_EDGE('',*,*,#2415,.F.);
#2456 = ORIENTED_EDGE('',*,*,#207,.F.);
#2457 = PLANE('',#2458);
#2458 = AXIS2_PLACEMENT_3D('',#2459,#2460,#2461);
#2459 = CARTESIAN_POINT('',(45.,-37.5,0.));
#2460 = DIRECTION('',(0.747409318684,-0.66436383883,0.));
#2461 = DIRECTION('',(-0.66436383883,-0.747409318684,0.));
#2462 = ADVANCED_FACE('',(#2463),#2474,.T.);
#2463 = FACE_BOUND('',#2464,.T.);
#2464 = EDGE_LOOP('',(#2465,#2466,#2467,#2473));
#2465 = ORIENTED_EDGE('',*,*,#2434,.T.);
#2466 = ORIENTED_EDGE('',*,*,#1273,.T.);
#2467 = ORIENTED_EDGE('',*,*,#2468,.F.);
#2468 = EDGE_CURVE('',#248,#1266,#2469,.T.);
#2469 = LINE('',#2470,#2471);
#2470 = CARTESIAN_POINT('',(62.,-24.5,0.));
#2471 = VECTOR('',#2472,1.);
#2472 = DIRECTION('',(0.,0.,1.));
#2473 = ORIENTED_EDGE('',*,*,#255,.F.);
#2474 = PLANE('',#2475);
#2475 = AXIS2_PLACEMENT_3D('',#2476,#2477,#2478);
#2476 = CARTESIAN_POINT('',(62.,23.5,0.));
#2477 = DIRECTION('',(1.,0.,-0.));
#2478 = DIRECTION('',(0.,-1.,0.));
#2479 = ADVANCED_FACE('',(#2480),#2491,.T.);
#2480 = FACE_BOUND('',#2481,.T.);
#2481 = EDGE_LOOP('',(#2482,#2488,#2489,#2490));
#2482 = ORIENTED_EDGE('',*,*,#2483,.T.);
#2483 = EDGE_CURVE('',#216,#1234,#2484,.T.);
#2484 = LINE('',#2485,#2486);
#2485 = CARTESIAN_POINT('',(62.,-37.5,0.));
#2486 = VECTOR('',#2487,1.);
#2487 = DIRECTION('',(0.,0.,1.));
#2488 = ORIENTED_EDGE('',*,*,#1233,.T.);
#2489 = ORIENTED_EDGE('',*,*,#2449,.F.);
#2490 = ORIENTED_EDGE('',*,*,#215,.F.);
#2491 = PLANE('',#2492);
#2492 = AXIS2_PLACEMENT_3D('',#2493,#2494,#2495);
#2493 = CARTESIAN_POINT('',(62.,-37.5,0.));
#2494 = DIRECTION('',(0.,-1.,0.));
#2495 = DIRECTION('',(-1.,0.,0.));
#2496 = ADVANCED_FACE('',(#2497),#2508,.T.);
#2497 = FACE_BOUND('',#2498,.T.);
#2498 = EDGE_LOOP('',(#2499,#2500,#2501,#2507));
#2499 = ORIENTED_EDGE('',*,*,#2468,.T.);
#2500 = ORIENTED_EDGE('',*,*,#1265,.T.);
#2501 = ORIENTED_EDGE('',*,*,#2502,.F.);
#2502 = EDGE_CURVE('',#240,#1258,#2503,.T.);
#2503 = LINE('',#2504,#2505);
#2504 = CARTESIAN_POINT('',(57.,-24.5,0.));
#2505 = VECTOR('',#2506,1.);
#2506 = DIRECTION('',(0.,0.,1.));
#2507 = ORIENTED_EDGE('',*,*,#247,.F.);
#2508 = PLANE('',#2509);
#2509 = AXIS2_PLACEMENT_3D('',#2510,#2511,#2512);
#2510 = CARTESIAN_POINT('',(62.,-24.5,0.));
#2511 = DIRECTION('',(0.,-1.,0.));
#2512 = DIRECTION('',(-1.,0.,0.));
#2513 = ADVANCED_FACE('',(#2514),#2525,.T.);
#2514 = FACE_BOUND('',#2515,.T.);
#2515 = EDGE_LOOP('',(#2516,#2522,#2523,#2524));
#2516 = ORIENTED_EDGE('',*,*,#2517,.T.);
#2517 = EDGE_CURVE('',#224,#1242,#2518,.T.);
#2518 = LINE('',#2519,#2520);
#2519 = CARTESIAN_POINT('',(62.,-29.5,0.));
#2520 = VECTOR('',#2521,1.);
#2521 = DIRECTION('',(0.,0.,1.));
#2522 = ORIENTED_EDGE('',*,*,#1241,.T.);
#2523 = ORIENTED_EDGE('',*,*,#2483,.F.);
#2524 = ORIENTED_EDGE('',*,*,#223,.F.);
#2525 = PLANE('',#2526);
#2526 = AXIS2_PLACEMENT_3D('',#2527,#2528,#2529);
#2527 = CARTESIAN_POINT('',(62.,-29.5,0.));
#2528 = DIRECTION('',(1.,0.,-0.));
#2529 = DIRECTION('',(0.,-1.,0.));
#2530 = ADVANCED_FACE('',(#2531),#2542,.T.);
#2531 = FACE_BOUND('',#2532,.T.);
#2532 = EDGE_LOOP('',(#2533,#2534,#2535,#2541));
#2533 = ORIENTED_EDGE('',*,*,#2502,.T.);
#2534 = ORIENTED_EDGE('',*,*,#1257,.T.);
#2535 = ORIENTED_EDGE('',*,*,#2536,.F.);
#2536 = EDGE_CURVE('',#232,#1250,#2537,.T.);
#2537 = LINE('',#2538,#2539);
#2538 = CARTESIAN_POINT('',(57.,-29.5,0.));
#2539 = VECTOR('',#2540,1.);
#2540 = DIRECTION('',(0.,0.,1.));
#2541 = ORIENTED_EDGE('',*,*,#239,.F.);
#2542 = PLANE('',#2543);
#2543 = AXIS2_PLACEMENT_3D('',#2544,#2545,#2546);
#2544 = CARTESIAN_POINT('',(57.,-24.5,0.));
#2545 = DIRECTION('',(1.,0.,-0.));
#2546 = DIRECTION('',(0.,-1.,0.));
#2547 = ADVANCED_FACE('',(#2548),#2554,.T.);
#2548 = FACE_BOUND('',#2549,.T.);
#2549 = EDGE_LOOP('',(#2550,#2551,#2552,#2553));
#2550 = ORIENTED_EDGE('',*,*,#2536,.T.);
#2551 = ORIENTED_EDGE('',*,*,#1249,.T.);
#2552 = ORIENTED_EDGE('',*,*,#2517,.F.);
#2553 = ORIENTED_EDGE('',*,*,#231,.F.);
#2554 = PLANE('',#2555);
#2555 = AXIS2_PLACEMENT_3D('',#2556,#2557,#2558);
#2556 = CARTESIAN_POINT('',(57.,-29.5,0.));
#2557 = DIRECTION('',(0.,1.,0.));
#2558 = DIRECTION('',(1.,0.,0.));
#2559 = ADVANCED_FACE('',(#2560),#2571,.F.);
#2560 = FACE_BOUND('',#2561,.T.);
#2561 = EDGE_LOOP('',(#2562,#2563,#2569,#2570));
#2562 = ORIENTED_EDGE('',*,*,#328,.T.);
#2563 = ORIENTED_EDGE('',*,*,#2564,.T.);
#2564 = EDGE_CURVE('',#329,#1347,#2565,.T.);
#2565 = LINE('',#2566,#2567);
#2566 = CARTESIAN_POINT('',(27.516612,-47.678714,-4.6E-02));
#2567 = VECTOR('',#2568,1.);
#2568 = DIRECTION('',(0.,0.,1.));
#2569 = ORIENTED_EDGE('',*,*,#1346,.F.);
#2570 = ORIENTED_EDGE('',*,*,#2564,.F.);
#2571 = CYLINDRICAL_SURFACE('',#2572,1.5);
#2572 = AXIS2_PLACEMENT_3D('',#2573,#2574,#2575);
#2573 = CARTESIAN_POINT('',(27.516612,-46.178714,-4.6E-02));
#2574 = DIRECTION('',(-0.,-0.,-1.));
#2575 = DIRECTION('',(-0.,-1.,0.));
#2576 = ADVANCED_FACE('',(#2577),#2588,.F.);
#2577 = FACE_BOUND('',#2578,.T.);
#2578 = EDGE_LOOP('',(#2579,#2580,#2586,#2587));
#2579 = ORIENTED_EDGE('',*,*,#339,.T.);
#2580 = ORIENTED_EDGE('',*,*,#2581,.T.);
#2581 = EDGE_CURVE('',#340,#1358,#2582,.T.);
#2582 = LINE('',#2583,#2584);
#2583 = CARTESIAN_POINT('',(24.380406,-44.913789,-4.6E-02));
#2584 = VECTOR('',#2585,1.);
#2585 = DIRECTION('',(0.,0.,1.));
#2586 = ORIENTED_EDGE('',*,*,#1357,.F.);
#2587 = ORIENTED_EDGE('',*,*,#2581,.F.);
#2588 = CYLINDRICAL_SURFACE('',#2589,0.8509);
#2589 = AXIS2_PLACEMENT_3D('',#2590,#2591,#2592);
#2590 = CARTESIAN_POINT('',(24.380406,-44.062889,-4.6E-02));
#2591 = DIRECTION('',(-0.,-0.,-1.));
#2592 = DIRECTION('',(-0.,-1.,0.));
#2593 = ADVANCED_FACE('',(#2594),#2605,.F.);
#2594 = FACE_BOUND('',#2595,.T.);
#2595 = EDGE_LOOP('',(#2596,#2597,#2603,#2604));
#2596 = ORIENTED_EDGE('',*,*,#350,.T.);
#2597 = ORIENTED_EDGE('',*,*,#2598,.T.);
#2598 = EDGE_CURVE('',#351,#1369,#2599,.T.);
#2599 = LINE('',#2600,#2601);
#2600 = CARTESIAN_POINT('',(28.032,-41.6645,-4.6E-02));
#2601 = VECTOR('',#2602,1.);
#2602 = DIRECTION('',(0.,0.,1.));
#2603 = ORIENTED_EDGE('',*,*,#1368,.F.);
#2604 = ORIENTED_EDGE('',*,*,#2598,.F.);
#2605 = CYLINDRICAL_SURFACE('',#2606,1.7145);
#2606 = AXIS2_PLACEMENT_3D('',#2607,#2608,#2609);
#2607 = CARTESIAN_POINT('',(28.032,-39.95,-4.6E-02));
#2608 = DIRECTION('',(-0.,-0.,-1.));
#2609 = DIRECTION('',(-0.,-1.,0.));
#2610 = ADVANCED_FACE('',(#2611),#2622,.F.);
#2611 = FACE_BOUND('',#2612,.T.);
#2612 = EDGE_LOOP('',(#2613,#2614,#2620,#2621));
#2613 = ORIENTED_EDGE('',*,*,#361,.T.);
#2614 = ORIENTED_EDGE('',*,*,#2615,.T.);
#2615 = EDGE_CURVE('',#362,#1380,#2616,.T.);
#2616 = LINE('',#2617,#2618);
#2617 = CARTESIAN_POINT('',(14.810412,-36.380214,-4.6E-02));
#2618 = VECTOR('',#2619,1.);
#2619 = DIRECTION('',(0.,0.,1.));
#2620 = ORIENTED_EDGE('',*,*,#1379,.F.);
#2621 = ORIENTED_EDGE('',*,*,#2615,.F.);
#2622 = CYLINDRICAL_SURFACE('',#2623,1.5);
#2623 = AXIS2_PLACEMENT_3D('',#2624,#2625,#2626);
#2624 = CARTESIAN_POINT('',(14.810412,-34.880214,-4.6E-02));
#2625 = DIRECTION('',(-0.,-0.,-1.));
#2626 = DIRECTION('',(-0.,-1.,0.));
#2627 = ADVANCED_FACE('',(#2628),#2639,.F.);
#2628 = FACE_BOUND('',#2629,.T.);
#2629 = EDGE_LOOP('',(#2630,#2631,#2637,#2638));
#2630 = ORIENTED_EDGE('',*,*,#372,.T.);
#2631 = ORIENTED_EDGE('',*,*,#2632,.T.);
#2632 = EDGE_CURVE('',#373,#1391,#2633,.T.);
#2633 = LINE('',#2634,#2635);
#2634 = CARTESIAN_POINT('',(11.674206,-33.615289,-4.6E-02));
#2635 = VECTOR('',#2636,1.);
#2636 = DIRECTION('',(0.,0.,1.));
#2637 = ORIENTED_EDGE('',*,*,#1390,.F.);
#2638 = ORIENTED_EDGE('',*,*,#2632,.F.);
#2639 = CYLINDRICAL_SURFACE('',#2640,0.8509);
#2640 = AXIS2_PLACEMENT_3D('',#2641,#2642,#2643);
#2641 = CARTESIAN_POINT('',(11.674206,-32.764389,-4.6E-02));
#2642 = DIRECTION('',(-0.,-0.,-1.));
#2643 = DIRECTION('',(-0.,-1.,0.));
#2644 = ADVANCED_FACE('',(#2645),#2656,.F.);
#2645 = FACE_BOUND('',#2646,.T.);
#2646 = EDGE_LOOP('',(#2647,#2648,#2654,#2655));
#2647 = ORIENTED_EDGE('',*,*,#383,.T.);
#2648 = ORIENTED_EDGE('',*,*,#2649,.T.);
#2649 = EDGE_CURVE('',#384,#1402,#2650,.T.);
#2650 = LINE('',#2651,#2652);
#2651 = CARTESIAN_POINT('',(19.775199,-34.101861,-4.6E-02));
#2652 = VECTOR('',#2653,1.);
#2653 = DIRECTION('',(0.,0.,1.));
#2654 = ORIENTED_EDGE('',*,*,#1401,.F.);
#2655 = ORIENTED_EDGE('',*,*,#2649,.F.);
#2656 = CYLINDRICAL_SURFACE('',#2657,1.5);
#2657 = AXIS2_PLACEMENT_3D('',#2658,#2659,#2660);
#2658 = CARTESIAN_POINT('',(19.775199,-32.601861,-4.6E-02));
#2659 = DIRECTION('',(-0.,-0.,-1.));
#2660 = DIRECTION('',(-0.,-1.,0.));
#2661 = ADVANCED_FACE('',(#2662),#2673,.F.);
#2662 = FACE_BOUND('',#2663,.T.);
#2663 = EDGE_LOOP('',(#2664,#2665,#2671,#2672));
#2664 = ORIENTED_EDGE('',*,*,#394,.T.);
#2665 = ORIENTED_EDGE('',*,*,#2666,.T.);
#2666 = EDGE_CURVE('',#395,#1413,#2667,.T.);
#2667 = LINE('',#2668,#2669);
#2668 = CARTESIAN_POINT('',(28.356943,-33.753304,-4.6E-02));
#2669 = VECTOR('',#2670,1.);
#2670 = DIRECTION('',(0.,0.,1.));
#2671 = ORIENTED_EDGE('',*,*,#1412,.F.);
#2672 = ORIENTED_EDGE('',*,*,#2666,.F.);
#2673 = CYLINDRICAL_SURFACE('',#2674,0.4953);
#2674 = AXIS2_PLACEMENT_3D('',#2675,#2676,#2677);
#2675 = CARTESIAN_POINT('',(28.356943,-33.258004,-4.6E-02));
#2676 = DIRECTION('',(-0.,-0.,-1.));
#2677 = DIRECTION('',(-0.,-1.,0.));
#2678 = ADVANCED_FACE('',(#2679),#2690,.F.);
#2679 = FACE_BOUND('',#2680,.T.);
#2680 = EDGE_LOOP('',(#2681,#2682,#2688,#2689));
#2681 = ORIENTED_EDGE('',*,*,#405,.T.);
#2682 = ORIENTED_EDGE('',*,*,#2683,.T.);
#2683 = EDGE_CURVE('',#406,#1424,#2684,.T.);
#2684 = LINE('',#2685,#2686);
#2685 = CARTESIAN_POINT('',(15.3258,-30.366,-4.6E-02));
#2686 = VECTOR('',#2687,1.);
#2687 = DIRECTION('',(0.,0.,1.));
#2688 = ORIENTED_EDGE('',*,*,#1423,.F.);
#2689 = ORIENTED_EDGE('',*,*,#2683,.F.);
#2690 = CYLINDRICAL_SURFACE('',#2691,1.7145);
#2691 = AXIS2_PLACEMENT_3D('',#2692,#2693,#2694);
#2692 = CARTESIAN_POINT('',(15.3258,-28.6515,-4.6E-02));
#2693 = DIRECTION('',(-0.,-0.,-1.));
#2694 = DIRECTION('',(-0.,-1.,0.));
#2695 = ADVANCED_FACE('',(#2696),#2707,.F.);
#2696 = FACE_BOUND('',#2697,.T.);
#2697 = EDGE_LOOP('',(#2698,#2699,#2705,#2706));
#2698 = ORIENTED_EDGE('',*,*,#416,.T.);
#2699 = ORIENTED_EDGE('',*,*,#2700,.T.);
#2700 = EDGE_CURVE('',#417,#1435,#2701,.T.);
#2701 = LINE('',#2702,#2703);
#2702 = CARTESIAN_POINT('',(18.977394,-25.389511,-4.6E-02));
#2703 = VECTOR('',#2704,1.);
#2704 = DIRECTION('',(0.,0.,1.));
#2705 = ORIENTED_EDGE('',*,*,#1434,.F.);
#2706 = ORIENTED_EDGE('',*,*,#2700,.F.);
#2707 = CYLINDRICAL_SURFACE('',#2708,0.8509);
#2708 = AXIS2_PLACEMENT_3D('',#2709,#2710,#2711);
#2709 = CARTESIAN_POINT('',(18.977394,-24.538611,-4.6E-02));
#2710 = DIRECTION('',(-0.,-0.,-1.));
#2711 = DIRECTION('',(-0.,-1.,0.));
#2712 = ADVANCED_FACE('',(#2713),#2724,.F.);
#2713 = FACE_BOUND('',#2714,.T.);
#2714 = EDGE_LOOP('',(#2715,#2716,#2722,#2723));
#2715 = ORIENTED_EDGE('',*,*,#427,.T.);
#2716 = ORIENTED_EDGE('',*,*,#2717,.T.);
#2717 = EDGE_CURVE('',#428,#1446,#2718,.T.);
#2718 = LINE('',#2719,#2720);
#2719 = CARTESIAN_POINT('',(32.481399,-45.400361,-4.6E-02));
#2720 = VECTOR('',#2721,1.);
#2721 = DIRECTION('',(0.,0.,1.));
#2722 = ORIENTED_EDGE('',*,*,#1445,.F.);
#2723 = ORIENTED_EDGE('',*,*,#2717,.F.);
#2724 = CYLINDRICAL_SURFACE('',#2725,1.5);
#2725 = AXIS2_PLACEMENT_3D('',#2726,#2727,#2728);
#2726 = CARTESIAN_POINT('',(32.481399,-43.900361,-4.6E-02));
#2727 = DIRECTION('',(-0.,-0.,-1.));
#2728 = DIRECTION('',(-0.,-1.,0.));
#2729 = ADVANCED_FACE('',(#2730),#2741,.F.);
#2730 = FACE_BOUND('',#2731,.T.);
#2731 = EDGE_LOOP('',(#2732,#2733,#2739,#2740));
#2732 = ORIENTED_EDGE('',*,*,#438,.T.);
#2733 = ORIENTED_EDGE('',*,*,#2734,.T.);
#2734 = EDGE_CURVE('',#439,#1457,#2735,.T.);
#2735 = LINE('',#2736,#2737);
#2736 = CARTESIAN_POINT('',(31.683594,-36.688011,-4.6E-02));
#2737 = VECTOR('',#2738,1.);
#2738 = DIRECTION('',(0.,0.,1.));
#2739 = ORIENTED_EDGE('',*,*,#1456,.F.);
#2740 = ORIENTED_EDGE('',*,*,#2734,.F.);
#2741 = CYLINDRICAL_SURFACE('',#2742,0.8509);
#2742 = AXIS2_PLACEMENT_3D('',#2743,#2744,#2745);
#2743 = CARTESIAN_POINT('',(31.683594,-35.837111,-4.6E-02));
#2744 = DIRECTION('',(-0.,-0.,-1.));
#2745 = DIRECTION('',(-0.,-1.,0.));
#2746 = ADVANCED_FACE('',(#2747),#2758,.F.);
#2747 = FACE_BOUND('',#2748,.T.);
#2748 = EDGE_LOOP('',(#2749,#2750,#2756,#2757));
#2749 = ORIENTED_EDGE('',*,*,#449,.T.);
#2750 = ORIENTED_EDGE('',*,*,#2751,.T.);
#2751 = EDGE_CURVE('',#450,#1468,#2752,.T.);
#2752 = LINE('',#2753,#2754);
#2753 = CARTESIAN_POINT('',(45.16,-31.77,-4.6E-02));
#2754 = VECTOR('',#2755,1.);
#2755 = DIRECTION('',(0.,0.,1.));
#2756 = ORIENTED_EDGE('',*,*,#1467,.F.);
#2757 = ORIENTED_EDGE('',*,*,#2751,.F.);
#2758 = CYLINDRICAL_SURFACE('',#2759,0.38);
#2759 = AXIS2_PLACEMENT_3D('',#2760,#2761,#2762);
#2760 = CARTESIAN_POINT('',(45.16,-31.39,-4.6E-02));
#2761 = DIRECTION('',(-0.,-0.,-1.));
#2762 = DIRECTION('',(-0.,-1.,0.));
#2763 = ADVANCED_FACE('',(#2764),#2775,.F.);
#2764 = FACE_BOUND('',#2765,.T.);
#2765 = EDGE_LOOP('',(#2766,#2767,#2773,#2774));
#2766 = ORIENTED_EDGE('',*,*,#460,.T.);
#2767 = ORIENTED_EDGE('',*,*,#2768,.T.);
#2768 = EDGE_CURVE('',#461,#1479,#2769,.T.);
#2769 = LINE('',#2770,#2771);
#2770 = CARTESIAN_POINT('',(47.7,-30.5,-4.6E-02));
#2771 = VECTOR('',#2772,1.);
#2772 = DIRECTION('',(0.,0.,1.));
#2773 = ORIENTED_EDGE('',*,*,#1478,.F.);
#2774 = ORIENTED_EDGE('',*,*,#2768,.F.);
#2775 = CYLINDRICAL_SURFACE('',#2776,0.38);
#2776 = AXIS2_PLACEMENT_3D('',#2777,#2778,#2779);
#2777 = CARTESIAN_POINT('',(47.7,-30.12,-4.6E-02));
#2778 = DIRECTION('',(-0.,-0.,-1.));
#2779 = DIRECTION('',(-0.,-1.,0.));
#2780 = ADVANCED_FACE('',(#2781),#2792,.F.);
#2781 = FACE_BOUND('',#2782,.T.);
#2782 = EDGE_LOOP('',(#2783,#2784,#2790,#2791));
#2783 = ORIENTED_EDGE('',*,*,#471,.T.);
#2784 = ORIENTED_EDGE('',*,*,#2785,.T.);
#2785 = EDGE_CURVE('',#472,#1490,#2786,.T.);
#2786 = LINE('',#2787,#2788);
#2787 = CARTESIAN_POINT('',(54.05,-34.26,-4.6E-02));
#2788 = VECTOR('',#2789,1.);
#2789 = DIRECTION('',(0.,0.,1.));
#2790 = ORIENTED_EDGE('',*,*,#1489,.F.);
#2791 = ORIENTED_EDGE('',*,*,#2785,.F.);
#2792 = CYLINDRICAL_SURFACE('',#2793,1.6);
#2793 = AXIS2_PLACEMENT_3D('',#2794,#2795,#2796);
#2794 = CARTESIAN_POINT('',(54.05,-32.66,-4.6E-02));
#2795 = DIRECTION('',(-0.,-0.,-1.));
#2796 = DIRECTION('',(-0.,-1.,0.));
#2797 = ADVANCED_FACE('',(#2798),#2809,.F.);
#2798 = FACE_BOUND('',#2799,.T.);
#2799 = EDGE_LOOP('',(#2800,#2801,#2807,#2808));
#2800 = ORIENTED_EDGE('',*,*,#482,.T.);
#2801 = ORIENTED_EDGE('',*,*,#2802,.T.);
#2802 = EDGE_CURVE('',#483,#1501,#2803,.T.);
#2803 = LINE('',#2804,#2805);
#2804 = CARTESIAN_POINT('',(45.16,-29.23,-4.6E-02));
#2805 = VECTOR('',#2806,1.);
#2806 = DIRECTION('',(0.,0.,1.));
#2807 = ORIENTED_EDGE('',*,*,#1500,.F.);
#2808 = ORIENTED_EDGE('',*,*,#2802,.F.);
#2809 = CYLINDRICAL_SURFACE('',#2810,0.38);
#2810 = AXIS2_PLACEMENT_3D('',#2811,#2812,#2813);
#2811 = CARTESIAN_POINT('',(45.16,-28.85,-4.6E-02));
#2812 = DIRECTION('',(-0.,-0.,-1.));
#2813 = DIRECTION('',(-0.,-1.,0.));
#2814 = ADVANCED_FACE('',(#2815),#2826,.F.);
#2815 = FACE_BOUND('',#2816,.T.);
#2816 = EDGE_LOOP('',(#2817,#2818,#2824,#2825));
#2817 = ORIENTED_EDGE('',*,*,#493,.T.);
#2818 = ORIENTED_EDGE('',*,*,#2819,.T.);
#2819 = EDGE_CURVE('',#494,#1512,#2820,.T.);
#2820 = LINE('',#2821,#2822);
#2821 = CARTESIAN_POINT('',(47.7,-27.96,-4.6E-02));
#2822 = VECTOR('',#2823,1.);
#2823 = DIRECTION('',(0.,0.,1.));
#2824 = ORIENTED_EDGE('',*,*,#1511,.F.);
#2825 = ORIENTED_EDGE('',*,*,#2819,.F.);
#2826 = CYLINDRICAL_SURFACE('',#2827,0.38);
#2827 = AXIS2_PLACEMENT_3D('',#2828,#2829,#2830);
#2828 = CARTESIAN_POINT('',(47.7,-27.58,-4.6E-02));
#2829 = DIRECTION('',(-0.,-0.,-1.));
#2830 = DIRECTION('',(-0.,-1.,0.));
#2831 = ADVANCED_FACE('',(#2832),#2843,.F.);
#2832 = FACE_BOUND('',#2833,.T.);
#2833 = EDGE_LOOP('',(#2834,#2835,#2841,#2842));
#2834 = ORIENTED_EDGE('',*,*,#504,.T.);
#2835 = ORIENTED_EDGE('',*,*,#2836,.T.);
#2836 = EDGE_CURVE('',#505,#1523,#2837,.T.);
#2837 = LINE('',#2838,#2839);
#2838 = CARTESIAN_POINT('',(45.16,-26.69,-4.6E-02));
#2839 = VECTOR('',#2840,1.);
#2840 = DIRECTION('',(0.,0.,1.));
#2841 = ORIENTED_EDGE('',*,*,#1522,.F.);
#2842 = ORIENTED_EDGE('',*,*,#2836,.F.);
#2843 = CYLINDRICAL_SURFACE('',#2844,0.38);
#2844 = AXIS2_PLACEMENT_3D('',#2845,#2846,#2847);
#2845 = CARTESIAN_POINT('',(45.16,-26.31,-4.6E-02));
#2846 = DIRECTION('',(-0.,-0.,-1.));
#2847 = DIRECTION('',(-0.,-1.,0.));
#2848 = ADVANCED_FACE('',(#2849),#2860,.F.);
#2849 = FACE_BOUND('',#2850,.T.);
#2850 = EDGE_LOOP('',(#2851,#2852,#2858,#2859));
#2851 = ORIENTED_EDGE('',*,*,#515,.T.);
#2852 = ORIENTED_EDGE('',*,*,#2853,.T.);
#2853 = EDGE_CURVE('',#516,#1534,#2854,.T.);
#2854 = LINE('',#2855,#2856);
#2855 = CARTESIAN_POINT('',(47.7,-25.42,-4.6E-02));
#2856 = VECTOR('',#2857,1.);
#2857 = DIRECTION('',(0.,0.,1.));
#2858 = ORIENTED_EDGE('',*,*,#1533,.F.);
#2859 = ORIENTED_EDGE('',*,*,#2853,.F.);
#2860 = CYLINDRICAL_SURFACE('',#2861,0.38);
#2861 = AXIS2_PLACEMENT_3D('',#2862,#2863,#2864);
#2862 = CARTESIAN_POINT('',(47.7,-25.04,-4.6E-02));
#2863 = DIRECTION('',(-0.,-0.,-1.));
#2864 = DIRECTION('',(-0.,-1.,0.));
#2865 = ADVANCED_FACE('',(#2866),#2877,.F.);
#2866 = FACE_BOUND('',#2867,.T.);
#2867 = EDGE_LOOP('',(#2868,#2869,#2875,#2876));
#2868 = ORIENTED_EDGE('',*,*,#526,.T.);
#2869 = ORIENTED_EDGE('',*,*,#2870,.T.);
#2870 = EDGE_CURVE('',#527,#1545,#2871,.T.);
#2871 = LINE('',#2872,#2873);
#2872 = CARTESIAN_POINT('',(15.650743,-22.454804,-4.6E-02));
#2873 = VECTOR('',#2874,1.);
#2874 = DIRECTION('',(0.,0.,1.));
#2875 = ORIENTED_EDGE('',*,*,#1544,.F.);
#2876 = ORIENTED_EDGE('',*,*,#2870,.F.);
#2877 = CYLINDRICAL_SURFACE('',#2878,0.4953);
#2878 = AXIS2_PLACEMENT_3D('',#2879,#2880,#2881);
#2879 = CARTESIAN_POINT('',(15.650743,-21.959504,-4.6E-02));
#2880 = DIRECTION('',(-0.,0.,-1.));
#2881 = DIRECTION('',(3.58642608399E-15,-1.,-0.));
#2882 = ADVANCED_FACE('',(#2883),#2894,.F.);
#2883 = FACE_BOUND('',#2884,.T.);
#2884 = EDGE_LOOP('',(#2885,#2886,#2892,#2893));
#2885 = ORIENTED_EDGE('',*,*,#537,.T.);
#2886 = ORIENTED_EDGE('',*,*,#2887,.T.);
#2887 = EDGE_CURVE('',#538,#1556,#2888,.T.);
#2888 = LINE('',#2889,#2890);
#2889 = CARTESIAN_POINT('',(29.,-24.6,-4.6E-02));
#2890 = VECTOR('',#2891,1.);
#2891 = DIRECTION('',(0.,0.,1.));
#2892 = ORIENTED_EDGE('',*,*,#1555,.F.);
#2893 = ORIENTED_EDGE('',*,*,#2887,.F.);
#2894 = CYLINDRICAL_SURFACE('',#2895,1.1);
#2895 = AXIS2_PLACEMENT_3D('',#2896,#2897,#2898);
#2896 = CARTESIAN_POINT('',(29.,-23.5,-4.6E-02));
#2897 = DIRECTION('',(-0.,-0.,-1.));
#2898 = DIRECTION('',(-0.,-1.,0.));
#2899 = ADVANCED_FACE('',(#2900),#2911,.F.);
#2900 = FACE_BOUND('',#2901,.T.);
#2901 = EDGE_LOOP('',(#2902,#2903,#2909,#2910));
#2902 = ORIENTED_EDGE('',*,*,#548,.T.);
#2903 = ORIENTED_EDGE('',*,*,#2904,.T.);
#2904 = EDGE_CURVE('',#549,#1567,#2905,.T.);
#2905 = LINE('',#2906,#2907);
#2906 = CARTESIAN_POINT('',(45.16,-24.15,-4.6E-02));
#2907 = VECTOR('',#2908,1.);
#2908 = DIRECTION('',(0.,0.,1.));
#2909 = ORIENTED_EDGE('',*,*,#1566,.F.);
#2910 = ORIENTED_EDGE('',*,*,#2904,.F.);
#2911 = CYLINDRICAL_SURFACE('',#2912,0.38);
#2912 = AXIS2_PLACEMENT_3D('',#2913,#2914,#2915);
#2913 = CARTESIAN_POINT('',(45.16,-23.77,-4.6E-02));
#2914 = DIRECTION('',(-0.,-0.,-1.));
#2915 = DIRECTION('',(-0.,-1.,0.));
#2916 = ADVANCED_FACE('',(#2917),#2928,.F.);
#2917 = FACE_BOUND('',#2918,.T.);
#2918 = EDGE_LOOP('',(#2919,#2920,#2926,#2927));
#2919 = ORIENTED_EDGE('',*,*,#559,.T.);
#2920 = ORIENTED_EDGE('',*,*,#2921,.T.);
#2921 = EDGE_CURVE('',#560,#1578,#2922,.T.);
#2922 = LINE('',#2923,#2924);
#2923 = CARTESIAN_POINT('',(47.7,-22.88,-4.6E-02));
#2924 = VECTOR('',#2925,1.);
#2925 = DIRECTION('',(0.,0.,1.));
#2926 = ORIENTED_EDGE('',*,*,#1577,.F.);
#2927 = ORIENTED_EDGE('',*,*,#2921,.F.);
#2928 = CYLINDRICAL_SURFACE('',#2929,0.38);
#2929 = AXIS2_PLACEMENT_3D('',#2930,#2931,#2932);
#2930 = CARTESIAN_POINT('',(47.7,-22.5,-4.6E-02));
#2931 = DIRECTION('',(-0.,-0.,-1.));
#2932 = DIRECTION('',(-0.,-1.,0.));
#2933 = ADVANCED_FACE('',(#2934),#2945,.F.);
#2934 = FACE_BOUND('',#2935,.T.);
#2935 = EDGE_LOOP('',(#2936,#2937,#2943,#2944));
#2936 = ORIENTED_EDGE('',*,*,#570,.T.);
#2937 = ORIENTED_EDGE('',*,*,#2938,.T.);
#2938 = EDGE_CURVE('',#571,#1589,#2939,.T.);
#2939 = LINE('',#2940,#2941);
#2940 = CARTESIAN_POINT('',(54.05,-22.83,-4.6E-02));
#2941 = VECTOR('',#2942,1.);
#2942 = DIRECTION('',(0.,0.,1.));
#2943 = ORIENTED_EDGE('',*,*,#1588,.F.);
#2944 = ORIENTED_EDGE('',*,*,#2938,.F.);
#2945 = CYLINDRICAL_SURFACE('',#2946,1.6);
#2946 = AXIS2_PLACEMENT_3D('',#2947,#2948,#2949);
#2947 = CARTESIAN_POINT('',(54.05,-21.23,-4.6E-02));
#2948 = DIRECTION('',(-0.,-0.,-1.));
#2949 = DIRECTION('',(-0.,-1.,0.));
#2950 = ADVANCED_FACE('',(#2951),#2962,.F.);
#2951 = FACE_BOUND('',#2952,.T.);
#2952 = EDGE_LOOP('',(#2953,#2954,#2960,#2961));
#2953 = ORIENTED_EDGE('',*,*,#581,.T.);
#2954 = ORIENTED_EDGE('',*,*,#2955,.T.);
#2955 = EDGE_CURVE('',#582,#1600,#2956,.T.);
#2956 = LINE('',#2957,#2958);
#2957 = CARTESIAN_POINT('',(47.295,-18.05745,-4.6E-02));
#2958 = VECTOR('',#2959,1.);
#2959 = DIRECTION('',(0.,0.,1.));
#2960 = ORIENTED_EDGE('',*,*,#1599,.F.);
#2961 = ORIENTED_EDGE('',*,*,#2955,.F.);
#2962 = CYLINDRICAL_SURFACE('',#2963,1.18745);
#2963 = AXIS2_PLACEMENT_3D('',#2964,#2965,#2966);
#2964 = CARTESIAN_POINT('',(47.295,-16.87,-4.6E-02));
#2965 = DIRECTION('',(-0.,-0.,-1.));
#2966 = DIRECTION('',(-0.,-1.,0.));
#2967 = ADVANCED_FACE('',(#2968),#2979,.F.);
#2968 = FACE_BOUND('',#2969,.T.);
#2969 = EDGE_LOOP('',(#2970,#2971,#2977,#2978));
#2970 = ORIENTED_EDGE('',*,*,#592,.T.);
#2971 = ORIENTED_EDGE('',*,*,#2972,.T.);
#2972 = EDGE_CURVE('',#593,#1611,#2973,.T.);
#2973 = LINE('',#2974,#2975);
#2974 = CARTESIAN_POINT('',(47.295,-14.8253,-4.6E-02));
#2975 = VECTOR('',#2976,1.);
#2976 = DIRECTION('',(0.,0.,1.));
#2977 = ORIENTED_EDGE('',*,*,#1610,.F.);
#2978 = ORIENTED_EDGE('',*,*,#2972,.F.);
#2979 = CYLINDRICAL_SURFACE('',#2980,0.4953);
#2980 = AXIS2_PLACEMENT_3D('',#2981,#2982,#2983);
#2981 = CARTESIAN_POINT('',(47.295,-14.33,-4.6E-02));
#2982 = DIRECTION('',(-0.,-0.,-1.));
#2983 = DIRECTION('',(-0.,-1.,0.));
#2984 = ADVANCED_FACE('',(#2985),#2996,.F.);
#2985 = FACE_BOUND('',#2986,.T.);
#2986 = EDGE_LOOP('',(#2987,#2988,#2994,#2995));
#2987 = ORIENTED_EDGE('',*,*,#603,.T.);
#2988 = ORIENTED_EDGE('',*,*,#2989,.T.);
#2989 = EDGE_CURVE('',#604,#1622,#2990,.T.);
#2990 = LINE('',#2991,#2992);
#2991 = CARTESIAN_POINT('',(50.47,-18.05745,-4.6E-02));
#2992 = VECTOR('',#2993,1.);
#2993 = DIRECTION('',(0.,0.,1.));
#2994 = ORIENTED_EDGE('',*,*,#1621,.F.);
#2995 = ORIENTED_EDGE('',*,*,#2989,.F.);
#2996 = CYLINDRICAL_SURFACE('',#2997,1.18745);
#2997 = AXIS2_PLACEMENT_3D('',#2998,#2999,#3000);
#2998 = CARTESIAN_POINT('',(50.47,-16.87,-4.6E-02));
#2999 = DIRECTION('',(-0.,-0.,-1.));
#3000 = DIRECTION('',(-0.,-1.,0.));
#3001 = ADVANCED_FACE('',(#3002),#3013,.F.);
#3002 = FACE_BOUND('',#3003,.T.);
#3003 = EDGE_LOOP('',(#3004,#3005,#3011,#3012));
#3004 = ORIENTED_EDGE('',*,*,#614,.T.);
#3005 = ORIENTED_EDGE('',*,*,#3006,.T.);
#3006 = EDGE_CURVE('',#615,#1633,#3007,.T.);
#3007 = LINE('',#3008,#3009);
#3008 = CARTESIAN_POINT('',(52.375,-15.8413,-4.6E-02));
#3009 = VECTOR('',#3010,1.);
#3010 = DIRECTION('',(0.,0.,1.));
#3011 = ORIENTED_EDGE('',*,*,#1632,.F.);
#3012 = ORIENTED_EDGE('',*,*,#3006,.F.);
#3013 = CYLINDRICAL_SURFACE('',#3014,0.4953);
#3014 = AXIS2_PLACEMENT_3D('',#3015,#3016,#3017);
#3015 = CARTESIAN_POINT('',(52.375,-15.346,-4.6E-02));
#3016 = DIRECTION('',(-0.,-0.,-1.));
#3017 = DIRECTION('',(-0.,-1.,0.));
#3018 = ADVANCED_FACE('',(#3019),#3030,.F.);
#3019 = FACE_BOUND('',#3020,.T.);
#3020 = EDGE_LOOP('',(#3021,#3022,#3028,#3029));
#3021 = ORIENTED_EDGE('',*,*,#625,.T.);
#3022 = ORIENTED_EDGE('',*,*,#3023,.T.);
#3023 = EDGE_CURVE('',#626,#1644,#3024,.T.);
#3024 = LINE('',#3025,#3026);
#3025 = CARTESIAN_POINT('',(52.375,-13.8093,-4.6E-02));
#3026 = VECTOR('',#3027,1.);
#3027 = DIRECTION('',(0.,0.,1.));
#3028 = ORIENTED_EDGE('',*,*,#1643,.F.);
#3029 = ORIENTED_EDGE('',*,*,#3023,.F.);
#3030 = CYLINDRICAL_SURFACE('',#3031,0.4953);
#3031 = AXIS2_PLACEMENT_3D('',#3032,#3033,#3034);
#3032 = CARTESIAN_POINT('',(52.375,-13.314,-4.6E-02));
#3033 = DIRECTION('',(-0.,-0.,-1.));
#3034 = DIRECTION('',(-0.,-1.,0.));
#3035 = ADVANCED_FACE('',(#3036),#3047,.F.);
#3036 = FACE_BOUND('',#3037,.T.);
#3037 = EDGE_LOOP('',(#3038,#3039,#3045,#3046));
#3038 = ORIENTED_EDGE('',*,*,#636,.T.);
#3039 = ORIENTED_EDGE('',*,*,#3040,.T.);
#3040 = EDGE_CURVE('',#637,#1655,#3041,.T.);
#3041 = LINE('',#3042,#3043);
#3042 = CARTESIAN_POINT('',(47.295,-12.97745,-4.6E-02));
#3043 = VECTOR('',#3044,1.);
#3044 = DIRECTION('',(0.,0.,1.));
#3045 = ORIENTED_EDGE('',*,*,#1654,.F.);
#3046 = ORIENTED_EDGE('',*,*,#3040,.F.);
#3047 = CYLINDRICAL_SURFACE('',#3048,1.18745);
#3048 = AXIS2_PLACEMENT_3D('',#3049,#3050,#3051);
#3049 = CARTESIAN_POINT('',(47.295,-11.79,-4.6E-02));
#3050 = DIRECTION('',(-0.,-0.,-1.));
#3051 = DIRECTION('',(-0.,-1.,0.));
#3052 = ADVANCED_FACE('',(#3053),#3064,.F.);
#3053 = FACE_BOUND('',#3054,.T.);
#3054 = EDGE_LOOP('',(#3055,#3056,#3062,#3063));
#3055 = ORIENTED_EDGE('',*,*,#647,.T.);
#3056 = ORIENTED_EDGE('',*,*,#3057,.T.);
#3057 = EDGE_CURVE('',#648,#1666,#3058,.T.);
#3058 = LINE('',#3059,#3060);
#3059 = CARTESIAN_POINT('',(50.47,-12.97745,-4.6E-02));
#3060 = VECTOR('',#3061,1.);
#3061 = DIRECTION('',(0.,0.,1.));
#3062 = ORIENTED_EDGE('',*,*,#1665,.F.);
#3063 = ORIENTED_EDGE('',*,*,#3057,.F.);
#3064 = CYLINDRICAL_SURFACE('',#3065,1.18745);
#3065 = AXIS2_PLACEMENT_3D('',#3066,#3067,#3068);
#3066 = CARTESIAN_POINT('',(50.47,-11.79,-4.6E-02));
#3067 = DIRECTION('',(-0.,-0.,-1.));
#3068 = DIRECTION('',(-0.,-1.,0.));
#3069 = ADVANCED_FACE('',(#3070),#3081,.F.);
#3070 = FACE_BOUND('',#3071,.T.);
#3071 = EDGE_LOOP('',(#3072,#3073,#3079,#3080));
#3072 = ORIENTED_EDGE('',*,*,#658,.T.);
#3073 = ORIENTED_EDGE('',*,*,#3074,.T.);
#3074 = EDGE_CURVE('',#659,#1677,#3075,.T.);
#3075 = LINE('',#3076,#3077);
#3076 = CARTESIAN_POINT('',(-48.224992,14.486234,-4.6E-02));
#3077 = VECTOR('',#3078,1.);
#3078 = DIRECTION('',(0.,0.,1.));
#3079 = ORIENTED_EDGE('',*,*,#1676,.F.);
#3080 = ORIENTED_EDGE('',*,*,#3074,.F.);
#3081 = CYLINDRICAL_SURFACE('',#3082,1.5);
#3082 = AXIS2_PLACEMENT_3D('',#3083,#3084,#3085);
#3083 = CARTESIAN_POINT('',(-48.224992,15.986234,-4.6E-02));
#3084 = DIRECTION('',(-0.,-0.,-1.));
#3085 = DIRECTION('',(-0.,-1.,0.));
#3086 = ADVANCED_FACE('',(#3087),#3098,.F.);
#3087 = FACE_BOUND('',#3088,.T.);
#3088 = EDGE_LOOP('',(#3089,#3090,#3096,#3097));
#3089 = ORIENTED_EDGE('',*,*,#669,.T.);
#3090 = ORIENTED_EDGE('',*,*,#3091,.T.);
#3091 = EDGE_CURVE('',#670,#1688,#3092,.T.);
#3092 = LINE('',#3093,#3094);
#3093 = CARTESIAN_POINT('',(-51.673857,18.722427,-4.6E-02));
#3094 = VECTOR('',#3095,1.);
#3095 = DIRECTION('',(0.,0.,1.));
#3096 = ORIENTED_EDGE('',*,*,#1687,.F.);
#3097 = ORIENTED_EDGE('',*,*,#3091,.F.);
#3098 = CYLINDRICAL_SURFACE('',#3099,1.5);
#3099 = AXIS2_PLACEMENT_3D('',#3100,#3101,#3102);
#3100 = CARTESIAN_POINT('',(-51.673857,20.222427,-4.6E-02));
#3101 = DIRECTION('',(-0.,-0.,-1.));
#3102 = DIRECTION('',(-0.,-1.,0.));
#3103 = ADVANCED_FACE('',(#3104),#3115,.F.);
#3104 = FACE_BOUND('',#3105,.T.);
#3105 = EDGE_LOOP('',(#3106,#3107,#3113,#3114));
#3106 = ORIENTED_EDGE('',*,*,#680,.T.);
#3107 = ORIENTED_EDGE('',*,*,#3108,.T.);
#3108 = EDGE_CURVE('',#681,#1699,#3109,.T.);
#3109 = LINE('',#3110,#3111);
#3110 = CARTESIAN_POINT('',(-40.61833,17.926603,-4.6E-02));
#3111 = VECTOR('',#3112,1.);
#3112 = DIRECTION('',(0.,0.,1.));
#3113 = ORIENTED_EDGE('',*,*,#1698,.F.);
#3114 = ORIENTED_EDGE('',*,*,#3108,.F.);
#3115 = CYLINDRICAL_SURFACE('',#3116,0.8509);
#3116 = AXIS2_PLACEMENT_3D('',#3117,#3118,#3119);
#3117 = CARTESIAN_POINT('',(-40.61833,18.777503,-4.6E-02));
#3118 = DIRECTION('',(-0.,-0.,-1.));
#3119 = DIRECTION('',(-0.,-1.,0.));
#3120 = ADVANCED_FACE('',(#3121),#3132,.F.);
#3121 = FACE_BOUND('',#3122,.T.);
#3122 = EDGE_LOOP('',(#3123,#3124,#3130,#3131));
#3123 = ORIENTED_EDGE('',*,*,#691,.T.);
#3124 = ORIENTED_EDGE('',*,*,#3125,.T.);
#3125 = EDGE_CURVE('',#692,#1710,#3126,.T.);
#3126 = LINE('',#3127,#3128);
#3127 = CARTESIAN_POINT('',(-45.5145,19.5685,-4.6E-02));
#3128 = VECTOR('',#3129,1.);
#3129 = DIRECTION('',(0.,0.,1.));
#3130 = ORIENTED_EDGE('',*,*,#1709,.F.);
#3131 = ORIENTED_EDGE('',*,*,#3125,.F.);
#3132 = CYLINDRICAL_SURFACE('',#3133,1.7145);
#3133 = AXIS2_PLACEMENT_3D('',#3134,#3135,#3136);
#3134 = CARTESIAN_POINT('',(-45.5145,21.283,-4.6E-02));
#3135 = DIRECTION('',(-0.,-0.,-1.));
#3136 = DIRECTION('',(-0.,-1.,0.));
#3137 = ADVANCED_FACE('',(#3138),#3149,.F.);
#3138 = FACE_BOUND('',#3139,.T.);
#3139 = EDGE_LOOP('',(#3140,#3141,#3147,#3148));
#3140 = ORIENTED_EDGE('',*,*,#702,.T.);
#3141 = ORIENTED_EDGE('',*,*,#3142,.T.);
#3142 = EDGE_CURVE('',#703,#1721,#3143,.T.);
#3143 = LINE('',#3144,#3145);
#3144 = CARTESIAN_POINT('',(-38.954301,22.148648,-4.6E-02));
#3145 = VECTOR('',#3146,1.);
#3146 = DIRECTION('',(0.,0.,1.));
#3147 = ORIENTED_EDGE('',*,*,#1720,.F.);
#3148 = ORIENTED_EDGE('',*,*,#3142,.F.);
#3149 = CYLINDRICAL_SURFACE('',#3150,0.4953);
#3150 = AXIS2_PLACEMENT_3D('',#3151,#3152,#3153);
#3151 = CARTESIAN_POINT('',(-38.954301,22.643948,-4.6E-02));
#3152 = DIRECTION('',(-0.,-0.,-1.));
#3153 = DIRECTION('',(-0.,-1.,0.));
#3154 = ADVANCED_FACE('',(#3155),#3166,.F.);
#3155 = FACE_BOUND('',#3156,.T.);
#3156 = EDGE_LOOP('',(#3157,#3158,#3164,#3165));
#3157 = ORIENTED_EDGE('',*,*,#713,.T.);
#3158 = ORIENTED_EDGE('',*,*,#3159,.T.);
#3159 = EDGE_CURVE('',#714,#1732,#3160,.T.);
#3160 = LINE('',#3161,#3162);
#3161 = CARTESIAN_POINT('',(-29.347168,18.920472,-4.6E-02));
#3162 = VECTOR('',#3163,1.);
#3163 = DIRECTION('',(0.,0.,1.));
#3164 = ORIENTED_EDGE('',*,*,#1731,.F.);
#3165 = ORIENTED_EDGE('',*,*,#3159,.F.);
#3166 = CYLINDRICAL_SURFACE('',#3167,1.5);
#3167 = AXIS2_PLACEMENT_3D('',#3168,#3169,#3170);
#3168 = CARTESIAN_POINT('',(-29.347168,20.420472,-4.6E-02));
#3169 = DIRECTION('',(-0.,-0.,-1.));
#3170 = DIRECTION('',(-0.,-1.,0.));
#3171 = ADVANCED_FACE('',(#3172),#3183,.F.);
#3172 = FACE_BOUND('',#3173,.T.);
#3173 = EDGE_LOOP('',(#3174,#3175,#3181,#3182));
#3174 = ORIENTED_EDGE('',*,*,#724,.T.);
#3175 = ORIENTED_EDGE('',*,*,#3176,.T.);
#3176 = EDGE_CURVE('',#725,#1743,#3177,.T.);
#3177 = LINE('',#3178,#3179);
#3178 = CARTESIAN_POINT('',(-15.,8.4,-4.6E-02));
#3179 = VECTOR('',#3180,1.);
#3180 = DIRECTION('',(0.,0.,1.));
#3181 = ORIENTED_EDGE('',*,*,#1742,.F.);
#3182 = ORIENTED_EDGE('',*,*,#3176,.F.);
#3183 = CYLINDRICAL_SURFACE('',#3184,1.1);
#3184 = AXIS2_PLACEMENT_3D('',#3185,#3186,#3187);
#3185 = CARTESIAN_POINT('',(-15.,9.5,-4.6E-02));
#3186 = DIRECTION('',(-0.,-0.,-1.));
#3187 = DIRECTION('',(-0.,-1.,0.));
#3188 = ADVANCED_FACE('',(#3189),#3200,.F.);
#3189 = FACE_BOUND('',#3190,.T.);
#3190 = EDGE_LOOP('',(#3191,#3192,#3198,#3199));
#3191 = ORIENTED_EDGE('',*,*,#735,.T.);
#3192 = ORIENTED_EDGE('',*,*,#3193,.T.);
#3193 = EDGE_CURVE('',#736,#1754,#3194,.T.);
#3194 = LINE('',#3195,#3196);
#3195 = CARTESIAN_POINT('',(-24.255965,16.940663,-4.6E-02));
#3196 = VECTOR('',#3197,1.);
#3197 = DIRECTION('',(0.,0.,1.));
#3198 = ORIENTED_EDGE('',*,*,#1753,.F.);
#3199 = ORIENTED_EDGE('',*,*,#3193,.F.);
#3200 = CYLINDRICAL_SURFACE('',#3201,1.5);
#3201 = AXIS2_PLACEMENT_3D('',#3202,#3203,#3204);
#3202 = CARTESIAN_POINT('',(-24.255965,18.440663,-4.6E-02));
#3203 = DIRECTION('',(-0.,-0.,-1.));
#3204 = DIRECTION('',(-0.,-1.,0.));
#3205 = ADVANCED_FACE('',(#3206),#3217,.F.);
#3206 = FACE_BOUND('',#3207,.T.);
#3207 = EDGE_LOOP('',(#3208,#3209,#3215,#3216));
#3208 = ORIENTED_EDGE('',*,*,#746,.T.);
#3209 = ORIENTED_EDGE('',*,*,#3210,.T.);
#3210 = EDGE_CURVE('',#747,#1765,#3211,.T.);
#3211 = LINE('',#3212,#3213);
#3212 = CARTESIAN_POINT('',(-5.993233,18.536918,-4.6E-02));
#3213 = VECTOR('',#3214,1.);
#3214 = DIRECTION('',(0.,0.,1.));
#3215 = ORIENTED_EDGE('',*,*,#1764,.F.);
#3216 = ORIENTED_EDGE('',*,*,#3210,.F.);
#3217 = CYLINDRICAL_SURFACE('',#3218,1.5);
#3218 = AXIS2_PLACEMENT_3D('',#3219,#3220,#3221);
#3219 = CARTESIAN_POINT('',(-5.993233,20.036918,-4.6E-02));
#3220 = DIRECTION('',(-0.,-0.,-1.));
#3221 = DIRECTION('',(-0.,-1.,0.));
#3222 = ADVANCED_FACE('',(#3223),#3234,.F.);
#3223 = FACE_BOUND('',#3224,.T.);
#3224 = EDGE_LOOP('',(#3225,#3226,#3232,#3233));
#3225 = ORIENTED_EDGE('',*,*,#757,.T.);
#3226 = ORIENTED_EDGE('',*,*,#3227,.T.);
#3227 = EDGE_CURVE('',#758,#1776,#3228,.T.);
#3228 = LINE('',#3229,#3230);
#3229 = CARTESIAN_POINT('',(-10.678073,21.346236,-4.6E-02));
#3230 = VECTOR('',#3231,1.);
#3231 = DIRECTION('',(0.,0.,1.));
#3232 = ORIENTED_EDGE('',*,*,#1775,.F.);
#3233 = ORIENTED_EDGE('',*,*,#3227,.F.);
#3234 = CYLINDRICAL_SURFACE('',#3235,1.5);
#3235 = AXIS2_PLACEMENT_3D('',#3236,#3237,#3238);
#3236 = CARTESIAN_POINT('',(-10.678073,22.846236,-4.6E-02));
#3237 = DIRECTION('',(-0.,-0.,-1.));
#3238 = DIRECTION('',(-0.,-1.,0.));
#3239 = ADVANCED_FACE('',(#3240),#3251,.F.);
#3240 = FACE_BOUND('',#3241,.T.);
#3241 = EDGE_LOOP('',(#3242,#3243,#3249,#3250));
#3242 = ORIENTED_EDGE('',*,*,#768,.T.);
#3243 = ORIENTED_EDGE('',*,*,#3244,.T.);
#3244 = EDGE_CURVE('',#769,#1787,#3245,.T.);
#3245 = LINE('',#3246,#3247);
#3246 = CARTESIAN_POINT('',(-50.41067,22.937597,-4.6E-02));
#3247 = VECTOR('',#3248,1.);
#3248 = DIRECTION('',(0.,0.,1.));
#3249 = ORIENTED_EDGE('',*,*,#1786,.F.);
#3250 = ORIENTED_EDGE('',*,*,#3244,.F.);
#3251 = CYLINDRICAL_SURFACE('',#3252,0.8509);
#3252 = AXIS2_PLACEMENT_3D('',#3253,#3254,#3255);
#3253 = CARTESIAN_POINT('',(-50.41067,23.788497,-4.6E-02));
#3254 = DIRECTION('',(-0.,-0.,-1.));
#3255 = DIRECTION('',(-8.350484613469E-15,-1.,0.));
#3256 = ADVANCED_FACE('',(#3257),#3268,.F.);
#3257 = FACE_BOUND('',#3258,.T.);
#3258 = EDGE_LOOP('',(#3259,#3260,#3266,#3267));
#3259 = ORIENTED_EDGE('',*,*,#779,.T.);
#3260 = ORIENTED_EDGE('',*,*,#3261,.T.);
#3261 = EDGE_CURVE('',#780,#1798,#3262,.T.);
#3262 = LINE('',#3263,#3264);
#3263 = CARTESIAN_POINT('',(-30.010265,23.294193,-4.6E-02));
#3264 = VECTOR('',#3265,1.);
#3265 = DIRECTION('',(0.,0.,1.));
#3266 = ORIENTED_EDGE('',*,*,#1797,.F.);
#3267 = ORIENTED_EDGE('',*,*,#3261,.F.);
#3268 = CYLINDRICAL_SURFACE('',#3269,0.8509);
#3269 = AXIS2_PLACEMENT_3D('',#3270,#3271,#3272);
#3270 = CARTESIAN_POINT('',(-30.010265,24.145093,-4.6E-02));
#3271 = DIRECTION('',(-0.,-0.,-1.));
#3272 = DIRECTION('',(-0.,-1.,0.));
#3273 = ADVANCED_FACE('',(#3274),#3285,.F.);
#3274 = FACE_BOUND('',#3275,.T.);
#3275 = EDGE_LOOP('',(#3276,#3277,#3283,#3284));
#3276 = ORIENTED_EDGE('',*,*,#790,.T.);
#3277 = ORIENTED_EDGE('',*,*,#3278,.T.);
#3278 = EDGE_CURVE('',#791,#1809,#3279,.T.);
#3279 = LINE('',#3280,#3281);
#3280 = CARTESIAN_POINT('',(-40.,35.4,-4.6E-02));
#3281 = VECTOR('',#3282,1.);
#3282 = DIRECTION('',(0.,0.,1.));
#3283 = ORIENTED_EDGE('',*,*,#1808,.F.);
#3284 = ORIENTED_EDGE('',*,*,#3278,.F.);
#3285 = CYLINDRICAL_SURFACE('',#3286,1.1);
#3286 = AXIS2_PLACEMENT_3D('',#3287,#3288,#3289);
#3287 = CARTESIAN_POINT('',(-40.,36.5,-4.6E-02));
#3288 = DIRECTION('',(-0.,-0.,-1.));
#3289 = DIRECTION('',(-0.,-1.,0.));
#3290 = ADVANCED_FACE('',(#3291),#3302,.F.);
#3291 = FACE_BOUND('',#3292,.T.);
#3292 = EDGE_LOOP('',(#3293,#3294,#3300,#3301));
#3293 = ORIENTED_EDGE('',*,*,#801,.T.);
#3294 = ORIENTED_EDGE('',*,*,#3295,.T.);
#3295 = EDGE_CURVE('',#802,#1820,#3296,.T.);
#3296 = LINE('',#3297,#3298);
#3297 = CARTESIAN_POINT('',(-30.099168,35.899472,-4.6E-02));
#3298 = VECTOR('',#3299,1.);
#3299 = DIRECTION('',(0.,0.,1.));
#3300 = ORIENTED_EDGE('',*,*,#1819,.F.);
#3301 = ORIENTED_EDGE('',*,*,#3295,.F.);
#3302 = CYLINDRICAL_SURFACE('',#3303,1.5);
#3303 = AXIS2_PLACEMENT_3D('',#3304,#3305,#3306);
#3304 = CARTESIAN_POINT('',(-30.099168,37.399472,-4.6E-02));
#3305 = DIRECTION('',(-0.,-0.,-1.));
#3306 = DIRECTION('',(-0.,-1.,0.));
#3307 = ADVANCED_FACE('',(#3308),#3319,.F.);
#3308 = FACE_BOUND('',#3309,.T.);
#3309 = EDGE_LOOP('',(#3310,#3311,#3317,#3318));
#3310 = ORIENTED_EDGE('',*,*,#812,.T.);
#3311 = ORIENTED_EDGE('',*,*,#3312,.T.);
#3312 = EDGE_CURVE('',#813,#1831,#3313,.T.);
#3313 = LINE('',#3314,#3315);
#3314 = CARTESIAN_POINT('',(-30.762265,40.273193,-4.6E-02));
#3315 = VECTOR('',#3316,1.);
#3316 = DIRECTION('',(0.,0.,1.));
#3317 = ORIENTED_EDGE('',*,*,#1830,.F.);
#3318 = ORIENTED_EDGE('',*,*,#3312,.F.);
#3319 = CYLINDRICAL_SURFACE('',#3320,0.8509);
#3320 = AXIS2_PLACEMENT_3D('',#3321,#3322,#3323);
#3321 = CARTESIAN_POINT('',(-30.762265,41.124093,-4.6E-02));
#3322 = DIRECTION('',(-0.,-0.,-1.));
#3323 = DIRECTION('',(-0.,-1.,0.));
#3324 = ADVANCED_FACE('',(#3325),#3336,.F.);
#3325 = FACE_BOUND('',#3326,.T.);
#3326 = EDGE_LOOP('',(#3327,#3328,#3334,#3335));
#3327 = ORIENTED_EDGE('',*,*,#823,.T.);
#3328 = ORIENTED_EDGE('',*,*,#3329,.T.);
#3329 = EDGE_CURVE('',#824,#1842,#3330,.T.);
#3330 = LINE('',#3331,#3332);
#3331 = CARTESIAN_POINT('',(-24.5155,22.6705,-4.6E-02));
#3332 = VECTOR('',#3333,1.);
#3333 = DIRECTION('',(0.,0.,1.));
#3334 = ORIENTED_EDGE('',*,*,#1841,.F.);
#3335 = ORIENTED_EDGE('',*,*,#3329,.F.);
#3336 = CYLINDRICAL_SURFACE('',#3337,1.7145);
#3337 = AXIS2_PLACEMENT_3D('',#3338,#3339,#3340);
#3338 = CARTESIAN_POINT('',(-24.5155,24.385,-4.6E-02));
#3339 = DIRECTION('',(-0.,-0.,-1.));
#3340 = DIRECTION('',(-0.,-1.,0.));
#3341 = ADVANCED_FACE('',(#3342),#3353,.F.);
#3342 = FACE_BOUND('',#3343,.T.);
#3343 = EDGE_LOOP('',(#3344,#3345,#3351,#3352));
#3344 = ORIENTED_EDGE('',*,*,#834,.T.);
#3345 = ORIENTED_EDGE('',*,*,#3346,.T.);
#3346 = EDGE_CURVE('',#835,#1853,#3347,.T.);
#3347 = LINE('',#3348,#3349);
#3348 = CARTESIAN_POINT('',(-19.48367,28.313396,-4.6E-02));
#3349 = VECTOR('',#3350,1.);
#3350 = DIRECTION('',(0.,0.,1.));
#3351 = ORIENTED_EDGE('',*,*,#1852,.F.);
#3352 = ORIENTED_EDGE('',*,*,#3346,.F.);
#3353 = CYLINDRICAL_SURFACE('',#3354,0.4953);
#3354 = AXIS2_PLACEMENT_3D('',#3355,#3356,#3357);
#3355 = CARTESIAN_POINT('',(-19.48367,28.808696,-4.6E-02));
#3356 = DIRECTION('',(-0.,-0.,-1.));
#3357 = DIRECTION('',(-0.,-1.,0.));
#3358 = ADVANCED_FACE('',(#3359),#3370,.F.);
#3359 = FACE_BOUND('',#3360,.T.);
#3360 = EDGE_LOOP('',(#3361,#3362,#3368,#3369));
#3361 = ORIENTED_EDGE('',*,*,#845,.T.);
#3362 = ORIENTED_EDGE('',*,*,#3363,.T.);
#3363 = EDGE_CURVE('',#846,#1864,#3364,.T.);
#3364 = LINE('',#3365,#3366);
#3365 = CARTESIAN_POINT('',(-19.020735,23.774007,-4.6E-02));
#3366 = VECTOR('',#3367,1.);
#3367 = DIRECTION('',(0.,0.,1.));
#3368 = ORIENTED_EDGE('',*,*,#1863,.F.);
#3369 = ORIENTED_EDGE('',*,*,#3363,.F.);
#3370 = CYLINDRICAL_SURFACE('',#3371,0.8509);
#3371 = AXIS2_PLACEMENT_3D('',#3372,#3373,#3374);
#3372 = CARTESIAN_POINT('',(-19.020735,24.624907,-4.6E-02));
#3373 = DIRECTION('',(-0.,0.,-1.));
#3374 = DIRECTION('',(4.175242306735E-15,-1.,-0.));
#3375 = ADVANCED_FACE('',(#3376),#3387,.F.);
#3376 = FACE_BOUND('',#3377,.T.);
#3377 = EDGE_LOOP('',(#3378,#3379,#3385,#3386));
#3378 = ORIENTED_EDGE('',*,*,#856,.T.);
#3379 = ORIENTED_EDGE('',*,*,#3380,.T.);
#3380 = EDGE_CURVE('',#857,#1875,#3381,.T.);
#3381 = LINE('',#3382,#3383);
#3382 = CARTESIAN_POINT('',(-10.704131,25.778433,-4.6E-02));
#3383 = VECTOR('',#3384,1.);
#3384 = DIRECTION('',(0.,0.,1.));
#3385 = ORIENTED_EDGE('',*,*,#1874,.F.);
#3386 = ORIENTED_EDGE('',*,*,#3380,.F.);
#3387 = CYLINDRICAL_SURFACE('',#3388,0.8509);
#3388 = AXIS2_PLACEMENT_3D('',#3389,#3390,#3391);
#3389 = CARTESIAN_POINT('',(-10.704131,26.629333,-4.6E-02));
#3390 = DIRECTION('',(-0.,-0.,-1.));
#3391 = DIRECTION('',(-0.,-1.,0.));
#3392 = ADVANCED_FACE('',(#3393),#3404,.F.);
#3393 = FACE_BOUND('',#3394,.T.);
#3394 = EDGE_LOOP('',(#3395,#3396,#3402,#3403));
#3395 = ORIENTED_EDGE('',*,*,#867,.T.);
#3396 = ORIENTED_EDGE('',*,*,#3397,.T.);
#3397 = EDGE_CURVE('',#868,#1886,#3398,.T.);
#3398 = LINE('',#3399,#3400);
#3399 = CARTESIAN_POINT('',(-5.2475,24.2255,-4.6E-02));
#3400 = VECTOR('',#3401,1.);
#3401 = DIRECTION('',(0.,0.,1.));
#3402 = ORIENTED_EDGE('',*,*,#1885,.F.);
#3403 = ORIENTED_EDGE('',*,*,#3397,.F.);
#3404 = CYLINDRICAL_SURFACE('',#3405,1.7145);
#3405 = AXIS2_PLACEMENT_3D('',#3406,#3407,#3408);
#3406 = CARTESIAN_POINT('',(-5.2475,25.94,-4.6E-02));
#3407 = DIRECTION('',(-0.,-0.,-1.));
#3408 = DIRECTION('',(-0.,-1.,0.));
#3409 = ADVANCED_FACE('',(#3410),#3421,.F.);
#3410 = FACE_BOUND('',#3411,.T.);
#3411 = EDGE_LOOP('',(#3412,#3413,#3419,#3420));
#3412 = ORIENTED_EDGE('',*,*,#878,.T.);
#3413 = ORIENTED_EDGE('',*,*,#3414,.T.);
#3414 = EDGE_CURVE('',#879,#1897,#3415,.T.);
#3415 = LINE('',#3416,#3417);
#3416 = CARTESIAN_POINT('',(0.209131,24.399767,-4.6E-02));
#3417 = VECTOR('',#3418,1.);
#3418 = DIRECTION('',(0.,0.,1.));
#3419 = ORIENTED_EDGE('',*,*,#1896,.F.);
#3420 = ORIENTED_EDGE('',*,*,#3414,.F.);
#3421 = CYLINDRICAL_SURFACE('',#3422,0.8509);
#3422 = AXIS2_PLACEMENT_3D('',#3423,#3424,#3425);
#3423 = CARTESIAN_POINT('',(0.209131,25.250667,-4.6E-02));
#3424 = DIRECTION('',(-0.,0.,-1.));
#3425 = DIRECTION('',(1.957144831282E-16,-1.,-0.));
#3426 = ADVANCED_FACE('',(#3427),#3438,.F.);
#3427 = FACE_BOUND('',#3428,.T.);
#3428 = EDGE_LOOP('',(#3429,#3430,#3436,#3437));
#3429 = ORIENTED_EDGE('',*,*,#889,.T.);
#3430 = ORIENTED_EDGE('',*,*,#3431,.T.);
#3431 = EDGE_CURVE('',#890,#1908,#3432,.T.);
#3432 = LINE('',#3433,#3434);
#3433 = CARTESIAN_POINT('',(0.457738,28.957342,-4.6E-02));
#3434 = VECTOR('',#3435,1.);
#3435 = DIRECTION('',(0.,0.,1.));
#3436 = ORIENTED_EDGE('',*,*,#1907,.F.);
#3437 = ORIENTED_EDGE('',*,*,#3431,.F.);
#3438 = CYLINDRICAL_SURFACE('',#3439,0.4953);
#3439 = AXIS2_PLACEMENT_3D('',#3440,#3441,#3442);
#3440 = CARTESIAN_POINT('',(0.457738,29.452642,-4.6E-02));
#3441 = DIRECTION('',(-0.,-0.,-1.));
#3442 = DIRECTION('',(-1.120758151247E-16,-1.,0.));
#3443 = ADVANCED_FACE('',(#3444),#3455,.F.);
#3444 = FACE_BOUND('',#3445,.T.);
#3445 = EDGE_LOOP('',(#3446,#3447,#3453,#3454));
#3446 = ORIENTED_EDGE('',*,*,#900,.T.);
#3447 = ORIENTED_EDGE('',*,*,#3448,.T.);
#3448 = EDGE_CURVE('',#901,#1919,#3449,.T.);
#3449 = LINE('',#3450,#3451);
#3450 = CARTESIAN_POINT('',(-25.007965,33.919663,-4.6E-02));
#3451 = VECTOR('',#3452,1.);
#3452 = DIRECTION('',(0.,0.,1.));
#3453 = ORIENTED_EDGE('',*,*,#1918,.F.);
#3454 = ORIENTED_EDGE('',*,*,#3448,.F.);
#3455 = CYLINDRICAL_SURFACE('',#3456,1.5);
#3456 = AXIS2_PLACEMENT_3D('',#3457,#3458,#3459);
#3457 = CARTESIAN_POINT('',(-25.007965,35.419663,-4.6E-02));
#3458 = DIRECTION('',(-0.,-0.,-1.));
#3459 = DIRECTION('',(-0.,-1.,0.));
#3460 = ADVANCED_FACE('',(#3461),#3472,.F.);
#3461 = FACE_BOUND('',#3462,.T.);
#3462 = EDGE_LOOP('',(#3463,#3464,#3470,#3471));
#3463 = ORIENTED_EDGE('',*,*,#911,.T.);
#3464 = ORIENTED_EDGE('',*,*,#3465,.T.);
#3465 = EDGE_CURVE('',#912,#1930,#3466,.T.);
#3466 = LINE('',#3467,#3468);
#3467 = CARTESIAN_POINT('',(-25.2675,39.6495,-4.6E-02));
#3468 = VECTOR('',#3469,1.);
#3469 = DIRECTION('',(0.,0.,1.));
#3470 = ORIENTED_EDGE('',*,*,#1929,.F.);
#3471 = ORIENTED_EDGE('',*,*,#3465,.F.);
#3472 = CYLINDRICAL_SURFACE('',#3473,1.7145);
#3473 = AXIS2_PLACEMENT_3D('',#3474,#3475,#3476);
#3474 = CARTESIAN_POINT('',(-25.2675,41.364,-4.6E-02));
#3475 = DIRECTION('',(-0.,-0.,-1.));
#3476 = DIRECTION('',(-0.,-1.,0.));
#3477 = ADVANCED_FACE('',(#3478),#3489,.F.);
#3478 = FACE_BOUND('',#3479,.T.);
#3479 = EDGE_LOOP('',(#3480,#3481,#3487,#3488));
#3480 = ORIENTED_EDGE('',*,*,#922,.T.);
#3481 = ORIENTED_EDGE('',*,*,#3482,.T.);
#3482 = EDGE_CURVE('',#923,#1941,#3483,.T.);
#3483 = LINE('',#3484,#3485);
#3484 = CARTESIAN_POINT('',(-19.772735,40.753007,-4.6E-02));
#3485 = VECTOR('',#3486,1.);
#3486 = DIRECTION('',(0.,0.,1.));
#3487 = ORIENTED_EDGE('',*,*,#1940,.F.);
#3488 = ORIENTED_EDGE('',*,*,#3482,.F.);
#3489 = CYLINDRICAL_SURFACE('',#3490,0.8509);
#3490 = AXIS2_PLACEMENT_3D('',#3491,#3492,#3493);
#3491 = CARTESIAN_POINT('',(-19.772735,41.603907,-4.6E-02));
#3492 = DIRECTION('',(-0.,-0.,-1.));
#3493 = DIRECTION('',(-0.,-1.,0.));
#3494 = ADVANCED_FACE('',(#3495),#3506,.F.);
#3495 = FACE_BOUND('',#3496,.T.);
#3496 = EDGE_LOOP('',(#3497,#3498,#3504,#3505));
#3497 = ORIENTED_EDGE('',*,*,#933,.T.);
#3498 = ORIENTED_EDGE('',*,*,#3499,.T.);
#3499 = EDGE_CURVE('',#934,#1952,#3500,.T.);
#3500 = LINE('',#3501,#3502);
#3501 = CARTESIAN_POINT('',(-20.23567,45.292396,-4.6E-02));
#3502 = VECTOR('',#3503,1.);
#3503 = DIRECTION('',(0.,0.,1.));
#3504 = ORIENTED_EDGE('',*,*,#1951,.F.);
#3505 = ORIENTED_EDGE('',*,*,#3499,.F.);
#3506 = CYLINDRICAL_SURFACE('',#3507,0.4953);
#3507 = AXIS2_PLACEMENT_3D('',#3508,#3509,#3510);
#3508 = CARTESIAN_POINT('',(-20.23567,45.787696,-4.6E-02));
#3509 = DIRECTION('',(-0.,-0.,-1.));
#3510 = DIRECTION('',(-0.,-1.,0.));
#3511 = ADVANCED_FACE('',(#3512),#3523,.F.);
#3512 = FACE_BOUND('',#3513,.T.);
#3513 = EDGE_LOOP('',(#3514,#3515,#3521,#3522));
#3514 = ORIENTED_EDGE('',*,*,#944,.T.);
#3515 = ORIENTED_EDGE('',*,*,#3516,.T.);
#3516 = EDGE_CURVE('',#945,#1963,#3517,.T.);
#3517 = LINE('',#3518,#3519);
#3518 = CARTESIAN_POINT('',(-8.550073,38.216236,-4.6E-02));
#3519 = VECTOR('',#3520,1.);
#3520 = DIRECTION('',(0.,0.,1.));
#3521 = ORIENTED_EDGE('',*,*,#1962,.F.);
#3522 = ORIENTED_EDGE('',*,*,#3516,.F.);
#3523 = CYLINDRICAL_SURFACE('',#3524,1.5);
#3524 = AXIS2_PLACEMENT_3D('',#3525,#3526,#3527);
#3525 = CARTESIAN_POINT('',(-8.550073,39.716236,-4.6E-02));
#3526 = DIRECTION('',(-0.,-0.,-1.));
#3527 = DIRECTION('',(-0.,-1.,0.));
#3528 = ADVANCED_FACE('',(#3529),#3540,.F.);
#3529 = FACE_BOUND('',#3530,.T.);
#3530 = EDGE_LOOP('',(#3531,#3532,#3538,#3539));
#3531 = ORIENTED_EDGE('',*,*,#955,.T.);
#3532 = ORIENTED_EDGE('',*,*,#3533,.T.);
#3533 = EDGE_CURVE('',#956,#1974,#3534,.T.);
#3534 = LINE('',#3535,#3536);
#3535 = CARTESIAN_POINT('',(-3.865233,35.406918,-4.6E-02));
#3536 = VECTOR('',#3537,1.);
#3537 = DIRECTION('',(0.,0.,1.));
#3538 = ORIENTED_EDGE('',*,*,#1973,.F.);
#3539 = ORIENTED_EDGE('',*,*,#3533,.F.);
#3540 = CYLINDRICAL_SURFACE('',#3541,1.5);
#3541 = AXIS2_PLACEMENT_3D('',#3542,#3543,#3544);
#3542 = CARTESIAN_POINT('',(-3.865233,36.906918,-4.6E-02));
#3543 = DIRECTION('',(-0.,-0.,-1.));
#3544 = DIRECTION('',(-0.,-1.,0.));
#3545 = ADVANCED_FACE('',(#3546),#3557,.F.);
#3546 = FACE_BOUND('',#3547,.T.);
#3547 = EDGE_LOOP('',(#3548,#3549,#3555,#3556));
#3548 = ORIENTED_EDGE('',*,*,#966,.T.);
#3549 = ORIENTED_EDGE('',*,*,#3550,.T.);
#3550 = EDGE_CURVE('',#967,#1985,#3551,.T.);
#3551 = LINE('',#3552,#3553);
#3552 = CARTESIAN_POINT('',(-8.576131,42.648433,-4.6E-02));
#3553 = VECTOR('',#3554,1.);
#3554 = DIRECTION('',(0.,0.,1.));
#3555 = ORIENTED_EDGE('',*,*,#1984,.F.);
#3556 = ORIENTED_EDGE('',*,*,#3550,.F.);
#3557 = CYLINDRICAL_SURFACE('',#3558,0.8509);
#3558 = AXIS2_PLACEMENT_3D('',#3559,#3560,#3561);
#3559 = CARTESIAN_POINT('',(-8.576131,43.499333,-4.6E-02));
#3560 = DIRECTION('',(-0.,-0.,-1.));
#3561 = DIRECTION('',(-0.,-1.,0.));
#3562 = ADVANCED_FACE('',(#3563),#3574,.F.);
#3563 = FACE_BOUND('',#3564,.T.);
#3564 = EDGE_LOOP('',(#3565,#3566,#3572,#3573));
#3565 = ORIENTED_EDGE('',*,*,#977,.T.);
#3566 = ORIENTED_EDGE('',*,*,#3567,.T.);
#3567 = EDGE_CURVE('',#978,#1996,#3568,.T.);
#3568 = LINE('',#3569,#3570);
#3569 = CARTESIAN_POINT('',(-3.1195,41.0955,-4.6E-02));
#3570 = VECTOR('',#3571,1.);
#3571 = DIRECTION('',(0.,0.,1.));
#3572 = ORIENTED_EDGE('',*,*,#1995,.F.);
#3573 = ORIENTED_EDGE('',*,*,#3567,.F.);
#3574 = CYLINDRICAL_SURFACE('',#3575,1.7145);
#3575 = AXIS2_PLACEMENT_3D('',#3576,#3577,#3578);
#3576 = CARTESIAN_POINT('',(-3.1195,42.81,-4.6E-02));
#3577 = DIRECTION('',(-0.,0.,-1.));
#3578 = DIRECTION('',(2.590196616215E-16,-1.,-0.));
#3579 = ADVANCED_FACE('',(#3580),#3591,.F.);
#3580 = FACE_BOUND('',#3581,.T.);
#3581 = EDGE_LOOP('',(#3582,#3583,#3589,#3590));
#3582 = ORIENTED_EDGE('',*,*,#988,.T.);
#3583 = ORIENTED_EDGE('',*,*,#3584,.T.);
#3584 = EDGE_CURVE('',#989,#2007,#3585,.T.);
#3585 = LINE('',#3586,#3587);
#3586 = CARTESIAN_POINT('',(4.85448,-1.077886,-4.6E-02));
#3587 = VECTOR('',#3588,1.);
#3588 = DIRECTION('',(0.,0.,1.));
#3589 = ORIENTED_EDGE('',*,*,#2006,.F.);
#3590 = ORIENTED_EDGE('',*,*,#3584,.F.);
#3591 = CYLINDRICAL_SURFACE('',#3592,1.5);
#3592 = AXIS2_PLACEMENT_3D('',#3593,#3594,#3595);
#3593 = CARTESIAN_POINT('',(4.85448,0.422114,-4.6E-02));
#3594 = DIRECTION('',(-0.,-0.,-1.));
#3595 = DIRECTION('',(-0.,-1.,0.));
#3596 = ADVANCED_FACE('',(#3597),#3608,.F.);
#3597 = FACE_BOUND('',#3598,.T.);
#3598 = EDGE_LOOP('',(#3599,#3600,#3606,#3607));
#3599 = ORIENTED_EDGE('',*,*,#999,.T.);
#3600 = ORIENTED_EDGE('',*,*,#3601,.T.);
#3601 = EDGE_CURVE('',#1000,#2018,#3602,.T.);
#3602 = LINE('',#3603,#3604);
#3603 = CARTESIAN_POINT('',(1.780062,3.437416,-4.6E-02));
#3604 = VECTOR('',#3605,1.);
#3605 = DIRECTION('',(0.,0.,1.));
#3606 = ORIENTED_EDGE('',*,*,#2017,.F.);
#3607 = ORIENTED_EDGE('',*,*,#3601,.F.);
#3608 = CYLINDRICAL_SURFACE('',#3609,1.5);
#3609 = AXIS2_PLACEMENT_3D('',#3610,#3611,#3612);
#3610 = CARTESIAN_POINT('',(1.780062,4.937416,-4.6E-02));
#3611 = DIRECTION('',(-0.,-0.,-1.));
#3612 = DIRECTION('',(-0.,-1.,0.));
#3613 = ADVANCED_FACE('',(#3614),#3625,.F.);
#3614 = FACE_BOUND('',#3615,.T.);
#3615 = EDGE_LOOP('',(#3616,#3617,#3623,#3624));
#3616 = ORIENTED_EDGE('',*,*,#1010,.T.);
#3617 = ORIENTED_EDGE('',*,*,#3618,.T.);
#3618 = EDGE_CURVE('',#1011,#2029,#3619,.T.);
#3619 = LINE('',#3620,#3621);
#3620 = CARTESIAN_POINT('',(8.0075,3.7535,-4.6E-02));
#3621 = VECTOR('',#3622,1.);
#3622 = DIRECTION('',(0.,0.,1.));
#3623 = ORIENTED_EDGE('',*,*,#2028,.F.);
#3624 = ORIENTED_EDGE('',*,*,#3618,.F.);
#3625 = CYLINDRICAL_SURFACE('',#3626,1.7145);
#3626 = AXIS2_PLACEMENT_3D('',#3627,#3628,#3629);
#3627 = CARTESIAN_POINT('',(8.0075,5.468,-4.6E-02));
#3628 = DIRECTION('',(-0.,-0.,-1.));
#3629 = DIRECTION('',(-0.,-1.,0.));
#3630 = ADVANCED_FACE('',(#3631),#3642,.F.);
#3631 = FACE_BOUND('',#3632,.T.);
#3632 = EDGE_LOOP('',(#3633,#3634,#3640,#3641));
#3633 = ORIENTED_EDGE('',*,*,#1021,.T.);
#3634 = ORIENTED_EDGE('',*,*,#3635,.T.);
#3635 = EDGE_CURVE('',#1022,#2040,#3636,.T.);
#3636 = LINE('',#3637,#3638);
#3637 = CARTESIAN_POINT('',(12.671765,1.702544,-4.6E-02));
#3638 = VECTOR('',#3639,1.);
#3639 = DIRECTION('',(0.,0.,1.));
#3640 = ORIENTED_EDGE('',*,*,#2039,.F.);
#3641 = ORIENTED_EDGE('',*,*,#3635,.F.);
#3642 = CYLINDRICAL_SURFACE('',#3643,0.8509);
#3643 = AXIS2_PLACEMENT_3D('',#3644,#3645,#3646);
#3644 = CARTESIAN_POINT('',(12.671765,2.553444,-4.6E-02));
#3645 = DIRECTION('',(-0.,-0.,-1.));
#3646 = DIRECTION('',(-0.,-1.,0.));
#3647 = ADVANCED_FACE('',(#3648),#3659,.F.);
#3648 = FACE_BOUND('',#3649,.T.);
#3649 = EDGE_LOOP('',(#3650,#3651,#3657,#3658));
#3650 = ORIENTED_EDGE('',*,*,#1032,.T.);
#3651 = ORIENTED_EDGE('',*,*,#3652,.T.);
#3652 = EDGE_CURVE('',#1033,#2051,#3653,.T.);
#3653 = LINE('',#3654,#3655);
#3654 = CARTESIAN_POINT('',(3.343235,7.531656,-4.6E-02));
#3655 = VECTOR('',#3656,1.);
#3656 = DIRECTION('',(0.,0.,1.));
#3657 = ORIENTED_EDGE('',*,*,#2050,.F.);
#3658 = ORIENTED_EDGE('',*,*,#3652,.F.);
#3659 = CYLINDRICAL_SURFACE('',#3660,0.8509);
#3660 = AXIS2_PLACEMENT_3D('',#3661,#3662,#3663);
#3661 = CARTESIAN_POINT('',(3.343235,8.382556,-4.6E-02));
#3662 = DIRECTION('',(-0.,-0.,-1.));
#3663 = DIRECTION('',(-0.,-1.,0.));
#3664 = ADVANCED_FACE('',(#3665),#3676,.F.);
#3665 = FACE_BOUND('',#3666,.T.);
#3666 = EDGE_LOOP('',(#3667,#3668,#3674,#3675));
#3667 = ORIENTED_EDGE('',*,*,#1043,.T.);
#3668 = ORIENTED_EDGE('',*,*,#3669,.T.);
#3669 = EDGE_CURVE('',#1044,#2062,#3670,.T.);
#3670 = LINE('',#3671,#3672);
#3671 = CARTESIAN_POINT('',(14.659972,5.768323,-4.6E-02));
#3672 = VECTOR('',#3673,1.);
#3673 = DIRECTION('',(0.,0.,1.));
#3674 = ORIENTED_EDGE('',*,*,#2061,.F.);
#3675 = ORIENTED_EDGE('',*,*,#3669,.F.);
#3676 = CYLINDRICAL_SURFACE('',#3677,0.4953);
#3677 = AXIS2_PLACEMENT_3D('',#3678,#3679,#3680);
#3678 = CARTESIAN_POINT('',(14.659972,6.263623,-4.6E-02));
#3679 = DIRECTION('',(-0.,-0.,-1.));
#3680 = DIRECTION('',(-0.,-1.,0.));
#3681 = ADVANCED_FACE('',(#3682),#3693,.F.);
#3682 = FACE_BOUND('',#3683,.T.);
#3683 = EDGE_LOOP('',(#3684,#3685,#3691,#3692));
#3684 = ORIENTED_EDGE('',*,*,#1054,.T.);
#3685 = ORIENTED_EDGE('',*,*,#3686,.T.);
#3686 = EDGE_CURVE('',#1055,#2073,#3687,.T.);
#3687 = LINE('',#3688,#3689);
#3688 = CARTESIAN_POINT('',(13.86148,13.341114,-4.6E-02));
#3689 = VECTOR('',#3690,1.);
#3690 = DIRECTION('',(0.,0.,1.));
#3691 = ORIENTED_EDGE('',*,*,#2072,.F.);
#3692 = ORIENTED_EDGE('',*,*,#3686,.F.);
#3693 = CYLINDRICAL_SURFACE('',#3694,1.5);
#3694 = AXIS2_PLACEMENT_3D('',#3695,#3696,#3697);
#3695 = CARTESIAN_POINT('',(13.86148,14.841114,-4.6E-02));
#3696 = DIRECTION('',(-0.,-0.,-1.));
#3697 = DIRECTION('',(-0.,-1.,0.));
#3698 = ADVANCED_FACE('',(#3699),#3710,.F.);
#3699 = FACE_BOUND('',#3700,.T.);
#3700 = EDGE_LOOP('',(#3701,#3702,#3708,#3709));
#3701 = ORIENTED_EDGE('',*,*,#1065,.T.);
#3702 = ORIENTED_EDGE('',*,*,#3703,.T.);
#3703 = EDGE_CURVE('',#1066,#2084,#3704,.T.);
#3704 = LINE('',#3705,#3706);
#3705 = CARTESIAN_POINT('',(10.787062,17.856416,-4.6E-02));
#3706 = VECTOR('',#3707,1.);
#3707 = DIRECTION('',(0.,0.,1.));
#3708 = ORIENTED_EDGE('',*,*,#2083,.F.);
#3709 = ORIENTED_EDGE('',*,*,#3703,.F.);
#3710 = CYLINDRICAL_SURFACE('',#3711,1.5);
#3711 = AXIS2_PLACEMENT_3D('',#3712,#3713,#3714);
#3712 = CARTESIAN_POINT('',(10.787062,19.356416,-4.6E-02));
#3713 = DIRECTION('',(-0.,-0.,-1.));
#3714 = DIRECTION('',(-0.,-1.,0.));
#3715 = ADVANCED_FACE('',(#3716),#3727,.F.);
#3716 = FACE_BOUND('',#3717,.T.);
#3717 = EDGE_LOOP('',(#3718,#3719,#3725,#3726));
#3718 = ORIENTED_EDGE('',*,*,#1076,.T.);
#3719 = ORIENTED_EDGE('',*,*,#3720,.T.);
#3720 = EDGE_CURVE('',#1077,#2095,#3721,.T.);
#3721 = LINE('',#3722,#3723);
#3722 = CARTESIAN_POINT('',(12.350235,21.950656,-4.6E-02));
#3723 = VECTOR('',#3724,1.);
#3724 = DIRECTION('',(0.,0.,1.));
#3725 = ORIENTED_EDGE('',*,*,#2094,.F.);
#3726 = ORIENTED_EDGE('',*,*,#3720,.F.);
#3727 = CYLINDRICAL_SURFACE('',#3728,0.8509);
#3728 = AXIS2_PLACEMENT_3D('',#3729,#3730,#3731);
#3729 = CARTESIAN_POINT('',(12.350235,22.801556,-4.6E-02));
#3730 = DIRECTION('',(-0.,-0.,-1.));
#3731 = DIRECTION('',(-2.087621153367E-15,-1.,0.));
#3732 = ADVANCED_FACE('',(#3733),#3744,.F.);
#3733 = FACE_BOUND('',#3734,.T.);
#3734 = EDGE_LOOP('',(#3735,#3736,#3742,#3743));
#3735 = ORIENTED_EDGE('',*,*,#1087,.T.);
#3736 = ORIENTED_EDGE('',*,*,#3737,.T.);
#3737 = EDGE_CURVE('',#1088,#2106,#3738,.T.);
#3738 = LINE('',#3739,#3740);
#3739 = CARTESIAN_POINT('',(21.678765,16.121544,-4.6E-02));
#3740 = VECTOR('',#3741,1.);
#3741 = DIRECTION('',(0.,0.,1.));
#3742 = ORIENTED_EDGE('',*,*,#2105,.F.);
#3743 = ORIENTED_EDGE('',*,*,#3737,.F.);
#3744 = CYLINDRICAL_SURFACE('',#3745,0.8509);
#3745 = AXIS2_PLACEMENT_3D('',#3746,#3747,#3748);
#3746 = CARTESIAN_POINT('',(21.678765,16.972444,-4.6E-02));
#3747 = DIRECTION('',(-0.,-0.,-1.));
#3748 = DIRECTION('',(-0.,-1.,0.));
#3749 = ADVANCED_FACE('',(#3750),#3761,.F.);
#3750 = FACE_BOUND('',#3751,.T.);
#3751 = EDGE_LOOP('',(#3752,#3753,#3759,#3760));
#3752 = ORIENTED_EDGE('',*,*,#1098,.T.);
#3753 = ORIENTED_EDGE('',*,*,#3754,.T.);
#3754 = EDGE_CURVE('',#1099,#2117,#3755,.T.);
#3755 = LINE('',#3756,#3757);
#3756 = CARTESIAN_POINT('',(17.0145,18.1725,-4.6E-02));
#3757 = VECTOR('',#3758,1.);
#3758 = DIRECTION('',(0.,0.,1.));
#3759 = ORIENTED_EDGE('',*,*,#2116,.F.);
#3760 = ORIENTED_EDGE('',*,*,#3754,.F.);
#3761 = CYLINDRICAL_SURFACE('',#3762,1.7145);
#3762 = AXIS2_PLACEMENT_3D('',#3763,#3764,#3765);
#3763 = CARTESIAN_POINT('',(17.0145,19.887,-4.6E-02));
#3764 = DIRECTION('',(-0.,0.,-1.));
#3765 = DIRECTION('',(2.072157292972E-15,-1.,-0.));
#3766 = ADVANCED_FACE('',(#3767),#3778,.F.);
#3767 = FACE_BOUND('',#3768,.T.);
#3768 = EDGE_LOOP('',(#3769,#3770,#3776,#3777));
#3769 = ORIENTED_EDGE('',*,*,#1109,.T.);
#3770 = ORIENTED_EDGE('',*,*,#3771,.T.);
#3771 = EDGE_CURVE('',#1110,#2128,#3772,.T.);
#3772 = LINE('',#3773,#3774);
#3773 = CARTESIAN_POINT('',(28.,17.4,-4.6E-02));
#3774 = VECTOR('',#3775,1.);
#3775 = DIRECTION('',(0.,0.,1.));
#3776 = ORIENTED_EDGE('',*,*,#2127,.F.);
#3777 = ORIENTED_EDGE('',*,*,#3771,.F.);
#3778 = CYLINDRICAL_SURFACE('',#3779,1.1);
#3779 = AXIS2_PLACEMENT_3D('',#3780,#3781,#3782);
#3780 = CARTESIAN_POINT('',(28.,18.5,-4.6E-02));
#3781 = DIRECTION('',(-0.,-0.,-1.));
#3782 = DIRECTION('',(-0.,-1.,0.));
#3783 = ADVANCED_FACE('',(#3784),#3795,.F.);
#3784 = FACE_BOUND('',#3785,.T.);
#3785 = EDGE_LOOP('',(#3786,#3787,#3793,#3794));
#3786 = ORIENTED_EDGE('',*,*,#1120,.T.);
#3787 = ORIENTED_EDGE('',*,*,#3788,.T.);
#3788 = EDGE_CURVE('',#1121,#2139,#3789,.T.);
#3789 = LINE('',#3790,#3791);
#3790 = CARTESIAN_POINT('',(23.666972,20.187323,-4.6E-02));
#3791 = VECTOR('',#3792,1.);
#3792 = DIRECTION('',(0.,0.,1.));
#3793 = ORIENTED_EDGE('',*,*,#2138,.F.);
#3794 = ORIENTED_EDGE('',*,*,#3788,.F.);
#3795 = CYLINDRICAL_SURFACE('',#3796,0.4953);
#3796 = AXIS2_PLACEMENT_3D('',#3797,#3798,#3799);
#3797 = CARTESIAN_POINT('',(23.666972,20.682623,-4.6E-02));
#3798 = DIRECTION('',(-0.,-0.,-1.));
#3799 = DIRECTION('',(-0.,-1.,0.));
#3800 = ADVANCED_FACE('',(#3801),#3812,.F.);
#3801 = FACE_BOUND('',#3802,.T.);
#3802 = EDGE_LOOP('',(#3803,#3804,#3810,#3811));
#3803 = ORIENTED_EDGE('',*,*,#1131,.T.);
#3804 = ORIENTED_EDGE('',*,*,#3805,.T.);
#3805 = EDGE_CURVE('',#1132,#2150,#3806,.T.);
#3806 = LINE('',#3807,#3808);
#3807 = CARTESIAN_POINT('',(2.337131,41.269767,-4.6E-02));
#3808 = VECTOR('',#3809,1.);
#3809 = DIRECTION('',(0.,0.,1.));
#3810 = ORIENTED_EDGE('',*,*,#2149,.F.);
#3811 = ORIENTED_EDGE('',*,*,#3805,.F.);
#3812 = CYLINDRICAL_SURFACE('',#3813,0.8509);
#3813 = AXIS2_PLACEMENT_3D('',#3814,#3815,#3816);
#3814 = CARTESIAN_POINT('',(2.337131,42.120667,-4.6E-02));
#3815 = DIRECTION('',(-0.,-0.,-1.));
#3816 = DIRECTION('',(-5.219052883418E-16,-1.,0.));
#3817 = ADVANCED_FACE('',(#3818),#3829,.F.);
#3818 = FACE_BOUND('',#3819,.T.);
#3819 = EDGE_LOOP('',(#3820,#3821,#3827,#3828));
#3820 = ORIENTED_EDGE('',*,*,#1142,.T.);
#3821 = ORIENTED_EDGE('',*,*,#3822,.T.);
#3822 = EDGE_CURVE('',#1143,#2161,#3823,.T.);
#3823 = LINE('',#3824,#3825);
#3824 = CARTESIAN_POINT('',(2.585738,45.827342,-4.6E-02));
#3825 = VECTOR('',#3826,1.);
#3826 = DIRECTION('',(0.,0.,1.));
#3827 = ORIENTED_EDGE('',*,*,#2160,.F.);
#3828 = ORIENTED_EDGE('',*,*,#3822,.F.);
#3829 = CYLINDRICAL_SURFACE('',#3830,0.4953);
#3830 = AXIS2_PLACEMENT_3D('',#3831,#3832,#3833);
#3831 = CARTESIAN_POINT('',(2.585738,46.322642,-4.6E-02));
#3832 = DIRECTION('',(-0.,-0.,-1.));
#3833 = DIRECTION('',(-0.,-1.,0.));
#3834 = ( GEOMETRIC_REPRESENTATION_CONTEXT(3) 
GLOBAL_UNCERTAINTY_ASSIGNED_CONTEXT((#3838)) 
GLOBAL_UNIT_ASSIGNED_CONTEXT((#3835,#3836,#3837)) REPRESENTATION_CONTEXT
('Context #1','3D Context with UNIT and UNCERTAINTY') );
#3835 = ( LENGTH_UNIT() NAMED_UNIT(*) SI_UNIT(.MILLI.,.METRE.) );
#3836 = ( NAMED_UNIT(*) PLANE_ANGLE_UNIT() SI_UNIT($,.RADIAN.) );
#3837 = ( NAMED_UNIT(*) SI_UNIT($,.STERADIAN.) SOLID_ANGLE_UNIT() );
#3838 = UNCERTAINTY_MEASURE_WITH_UNIT(LENGTH_MEASURE(1.E-07),#3835,
  'distance_accuracy_value','confusion accuracy');
#3839 = CONTEXT_DEPENDENT_SHAPE_REPRESENTATION(#3840,#3842);
#3840 = ( REPRESENTATION_RELATIONSHIP('','',#32,#10) 
REPRESENTATION_RELATIONSHIP_WITH_TRANSFORMATION(#3841) 
SHAPE_REPRESENTATION_RELATIONSHIP() );
#3841 = ITEM_DEFINED_TRANSFORMATION('','',#11,#15);
#3842 = PRODUCT_DEFINITION_SHAPE('Placement','Placement of an item',
  #3843);
#3843 = NEXT_ASSEMBLY_USAGE_OCCURRENCE('1','=>[0:1:1:2]','',#5,#27,$);
#3844 = PRODUCT_RELATED_PRODUCT_CATEGORY('part',$,(#29));
#3845 = MECHANICAL_DESIGN_GEOMETRIC_PRESENTATION_REPRESENTATION('',(
    #3846),#3834);
#3846 = STYLED_ITEM('color',(#3847),#33);
#3847 = PRESENTATION_STYLE_ASSIGNMENT((#3848));
#3848 = SURFACE_STYLE_USAGE(.BOTH.,#3849);
#3849 = SURFACE_SIDE_STYLE('',(#3850));
#3850 = SURFACE_STYLE_FILL_AREA(#3851);
#3851 = FILL_AREA_STYLE('',(#3852));
#3852 = FILL_AREA_STYLE_COLOUR('',#3853);
#3853 = COLOUR_RGB('',0.313304153717,0.484529207832,0.410020903123);
ENDSEC;
END-ISO-10303-21;
