ISO-10303-21;
HEADER;
FILE_DESCRIPTION(('KiCad electronic assembly'),'2;1');
FILE_NAME('mesa2.step','2026-09-07T03:06:45',('Pcbnew'),('Kicad'),
  'Open CASCADE STEP processor 7.9','KiCad to STEP converter','Unknown'
  );
FILE_SCHEMA(('AUTOMOTIVE_DESIGN { 1 0 10303 214 1 1 1 1 }'));
ENDSEC;
DATA;
#1 = APPLICATION_PROTOCOL_DEFINITION('international standard',
  'automotive_design',2000,#2);
#2 = APPLICATION_CONTEXT(
  'core data for automotive mechanical design processes');
#3 = SHAPE_DEFINITION_REPRESENTATION(#4,#10);
#4 = PRODUCT_DEFINITION_SHAPE('','',#5);
#5 = PRODUCT_DEFINITION('design','',#6,#9);
#6 = PRODUCT_DEFINITION_FORMATION('','',#7);
#7 = PRODUCT('mesa2 1','mesa2 1','',(#8));
#8 = PRODUCT_CONTEXT('',#2,'mechanical');
#9 = PRODUCT_DEFINITION_CONTEXT('part definition',#2,'design');
#10 = SHAPE_REPRESENTATION('',(#11,#15),#19);
#11 = AXIS2_PLACEMENT_3D('',#12,#13,#14);
#12 = CARTESIAN_POINT('',(0.,0.,0.));
#13 = DIRECTION('',(0.,0.,1.));
#14 = DIRECTION('',(1.,0.,-0.));
#15 = AXIS2_PLACEMENT_3D('',#16,#17,#18);
#16 = CARTESIAN_POINT('',(0.,0.,0.));
#17 = DIRECTION('',(0.,0.,1.));
#18 = DIRECTION('',(1.,0.,-0.));
#19 = ( GEOMETRIC_REPRESENTATION_CONTEXT(3) 
GLOBAL_UNCERTAINTY_ASSIGNED_CONTEXT((#23)) GLOBAL_UNIT_ASSIGNED_CONTEXT(
(#20,#21,#22)) REPRESENTATION_CONTEXT('Context #1',
  '3D Context with UNIT and UNCERTAINTY') );
#20 = ( LENGTH_UNIT() NAMED_UNIT(*) SI_UNIT(.MILLI.,.METRE.) );
#21 = ( NAMED_UNIT(*) PLANE_ANGLE_UNIT() SI_UNIT($,.RADIAN.) );
#22 = ( NAMED_UNIT(*) SI_UNIT($,.STERADIAN.) SOLID_ANGLE_UNIT() );
#23 = UNCERTAINTY_MEASURE_WITH_UNIT(LENGTH_MEASURE(1.E-07),#20,
  'distance_accuracy_value','confusion accuracy');
#24 = PRODUCT_RELATED_PRODUCT_CATEGORY('part',$,(#7));
#25 = SHAPE_DEFINITION_REPRESENTATION(#26,#32);
#26 = PRODUCT_DEFINITION_SHAPE('','',#27);
#27 = PRODUCT_DEFINITION('design','',#28,#31);
#28 = PRODUCT_DEFINITION_FORMATION('','',#29);
#29 = PRODUCT('mesa3-right_PCB','mesa3-right_PCB','',(#30));
#30 = PRODUCT_CONTEXT('',#2,'mechanical');
#31 = PRODUCT_DEFINITION_CONTEXT('part definition',#2,'design');
#32 = ADVANCED_BREP_SHAPE_REPRESENTATION('',(#11,#33),#3330);
#33 = MANIFOLD_SOLID_BREP('',#34);
#34 = CLOSED_SHELL('',(#35,#75,#106,#137,#1022,#1907,#1924,#1941,#1958,
    #1975,#1992,#2009,#2026,#2043,#2060,#2077,#2094,#2111,#2128,#2145,
    #2162,#2174,#2191,#2208,#2225,#2242,#2259,#2276,#2293,#2310,#2327,
    #2344,#2361,#2378,#2395,#2412,#2429,#2446,#2463,#2480,#2497,#2514,
    #2531,#2548,#2565,#2582,#2599,#2616,#2633,#2650,#2667,#2684,#2701,
    #2718,#2735,#2752,#2769,#2786,#2803,#2820,#2837,#2854,#2871,#2888,
    #2905,#2922,#2939,#2956,#2973,#2990,#3007,#3024,#3041,#3058,#3075,
    #3092,#3109,#3126,#3143,#3160,#3177,#3194,#3211,#3228,#3245,#3262,
    #3279,#3296,#3313));
#35 = ADVANCED_FACE('',(#36),#70,.T.);
#36 = FACE_BOUND('',#37,.T.);
#37 = EDGE_LOOP('',(#38,#48,#56,#64));
#38 = ORIENTED_EDGE('',*,*,#39,.T.);
#39 = EDGE_CURVE('',#40,#42,#44,.T.);
#40 = VERTEX_POINT('',#41);
#41 = CARTESIAN_POINT('',(33.,52.5,0.));
#42 = VERTEX_POINT('',#43);
#43 = CARTESIAN_POINT('',(33.,52.5,1.51));
#44 = LINE('',#45,#46);
#45 = CARTESIAN_POINT('',(33.,52.5,0.));
#46 = VECTOR('',#47,1.);
#47 = DIRECTION('',(0.,0.,1.));
#48 = ORIENTED_EDGE('',*,*,#49,.T.);
#49 = EDGE_CURVE('',#42,#50,#52,.T.);
#50 = VERTEX_POINT('',#51);
#51 = CARTESIAN_POINT('',(47.,43.5,1.51));
#52 = LINE('',#53,#54);
#53 = CARTESIAN_POINT('',(33.,52.5,1.51));
#54 = VECTOR('',#55,1.);
#55 = DIRECTION('',(0.841178475377,-0.540757591313,0.));
#56 = ORIENTED_EDGE('',*,*,#57,.F.);
#57 = EDGE_CURVE('',#58,#50,#60,.T.);
#58 = VERTEX_POINT('',#59);
#59 = CARTESIAN_POINT('',(47.,43.5,0.));
#60 = LINE('',#61,#62);
#61 = CARTESIAN_POINT('',(47.,43.5,0.));
#62 = VECTOR('',#63,1.);
#63 = DIRECTION('',(0.,0.,1.));
#64 = ORIENTED_EDGE('',*,*,#65,.F.);
#65 = EDGE_CURVE('',#40,#58,#66,.T.);
#66 = LINE('',#67,#68);
#67 = CARTESIAN_POINT('',(33.,52.5,0.));
#68 = VECTOR('',#69,1.);
#69 = DIRECTION('',(0.841178475377,-0.540757591313,0.));
#70 = PLANE('',#71);
#71 = AXIS2_PLACEMENT_3D('',#72,#73,#74);
#72 = CARTESIAN_POINT('',(33.,52.5,0.));
#73 = DIRECTION('',(0.540757591313,0.841178475377,-0.));
#74 = DIRECTION('',(0.841178475377,-0.540757591313,0.));
#75 = ADVANCED_FACE('',(#76),#101,.T.);
#76 = FACE_BOUND('',#77,.T.);
#77 = EDGE_LOOP('',(#78,#88,#94,#95));
#78 = ORIENTED_EDGE('',*,*,#79,.T.);
#79 = EDGE_CURVE('',#80,#82,#84,.T.);
#80 = VERTEX_POINT('',#81);
#81 = CARTESIAN_POINT('',(15.,55.5,0.));
#82 = VERTEX_POINT('',#83);
#83 = CARTESIAN_POINT('',(15.,55.5,1.51));
#84 = LINE('',#85,#86);
#85 = CARTESIAN_POINT('',(15.,55.5,0.));
#86 = VECTOR('',#87,1.);
#87 = DIRECTION('',(0.,0.,1.));
#88 = ORIENTED_EDGE('',*,*,#89,.T.);
#89 = EDGE_CURVE('',#82,#42,#90,.T.);
#90 = LINE('',#91,#92);
#91 = CARTESIAN_POINT('',(15.,55.5,1.51));
#92 = VECTOR('',#93,1.);
#93 = DIRECTION('',(0.986393923832,-0.164398987305,0.));
#94 = ORIENTED_EDGE('',*,*,#39,.F.);
#95 = ORIENTED_EDGE('',*,*,#96,.F.);
#96 = EDGE_CURVE('',#80,#40,#97,.T.);
#97 = LINE('',#98,#99);
#98 = CARTESIAN_POINT('',(15.,55.5,0.));
#99 = VECTOR('',#100,1.);
#100 = DIRECTION('',(0.986393923832,-0.164398987305,0.));
#101 = PLANE('',#102);
#102 = AXIS2_PLACEMENT_3D('',#103,#104,#105);
#103 = CARTESIAN_POINT('',(15.,55.5,0.));
#104 = DIRECTION('',(0.164398987305,0.986393923832,-0.));
#105 = DIRECTION('',(0.986393923832,-0.164398987305,0.));
#106 = ADVANCED_FACE('',(#107),#132,.T.);
#107 = FACE_BOUND('',#108,.T.);
#108 = EDGE_LOOP('',(#109,#110,#118,#126));
#109 = ORIENTED_EDGE('',*,*,#57,.T.);
#110 = ORIENTED_EDGE('',*,*,#111,.T.);
#111 = EDGE_CURVE('',#50,#112,#114,.T.);
#112 = VERTEX_POINT('',#113);
#113 = CARTESIAN_POINT('',(62.,16.5,1.51));
#114 = LINE('',#115,#116);
#115 = CARTESIAN_POINT('',(47.,43.5,1.51));
#116 = VECTOR('',#117,1.);
#117 = DIRECTION('',(0.485642931179,-0.874157276122,0.));
#118 = ORIENTED_EDGE('',*,*,#119,.F.);
#119 = EDGE_CURVE('',#120,#112,#122,.T.);
#120 = VERTEX_POINT('',#121);
#121 = CARTESIAN_POINT('',(62.,16.5,0.));
#122 = LINE('',#123,#124);
#123 = CARTESIAN_POINT('',(62.,16.5,0.));
#124 = VECTOR('',#125,1.);
#125 = DIRECTION('',(0.,0.,1.));
#126 = ORIENTED_EDGE('',*,*,#127,.F.);
#127 = EDGE_CURVE('',#58,#120,#128,.T.);
#128 = LINE('',#129,#130);
#129 = CARTESIAN_POINT('',(47.,43.5,0.));
#130 = VECTOR('',#131,1.);
#131 = DIRECTION('',(0.485642931179,-0.874157276122,0.));
#132 = PLANE('',#133);
#133 = AXIS2_PLACEMENT_3D('',#134,#135,#136);
#134 = CARTESIAN_POINT('',(47.,43.5,0.));
#135 = DIRECTION('',(0.874157276122,0.485642931179,-0.));
#136 = DIRECTION('',(0.485642931179,-0.874157276122,0.));
#137 = ADVANCED_FACE('',(#138,#269,#280,#291,#302,#313,#324,#335,#346,
    #357,#368,#379,#390,#401,#412,#423,#434,#445,#456,#467,#478,#489,
    #500,#511,#522,#533,#544,#555,#566,#577,#588,#599,#610,#621,#632,
    #643,#654,#665,#676,#687,#698,#709,#720,#731,#742,#753,#764,#775,
    #786,#797,#808,#819,#830,#841,#852,#863,#874,#885,#896,#907,#918,
    #929,#940,#951,#962,#973,#984,#995,#1006),#1017,.F.);
#138 = FACE_BOUND('',#139,.F.);
#139 = EDGE_LOOP('',(#140,#141,#142,#150,#158,#166,#174,#182,#190,#198,
    #206,#214,#222,#230,#238,#246,#254,#262,#268));
#140 = ORIENTED_EDGE('',*,*,#65,.F.);
#141 = ORIENTED_EDGE('',*,*,#96,.F.);
#142 = ORIENTED_EDGE('',*,*,#143,.F.);
#143 = EDGE_CURVE('',#144,#80,#146,.T.);
#144 = VERTEX_POINT('',#145);
#145 = CARTESIAN_POINT('',(-10.,52.5,0.));
#146 = LINE('',#147,#148);
#147 = CARTESIAN_POINT('',(-10.,52.5,0.));
#148 = VECTOR('',#149,1.);
#149 = DIRECTION('',(0.992876838487,0.119145220618,0.));
#150 = ORIENTED_EDGE('',*,*,#151,.F.);
#151 = EDGE_CURVE('',#152,#144,#154,.T.);
#152 = VERTEX_POINT('',#153);
#153 = CARTESIAN_POINT('',(-9.,37.5,0.));
#154 = LINE('',#155,#156);
#155 = CARTESIAN_POINT('',(-9.,37.5,0.));
#156 = VECTOR('',#157,1.);
#157 = DIRECTION('',(-6.651901052377E-02,0.997785157857,0.));
#158 = ORIENTED_EDGE('',*,*,#159,.F.);
#159 = EDGE_CURVE('',#160,#152,#162,.T.);
#160 = VERTEX_POINT('',#161);
#161 = CARTESIAN_POINT('',(-38.7,23.5,0.));
#162 = LINE('',#163,#164);
#163 = CARTESIAN_POINT('',(-38.7,23.5,0.));
#164 = VECTOR('',#165,1.);
#165 = DIRECTION('',(0.904542423848,0.426383634137,0.));
#166 = ORIENTED_EDGE('',*,*,#167,.F.);
#167 = EDGE_CURVE('',#168,#160,#170,.T.);
#168 = VERTEX_POINT('',#169);
#169 = CARTESIAN_POINT('',(-62.,23.5,0.));
#170 = LINE('',#171,#172);
#171 = CARTESIAN_POINT('',(-62.,23.5,0.));
#172 = VECTOR('',#173,1.);
#173 = DIRECTION('',(1.,0.,0.));
#174 = ORIENTED_EDGE('',*,*,#175,.F.);
#175 = EDGE_CURVE('',#176,#168,#178,.T.);
#176 = VERTEX_POINT('',#177);
#177 = CARTESIAN_POINT('',(-62.,-24.5,0.));
#178 = LINE('',#179,#180);
#179 = CARTESIAN_POINT('',(-62.,-24.5,0.));
#180 = VECTOR('',#181,1.);
#181 = DIRECTION('',(0.,1.,0.));
#182 = ORIENTED_EDGE('',*,*,#183,.F.);
#183 = EDGE_CURVE('',#184,#176,#186,.T.);
#184 = VERTEX_POINT('',#185);
#185 = CARTESIAN_POINT('',(-57.,-24.5,0.));
#186 = LINE('',#187,#188);
#187 = CARTESIAN_POINT('',(-57.,-24.5,0.));
#188 = VECTOR('',#189,1.);
#189 = DIRECTION('',(-1.,0.,0.));
#190 = ORIENTED_EDGE('',*,*,#191,.F.);
#191 = EDGE_CURVE('',#192,#184,#194,.T.);
#192 = VERTEX_POINT('',#193);
#193 = CARTESIAN_POINT('',(-57.,-29.5,0.));
#194 = LINE('',#195,#196);
#195 = CARTESIAN_POINT('',(-57.,-29.5,0.));
#196 = VECTOR('',#197,1.);
#197 = DIRECTION('',(0.,1.,0.));
#198 = ORIENTED_EDGE('',*,*,#199,.F.);
#199 = EDGE_CURVE('',#200,#192,#202,.T.);
#200 = VERTEX_POINT('',#201);
#201 = CARTESIAN_POINT('',(-62.,-29.5,0.));
#202 = LINE('',#203,#204);
#203 = CARTESIAN_POINT('',(-62.,-29.5,0.));
#204 = VECTOR('',#205,1.);
#205 = DIRECTION('',(1.,0.,0.));
#206 = ORIENTED_EDGE('',*,*,#207,.F.);
#207 = EDGE_CURVE('',#208,#200,#210,.T.);
#208 = VERTEX_POINT('',#209);
#209 = CARTESIAN_POINT('',(-62.,-37.5,0.));
#210 = LINE('',#211,#212);
#211 = CARTESIAN_POINT('',(-62.,-37.5,0.));
#212 = VECTOR('',#213,1.);
#213 = DIRECTION('',(0.,1.,0.));
#214 = ORIENTED_EDGE('',*,*,#215,.F.);
#215 = EDGE_CURVE('',#216,#208,#218,.T.);
#216 = VERTEX_POINT('',#217);
#217 = CARTESIAN_POINT('',(-45.,-37.5,0.));
#218 = LINE('',#219,#220);
#219 = CARTESIAN_POINT('',(-45.,-37.5,0.));
#220 = VECTOR('',#221,1.);
#221 = DIRECTION('',(-1.,0.,0.));
#222 = ORIENTED_EDGE('',*,*,#223,.F.);
#223 = EDGE_CURVE('',#224,#216,#226,.T.);
#224 = VERTEX_POINT('',#225);
#225 = CARTESIAN_POINT('',(-29.,-55.5,0.));
#226 = LINE('',#227,#228);
#227 = CARTESIAN_POINT('',(-29.,-55.5,0.));
#228 = VECTOR('',#229,1.);
#229 = DIRECTION('',(-0.66436383883,0.747409318684,0.));
#230 = ORIENTED_EDGE('',*,*,#231,.F.);
#231 = EDGE_CURVE('',#232,#224,#234,.T.);
#232 = VERTEX_POINT('',#233);
#233 = CARTESIAN_POINT('',(1.,-29.5,0.));
#234 = LINE('',#235,#236);
#235 = CARTESIAN_POINT('',(1.,-29.5,0.));
#236 = VECTOR('',#237,1.);
#237 = DIRECTION('',(-0.75568908279,-0.654930538418,0.));
#238 = ORIENTED_EDGE('',*,*,#239,.F.);
#239 = EDGE_CURVE('',#240,#232,#242,.T.);
#240 = VERTEX_POINT('',#241);
#241 = CARTESIAN_POINT('',(-15.,-11.5,0.));
#242 = LINE('',#243,#244);
#243 = CARTESIAN_POINT('',(-15.,-11.5,0.));
#244 = VECTOR('',#245,1.);
#245 = DIRECTION('',(0.66436383883,-0.747409318684,0.));
#246 = ORIENTED_EDGE('',*,*,#247,.F.);
#247 = EDGE_CURVE('',#248,#240,#250,.T.);
#248 = VERTEX_POINT('',#249);
#249 = CARTESIAN_POINT('',(4.,0.5,0.));
#250 = LINE('',#251,#252);
#251 = CARTESIAN_POINT('',(4.,0.5,0.));
#252 = VECTOR('',#253,1.);
#253 = DIRECTION('',(-0.845488903031,-0.533992991388,0.));
#254 = ORIENTED_EDGE('',*,*,#255,.F.);
#255 = EDGE_CURVE('',#256,#248,#258,.T.);
#256 = VERTEX_POINT('',#257);
#257 = CARTESIAN_POINT('',(41.,6.5,0.));
#258 = LINE('',#259,#260);
#259 = CARTESIAN_POINT('',(41.,6.5,0.));
#260 = VECTOR('',#261,1.);
#261 = DIRECTION('',(-0.987105477748,-0.160071158554,0.));
#262 = ORIENTED_EDGE('',*,*,#263,.F.);
#263 = EDGE_CURVE('',#120,#256,#264,.T.);
#264 = LINE('',#265,#266);
#265 = CARTESIAN_POINT('',(62.,16.5,0.));
#266 = VECTOR('',#267,1.);
#267 = DIRECTION('',(-0.902860518824,-0.429933580392,0.));
#268 = ORIENTED_EDGE('',*,*,#127,.F.);
#269 = FACE_BOUND('',#270,.F.);
#270 = EDGE_LOOP('',(#271));
#271 = ORIENTED_EDGE('',*,*,#272,.T.);
#272 = EDGE_CURVE('',#273,#273,#275,.T.);
#273 = VERTEX_POINT('',#274);
#274 = CARTESIAN_POINT('',(-32.481399,-45.400361,0.));
#275 = CIRCLE('',#276,1.5);
#276 = AXIS2_PLACEMENT_3D('',#277,#278,#279);
#277 = CARTESIAN_POINT('',(-32.481399,-43.900361,0.));
#278 = DIRECTION('',(-0.,0.,-1.));
#279 = DIRECTION('',(-0.,-1.,0.));
#280 = FACE_BOUND('',#281,.F.);
#281 = EDGE_LOOP('',(#282));
#282 = ORIENTED_EDGE('',*,*,#283,.T.);
#283 = EDGE_CURVE('',#284,#284,#286,.T.);
#284 = VERTEX_POINT('',#285);
#285 = CARTESIAN_POINT('',(-34.155874,-40.200733,0.));
#286 = CIRCLE('',#287,1.5);
#287 = AXIS2_PLACEMENT_3D('',#288,#289,#290);
#288 = CARTESIAN_POINT('',(-34.155874,-38.700733,0.));
#289 = DIRECTION('',(-0.,0.,-1.));
#290 = DIRECTION('',(-0.,-1.,0.));
#291 = FACE_BOUND('',#292,.F.);
#292 = EDGE_LOOP('',(#293));
#293 = ORIENTED_EDGE('',*,*,#294,.T.);
#294 = EDGE_CURVE('',#295,#295,#297,.T.);
#295 = VERTEX_POINT('',#296);
#296 = CARTESIAN_POINT('',(-31.683594,-36.688011,0.));
#297 = CIRCLE('',#298,0.8509);
#298 = AXIS2_PLACEMENT_3D('',#299,#300,#301);
#299 = CARTESIAN_POINT('',(-31.683594,-35.837111,0.));
#300 = DIRECTION('',(-0.,0.,-1.));
#301 = DIRECTION('',(-0.,-1.,0.));
#302 = FACE_BOUND('',#303,.F.);
#303 = EDGE_LOOP('',(#304));
#304 = ORIENTED_EDGE('',*,*,#305,.T.);
#305 = EDGE_CURVE('',#306,#306,#308,.T.);
#306 = VERTEX_POINT('',#307);
#307 = CARTESIAN_POINT('',(-54.35,-34.49,0.));
#308 = CIRCLE('',#309,1.6);
#309 = AXIS2_PLACEMENT_3D('',#310,#311,#312);
#310 = CARTESIAN_POINT('',(-54.35,-32.89,0.));
#311 = DIRECTION('',(-0.,0.,-1.));
#312 = DIRECTION('',(-0.,-1.,0.));
#313 = FACE_BOUND('',#314,.F.);
#314 = EDGE_LOOP('',(#315));
#315 = ORIENTED_EDGE('',*,*,#316,.T.);
#316 = EDGE_CURVE('',#317,#317,#319,.T.);
#317 = VERTEX_POINT('',#318);
#318 = CARTESIAN_POINT('',(-48.,-32.,0.));
#319 = CIRCLE('',#320,0.38);
#320 = AXIS2_PLACEMENT_3D('',#321,#322,#323);
#321 = CARTESIAN_POINT('',(-48.,-31.62,0.));
#322 = DIRECTION('',(-0.,0.,-1.));
#323 = DIRECTION('',(-0.,-1.,0.));
#324 = FACE_BOUND('',#325,.F.);
#325 = EDGE_LOOP('',(#326));
#326 = ORIENTED_EDGE('',*,*,#327,.T.);
#327 = EDGE_CURVE('',#328,#328,#330,.T.);
#328 = VERTEX_POINT('',#329);
#329 = CARTESIAN_POINT('',(-48.,-29.46,0.));
#330 = CIRCLE('',#331,0.38);
#331 = AXIS2_PLACEMENT_3D('',#332,#333,#334);
#332 = CARTESIAN_POINT('',(-48.,-29.08,0.));
#333 = DIRECTION('',(-0.,0.,-1.));
#334 = DIRECTION('',(-0.,-1.,0.));
#335 = FACE_BOUND('',#336,.F.);
#336 = EDGE_LOOP('',(#337));
#337 = ORIENTED_EDGE('',*,*,#338,.T.);
#338 = EDGE_CURVE('',#339,#339,#341,.T.);
#339 = VERTEX_POINT('',#340);
#340 = CARTESIAN_POINT('',(-45.46,-30.73,0.));
#341 = CIRCLE('',#342,0.38);
#342 = AXIS2_PLACEMENT_3D('',#343,#344,#345);
#343 = CARTESIAN_POINT('',(-45.46,-30.35,0.));
#344 = DIRECTION('',(-0.,0.,-1.));
#345 = DIRECTION('',(-0.,-1.,0.));
#346 = FACE_BOUND('',#347,.F.);
#347 = EDGE_LOOP('',(#348));
#348 = ORIENTED_EDGE('',*,*,#349,.T.);
#349 = EDGE_CURVE('',#350,#350,#352,.T.);
#350 = VERTEX_POINT('',#351);
#351 = CARTESIAN_POINT('',(-48.,-26.92,0.));
#352 = CIRCLE('',#353,0.38);
#353 = AXIS2_PLACEMENT_3D('',#354,#355,#356);
#354 = CARTESIAN_POINT('',(-48.,-26.54,0.));
#355 = DIRECTION('',(-0.,0.,-1.));
#356 = DIRECTION('',(-0.,-1.,0.));
#357 = FACE_BOUND('',#358,.F.);
#358 = EDGE_LOOP('',(#359));
#359 = ORIENTED_EDGE('',*,*,#360,.T.);
#360 = EDGE_CURVE('',#361,#361,#363,.T.);
#361 = VERTEX_POINT('',#362);
#362 = CARTESIAN_POINT('',(-45.46,-28.19,0.));
#363 = CIRCLE('',#364,0.38);
#364 = AXIS2_PLACEMENT_3D('',#365,#366,#367);
#365 = CARTESIAN_POINT('',(-45.46,-27.81,0.));
#366 = DIRECTION('',(-0.,0.,-1.));
#367 = DIRECTION('',(-0.,-1.,0.));
#368 = FACE_BOUND('',#369,.F.);
#369 = EDGE_LOOP('',(#370));
#370 = ORIENTED_EDGE('',*,*,#371,.T.);
#371 = EDGE_CURVE('',#372,#372,#374,.T.);
#372 = VERTEX_POINT('',#373);
#373 = CARTESIAN_POINT('',(-45.46,-25.65,0.));
#374 = CIRCLE('',#375,0.38);
#375 = AXIS2_PLACEMENT_3D('',#376,#377,#378);
#376 = CARTESIAN_POINT('',(-45.46,-25.27,0.));
#377 = DIRECTION('',(-0.,0.,-1.));
#378 = DIRECTION('',(-0.,-1.,0.));
#379 = FACE_BOUND('',#380,.F.);
#380 = EDGE_LOOP('',(#381));
#381 = ORIENTED_EDGE('',*,*,#382,.T.);
#382 = EDGE_CURVE('',#383,#383,#385,.T.);
#383 = VERTEX_POINT('',#384);
#384 = CARTESIAN_POINT('',(-48.,-24.38,0.));
#385 = CIRCLE('',#386,0.38);
#386 = AXIS2_PLACEMENT_3D('',#387,#388,#389);
#387 = CARTESIAN_POINT('',(-48.,-24.,0.));
#388 = DIRECTION('',(-0.,0.,-1.));
#389 = DIRECTION('',(-0.,-1.,0.));
#390 = FACE_BOUND('',#391,.F.);
#391 = EDGE_LOOP('',(#392));
#392 = ORIENTED_EDGE('',*,*,#393,.T.);
#393 = EDGE_CURVE('',#394,#394,#396,.T.);
#394 = VERTEX_POINT('',#395);
#395 = CARTESIAN_POINT('',(-45.46,-23.11,0.));
#396 = CIRCLE('',#397,0.38);
#397 = AXIS2_PLACEMENT_3D('',#398,#399,#400);
#398 = CARTESIAN_POINT('',(-45.46,-22.73,0.));
#399 = DIRECTION('',(-0.,0.,-1.));
#400 = DIRECTION('',(-0.,-1.,0.));
#401 = FACE_BOUND('',#402,.F.);
#402 = EDGE_LOOP('',(#403));
#403 = ORIENTED_EDGE('',*,*,#404,.T.);
#404 = EDGE_CURVE('',#405,#405,#407,.T.);
#405 = VERTEX_POINT('',#406);
#406 = CARTESIAN_POINT('',(-24.380406,-44.913789,0.));
#407 = CIRCLE('',#408,0.8509);
#408 = AXIS2_PLACEMENT_3D('',#409,#410,#411);
#409 = CARTESIAN_POINT('',(-24.380406,-44.062889,0.));
#410 = DIRECTION('',(-0.,0.,-1.));
#411 = DIRECTION('',(-0.,-1.,0.));
#412 = FACE_BOUND('',#413,.F.);
#413 = EDGE_LOOP('',(#414));
#414 = ORIENTED_EDGE('',*,*,#415,.T.);
#415 = EDGE_CURVE('',#416,#416,#418,.T.);
#416 = VERTEX_POINT('',#417);
#417 = CARTESIAN_POINT('',(-28.032,-41.6645,0.));
#418 = CIRCLE('',#419,1.7145);
#419 = AXIS2_PLACEMENT_3D('',#420,#421,#422);
#420 = CARTESIAN_POINT('',(-28.032,-39.95,0.));
#421 = DIRECTION('',(-0.,0.,-1.));
#422 = DIRECTION('',(-0.,-1.,0.));
#423 = FACE_BOUND('',#424,.F.);
#424 = EDGE_LOOP('',(#425));
#425 = ORIENTED_EDGE('',*,*,#426,.T.);
#426 = EDGE_CURVE('',#427,#427,#429,.T.);
#427 = VERTEX_POINT('',#428);
#428 = CARTESIAN_POINT('',(-21.425553,-41.560316,0.));
#429 = CIRCLE('',#430,0.4953);
#430 = AXIS2_PLACEMENT_3D('',#431,#432,#433);
#431 = CARTESIAN_POINT('',(-21.425553,-41.065016,0.));
#432 = DIRECTION('',(-0.,0.,-1.));
#433 = DIRECTION('',(-0.,-1.,0.));
#434 = FACE_BOUND('',#435,.F.);
#435 = EDGE_LOOP('',(#436));
#436 = ORIENTED_EDGE('',*,*,#437,.T.);
#437 = EDGE_CURVE('',#438,#438,#440,.T.);
#438 = VERTEX_POINT('',#439);
#439 = CARTESIAN_POINT('',(-19.775199,-34.101861,0.));
#440 = CIRCLE('',#441,1.5);
#441 = AXIS2_PLACEMENT_3D('',#442,#443,#444);
#442 = CARTESIAN_POINT('',(-19.775199,-32.601861,0.));
#443 = DIRECTION('',(-0.,0.,-1.));
#444 = DIRECTION('',(-0.,-1.,0.));
#445 = FACE_BOUND('',#446,.F.);
#446 = EDGE_LOOP('',(#447));
#447 = ORIENTED_EDGE('',*,*,#448,.T.);
#448 = EDGE_CURVE('',#449,#449,#451,.T.);
#449 = VERTEX_POINT('',#450);
#450 = CARTESIAN_POINT('',(-29.,-24.6,0.));
#451 = CIRCLE('',#452,1.1);
#452 = AXIS2_PLACEMENT_3D('',#453,#454,#455);
#453 = CARTESIAN_POINT('',(-29.,-23.5,0.));
#454 = DIRECTION('',(-0.,0.,-1.));
#455 = DIRECTION('',(-0.,-1.,0.));
#456 = FACE_BOUND('',#457,.F.);
#457 = EDGE_LOOP('',(#458));
#458 = ORIENTED_EDGE('',*,*,#459,.T.);
#459 = EDGE_CURVE('',#460,#460,#462,.T.);
#460 = VERTEX_POINT('',#461);
#461 = CARTESIAN_POINT('',(-21.449674,-28.902233,0.));
#462 = CIRCLE('',#463,1.5);
#463 = AXIS2_PLACEMENT_3D('',#464,#465,#466);
#464 = CARTESIAN_POINT('',(-21.449674,-27.402233,0.));
#465 = DIRECTION('',(-0.,0.,-1.));
#466 = DIRECTION('',(-0.,-1.,0.));
#467 = FACE_BOUND('',#468,.F.);
#468 = EDGE_LOOP('',(#469));
#469 = ORIENTED_EDGE('',*,*,#470,.T.);
#470 = EDGE_CURVE('',#471,#471,#473,.T.);
#471 = VERTEX_POINT('',#472);
#472 = CARTESIAN_POINT('',(-18.977394,-25.389511,0.));
#473 = CIRCLE('',#474,0.8509);
#474 = AXIS2_PLACEMENT_3D('',#475,#476,#477);
#475 = CARTESIAN_POINT('',(-18.977394,-24.538611,0.));
#476 = DIRECTION('',(-0.,0.,-1.));
#477 = DIRECTION('',(-0.,-1.,0.));
#478 = FACE_BOUND('',#479,.F.);
#479 = EDGE_LOOP('',(#480));
#480 = ORIENTED_EDGE('',*,*,#481,.T.);
#481 = EDGE_CURVE('',#482,#482,#484,.T.);
#482 = VERTEX_POINT('',#483);
#483 = CARTESIAN_POINT('',(-11.674206,-33.615289,0.));
#484 = CIRCLE('',#485,0.8509);
#485 = AXIS2_PLACEMENT_3D('',#486,#487,#488);
#486 = CARTESIAN_POINT('',(-11.674206,-32.764389,0.));
#487 = DIRECTION('',(-0.,0.,-1.));
#488 = DIRECTION('',(-0.,-1.,0.));
#489 = FACE_BOUND('',#490,.F.);
#490 = EDGE_LOOP('',(#491));
#491 = ORIENTED_EDGE('',*,*,#492,.T.);
#492 = EDGE_CURVE('',#493,#493,#495,.T.);
#493 = VERTEX_POINT('',#494);
#494 = CARTESIAN_POINT('',(-15.3258,-30.366,0.));
#495 = CIRCLE('',#496,1.7145);
#496 = AXIS2_PLACEMENT_3D('',#497,#498,#499);
#497 = CARTESIAN_POINT('',(-15.3258,-28.6515,0.));
#498 = DIRECTION('',(-0.,0.,-1.));
#499 = DIRECTION('',(-0.,-1.,0.));
#500 = FACE_BOUND('',#501,.F.);
#501 = EDGE_LOOP('',(#502));
#502 = ORIENTED_EDGE('',*,*,#503,.T.);
#503 = EDGE_CURVE('',#504,#504,#506,.T.);
#504 = VERTEX_POINT('',#505);
#505 = CARTESIAN_POINT('',(-8.719353,-30.261816,0.));
#506 = CIRCLE('',#507,0.4953);
#507 = AXIS2_PLACEMENT_3D('',#508,#509,#510);
#508 = CARTESIAN_POINT('',(-8.719353,-29.766516,0.));
#509 = DIRECTION('',(-0.,0.,-1.));
#510 = DIRECTION('',(-0.,-1.,0.));
#511 = FACE_BOUND('',#512,.F.);
#512 = EDGE_LOOP('',(#513));
#513 = ORIENTED_EDGE('',*,*,#514,.T.);
#514 = EDGE_CURVE('',#515,#515,#517,.T.);
#515 = VERTEX_POINT('',#516);
#516 = CARTESIAN_POINT('',(-54.35,-23.06,0.));
#517 = CIRCLE('',#518,1.6);
#518 = AXIS2_PLACEMENT_3D('',#519,#520,#521);
#519 = CARTESIAN_POINT('',(-54.35,-21.46,0.));
#520 = DIRECTION('',(-0.,0.,-1.));
#521 = DIRECTION('',(-0.,-1.,0.));
#522 = FACE_BOUND('',#523,.F.);
#523 = EDGE_LOOP('',(#524));
#524 = ORIENTED_EDGE('',*,*,#525,.T.);
#525 = EDGE_CURVE('',#526,#526,#528,.T.);
#526 = VERTEX_POINT('',#527);
#527 = CARTESIAN_POINT('',(-10.260543,-1.861777,0.));
#528 = CIRCLE('',#529,1.5);
#529 = AXIS2_PLACEMENT_3D('',#530,#531,#532);
#530 = CARTESIAN_POINT('',(-10.260543,-0.361777,0.));
#531 = DIRECTION('',(-0.,0.,-1.));
#532 = DIRECTION('',(-0.,-1.,0.));
#533 = FACE_BOUND('',#534,.F.);
#534 = EDGE_LOOP('',(#535));
#535 = ORIENTED_EDGE('',*,*,#536,.T.);
#536 = EDGE_CURVE('',#537,#537,#539,.T.);
#537 = VERTEX_POINT('',#538);
#538 = CARTESIAN_POINT('',(-4.85448,-1.077886,0.));
#539 = CIRCLE('',#540,1.5);
#540 = AXIS2_PLACEMENT_3D('',#541,#542,#543);
#541 = CARTESIAN_POINT('',(-4.85448,0.422114,0.));
#542 = DIRECTION('',(-0.,0.,-1.));
#543 = DIRECTION('',(-0.,-1.,0.));
#544 = FACE_BOUND('',#545,.F.);
#545 = EDGE_LOOP('',(#546));
#546 = ORIENTED_EDGE('',*,*,#547,.T.);
#547 = EDGE_CURVE('',#548,#548,#550,.T.);
#548 = VERTEX_POINT('',#549);
#549 = CARTESIAN_POINT('',(-12.671765,1.702544,0.));
#550 = CIRCLE('',#551,0.8509);
#551 = AXIS2_PLACEMENT_3D('',#552,#553,#554);
#552 = CARTESIAN_POINT('',(-12.671765,2.553444,0.));
#553 = DIRECTION('',(-0.,0.,-1.));
#554 = DIRECTION('',(-0.,-1.,0.));
#555 = FACE_BOUND('',#556,.F.);
#556 = EDGE_LOOP('',(#557));
#557 = ORIENTED_EDGE('',*,*,#558,.T.);
#558 = EDGE_CURVE('',#559,#559,#561,.T.);
#559 = VERTEX_POINT('',#560);
#560 = CARTESIAN_POINT('',(-8.0075,3.7535,0.));
#561 = CIRCLE('',#562,1.7145);
#562 = AXIS2_PLACEMENT_3D('',#563,#564,#565);
#563 = CARTESIAN_POINT('',(-8.0075,5.468,0.));
#564 = DIRECTION('',(-0.,0.,-1.));
#565 = DIRECTION('',(-0.,-1.,0.));
#566 = FACE_BOUND('',#567,.F.);
#567 = EDGE_LOOP('',(#568));
#568 = ORIENTED_EDGE('',*,*,#569,.T.);
#569 = EDGE_CURVE('',#570,#570,#572,.T.);
#570 = VERTEX_POINT('',#571);
#571 = CARTESIAN_POINT('',(-3.343235,7.531656,0.));
#572 = CIRCLE('',#573,0.8509);
#573 = AXIS2_PLACEMENT_3D('',#574,#575,#576);
#574 = CARTESIAN_POINT('',(-3.343235,8.382556,0.));
#575 = DIRECTION('',(-0.,0.,-1.));
#576 = DIRECTION('',(-0.,-1.,0.));
#577 = FACE_BOUND('',#578,.F.);
#578 = EDGE_LOOP('',(#579));
#579 = ORIENTED_EDGE('',*,*,#580,.T.);
#580 = EDGE_CURVE('',#581,#581,#583,.T.);
#581 = VERTEX_POINT('',#582);
#582 = CARTESIAN_POINT('',(-5.80635,11.300681,0.));
#583 = CIRCLE('',#584,0.4953);
#584 = AXIS2_PLACEMENT_3D('',#585,#586,#587);
#585 = CARTESIAN_POINT('',(-5.80635,11.795981,0.));
#586 = DIRECTION('',(-0.,0.,-1.));
#587 = DIRECTION('',(-0.,-1.,0.));
#588 = FACE_BOUND('',#589,.F.);
#589 = EDGE_LOOP('',(#590));
#590 = ORIENTED_EDGE('',*,*,#591,.T.);
#591 = EDGE_CURVE('',#592,#592,#594,.T.);
#592 = VERTEX_POINT('',#593);
#593 = CARTESIAN_POINT('',(-28.,17.4,0.));
#594 = CIRCLE('',#595,1.1);
#595 = AXIS2_PLACEMENT_3D('',#596,#597,#598);
#596 = CARTESIAN_POINT('',(-28.,18.5,0.));
#597 = DIRECTION('',(-0.,0.,-1.));
#598 = DIRECTION('',(-0.,-1.,0.));
#599 = FACE_BOUND('',#600,.F.);
#600 = EDGE_LOOP('',(#601));
#601 = ORIENTED_EDGE('',*,*,#602,.T.);
#602 = EDGE_CURVE('',#603,#603,#605,.T.);
#603 = VERTEX_POINT('',#604);
#604 = CARTESIAN_POINT('',(-19.267543,12.557223,0.));
#605 = CIRCLE('',#606,1.5);
#606 = AXIS2_PLACEMENT_3D('',#607,#608,#609);
#607 = CARTESIAN_POINT('',(-19.267543,14.057223,0.));
#608 = DIRECTION('',(-0.,0.,-1.));
#609 = DIRECTION('',(-0.,-1.,0.));
#610 = FACE_BOUND('',#611,.F.);
#611 = EDGE_LOOP('',(#612));
#612 = ORIENTED_EDGE('',*,*,#613,.T.);
#613 = EDGE_CURVE('',#614,#614,#616,.T.);
#614 = VERTEX_POINT('',#615);
#615 = CARTESIAN_POINT('',(-21.678765,16.121544,0.));
#616 = CIRCLE('',#617,0.8509);
#617 = AXIS2_PLACEMENT_3D('',#618,#619,#620);
#618 = CARTESIAN_POINT('',(-21.678765,16.972444,0.));
#619 = DIRECTION('',(-0.,0.,-1.));
#620 = DIRECTION('',(-0.,-1.,0.));
#621 = FACE_BOUND('',#622,.F.);
#622 = EDGE_LOOP('',(#623));
#623 = ORIENTED_EDGE('',*,*,#624,.T.);
#624 = EDGE_CURVE('',#625,#625,#627,.T.);
#625 = VERTEX_POINT('',#626);
#626 = CARTESIAN_POINT('',(-17.0145,18.1725,0.));
#627 = CIRCLE('',#628,1.7145);
#628 = AXIS2_PLACEMENT_3D('',#629,#630,#631);
#629 = CARTESIAN_POINT('',(-17.0145,19.887,0.));
#630 = DIRECTION('',(-0.,0.,-1.));
#631 = DIRECTION('',(-2.072157292972E-15,-1.,0.));
#632 = FACE_BOUND('',#633,.F.);
#633 = EDGE_LOOP('',(#634));
#634 = ORIENTED_EDGE('',*,*,#635,.T.);
#635 = EDGE_CURVE('',#636,#636,#638,.T.);
#636 = VERTEX_POINT('',#637);
#637 = CARTESIAN_POINT('',(-13.86148,13.341114,0.));
#638 = CIRCLE('',#639,1.5);
#639 = AXIS2_PLACEMENT_3D('',#640,#641,#642);
#640 = CARTESIAN_POINT('',(-13.86148,14.841114,0.));
#641 = DIRECTION('',(-0.,0.,-1.));
#642 = DIRECTION('',(-0.,-1.,0.));
#643 = FACE_BOUND('',#644,.F.);
#644 = EDGE_LOOP('',(#645));
#645 = ORIENTED_EDGE('',*,*,#646,.T.);
#646 = EDGE_CURVE('',#647,#647,#649,.T.);
#647 = VERTEX_POINT('',#648);
#648 = CARTESIAN_POINT('',(-12.350235,21.950656,0.));
#649 = CIRCLE('',#650,0.8509);
#650 = AXIS2_PLACEMENT_3D('',#651,#652,#653);
#651 = CARTESIAN_POINT('',(-12.350235,22.801556,0.));
#652 = DIRECTION('',(-0.,0.,-1.));
#653 = DIRECTION('',(2.087621153367E-15,-1.,-0.));
#654 = FACE_BOUND('',#655,.F.);
#655 = EDGE_LOOP('',(#656));
#656 = ORIENTED_EDGE('',*,*,#657,.T.);
#657 = EDGE_CURVE('',#658,#658,#660,.T.);
#658 = VERTEX_POINT('',#659);
#659 = CARTESIAN_POINT('',(-14.81335,25.719681,0.));
#660 = CIRCLE('',#661,0.4953);
#661 = AXIS2_PLACEMENT_3D('',#662,#663,#664);
#662 = CARTESIAN_POINT('',(-14.81335,26.214981,0.));
#663 = DIRECTION('',(-0.,0.,-1.));
#664 = DIRECTION('',(-0.,-1.,0.));
#665 = FACE_BOUND('',#666,.F.);
#666 = EDGE_LOOP('',(#667));
#667 = ORIENTED_EDGE('',*,*,#668,.T.);
#668 = EDGE_CURVE('',#669,#669,#671,.T.);
#669 = VERTEX_POINT('',#670);
#670 = CARTESIAN_POINT('',(15.,8.4,0.));
#671 = CIRCLE('',#672,1.1);
#672 = AXIS2_PLACEMENT_3D('',#673,#674,#675);
#673 = CARTESIAN_POINT('',(15.,9.5,0.));
#674 = DIRECTION('',(-0.,0.,-1.));
#675 = DIRECTION('',(-0.,-1.,0.));
#676 = FACE_BOUND('',#677,.F.);
#677 = EDGE_LOOP('',(#678));
#678 = ORIENTED_EDGE('',*,*,#679,.T.);
#679 = EDGE_CURVE('',#680,#680,#682,.T.);
#680 = VERTEX_POINT('',#681);
#681 = CARTESIAN_POINT('',(0.756926,20.092904,0.));
#682 = CIRCLE('',#683,1.5);
#683 = AXIS2_PLACEMENT_3D('',#684,#685,#686);
#684 = CARTESIAN_POINT('',(0.756926,21.592904,0.));
#685 = DIRECTION('',(-0.,0.,-1.));
#686 = DIRECTION('',(1.480297366167E-16,-1.,-0.));
#687 = FACE_BOUND('',#688,.F.);
#688 = EDGE_LOOP('',(#689));
#689 = ORIENTED_EDGE('',*,*,#690,.T.);
#690 = EDGE_CURVE('',#691,#691,#693,.T.);
#691 = VERTEX_POINT('',#692);
#692 = CARTESIAN_POINT('',(5.993233,18.536918,0.));
#693 = CIRCLE('',#694,1.5);
#694 = AXIS2_PLACEMENT_3D('',#695,#696,#697);
#695 = CARTESIAN_POINT('',(5.993233,20.036918,0.));
#696 = DIRECTION('',(-0.,0.,-1.));
#697 = DIRECTION('',(-0.,-1.,0.));
#698 = FACE_BOUND('',#699,.F.);
#699 = EDGE_LOOP('',(#700));
#700 = ORIENTED_EDGE('',*,*,#701,.T.);
#701 = EDGE_CURVE('',#702,#702,#704,.T.);
#702 = VERTEX_POINT('',#703);
#703 = CARTESIAN_POINT('',(24.255965,16.940663,0.));
#704 = CIRCLE('',#705,1.5);
#705 = AXIS2_PLACEMENT_3D('',#706,#707,#708);
#706 = CARTESIAN_POINT('',(24.255965,18.440663,0.));
#707 = DIRECTION('',(-0.,0.,-1.));
#708 = DIRECTION('',(-0.,-1.,0.));
#709 = FACE_BOUND('',#710,.F.);
#710 = EDGE_LOOP('',(#711));
#711 = ORIENTED_EDGE('',*,*,#712,.T.);
#712 = EDGE_CURVE('',#713,#713,#715,.T.);
#713 = VERTEX_POINT('',#714);
#714 = CARTESIAN_POINT('',(19.356686,19.356666,0.));
#715 = CIRCLE('',#716,1.5);
#716 = AXIS2_PLACEMENT_3D('',#717,#718,#719);
#717 = CARTESIAN_POINT('',(19.356686,20.856666,0.));
#718 = DIRECTION('',(-0.,0.,-1.));
#719 = DIRECTION('',(-0.,-1.,0.));
#720 = FACE_BOUND('',#721,.F.);
#721 = EDGE_LOOP('',(#722));
#722 = ORIENTED_EDGE('',*,*,#723,.T.);
#723 = EDGE_CURVE('',#724,#724,#726,.T.);
#724 = VERTEX_POINT('',#725);
#725 = CARTESIAN_POINT('',(19.020735,23.774007,0.));
#726 = CIRCLE('',#727,0.8509);
#727 = AXIS2_PLACEMENT_3D('',#728,#729,#730);
#728 = CARTESIAN_POINT('',(19.020735,24.624907,0.));
#729 = DIRECTION('',(-0.,0.,-1.));
#730 = DIRECTION('',(-4.175242306735E-15,-1.,0.));
#731 = FACE_BOUND('',#732,.F.);
#732 = EDGE_LOOP('',(#733));
#733 = ORIENTED_EDGE('',*,*,#734,.T.);
#734 = EDGE_CURVE('',#735,#735,#737,.T.);
#735 = VERTEX_POINT('',#736);
#736 = CARTESIAN_POINT('',(24.5155,22.6705,0.));
#737 = CIRCLE('',#738,1.7145);
#738 = AXIS2_PLACEMENT_3D('',#739,#740,#741);
#739 = CARTESIAN_POINT('',(24.5155,24.385,0.));
#740 = DIRECTION('',(-0.,0.,-1.));
#741 = DIRECTION('',(-0.,-1.,0.));
#742 = FACE_BOUND('',#743,.F.);
#743 = EDGE_LOOP('',(#744));
#744 = ORIENTED_EDGE('',*,*,#745,.T.);
#745 = EDGE_CURVE('',#746,#746,#748,.T.);
#746 = VERTEX_POINT('',#747);
#747 = CARTESIAN_POINT('',(30.010265,23.294193,0.));
#748 = CIRCLE('',#749,0.8509);
#749 = AXIS2_PLACEMENT_3D('',#750,#751,#752);
#750 = CARTESIAN_POINT('',(30.010265,24.145093,0.));
#751 = DIRECTION('',(-0.,0.,-1.));
#752 = DIRECTION('',(-0.,-1.,0.));
#753 = FACE_BOUND('',#754,.F.);
#754 = EDGE_LOOP('',(#755));
#755 = ORIENTED_EDGE('',*,*,#756,.T.);
#756 = EDGE_CURVE('',#757,#757,#759,.T.);
#757 = VERTEX_POINT('',#758);
#758 = CARTESIAN_POINT('',(42.771728,14.166977,0.));
#759 = CIRCLE('',#760,1.5);
#760 = AXIS2_PLACEMENT_3D('',#761,#762,#763);
#761 = CARTESIAN_POINT('',(42.771728,15.666977,0.));
#762 = DIRECTION('',(-0.,0.,-1.));
#763 = DIRECTION('',(-0.,-1.,0.));
#764 = FACE_BOUND('',#765,.F.);
#765 = EDGE_LOOP('',(#766));
#766 = ORIENTED_EDGE('',*,*,#767,.T.);
#767 = EDGE_CURVE('',#768,#768,#770,.T.);
#768 = VERTEX_POINT('',#769);
#769 = CARTESIAN_POINT('',(40.61833,17.926603,0.));
#770 = CIRCLE('',#771,0.8509);
#771 = AXIS2_PLACEMENT_3D('',#772,#773,#774);
#772 = CARTESIAN_POINT('',(40.61833,18.777503,0.));
#773 = DIRECTION('',(-0.,0.,-1.));
#774 = DIRECTION('',(-0.,-1.,0.));
#775 = FACE_BOUND('',#776,.F.);
#776 = EDGE_LOOP('',(#777));
#777 = ORIENTED_EDGE('',*,*,#778,.T.);
#778 = EDGE_CURVE('',#779,#779,#781,.T.);
#779 = VERTEX_POINT('',#780);
#780 = CARTESIAN_POINT('',(48.224992,14.486234,0.));
#781 = CIRCLE('',#782,1.5);
#782 = AXIS2_PLACEMENT_3D('',#783,#784,#785);
#783 = CARTESIAN_POINT('',(48.224992,15.986234,0.));
#784 = DIRECTION('',(-0.,0.,-1.));
#785 = DIRECTION('',(-0.,-1.,0.));
#786 = FACE_BOUND('',#787,.F.);
#787 = EDGE_LOOP('',(#788));
#788 = ORIENTED_EDGE('',*,*,#789,.T.);
#789 = EDGE_CURVE('',#790,#790,#792,.T.);
#790 = VERTEX_POINT('',#791);
#791 = CARTESIAN_POINT('',(45.5145,19.5685,0.));
#792 = CIRCLE('',#793,1.7145);
#793 = AXIS2_PLACEMENT_3D('',#794,#795,#796);
#794 = CARTESIAN_POINT('',(45.5145,21.283,0.));
#795 = DIRECTION('',(-0.,0.,-1.));
#796 = DIRECTION('',(-0.,-1.,0.));
#797 = FACE_BOUND('',#798,.F.);
#798 = EDGE_LOOP('',(#799));
#799 = ORIENTED_EDGE('',*,*,#800,.T.);
#800 = EDGE_CURVE('',#801,#801,#803,.T.);
#801 = VERTEX_POINT('',#802);
#802 = CARTESIAN_POINT('',(50.41067,22.937597,0.));
#803 = CIRCLE('',#804,0.8509);
#804 = AXIS2_PLACEMENT_3D('',#805,#806,#807);
#805 = CARTESIAN_POINT('',(50.41067,23.788497,0.));
#806 = DIRECTION('',(-0.,0.,-1.));
#807 = DIRECTION('',(8.350484613469E-15,-1.,-0.));
#808 = FACE_BOUND('',#809,.F.);
#809 = EDGE_LOOP('',(#810));
#810 = ORIENTED_EDGE('',*,*,#811,.T.);
#811 = EDGE_CURVE('',#812,#812,#814,.T.);
#812 = VERTEX_POINT('',#813);
#813 = CARTESIAN_POINT('',(-0.209131,24.399767,0.));
#814 = CIRCLE('',#815,0.8509);
#815 = AXIS2_PLACEMENT_3D('',#816,#817,#818);
#816 = CARTESIAN_POINT('',(-0.209131,25.250667,0.));
#817 = DIRECTION('',(-0.,0.,-1.));
#818 = DIRECTION('',(6.523816104273E-17,-1.,-0.));
#819 = FACE_BOUND('',#820,.F.);
#820 = EDGE_LOOP('',(#821));
#821 = ORIENTED_EDGE('',*,*,#822,.T.);
#822 = EDGE_CURVE('',#823,#823,#825,.T.);
#823 = VERTEX_POINT('',#824);
#824 = CARTESIAN_POINT('',(5.2475,24.2255,0.));
#825 = CIRCLE('',#826,1.7145);
#826 = AXIS2_PLACEMENT_3D('',#827,#828,#829);
#827 = CARTESIAN_POINT('',(5.2475,25.94,0.));
#828 = DIRECTION('',(-0.,0.,-1.));
#829 = DIRECTION('',(-0.,-1.,0.));
#830 = FACE_BOUND('',#831,.F.);
#831 = EDGE_LOOP('',(#832));
#832 = ORIENTED_EDGE('',*,*,#833,.T.);
#833 = EDGE_CURVE('',#834,#834,#836,.T.);
#834 = VERTEX_POINT('',#835);
#835 = CARTESIAN_POINT('',(10.704131,25.778433,0.));
#836 = CIRCLE('',#837,0.8509);
#837 = AXIS2_PLACEMENT_3D('',#838,#839,#840);
#838 = CARTESIAN_POINT('',(10.704131,26.629333,0.));
#839 = DIRECTION('',(-0.,0.,-1.));
#840 = DIRECTION('',(-0.,-1.,0.));
#841 = FACE_BOUND('',#842,.F.);
#842 = EDGE_LOOP('',(#843));
#843 = ORIENTED_EDGE('',*,*,#844,.T.);
#844 = EDGE_CURVE('',#845,#845,#847,.T.);
#845 = VERTEX_POINT('',#846);
#846 = CARTESIAN_POINT('',(9.899939,30.265821,0.));
#847 = CIRCLE('',#848,0.4953);
#848 = AXIS2_PLACEMENT_3D('',#849,#850,#851);
#849 = CARTESIAN_POINT('',(9.899939,30.761121,0.));
#850 = DIRECTION('',(-0.,0.,-1.));
#851 = DIRECTION('',(-0.,-1.,0.));
#852 = FACE_BOUND('',#853,.F.);
#853 = EDGE_LOOP('',(#854));
#854 = ORIENTED_EDGE('',*,*,#855,.T.);
#855 = EDGE_CURVE('',#856,#856,#858,.T.);
#856 = VERTEX_POINT('',#857);
#857 = CARTESIAN_POINT('',(-1.371074,36.962904,0.));
#858 = CIRCLE('',#859,1.5);
#859 = AXIS2_PLACEMENT_3D('',#860,#861,#862);
#860 = CARTESIAN_POINT('',(-1.371074,38.462904,0.));
#861 = DIRECTION('',(-0.,0.,-1.));
#862 = DIRECTION('',(2.960594732334E-16,-1.,-0.));
#863 = FACE_BOUND('',#864,.F.);
#864 = EDGE_LOOP('',(#865));
#865 = ORIENTED_EDGE('',*,*,#866,.T.);
#866 = EDGE_CURVE('',#867,#867,#869,.T.);
#867 = VERTEX_POINT('',#868);
#868 = CARTESIAN_POINT('',(3.865233,35.406918,0.));
#869 = CIRCLE('',#870,1.5);
#870 = AXIS2_PLACEMENT_3D('',#871,#872,#873);
#871 = CARTESIAN_POINT('',(3.865233,36.906918,0.));
#872 = DIRECTION('',(-0.,0.,-1.));
#873 = DIRECTION('',(-0.,-1.,0.));
#874 = FACE_BOUND('',#875,.F.);
#875 = EDGE_LOOP('',(#876));
#876 = ORIENTED_EDGE('',*,*,#877,.T.);
#877 = EDGE_CURVE('',#878,#878,#880,.T.);
#878 = VERTEX_POINT('',#879);
#879 = CARTESIAN_POINT('',(-2.337131,41.269767,0.));
#880 = CIRCLE('',#881,0.8509);
#881 = AXIS2_PLACEMENT_3D('',#882,#883,#884);
#882 = CARTESIAN_POINT('',(-2.337131,42.120667,0.));
#883 = DIRECTION('',(-0.,0.,-1.));
#884 = DIRECTION('',(5.219052883418E-16,-1.,-0.));
#885 = FACE_BOUND('',#886,.F.);
#886 = EDGE_LOOP('',(#887));
#887 = ORIENTED_EDGE('',*,*,#888,.T.);
#888 = EDGE_CURVE('',#889,#889,#891,.T.);
#889 = VERTEX_POINT('',#890);
#890 = CARTESIAN_POINT('',(3.1195,41.0955,0.));
#891 = CIRCLE('',#892,1.7145);
#892 = AXIS2_PLACEMENT_3D('',#893,#894,#895);
#893 = CARTESIAN_POINT('',(3.1195,42.81,0.));
#894 = DIRECTION('',(-0.,0.,-1.));
#895 = DIRECTION('',(-0.,-1.,0.));
#896 = FACE_BOUND('',#897,.F.);
#897 = EDGE_LOOP('',(#898));
#898 = ORIENTED_EDGE('',*,*,#899,.T.);
#899 = EDGE_CURVE('',#900,#900,#902,.T.);
#900 = VERTEX_POINT('',#901);
#901 = CARTESIAN_POINT('',(8.576131,42.648433,0.));
#902 = CIRCLE('',#903,0.8509);
#903 = AXIS2_PLACEMENT_3D('',#904,#905,#906);
#904 = CARTESIAN_POINT('',(8.576131,43.499333,0.));
#905 = DIRECTION('',(-0.,0.,-1.));
#906 = DIRECTION('',(-0.,-1.,0.));
#907 = FACE_BOUND('',#908,.F.);
#908 = EDGE_LOOP('',(#909));
#909 = ORIENTED_EDGE('',*,*,#910,.T.);
#910 = EDGE_CURVE('',#911,#911,#913,.T.);
#911 = VERTEX_POINT('',#912);
#912 = CARTESIAN_POINT('',(7.771939,47.135821,0.));
#913 = CIRCLE('',#914,0.4953);
#914 = AXIS2_PLACEMENT_3D('',#915,#916,#917);
#915 = CARTESIAN_POINT('',(7.771939,47.631121,0.));
#916 = DIRECTION('',(-0.,0.,-1.));
#917 = DIRECTION('',(-0.,-1.,0.));
#918 = FACE_BOUND('',#919,.F.);
#919 = EDGE_LOOP('',(#920));
#920 = ORIENTED_EDGE('',*,*,#921,.T.);
#921 = EDGE_CURVE('',#922,#922,#924,.T.);
#922 = VERTEX_POINT('',#923);
#923 = CARTESIAN_POINT('',(20.108686,36.335666,0.));
#924 = CIRCLE('',#925,1.5);
#925 = AXIS2_PLACEMENT_3D('',#926,#927,#928);
#926 = CARTESIAN_POINT('',(20.108686,37.835666,0.));
#927 = DIRECTION('',(-0.,0.,-1.));
#928 = DIRECTION('',(-0.,-1.,0.));
#929 = FACE_BOUND('',#930,.F.);
#930 = EDGE_LOOP('',(#931));
#931 = ORIENTED_EDGE('',*,*,#932,.T.);
#932 = EDGE_CURVE('',#933,#933,#935,.T.);
#933 = VERTEX_POINT('',#934);
#934 = CARTESIAN_POINT('',(19.772735,40.753007,0.));
#935 = CIRCLE('',#936,0.8509);
#936 = AXIS2_PLACEMENT_3D('',#937,#938,#939);
#937 = CARTESIAN_POINT('',(19.772735,41.603907,0.));
#938 = DIRECTION('',(-0.,0.,-1.));
#939 = DIRECTION('',(-0.,-1.,0.));
#940 = FACE_BOUND('',#941,.F.);
#941 = EDGE_LOOP('',(#942));
#942 = ORIENTED_EDGE('',*,*,#943,.T.);
#943 = EDGE_CURVE('',#944,#944,#946,.T.);
#944 = VERTEX_POINT('',#945);
#945 = CARTESIAN_POINT('',(29.913733,27.858009,0.));
#946 = CIRCLE('',#947,0.4953);
#947 = AXIS2_PLACEMENT_3D('',#948,#949,#950);
#948 = CARTESIAN_POINT('',(29.913733,28.353309,0.));
#949 = DIRECTION('',(-0.,0.,-1.));
#950 = DIRECTION('',(-0.,-1.,0.));
#951 = FACE_BOUND('',#952,.F.);
#952 = EDGE_LOOP('',(#953));
#953 = ORIENTED_EDGE('',*,*,#954,.T.);
#954 = EDGE_CURVE('',#955,#955,#957,.T.);
#955 = VERTEX_POINT('',#956);
#956 = CARTESIAN_POINT('',(25.007965,33.919663,0.));
#957 = CIRCLE('',#958,1.5);
#958 = AXIS2_PLACEMENT_3D('',#959,#960,#961);
#959 = CARTESIAN_POINT('',(25.007965,35.419663,0.));
#960 = DIRECTION('',(-0.,0.,-1.));
#961 = DIRECTION('',(-0.,-1.,0.));
#962 = FACE_BOUND('',#963,.F.);
#963 = EDGE_LOOP('',(#964));
#964 = ORIENTED_EDGE('',*,*,#965,.T.);
#965 = EDGE_CURVE('',#966,#966,#968,.T.);
#966 = VERTEX_POINT('',#967);
#967 = CARTESIAN_POINT('',(48.248122,26.904538,0.));
#968 = CIRCLE('',#969,0.4953);
#969 = AXIS2_PLACEMENT_3D('',#970,#971,#972);
#970 = CARTESIAN_POINT('',(48.248122,27.399838,0.));
#971 = DIRECTION('',(-0.,0.,-1.));
#972 = DIRECTION('',(-0.,-1.,0.));
#973 = FACE_BOUND('',#974,.F.);
#974 = EDGE_LOOP('',(#975));
#975 = ORIENTED_EDGE('',*,*,#976,.T.);
#976 = EDGE_CURVE('',#977,#977,#979,.T.);
#977 = VERTEX_POINT('',#978);
#978 = CARTESIAN_POINT('',(25.2675,39.6495,0.));
#979 = CIRCLE('',#980,1.7145);
#980 = AXIS2_PLACEMENT_3D('',#981,#982,#983);
#981 = CARTESIAN_POINT('',(25.2675,41.364,0.));
#982 = DIRECTION('',(-0.,0.,-1.));
#983 = DIRECTION('',(-0.,-1.,0.));
#984 = FACE_BOUND('',#985,.F.);
#985 = EDGE_LOOP('',(#986));
#986 = ORIENTED_EDGE('',*,*,#987,.T.);
#987 = EDGE_CURVE('',#988,#988,#990,.T.);
#988 = VERTEX_POINT('',#989);
#989 = CARTESIAN_POINT('',(30.762265,40.273193,0.));
#990 = CIRCLE('',#991,0.8509);
#991 = AXIS2_PLACEMENT_3D('',#992,#993,#994);
#992 = CARTESIAN_POINT('',(30.762265,41.124093,0.));
#993 = DIRECTION('',(-0.,0.,-1.));
#994 = DIRECTION('',(-0.,-1.,0.));
#995 = FACE_BOUND('',#996,.F.);
#996 = EDGE_LOOP('',(#997));
#997 = ORIENTED_EDGE('',*,*,#998,.T.);
#998 = EDGE_CURVE('',#999,#999,#1001,.T.);
#999 = VERTEX_POINT('',#1000);
#1000 = CARTESIAN_POINT('',(30.665733,44.837009,0.));
#1001 = CIRCLE('',#1002,0.4953);
#1002 = AXIS2_PLACEMENT_3D('',#1003,#1004,#1005);
#1003 = CARTESIAN_POINT('',(30.665733,45.332309,0.));
#1004 = DIRECTION('',(-0.,0.,-1.));
#1005 = DIRECTION('',(-0.,-1.,0.));
#1006 = FACE_BOUND('',#1007,.F.);
#1007 = EDGE_LOOP('',(#1008));
#1008 = ORIENTED_EDGE('',*,*,#1009,.T.);
#1009 = EDGE_CURVE('',#1010,#1010,#1012,.T.);
#1010 = VERTEX_POINT('',#1011);
#1011 = CARTESIAN_POINT('',(40.,35.4,0.));
#1012 = CIRCLE('',#1013,1.1);
#1013 = AXIS2_PLACEMENT_3D('',#1014,#1015,#1016);
#1014 = CARTESIAN_POINT('',(40.,36.5,0.));
#1015 = DIRECTION('',(-0.,0.,-1.));
#1016 = DIRECTION('',(-0.,-1.,0.));
#1017 = PLANE('',#1018);
#1018 = AXIS2_PLACEMENT_3D('',#1019,#1020,#1021);
#1019 = CARTESIAN_POINT('',(0.,0.,0.));
#1020 = DIRECTION('',(0.,0.,1.));
#1021 = DIRECTION('',(1.,0.,-0.));
#1022 = ADVANCED_FACE('',(#1023,#1154,#1165,#1176,#1187,#1198,#1209,
    #1220,#1231,#1242,#1253,#1264,#1275,#1286,#1297,#1308,#1319,#1330,
    #1341,#1352,#1363,#1374,#1385,#1396,#1407,#1418,#1429,#1440,#1451,
    #1462,#1473,#1484,#1495,#1506,#1517,#1528,#1539,#1550,#1561,#1572,
    #1583,#1594,#1605,#1616,#1627,#1638,#1649,#1660,#1671,#1682,#1693,
    #1704,#1715,#1726,#1737,#1748,#1759,#1770,#1781,#1792,#1803,#1814,
    #1825,#1836,#1847,#1858,#1869,#1880,#1891),#1902,.T.);
#1023 = FACE_BOUND('',#1024,.T.);
#1024 = EDGE_LOOP('',(#1025,#1026,#1027,#1035,#1043,#1051,#1059,#1067,
    #1075,#1083,#1091,#1099,#1107,#1115,#1123,#1131,#1139,#1147,#1153));
#1025 = ORIENTED_EDGE('',*,*,#49,.F.);
#1026 = ORIENTED_EDGE('',*,*,#89,.F.);
#1027 = ORIENTED_EDGE('',*,*,#1028,.F.);
#1028 = EDGE_CURVE('',#1029,#82,#1031,.T.);
#1029 = VERTEX_POINT('',#1030);
#1030 = CARTESIAN_POINT('',(-10.,52.5,1.51));
#1031 = LINE('',#1032,#1033);
#1032 = CARTESIAN_POINT('',(-10.,52.5,1.51));
#1033 = VECTOR('',#1034,1.);
#1034 = DIRECTION('',(0.992876838487,0.119145220618,0.));
#1035 = ORIENTED_EDGE('',*,*,#1036,.F.);
#1036 = EDGE_CURVE('',#1037,#1029,#1039,.T.);
#1037 = VERTEX_POINT('',#1038);
#1038 = CARTESIAN_POINT('',(-9.,37.5,1.51));
#1039 = LINE('',#1040,#1041);
#1040 = CARTESIAN_POINT('',(-9.,37.5,1.51));
#1041 = VECTOR('',#1042,1.);
#1042 = DIRECTION('',(-6.651901052377E-02,0.997785157857,0.));
#1043 = ORIENTED_EDGE('',*,*,#1044,.F.);
#1044 = EDGE_CURVE('',#1045,#1037,#1047,.T.);
#1045 = VERTEX_POINT('',#1046);
#1046 = CARTESIAN_POINT('',(-38.7,23.5,1.51));
#1047 = LINE('',#1048,#1049);
#1048 = CARTESIAN_POINT('',(-38.7,23.5,1.51));
#1049 = VECTOR('',#1050,1.);
#1050 = DIRECTION('',(0.904542423848,0.426383634137,0.));
#1051 = ORIENTED_EDGE('',*,*,#1052,.F.);
#1052 = EDGE_CURVE('',#1053,#1045,#1055,.T.);
#1053 = VERTEX_POINT('',#1054);
#1054 = CARTESIAN_POINT('',(-62.,23.5,1.51));
#1055 = LINE('',#1056,#1057);
#1056 = CARTESIAN_POINT('',(-62.,23.5,1.51));
#1057 = VECTOR('',#1058,1.);
#1058 = DIRECTION('',(1.,0.,0.));
#1059 = ORIENTED_EDGE('',*,*,#1060,.F.);
#1060 = EDGE_CURVE('',#1061,#1053,#1063,.T.);
#1061 = VERTEX_POINT('',#1062);
#1062 = CARTESIAN_POINT('',(-62.,-24.5,1.51));
#1063 = LINE('',#1064,#1065);
#1064 = CARTESIAN_POINT('',(-62.,-24.5,1.51));
#1065 = VECTOR('',#1066,1.);
#1066 = DIRECTION('',(0.,1.,0.));
#1067 = ORIENTED_EDGE('',*,*,#1068,.F.);
#1068 = EDGE_CURVE('',#1069,#1061,#1071,.T.);
#1069 = VERTEX_POINT('',#1070);
#1070 = CARTESIAN_POINT('',(-57.,-24.5,1.51));
#1071 = LINE('',#1072,#1073);
#1072 = CARTESIAN_POINT('',(-57.,-24.5,1.51));
#1073 = VECTOR('',#1074,1.);
#1074 = DIRECTION('',(-1.,0.,0.));
#1075 = ORIENTED_EDGE('',*,*,#1076,.F.);
#1076 = EDGE_CURVE('',#1077,#1069,#1079,.T.);
#1077 = VERTEX_POINT('',#1078);
#1078 = CARTESIAN_POINT('',(-57.,-29.5,1.51));
#1079 = LINE('',#1080,#1081);
#1080 = CARTESIAN_POINT('',(-57.,-29.5,1.51));
#1081 = VECTOR('',#1082,1.);
#1082 = DIRECTION('',(0.,1.,0.));
#1083 = ORIENTED_EDGE('',*,*,#1084,.F.);
#1084 = EDGE_CURVE('',#1085,#1077,#1087,.T.);
#1085 = VERTEX_POINT('',#1086);
#1086 = CARTESIAN_POINT('',(-62.,-29.5,1.51));
#1087 = LINE('',#1088,#1089);
#1088 = CARTESIAN_POINT('',(-62.,-29.5,1.51));
#1089 = VECTOR('',#1090,1.);
#1090 = DIRECTION('',(1.,0.,0.));
#1091 = ORIENTED_EDGE('',*,*,#1092,.F.);
#1092 = EDGE_CURVE('',#1093,#1085,#1095,.T.);
#1093 = VERTEX_POINT('',#1094);
#1094 = CARTESIAN_POINT('',(-62.,-37.5,1.51));
#1095 = LINE('',#1096,#1097);
#1096 = CARTESIAN_POINT('',(-62.,-37.5,1.51));
#1097 = VECTOR('',#1098,1.);
#1098 = DIRECTION('',(0.,1.,0.));
#1099 = ORIENTED_EDGE('',*,*,#1100,.F.);
#1100 = EDGE_CURVE('',#1101,#1093,#1103,.T.);
#1101 = VERTEX_POINT('',#1102);
#1102 = CARTESIAN_POINT('',(-45.,-37.5,1.51));
#1103 = LINE('',#1104,#1105);
#1104 = CARTESIAN_POINT('',(-45.,-37.5,1.51));
#1105 = VECTOR('',#1106,1.);
#1106 = DIRECTION('',(-1.,0.,0.));
#1107 = ORIENTED_EDGE('',*,*,#1108,.F.);
#1108 = EDGE_CURVE('',#1109,#1101,#1111,.T.);
#1109 = VERTEX_POINT('',#1110);
#1110 = CARTESIAN_POINT('',(-29.,-55.5,1.51));
#1111 = LINE('',#1112,#1113);
#1112 = CARTESIAN_POINT('',(-29.,-55.5,1.51));
#1113 = VECTOR('',#1114,1.);
#1114 = DIRECTION('',(-0.66436383883,0.747409318684,0.));
#1115 = ORIENTED_EDGE('',*,*,#1116,.F.);
#1116 = EDGE_CURVE('',#1117,#1109,#1119,.T.);
#1117 = VERTEX_POINT('',#1118);
#1118 = CARTESIAN_POINT('',(1.,-29.5,1.51));
#1119 = LINE('',#1120,#1121);
#1120 = CARTESIAN_POINT('',(1.,-29.5,1.51));
#1121 = VECTOR('',#1122,1.);
#1122 = DIRECTION('',(-0.75568908279,-0.654930538418,0.));
#1123 = ORIENTED_EDGE('',*,*,#1124,.F.);
#1124 = EDGE_CURVE('',#1125,#1117,#1127,.T.);
#1125 = VERTEX_POINT('',#1126);
#1126 = CARTESIAN_POINT('',(-15.,-11.5,1.51));
#1127 = LINE('',#1128,#1129);
#1128 = CARTESIAN_POINT('',(-15.,-11.5,1.51));
#1129 = VECTOR('',#1130,1.);
#1130 = DIRECTION('',(0.66436383883,-0.747409318684,0.));
#1131 = ORIENTED_EDGE('',*,*,#1132,.F.);
#1132 = EDGE_CURVE('',#1133,#1125,#1135,.T.);
#1133 = VERTEX_POINT('',#1134);
#1134 = CARTESIAN_POINT('',(4.,0.5,1.51));
#1135 = LINE('',#1136,#1137);
#1136 = CARTESIAN_POINT('',(4.,0.5,1.51));
#1137 = VECTOR('',#1138,1.);
#1138 = DIRECTION('',(-0.845488903031,-0.533992991388,0.));
#1139 = ORIENTED_EDGE('',*,*,#1140,.F.);
#1140 = EDGE_CURVE('',#1141,#1133,#1143,.T.);
#1141 = VERTEX_POINT('',#1142);
#1142 = CARTESIAN_POINT('',(41.,6.5,1.51));
#1143 = LINE('',#1144,#1145);
#1144 = CARTESIAN_POINT('',(41.,6.5,1.51));
#1145 = VECTOR('',#1146,1.);
#1146 = DIRECTION('',(-0.987105477748,-0.160071158554,0.));
#1147 = ORIENTED_EDGE('',*,*,#1148,.F.);
#1148 = EDGE_CURVE('',#112,#1141,#1149,.T.);
#1149 = LINE('',#1150,#1151);
#1150 = CARTESIAN_POINT('',(62.,16.5,1.51));
#1151 = VECTOR('',#1152,1.);
#1152 = DIRECTION('',(-0.902860518824,-0.429933580392,0.));
#1153 = ORIENTED_EDGE('',*,*,#111,.F.);
#1154 = FACE_BOUND('',#1155,.T.);
#1155 = EDGE_LOOP('',(#1156));
#1156 = ORIENTED_EDGE('',*,*,#1157,.T.);
#1157 = EDGE_CURVE('',#1158,#1158,#1160,.T.);
#1158 = VERTEX_POINT('',#1159);
#1159 = CARTESIAN_POINT('',(-32.481399,-45.400361,1.51));
#1160 = CIRCLE('',#1161,1.5);
#1161 = AXIS2_PLACEMENT_3D('',#1162,#1163,#1164);
#1162 = CARTESIAN_POINT('',(-32.481399,-43.900361,1.51));
#1163 = DIRECTION('',(-0.,0.,-1.));
#1164 = DIRECTION('',(-0.,-1.,0.));
#1165 = FACE_BOUND('',#1166,.T.);
#1166 = EDGE_LOOP('',(#1167));
#1167 = ORIENTED_EDGE('',*,*,#1168,.T.);
#1168 = EDGE_CURVE('',#1169,#1169,#1171,.T.);
#1169 = VERTEX_POINT('',#1170);
#1170 = CARTESIAN_POINT('',(-34.155874,-40.200733,1.51));
#1171 = CIRCLE('',#1172,1.5);
#1172 = AXIS2_PLACEMENT_3D('',#1173,#1174,#1175);
#1173 = CARTESIAN_POINT('',(-34.155874,-38.700733,1.51));
#1174 = DIRECTION('',(-0.,0.,-1.));
#1175 = DIRECTION('',(-0.,-1.,0.));
#1176 = FACE_BOUND('',#1177,.T.);
#1177 = EDGE_LOOP('',(#1178));
#1178 = ORIENTED_EDGE('',*,*,#1179,.T.);
#1179 = EDGE_CURVE('',#1180,#1180,#1182,.T.);
#1180 = VERTEX_POINT('',#1181);
#1181 = CARTESIAN_POINT('',(-31.683594,-36.688011,1.51));
#1182 = CIRCLE('',#1183,0.8509);
#1183 = AXIS2_PLACEMENT_3D('',#1184,#1185,#1186);
#1184 = CARTESIAN_POINT('',(-31.683594,-35.837111,1.51));
#1185 = DIRECTION('',(-0.,0.,-1.));
#1186 = DIRECTION('',(-0.,-1.,0.));
#1187 = FACE_BOUND('',#1188,.T.);
#1188 = EDGE_LOOP('',(#1189));
#1189 = ORIENTED_EDGE('',*,*,#1190,.T.);
#1190 = EDGE_CURVE('',#1191,#1191,#1193,.T.);
#1191 = VERTEX_POINT('',#1192);
#1192 = CARTESIAN_POINT('',(-54.35,-34.49,1.51));
#1193 = CIRCLE('',#1194,1.6);
#1194 = AXIS2_PLACEMENT_3D('',#1195,#1196,#1197);
#1195 = CARTESIAN_POINT('',(-54.35,-32.89,1.51));
#1196 = DIRECTION('',(-0.,0.,-1.));
#1197 = DIRECTION('',(-0.,-1.,0.));
#1198 = FACE_BOUND('',#1199,.T.);
#1199 = EDGE_LOOP('',(#1200));
#1200 = ORIENTED_EDGE('',*,*,#1201,.T.);
#1201 = EDGE_CURVE('',#1202,#1202,#1204,.T.);
#1202 = VERTEX_POINT('',#1203);
#1203 = CARTESIAN_POINT('',(-48.,-32.,1.51));
#1204 = CIRCLE('',#1205,0.38);
#1205 = AXIS2_PLACEMENT_3D('',#1206,#1207,#1208);
#1206 = CARTESIAN_POINT('',(-48.,-31.62,1.51));
#1207 = DIRECTION('',(-0.,0.,-1.));
#1208 = DIRECTION('',(-0.,-1.,0.));
#1209 = FACE_BOUND('',#1210,.T.);
#1210 = EDGE_LOOP('',(#1211));
#1211 = ORIENTED_EDGE('',*,*,#1212,.T.);
#1212 = EDGE_CURVE('',#1213,#1213,#1215,.T.);
#1213 = VERTEX_POINT('',#1214);
#1214 = CARTESIAN_POINT('',(-48.,-29.46,1.51));
#1215 = CIRCLE('',#1216,0.38);
#1216 = AXIS2_PLACEMENT_3D('',#1217,#1218,#1219);
#1217 = CARTESIAN_POINT('',(-48.,-29.08,1.51));
#1218 = DIRECTION('',(-0.,0.,-1.));
#1219 = DIRECTION('',(-0.,-1.,0.));
#1220 = FACE_BOUND('',#1221,.T.);
#1221 = EDGE_LOOP('',(#1222));
#1222 = ORIENTED_EDGE('',*,*,#1223,.T.);
#1223 = EDGE_CURVE('',#1224,#1224,#1226,.T.);
#1224 = VERTEX_POINT('',#1225);
#1225 = CARTESIAN_POINT('',(-45.46,-30.73,1.51));
#1226 = CIRCLE('',#1227,0.38);
#1227 = AXIS2_PLACEMENT_3D('',#1228,#1229,#1230);
#1228 = CARTESIAN_POINT('',(-45.46,-30.35,1.51));
#1229 = DIRECTION('',(-0.,0.,-1.));
#1230 = DIRECTION('',(-0.,-1.,0.));
#1231 = FACE_BOUND('',#1232,.T.);
#1232 = EDGE_LOOP('',(#1233));
#1233 = ORIENTED_EDGE('',*,*,#1234,.T.);
#1234 = EDGE_CURVE('',#1235,#1235,#1237,.T.);
#1235 = VERTEX_POINT('',#1236);
#1236 = CARTESIAN_POINT('',(-48.,-26.92,1.51));
#1237 = CIRCLE('',#1238,0.38);
#1238 = AXIS2_PLACEMENT_3D('',#1239,#1240,#1241);
#1239 = CARTESIAN_POINT('',(-48.,-26.54,1.51));
#1240 = DIRECTION('',(-0.,0.,-1.));
#1241 = DIRECTION('',(-0.,-1.,0.));
#1242 = FACE_BOUND('',#1243,.T.);
#1243 = EDGE_LOOP('',(#1244));
#1244 = ORIENTED_EDGE('',*,*,#1245,.T.);
#1245 = EDGE_CURVE('',#1246,#1246,#1248,.T.);
#1246 = VERTEX_POINT('',#1247);
#1247 = CARTESIAN_POINT('',(-45.46,-28.19,1.51));
#1248 = CIRCLE('',#1249,0.38);
#1249 = AXIS2_PLACEMENT_3D('',#1250,#1251,#1252);
#1250 = CARTESIAN_POINT('',(-45.46,-27.81,1.51));
#1251 = DIRECTION('',(-0.,0.,-1.));
#1252 = DIRECTION('',(-0.,-1.,0.));
#1253 = FACE_BOUND('',#1254,.T.);
#1254 = EDGE_LOOP('',(#1255));
#1255 = ORIENTED_EDGE('',*,*,#1256,.T.);
#1256 = EDGE_CURVE('',#1257,#1257,#1259,.T.);
#1257 = VERTEX_POINT('',#1258);
#1258 = CARTESIAN_POINT('',(-45.46,-25.65,1.51));
#1259 = CIRCLE('',#1260,0.38);
#1260 = AXIS2_PLACEMENT_3D('',#1261,#1262,#1263);
#1261 = CARTESIAN_POINT('',(-45.46,-25.27,1.51));
#1262 = DIRECTION('',(-0.,0.,-1.));
#1263 = DIRECTION('',(-0.,-1.,0.));
#1264 = FACE_BOUND('',#1265,.T.);
#1265 = EDGE_LOOP('',(#1266));
#1266 = ORIENTED_EDGE('',*,*,#1267,.T.);
#1267 = EDGE_CURVE('',#1268,#1268,#1270,.T.);
#1268 = VERTEX_POINT('',#1269);
#1269 = CARTESIAN_POINT('',(-48.,-24.38,1.51));
#1270 = CIRCLE('',#1271,0.38);
#1271 = AXIS2_PLACEMENT_3D('',#1272,#1273,#1274);
#1272 = CARTESIAN_POINT('',(-48.,-24.,1.51));
#1273 = DIRECTION('',(-0.,0.,-1.));
#1274 = DIRECTION('',(-0.,-1.,0.));
#1275 = FACE_BOUND('',#1276,.T.);
#1276 = EDGE_LOOP('',(#1277));
#1277 = ORIENTED_EDGE('',*,*,#1278,.T.);
#1278 = EDGE_CURVE('',#1279,#1279,#1281,.T.);
#1279 = VERTEX_POINT('',#1280);
#1280 = CARTESIAN_POINT('',(-45.46,-23.11,1.51));
#1281 = CIRCLE('',#1282,0.38);
#1282 = AXIS2_PLACEMENT_3D('',#1283,#1284,#1285);
#1283 = CARTESIAN_POINT('',(-45.46,-22.73,1.51));
#1284 = DIRECTION('',(-0.,0.,-1.));
#1285 = DIRECTION('',(-0.,-1.,0.));
#1286 = FACE_BOUND('',#1287,.T.);
#1287 = EDGE_LOOP('',(#1288));
#1288 = ORIENTED_EDGE('',*,*,#1289,.T.);
#1289 = EDGE_CURVE('',#1290,#1290,#1292,.T.);
#1290 = VERTEX_POINT('',#1291);
#1291 = CARTESIAN_POINT('',(-24.380406,-44.913789,1.51));
#1292 = CIRCLE('',#1293,0.8509);
#1293 = AXIS2_PLACEMENT_3D('',#1294,#1295,#1296);
#1294 = CARTESIAN_POINT('',(-24.380406,-44.062889,1.51));
#1295 = DIRECTION('',(-0.,0.,-1.));
#1296 = DIRECTION('',(-0.,-1.,0.));
#1297 = FACE_BOUND('',#1298,.T.);
#1298 = EDGE_LOOP('',(#1299));
#1299 = ORIENTED_EDGE('',*,*,#1300,.T.);
#1300 = EDGE_CURVE('',#1301,#1301,#1303,.T.);
#1301 = VERTEX_POINT('',#1302);
#1302 = CARTESIAN_POINT('',(-28.032,-41.6645,1.51));
#1303 = CIRCLE('',#1304,1.7145);
#1304 = AXIS2_PLACEMENT_3D('',#1305,#1306,#1307);
#1305 = CARTESIAN_POINT('',(-28.032,-39.95,1.51));
#1306 = DIRECTION('',(-0.,0.,-1.));
#1307 = DIRECTION('',(-0.,-1.,0.));
#1308 = FACE_BOUND('',#1309,.T.);
#1309 = EDGE_LOOP('',(#1310));
#1310 = ORIENTED_EDGE('',*,*,#1311,.T.);
#1311 = EDGE_CURVE('',#1312,#1312,#1314,.T.);
#1312 = VERTEX_POINT('',#1313);
#1313 = CARTESIAN_POINT('',(-21.425553,-41.560316,1.51));
#1314 = CIRCLE('',#1315,0.4953);
#1315 = AXIS2_PLACEMENT_3D('',#1316,#1317,#1318);
#1316 = CARTESIAN_POINT('',(-21.425553,-41.065016,1.51));
#1317 = DIRECTION('',(-0.,0.,-1.));
#1318 = DIRECTION('',(-0.,-1.,0.));
#1319 = FACE_BOUND('',#1320,.T.);
#1320 = EDGE_LOOP('',(#1321));
#1321 = ORIENTED_EDGE('',*,*,#1322,.T.);
#1322 = EDGE_CURVE('',#1323,#1323,#1325,.T.);
#1323 = VERTEX_POINT('',#1324);
#1324 = CARTESIAN_POINT('',(-19.775199,-34.101861,1.51));
#1325 = CIRCLE('',#1326,1.5);
#1326 = AXIS2_PLACEMENT_3D('',#1327,#1328,#1329);
#1327 = CARTESIAN_POINT('',(-19.775199,-32.601861,1.51));
#1328 = DIRECTION('',(-0.,0.,-1.));
#1329 = DIRECTION('',(-0.,-1.,0.));
#1330 = FACE_BOUND('',#1331,.T.);
#1331 = EDGE_LOOP('',(#1332));
#1332 = ORIENTED_EDGE('',*,*,#1333,.T.);
#1333 = EDGE_CURVE('',#1334,#1334,#1336,.T.);
#1334 = VERTEX_POINT('',#1335);
#1335 = CARTESIAN_POINT('',(-29.,-24.6,1.51));
#1336 = CIRCLE('',#1337,1.1);
#1337 = AXIS2_PLACEMENT_3D('',#1338,#1339,#1340);
#1338 = CARTESIAN_POINT('',(-29.,-23.5,1.51));
#1339 = DIRECTION('',(-0.,0.,-1.));
#1340 = DIRECTION('',(-0.,-1.,0.));
#1341 = FACE_BOUND('',#1342,.T.);
#1342 = EDGE_LOOP('',(#1343));
#1343 = ORIENTED_EDGE('',*,*,#1344,.T.);
#1344 = EDGE_CURVE('',#1345,#1345,#1347,.T.);
#1345 = VERTEX_POINT('',#1346);
#1346 = CARTESIAN_POINT('',(-21.449674,-28.902233,1.51));
#1347 = CIRCLE('',#1348,1.5);
#1348 = AXIS2_PLACEMENT_3D('',#1349,#1350,#1351);
#1349 = CARTESIAN_POINT('',(-21.449674,-27.402233,1.51));
#1350 = DIRECTION('',(-0.,0.,-1.));
#1351 = DIRECTION('',(-0.,-1.,0.));
#1352 = FACE_BOUND('',#1353,.T.);
#1353 = EDGE_LOOP('',(#1354));
#1354 = ORIENTED_EDGE('',*,*,#1355,.T.);
#1355 = EDGE_CURVE('',#1356,#1356,#1358,.T.);
#1356 = VERTEX_POINT('',#1357);
#1357 = CARTESIAN_POINT('',(-18.977394,-25.389511,1.51));
#1358 = CIRCLE('',#1359,0.8509);
#1359 = AXIS2_PLACEMENT_3D('',#1360,#1361,#1362);
#1360 = CARTESIAN_POINT('',(-18.977394,-24.538611,1.51));
#1361 = DIRECTION('',(-0.,0.,-1.));
#1362 = DIRECTION('',(-0.,-1.,0.));
#1363 = FACE_BOUND('',#1364,.T.);
#1364 = EDGE_LOOP('',(#1365));
#1365 = ORIENTED_EDGE('',*,*,#1366,.T.);
#1366 = EDGE_CURVE('',#1367,#1367,#1369,.T.);
#1367 = VERTEX_POINT('',#1368);
#1368 = CARTESIAN_POINT('',(-11.674206,-33.615289,1.51));
#1369 = CIRCLE('',#1370,0.8509);
#1370 = AXIS2_PLACEMENT_3D('',#1371,#1372,#1373);
#1371 = CARTESIAN_POINT('',(-11.674206,-32.764389,1.51));
#1372 = DIRECTION('',(-0.,0.,-1.));
#1373 = DIRECTION('',(-0.,-1.,0.));
#1374 = FACE_BOUND('',#1375,.T.);
#1375 = EDGE_LOOP('',(#1376));
#1376 = ORIENTED_EDGE('',*,*,#1377,.T.);
#1377 = EDGE_CURVE('',#1378,#1378,#1380,.T.);
#1378 = VERTEX_POINT('',#1379);
#1379 = CARTESIAN_POINT('',(-15.3258,-30.366,1.51));
#1380 = CIRCLE('',#1381,1.7145);
#1381 = AXIS2_PLACEMENT_3D('',#1382,#1383,#1384);
#1382 = CARTESIAN_POINT('',(-15.3258,-28.6515,1.51));
#1383 = DIRECTION('',(-0.,0.,-1.));
#1384 = DIRECTION('',(-0.,-1.,0.));
#1385 = FACE_BOUND('',#1386,.T.);
#1386 = EDGE_LOOP('',(#1387));
#1387 = ORIENTED_EDGE('',*,*,#1388,.T.);
#1388 = EDGE_CURVE('',#1389,#1389,#1391,.T.);
#1389 = VERTEX_POINT('',#1390);
#1390 = CARTESIAN_POINT('',(-8.719353,-30.261816,1.51));
#1391 = CIRCLE('',#1392,0.4953);
#1392 = AXIS2_PLACEMENT_3D('',#1393,#1394,#1395);
#1393 = CARTESIAN_POINT('',(-8.719353,-29.766516,1.51));
#1394 = DIRECTION('',(-0.,0.,-1.));
#1395 = DIRECTION('',(-0.,-1.,0.));
#1396 = FACE_BOUND('',#1397,.T.);
#1397 = EDGE_LOOP('',(#1398));
#1398 = ORIENTED_EDGE('',*,*,#1399,.T.);
#1399 = EDGE_CURVE('',#1400,#1400,#1402,.T.);
#1400 = VERTEX_POINT('',#1401);
#1401 = CARTESIAN_POINT('',(-54.35,-23.06,1.51));
#1402 = CIRCLE('',#1403,1.6);
#1403 = AXIS2_PLACEMENT_3D('',#1404,#1405,#1406);
#1404 = CARTESIAN_POINT('',(-54.35,-21.46,1.51));
#1405 = DIRECTION('',(-0.,0.,-1.));
#1406 = DIRECTION('',(-0.,-1.,0.));
#1407 = FACE_BOUND('',#1408,.T.);
#1408 = EDGE_LOOP('',(#1409));
#1409 = ORIENTED_EDGE('',*,*,#1410,.T.);
#1410 = EDGE_CURVE('',#1411,#1411,#1413,.T.);
#1411 = VERTEX_POINT('',#1412);
#1412 = CARTESIAN_POINT('',(-10.260543,-1.861777,1.51));
#1413 = CIRCLE('',#1414,1.5);
#1414 = AXIS2_PLACEMENT_3D('',#1415,#1416,#1417);
#1415 = CARTESIAN_POINT('',(-10.260543,-0.361777,1.51));
#1416 = DIRECTION('',(-0.,0.,-1.));
#1417 = DIRECTION('',(-0.,-1.,0.));
#1418 = FACE_BOUND('',#1419,.T.);
#1419 = EDGE_LOOP('',(#1420));
#1420 = ORIENTED_EDGE('',*,*,#1421,.T.);
#1421 = EDGE_CURVE('',#1422,#1422,#1424,.T.);
#1422 = VERTEX_POINT('',#1423);
#1423 = CARTESIAN_POINT('',(-4.85448,-1.077886,1.51));
#1424 = CIRCLE('',#1425,1.5);
#1425 = AXIS2_PLACEMENT_3D('',#1426,#1427,#1428);
#1426 = CARTESIAN_POINT('',(-4.85448,0.422114,1.51));
#1427 = DIRECTION('',(-0.,0.,-1.));
#1428 = DIRECTION('',(-0.,-1.,0.));
#1429 = FACE_BOUND('',#1430,.T.);
#1430 = EDGE_LOOP('',(#1431));
#1431 = ORIENTED_EDGE('',*,*,#1432,.T.);
#1432 = EDGE_CURVE('',#1433,#1433,#1435,.T.);
#1433 = VERTEX_POINT('',#1434);
#1434 = CARTESIAN_POINT('',(-12.671765,1.702544,1.51));
#1435 = CIRCLE('',#1436,0.8509);
#1436 = AXIS2_PLACEMENT_3D('',#1437,#1438,#1439);
#1437 = CARTESIAN_POINT('',(-12.671765,2.553444,1.51));
#1438 = DIRECTION('',(-0.,0.,-1.));
#1439 = DIRECTION('',(-0.,-1.,0.));
#1440 = FACE_BOUND('',#1441,.T.);
#1441 = EDGE_LOOP('',(#1442));
#1442 = ORIENTED_EDGE('',*,*,#1443,.T.);
#1443 = EDGE_CURVE('',#1444,#1444,#1446,.T.);
#1444 = VERTEX_POINT('',#1445);
#1445 = CARTESIAN_POINT('',(-8.0075,3.7535,1.51));
#1446 = CIRCLE('',#1447,1.7145);
#1447 = AXIS2_PLACEMENT_3D('',#1448,#1449,#1450);
#1448 = CARTESIAN_POINT('',(-8.0075,5.468,1.51));
#1449 = DIRECTION('',(-0.,0.,-1.));
#1450 = DIRECTION('',(-0.,-1.,0.));
#1451 = FACE_BOUND('',#1452,.T.);
#1452 = EDGE_LOOP('',(#1453));
#1453 = ORIENTED_EDGE('',*,*,#1454,.T.);
#1454 = EDGE_CURVE('',#1455,#1455,#1457,.T.);
#1455 = VERTEX_POINT('',#1456);
#1456 = CARTESIAN_POINT('',(-3.343235,7.531656,1.51));
#1457 = CIRCLE('',#1458,0.8509);
#1458 = AXIS2_PLACEMENT_3D('',#1459,#1460,#1461);
#1459 = CARTESIAN_POINT('',(-3.343235,8.382556,1.51));
#1460 = DIRECTION('',(-0.,0.,-1.));
#1461 = DIRECTION('',(-0.,-1.,0.));
#1462 = FACE_BOUND('',#1463,.T.);
#1463 = EDGE_LOOP('',(#1464));
#1464 = ORIENTED_EDGE('',*,*,#1465,.T.);
#1465 = EDGE_CURVE('',#1466,#1466,#1468,.T.);
#1466 = VERTEX_POINT('',#1467);
#1467 = CARTESIAN_POINT('',(-5.80635,11.300681,1.51));
#1468 = CIRCLE('',#1469,0.4953);
#1469 = AXIS2_PLACEMENT_3D('',#1470,#1471,#1472);
#1470 = CARTESIAN_POINT('',(-5.80635,11.795981,1.51));
#1471 = DIRECTION('',(-0.,0.,-1.));
#1472 = DIRECTION('',(-0.,-1.,0.));
#1473 = FACE_BOUND('',#1474,.T.);
#1474 = EDGE_LOOP('',(#1475));
#1475 = ORIENTED_EDGE('',*,*,#1476,.T.);
#1476 = EDGE_CURVE('',#1477,#1477,#1479,.T.);
#1477 = VERTEX_POINT('',#1478);
#1478 = CARTESIAN_POINT('',(-28.,17.4,1.51));
#1479 = CIRCLE('',#1480,1.1);
#1480 = AXIS2_PLACEMENT_3D('',#1481,#1482,#1483);
#1481 = CARTESIAN_POINT('',(-28.,18.5,1.51));
#1482 = DIRECTION('',(-0.,0.,-1.));
#1483 = DIRECTION('',(-0.,-1.,0.));
#1484 = FACE_BOUND('',#1485,.T.);
#1485 = EDGE_LOOP('',(#1486));
#1486 = ORIENTED_EDGE('',*,*,#1487,.T.);
#1487 = EDGE_CURVE('',#1488,#1488,#1490,.T.);
#1488 = VERTEX_POINT('',#1489);
#1489 = CARTESIAN_POINT('',(-19.267543,12.557223,1.51));
#1490 = CIRCLE('',#1491,1.5);
#1491 = AXIS2_PLACEMENT_3D('',#1492,#1493,#1494);
#1492 = CARTESIAN_POINT('',(-19.267543,14.057223,1.51));
#1493 = DIRECTION('',(-0.,0.,-1.));
#1494 = DIRECTION('',(-0.,-1.,0.));
#1495 = FACE_BOUND('',#1496,.T.);
#1496 = EDGE_LOOP('',(#1497));
#1497 = ORIENTED_EDGE('',*,*,#1498,.T.);
#1498 = EDGE_CURVE('',#1499,#1499,#1501,.T.);
#1499 = VERTEX_POINT('',#1500);
#1500 = CARTESIAN_POINT('',(-21.678765,16.121544,1.51));
#1501 = CIRCLE('',#1502,0.8509);
#1502 = AXIS2_PLACEMENT_3D('',#1503,#1504,#1505);
#1503 = CARTESIAN_POINT('',(-21.678765,16.972444,1.51));
#1504 = DIRECTION('',(-0.,0.,-1.));
#1505 = DIRECTION('',(-0.,-1.,0.));
#1506 = FACE_BOUND('',#1507,.T.);
#1507 = EDGE_LOOP('',(#1508));
#1508 = ORIENTED_EDGE('',*,*,#1509,.T.);
#1509 = EDGE_CURVE('',#1510,#1510,#1512,.T.);
#1510 = VERTEX_POINT('',#1511);
#1511 = CARTESIAN_POINT('',(-17.0145,18.1725,1.51));
#1512 = CIRCLE('',#1513,1.7145);
#1513 = AXIS2_PLACEMENT_3D('',#1514,#1515,#1516);
#1514 = CARTESIAN_POINT('',(-17.0145,19.887,1.51));
#1515 = DIRECTION('',(-0.,0.,-1.));
#1516 = DIRECTION('',(-2.072157292972E-15,-1.,0.));
#1517 = FACE_BOUND('',#1518,.T.);
#1518 = EDGE_LOOP('',(#1519));
#1519 = ORIENTED_EDGE('',*,*,#1520,.T.);
#1520 = EDGE_CURVE('',#1521,#1521,#1523,.T.);
#1521 = VERTEX_POINT('',#1522);
#1522 = CARTESIAN_POINT('',(-13.86148,13.341114,1.51));
#1523 = CIRCLE('',#1524,1.5);
#1524 = AXIS2_PLACEMENT_3D('',#1525,#1526,#1527);
#1525 = CARTESIAN_POINT('',(-13.86148,14.841114,1.51));
#1526 = DIRECTION('',(-0.,0.,-1.));
#1527 = DIRECTION('',(-0.,-1.,0.));
#1528 = FACE_BOUND('',#1529,.T.);
#1529 = EDGE_LOOP('',(#1530));
#1530 = ORIENTED_EDGE('',*,*,#1531,.T.);
#1531 = EDGE_CURVE('',#1532,#1532,#1534,.T.);
#1532 = VERTEX_POINT('',#1533);
#1533 = CARTESIAN_POINT('',(-12.350235,21.950656,1.51));
#1534 = CIRCLE('',#1535,0.8509);
#1535 = AXIS2_PLACEMENT_3D('',#1536,#1537,#1538);
#1536 = CARTESIAN_POINT('',(-12.350235,22.801556,1.51));
#1537 = DIRECTION('',(-0.,0.,-1.));
#1538 = DIRECTION('',(2.087621153367E-15,-1.,-0.));
#1539 = FACE_BOUND('',#1540,.T.);
#1540 = EDGE_LOOP('',(#1541));
#1541 = ORIENTED_EDGE('',*,*,#1542,.T.);
#1542 = EDGE_CURVE('',#1543,#1543,#1545,.T.);
#1543 = VERTEX_POINT('',#1544);
#1544 = CARTESIAN_POINT('',(-14.81335,25.719681,1.51));
#1545 = CIRCLE('',#1546,0.4953);
#1546 = AXIS2_PLACEMENT_3D('',#1547,#1548,#1549);
#1547 = CARTESIAN_POINT('',(-14.81335,26.214981,1.51));
#1548 = DIRECTION('',(-0.,0.,-1.));
#1549 = DIRECTION('',(-0.,-1.,0.));
#1550 = FACE_BOUND('',#1551,.T.);
#1551 = EDGE_LOOP('',(#1552));
#1552 = ORIENTED_EDGE('',*,*,#1553,.T.);
#1553 = EDGE_CURVE('',#1554,#1554,#1556,.T.);
#1554 = VERTEX_POINT('',#1555);
#1555 = CARTESIAN_POINT('',(15.,8.4,1.51));
#1556 = CIRCLE('',#1557,1.1);
#1557 = AXIS2_PLACEMENT_3D('',#1558,#1559,#1560);
#1558 = CARTESIAN_POINT('',(15.,9.5,1.51));
#1559 = DIRECTION('',(-0.,0.,-1.));
#1560 = DIRECTION('',(-0.,-1.,0.));
#1561 = FACE_BOUND('',#1562,.T.);
#1562 = EDGE_LOOP('',(#1563));
#1563 = ORIENTED_EDGE('',*,*,#1564,.T.);
#1564 = EDGE_CURVE('',#1565,#1565,#1567,.T.);
#1565 = VERTEX_POINT('',#1566);
#1566 = CARTESIAN_POINT('',(0.756926,20.092904,1.51));
#1567 = CIRCLE('',#1568,1.5);
#1568 = AXIS2_PLACEMENT_3D('',#1569,#1570,#1571);
#1569 = CARTESIAN_POINT('',(0.756926,21.592904,1.51));
#1570 = DIRECTION('',(-0.,0.,-1.));
#1571 = DIRECTION('',(1.480297366167E-16,-1.,-0.));
#1572 = FACE_BOUND('',#1573,.T.);
#1573 = EDGE_LOOP('',(#1574));
#1574 = ORIENTED_EDGE('',*,*,#1575,.T.);
#1575 = EDGE_CURVE('',#1576,#1576,#1578,.T.);
#1576 = VERTEX_POINT('',#1577);
#1577 = CARTESIAN_POINT('',(5.993233,18.536918,1.51));
#1578 = CIRCLE('',#1579,1.5);
#1579 = AXIS2_PLACEMENT_3D('',#1580,#1581,#1582);
#1580 = CARTESIAN_POINT('',(5.993233,20.036918,1.51));
#1581 = DIRECTION('',(-0.,0.,-1.));
#1582 = DIRECTION('',(-0.,-1.,0.));
#1583 = FACE_BOUND('',#1584,.T.);
#1584 = EDGE_LOOP('',(#1585));
#1585 = ORIENTED_EDGE('',*,*,#1586,.T.);
#1586 = EDGE_CURVE('',#1587,#1587,#1589,.T.);
#1587 = VERTEX_POINT('',#1588);
#1588 = CARTESIAN_POINT('',(24.255965,16.940663,1.51));
#1589 = CIRCLE('',#1590,1.5);
#1590 = AXIS2_PLACEMENT_3D('',#1591,#1592,#1593);
#1591 = CARTESIAN_POINT('',(24.255965,18.440663,1.51));
#1592 = DIRECTION('',(-0.,0.,-1.));
#1593 = DIRECTION('',(-0.,-1.,0.));
#1594 = FACE_BOUND('',#1595,.T.);
#1595 = EDGE_LOOP('',(#1596));
#1596 = ORIENTED_EDGE('',*,*,#1597,.T.);
#1597 = EDGE_CURVE('',#1598,#1598,#1600,.T.);
#1598 = VERTEX_POINT('',#1599);
#1599 = CARTESIAN_POINT('',(19.356686,19.356666,1.51));
#1600 = CIRCLE('',#1601,1.5);
#1601 = AXIS2_PLACEMENT_3D('',#1602,#1603,#1604);
#1602 = CARTESIAN_POINT('',(19.356686,20.856666,1.51));
#1603 = DIRECTION('',(-0.,0.,-1.));
#1604 = DIRECTION('',(-0.,-1.,0.));
#1605 = FACE_BOUND('',#1606,.T.);
#1606 = EDGE_LOOP('',(#1607));
#1607 = ORIENTED_EDGE('',*,*,#1608,.T.);
#1608 = EDGE_CURVE('',#1609,#1609,#1611,.T.);
#1609 = VERTEX_POINT('',#1610);
#1610 = CARTESIAN_POINT('',(19.020735,23.774007,1.51));
#1611 = CIRCLE('',#1612,0.8509);
#1612 = AXIS2_PLACEMENT_3D('',#1613,#1614,#1615);
#1613 = CARTESIAN_POINT('',(19.020735,24.624907,1.51));
#1614 = DIRECTION('',(-0.,0.,-1.));
#1615 = DIRECTION('',(-4.175242306735E-15,-1.,0.));
#1616 = FACE_BOUND('',#1617,.T.);
#1617 = EDGE_LOOP('',(#1618));
#1618 = ORIENTED_EDGE('',*,*,#1619,.T.);
#1619 = EDGE_CURVE('',#1620,#1620,#1622,.T.);
#1620 = VERTEX_POINT('',#1621);
#1621 = CARTESIAN_POINT('',(24.5155,22.6705,1.51));
#1622 = CIRCLE('',#1623,1.7145);
#1623 = AXIS2_PLACEMENT_3D('',#1624,#1625,#1626);
#1624 = CARTESIAN_POINT('',(24.5155,24.385,1.51));
#1625 = DIRECTION('',(-0.,0.,-1.));
#1626 = DIRECTION('',(-0.,-1.,0.));
#1627 = FACE_BOUND('',#1628,.T.);
#1628 = EDGE_LOOP('',(#1629));
#1629 = ORIENTED_EDGE('',*,*,#1630,.T.);
#1630 = EDGE_CURVE('',#1631,#1631,#1633,.T.);
#1631 = VERTEX_POINT('',#1632);
#1632 = CARTESIAN_POINT('',(30.010265,23.294193,1.51));
#1633 = CIRCLE('',#1634,0.8509);
#1634 = AXIS2_PLACEMENT_3D('',#1635,#1636,#1637);
#1635 = CARTESIAN_POINT('',(30.010265,24.145093,1.51));
#1636 = DIRECTION('',(-0.,0.,-1.));
#1637 = DIRECTION('',(-0.,-1.,0.));
#1638 = FACE_BOUND('',#1639,.T.);
#1639 = EDGE_LOOP('',(#1640));
#1640 = ORIENTED_EDGE('',*,*,#1641,.T.);
#1641 = EDGE_CURVE('',#1642,#1642,#1644,.T.);
#1642 = VERTEX_POINT('',#1643);
#1643 = CARTESIAN_POINT('',(42.771728,14.166977,1.51));
#1644 = CIRCLE('',#1645,1.5);
#1645 = AXIS2_PLACEMENT_3D('',#1646,#1647,#1648);
#1646 = CARTESIAN_POINT('',(42.771728,15.666977,1.51));
#1647 = DIRECTION('',(-0.,0.,-1.));
#1648 = DIRECTION('',(-0.,-1.,0.));
#1649 = FACE_BOUND('',#1650,.T.);
#1650 = EDGE_LOOP('',(#1651));
#1651 = ORIENTED_EDGE('',*,*,#1652,.T.);
#1652 = EDGE_CURVE('',#1653,#1653,#1655,.T.);
#1653 = VERTEX_POINT('',#1654);
#1654 = CARTESIAN_POINT('',(40.61833,17.926603,1.51));
#1655 = CIRCLE('',#1656,0.8509);
#1656 = AXIS2_PLACEMENT_3D('',#1657,#1658,#1659);
#1657 = CARTESIAN_POINT('',(40.61833,18.777503,1.51));
#1658 = DIRECTION('',(-0.,0.,-1.));
#1659 = DIRECTION('',(-0.,-1.,0.));
#1660 = FACE_BOUND('',#1661,.T.);
#1661 = EDGE_LOOP('',(#1662));
#1662 = ORIENTED_EDGE('',*,*,#1663,.T.);
#1663 = EDGE_CURVE('',#1664,#1664,#1666,.T.);
#1664 = VERTEX_POINT('',#1665);
#1665 = CARTESIAN_POINT('',(48.224992,14.486234,1.51));
#1666 = CIRCLE('',#1667,1.5);
#1667 = AXIS2_PLACEMENT_3D('',#1668,#1669,#1670);
#1668 = CARTESIAN_POINT('',(48.224992,15.986234,1.51));
#1669 = DIRECTION('',(-0.,0.,-1.));
#1670 = DIRECTION('',(-0.,-1.,0.));
#1671 = FACE_BOUND('',#1672,.T.);
#1672 = EDGE_LOOP('',(#1673));
#1673 = ORIENTED_EDGE('',*,*,#1674,.T.);
#1674 = EDGE_CURVE('',#1675,#1675,#1677,.T.);
#1675 = VERTEX_POINT('',#1676);
#1676 = CARTESIAN_POINT('',(45.5145,19.5685,1.51));
#1677 = CIRCLE('',#1678,1.7145);
#1678 = AXIS2_PLACEMENT_3D('',#1679,#1680,#1681);
#1679 = CARTESIAN_POINT('',(45.5145,21.283,1.51));
#1680 = DIRECTION('',(-0.,0.,-1.));
#1681 = DIRECTION('',(-0.,-1.,0.));
#1682 = FACE_BOUND('',#1683,.T.);
#1683 = EDGE_LOOP('',(#1684));
#1684 = ORIENTED_EDGE('',*,*,#1685,.T.);
#1685 = EDGE_CURVE('',#1686,#1686,#1688,.T.);
#1686 = VERTEX_POINT('',#1687);
#1687 = CARTESIAN_POINT('',(50.41067,22.937597,1.51));
#1688 = CIRCLE('',#1689,0.8509);
#1689 = AXIS2_PLACEMENT_3D('',#1690,#1691,#1692);
#1690 = CARTESIAN_POINT('',(50.41067,23.788497,1.51));
#1691 = DIRECTION('',(-0.,0.,-1.));
#1692 = DIRECTION('',(8.350484613469E-15,-1.,-0.));
#1693 = FACE_BOUND('',#1694,.T.);
#1694 = EDGE_LOOP('',(#1695));
#1695 = ORIENTED_EDGE('',*,*,#1696,.T.);
#1696 = EDGE_CURVE('',#1697,#1697,#1699,.T.);
#1697 = VERTEX_POINT('',#1698);
#1698 = CARTESIAN_POINT('',(-0.209131,24.399767,1.51));
#1699 = CIRCLE('',#1700,0.8509);
#1700 = AXIS2_PLACEMENT_3D('',#1701,#1702,#1703);
#1701 = CARTESIAN_POINT('',(-0.209131,25.250667,1.51));
#1702 = DIRECTION('',(-0.,0.,-1.));
#1703 = DIRECTION('',(6.523816104273E-17,-1.,-0.));
#1704 = FACE_BOUND('',#1705,.T.);
#1705 = EDGE_LOOP('',(#1706));
#1706 = ORIENTED_EDGE('',*,*,#1707,.T.);
#1707 = EDGE_CURVE('',#1708,#1708,#1710,.T.);
#1708 = VERTEX_POINT('',#1709);
#1709 = CARTESIAN_POINT('',(5.2475,24.2255,1.51));
#1710 = CIRCLE('',#1711,1.7145);
#1711 = AXIS2_PLACEMENT_3D('',#1712,#1713,#1714);
#1712 = CARTESIAN_POINT('',(5.2475,25.94,1.51));
#1713 = DIRECTION('',(-0.,0.,-1.));
#1714 = DIRECTION('',(-0.,-1.,0.));
#1715 = FACE_BOUND('',#1716,.T.);
#1716 = EDGE_LOOP('',(#1717));
#1717 = ORIENTED_EDGE('',*,*,#1718,.T.);
#1718 = EDGE_CURVE('',#1719,#1719,#1721,.T.);
#1719 = VERTEX_POINT('',#1720);
#1720 = CARTESIAN_POINT('',(10.704131,25.778433,1.51));
#1721 = CIRCLE('',#1722,0.8509);
#1722 = AXIS2_PLACEMENT_3D('',#1723,#1724,#1725);
#1723 = CARTESIAN_POINT('',(10.704131,26.629333,1.51));
#1724 = DIRECTION('',(-0.,0.,-1.));
#1725 = DIRECTION('',(-0.,-1.,0.));
#1726 = FACE_BOUND('',#1727,.T.);
#1727 = EDGE_LOOP('',(#1728));
#1728 = ORIENTED_EDGE('',*,*,#1729,.T.);
#1729 = EDGE_CURVE('',#1730,#1730,#1732,.T.);
#1730 = VERTEX_POINT('',#1731);
#1731 = CARTESIAN_POINT('',(9.899939,30.265821,1.51));
#1732 = CIRCLE('',#1733,0.4953);
#1733 = AXIS2_PLACEMENT_3D('',#1734,#1735,#1736);
#1734 = CARTESIAN_POINT('',(9.899939,30.761121,1.51));
#1735 = DIRECTION('',(-0.,0.,-1.));
#1736 = DIRECTION('',(-0.,-1.,0.));
#1737 = FACE_BOUND('',#1738,.T.);
#1738 = EDGE_LOOP('',(#1739));
#1739 = ORIENTED_EDGE('',*,*,#1740,.T.);
#1740 = EDGE_CURVE('',#1741,#1741,#1743,.T.);
#1741 = VERTEX_POINT('',#1742);
#1742 = CARTESIAN_POINT('',(-1.371074,36.962904,1.51));
#1743 = CIRCLE('',#1744,1.5);
#1744 = AXIS2_PLACEMENT_3D('',#1745,#1746,#1747);
#1745 = CARTESIAN_POINT('',(-1.371074,38.462904,1.51));
#1746 = DIRECTION('',(-0.,0.,-1.));
#1747 = DIRECTION('',(2.960594732334E-16,-1.,-0.));
#1748 = FACE_BOUND('',#1749,.T.);
#1749 = EDGE_LOOP('',(#1750));
#1750 = ORIENTED_EDGE('',*,*,#1751,.T.);
#1751 = EDGE_CURVE('',#1752,#1752,#1754,.T.);
#1752 = VERTEX_POINT('',#1753);
#1753 = CARTESIAN_POINT('',(3.865233,35.406918,1.51));
#1754 = CIRCLE('',#1755,1.5);
#1755 = AXIS2_PLACEMENT_3D('',#1756,#1757,#1758);
#1756 = CARTESIAN_POINT('',(3.865233,36.906918,1.51));
#1757 = DIRECTION('',(-0.,0.,-1.));
#1758 = DIRECTION('',(-0.,-1.,0.));
#1759 = FACE_BOUND('',#1760,.T.);
#1760 = EDGE_LOOP('',(#1761));
#1761 = ORIENTED_EDGE('',*,*,#1762,.T.);
#1762 = EDGE_CURVE('',#1763,#1763,#1765,.T.);
#1763 = VERTEX_POINT('',#1764);
#1764 = CARTESIAN_POINT('',(-2.337131,41.269767,1.51));
#1765 = CIRCLE('',#1766,0.8509);
#1766 = AXIS2_PLACEMENT_3D('',#1767,#1768,#1769);
#1767 = CARTESIAN_POINT('',(-2.337131,42.120667,1.51));
#1768 = DIRECTION('',(-0.,0.,-1.));
#1769 = DIRECTION('',(5.219052883418E-16,-1.,-0.));
#1770 = FACE_BOUND('',#1771,.T.);
#1771 = EDGE_LOOP('',(#1772));
#1772 = ORIENTED_EDGE('',*,*,#1773,.T.);
#1773 = EDGE_CURVE('',#1774,#1774,#1776,.T.);
#1774 = VERTEX_POINT('',#1775);
#1775 = CARTESIAN_POINT('',(3.1195,41.0955,1.51));
#1776 = CIRCLE('',#1777,1.7145);
#1777 = AXIS2_PLACEMENT_3D('',#1778,#1779,#1780);
#1778 = CARTESIAN_POINT('',(3.1195,42.81,1.51));
#1779 = DIRECTION('',(-0.,0.,-1.));
#1780 = DIRECTION('',(-0.,-1.,0.));
#1781 = FACE_BOUND('',#1782,.T.);
#1782 = EDGE_LOOP('',(#1783));
#1783 = ORIENTED_EDGE('',*,*,#1784,.T.);
#1784 = EDGE_CURVE('',#1785,#1785,#1787,.T.);
#1785 = VERTEX_POINT('',#1786);
#1786 = CARTESIAN_POINT('',(8.576131,42.648433,1.51));
#1787 = CIRCLE('',#1788,0.8509);
#1788 = AXIS2_PLACEMENT_3D('',#1789,#1790,#1791);
#1789 = CARTESIAN_POINT('',(8.576131,43.499333,1.51));
#1790 = DIRECTION('',(-0.,0.,-1.));
#1791 = DIRECTION('',(-0.,-1.,0.));
#1792 = FACE_BOUND('',#1793,.T.);
#1793 = EDGE_LOOP('',(#1794));
#1794 = ORIENTED_EDGE('',*,*,#1795,.T.);
#1795 = EDGE_CURVE('',#1796,#1796,#1798,.T.);
#1796 = VERTEX_POINT('',#1797);
#1797 = CARTESIAN_POINT('',(7.771939,47.135821,1.51));
#1798 = CIRCLE('',#1799,0.4953);
#1799 = AXIS2_PLACEMENT_3D('',#1800,#1801,#1802);
#1800 = CARTESIAN_POINT('',(7.771939,47.631121,1.51));
#1801 = DIRECTION('',(-0.,0.,-1.));
#1802 = DIRECTION('',(-0.,-1.,0.));
#1803 = FACE_BOUND('',#1804,.T.);
#1804 = EDGE_LOOP('',(#1805));
#1805 = ORIENTED_EDGE('',*,*,#1806,.T.);
#1806 = EDGE_CURVE('',#1807,#1807,#1809,.T.);
#1807 = VERTEX_POINT('',#1808);
#1808 = CARTESIAN_POINT('',(20.108686,36.335666,1.51));
#1809 = CIRCLE('',#1810,1.5);
#1810 = AXIS2_PLACEMENT_3D('',#1811,#1812,#1813);
#1811 = CARTESIAN_POINT('',(20.108686,37.835666,1.51));
#1812 = DIRECTION('',(-0.,0.,-1.));
#1813 = DIRECTION('',(-0.,-1.,0.));
#1814 = FACE_BOUND('',#1815,.T.);
#1815 = EDGE_LOOP('',(#1816));
#1816 = ORIENTED_EDGE('',*,*,#1817,.T.);
#1817 = EDGE_CURVE('',#1818,#1818,#1820,.T.);
#1818 = VERTEX_POINT('',#1819);
#1819 = CARTESIAN_POINT('',(19.772735,40.753007,1.51));
#1820 = CIRCLE('',#1821,0.8509);
#1821 = AXIS2_PLACEMENT_3D('',#1822,#1823,#1824);
#1822 = CARTESIAN_POINT('',(19.772735,41.603907,1.51));
#1823 = DIRECTION('',(-0.,0.,-1.));
#1824 = DIRECTION('',(-0.,-1.,0.));
#1825 = FACE_BOUND('',#1826,.T.);
#1826 = EDGE_LOOP('',(#1827));
#1827 = ORIENTED_EDGE('',*,*,#1828,.T.);
#1828 = EDGE_CURVE('',#1829,#1829,#1831,.T.);
#1829 = VERTEX_POINT('',#1830);
#1830 = CARTESIAN_POINT('',(29.913733,27.858009,1.51));
#1831 = CIRCLE('',#1832,0.4953);
#1832 = AXIS2_PLACEMENT_3D('',#1833,#1834,#1835);
#1833 = CARTESIAN_POINT('',(29.913733,28.353309,1.51));
#1834 = DIRECTION('',(-0.,0.,-1.));
#1835 = DIRECTION('',(-0.,-1.,0.));
#1836 = FACE_BOUND('',#1837,.T.);
#1837 = EDGE_LOOP('',(#1838));
#1838 = ORIENTED_EDGE('',*,*,#1839,.T.);
#1839 = EDGE_CURVE('',#1840,#1840,#1842,.T.);
#1840 = VERTEX_POINT('',#1841);
#1841 = CARTESIAN_POINT('',(25.007965,33.919663,1.51));
#1842 = CIRCLE('',#1843,1.5);
#1843 = AXIS2_PLACEMENT_3D('',#1844,#1845,#1846);
#1844 = CARTESIAN_POINT('',(25.007965,35.419663,1.51));
#1845 = DIRECTION('',(-0.,0.,-1.));
#1846 = DIRECTION('',(-0.,-1.,0.));
#1847 = FACE_BOUND('',#1848,.T.);
#1848 = EDGE_LOOP('',(#1849));
#1849 = ORIENTED_EDGE('',*,*,#1850,.T.);
#1850 = EDGE_CURVE('',#1851,#1851,#1853,.T.);
#1851 = VERTEX_POINT('',#1852);
#1852 = CARTESIAN_POINT('',(48.248122,26.904538,1.51));
#1853 = CIRCLE('',#1854,0.4953);
#1854 = AXIS2_PLACEMENT_3D('',#1855,#1856,#1857);
#1855 = CARTESIAN_POINT('',(48.248122,27.399838,1.51));
#1856 = DIRECTION('',(-0.,0.,-1.));
#1857 = DIRECTION('',(-0.,-1.,0.));
#1858 = FACE_BOUND('',#1859,.T.);
#1859 = EDGE_LOOP('',(#1860));
#1860 = ORIENTED_EDGE('',*,*,#1861,.T.);
#1861 = EDGE_CURVE('',#1862,#1862,#1864,.T.);
#1862 = VERTEX_POINT('',#1863);
#1863 = CARTESIAN_POINT('',(25.2675,39.6495,1.51));
#1864 = CIRCLE('',#1865,1.7145);
#1865 = AXIS2_PLACEMENT_3D('',#1866,#1867,#1868);
#1866 = CARTESIAN_POINT('',(25.2675,41.364,1.51));
#1867 = DIRECTION('',(-0.,0.,-1.));
#1868 = DIRECTION('',(-0.,-1.,0.));
#1869 = FACE_BOUND('',#1870,.T.);
#1870 = EDGE_LOOP('',(#1871));
#1871 = ORIENTED_EDGE('',*,*,#1872,.T.);
#1872 = EDGE_CURVE('',#1873,#1873,#1875,.T.);
#1873 = VERTEX_POINT('',#1874);
#1874 = CARTESIAN_POINT('',(30.762265,40.273193,1.51));
#1875 = CIRCLE('',#1876,0.8509);
#1876 = AXIS2_PLACEMENT_3D('',#1877,#1878,#1879);
#1877 = CARTESIAN_POINT('',(30.762265,41.124093,1.51));
#1878 = DIRECTION('',(-0.,0.,-1.));
#1879 = DIRECTION('',(-0.,-1.,0.));
#1880 = FACE_BOUND('',#1881,.T.);
#1881 = EDGE_LOOP('',(#1882));
#1882 = ORIENTED_EDGE('',*,*,#1883,.T.);
#1883 = EDGE_CURVE('',#1884,#1884,#1886,.T.);
#1884 = VERTEX_POINT('',#1885);
#1885 = CARTESIAN_POINT('',(30.665733,44.837009,1.51));
#1886 = CIRCLE('',#1887,0.4953);
#1887 = AXIS2_PLACEMENT_3D('',#1888,#1889,#1890);
#1888 = CARTESIAN_POINT('',(30.665733,45.332309,1.51));
#1889 = DIRECTION('',(-0.,0.,-1.));
#1890 = DIRECTION('',(-0.,-1.,0.));
#1891 = FACE_BOUND('',#1892,.T.);
#1892 = EDGE_LOOP('',(#1893));
#1893 = ORIENTED_EDGE('',*,*,#1894,.T.);
#1894 = EDGE_CURVE('',#1895,#1895,#1897,.T.);
#1895 = VERTEX_POINT('',#1896);
#1896 = CARTESIAN_POINT('',(40.,35.4,1.51));
#1897 = CIRCLE('',#1898,1.1);
#1898 = AXIS2_PLACEMENT_3D('',#1899,#1900,#1901);
#1899 = CARTESIAN_POINT('',(40.,36.5,1.51));
#1900 = DIRECTION('',(-0.,0.,-1.));
#1901 = DIRECTION('',(-0.,-1.,0.));
#1902 = PLANE('',#1903);
#1903 = AXIS2_PLACEMENT_3D('',#1904,#1905,#1906);
#1904 = CARTESIAN_POINT('',(0.,0.,1.51));
#1905 = DIRECTION('',(0.,0.,1.));
#1906 = DIRECTION('',(1.,0.,-0.));
#1907 = ADVANCED_FACE('',(#1908),#1919,.T.);
#1908 = FACE_BOUND('',#1909,.T.);
#1909 = EDGE_LOOP('',(#1910,#1916,#1917,#1918));
#1910 = ORIENTED_EDGE('',*,*,#1911,.T.);
#1911 = EDGE_CURVE('',#144,#1029,#1912,.T.);
#1912 = LINE('',#1913,#1914);
#1913 = CARTESIAN_POINT('',(-10.,52.5,0.));
#1914 = VECTOR('',#1915,1.);
#1915 = DIRECTION('',(0.,0.,1.));
#1916 = ORIENTED_EDGE('',*,*,#1028,.T.);
#1917 = ORIENTED_EDGE('',*,*,#79,.F.);
#1918 = ORIENTED_EDGE('',*,*,#143,.F.);
#1919 = PLANE('',#1920);
#1920 = AXIS2_PLACEMENT_3D('',#1921,#1922,#1923);
#1921 = CARTESIAN_POINT('',(-10.,52.5,0.));
#1922 = DIRECTION('',(-0.119145220618,0.992876838487,0.));
#1923 = DIRECTION('',(0.992876838487,0.119145220618,0.));
#1924 = ADVANCED_FACE('',(#1925),#1936,.T.);
#1925 = FACE_BOUND('',#1926,.T.);
#1926 = EDGE_LOOP('',(#1927,#1928,#1929,#1935));
#1927 = ORIENTED_EDGE('',*,*,#119,.T.);
#1928 = ORIENTED_EDGE('',*,*,#1148,.T.);
#1929 = ORIENTED_EDGE('',*,*,#1930,.F.);
#1930 = EDGE_CURVE('',#256,#1141,#1931,.T.);
#1931 = LINE('',#1932,#1933);
#1932 = CARTESIAN_POINT('',(41.,6.5,0.));
#1933 = VECTOR('',#1934,1.);
#1934 = DIRECTION('',(0.,0.,1.));
#1935 = ORIENTED_EDGE('',*,*,#263,.F.);
#1936 = PLANE('',#1937);
#1937 = AXIS2_PLACEMENT_3D('',#1938,#1939,#1940);
#1938 = CARTESIAN_POINT('',(62.,16.5,0.));
#1939 = DIRECTION('',(0.429933580392,-0.902860518824,0.));
#1940 = DIRECTION('',(-0.902860518824,-0.429933580392,0.));
#1941 = ADVANCED_FACE('',(#1942),#1953,.T.);
#1942 = FACE_BOUND('',#1943,.T.);
#1943 = EDGE_LOOP('',(#1944,#1950,#1951,#1952));
#1944 = ORIENTED_EDGE('',*,*,#1945,.T.);
#1945 = EDGE_CURVE('',#152,#1037,#1946,.T.);
#1946 = LINE('',#1947,#1948);
#1947 = CARTESIAN_POINT('',(-9.,37.5,0.));
#1948 = VECTOR('',#1949,1.);
#1949 = DIRECTION('',(0.,0.,1.));
#1950 = ORIENTED_EDGE('',*,*,#1036,.T.);
#1951 = ORIENTED_EDGE('',*,*,#1911,.F.);
#1952 = ORIENTED_EDGE('',*,*,#151,.F.);
#1953 = PLANE('',#1954);
#1954 = AXIS2_PLACEMENT_3D('',#1955,#1956,#1957);
#1955 = CARTESIAN_POINT('',(-9.,37.5,0.));
#1956 = DIRECTION('',(-0.997785157857,-6.651901052377E-02,0.));
#1957 = DIRECTION('',(-6.651901052377E-02,0.997785157857,0.));
#1958 = ADVANCED_FACE('',(#1959),#1970,.T.);
#1959 = FACE_BOUND('',#1960,.T.);
#1960 = EDGE_LOOP('',(#1961,#1962,#1963,#1969));
#1961 = ORIENTED_EDGE('',*,*,#1930,.T.);
#1962 = ORIENTED_EDGE('',*,*,#1140,.T.);
#1963 = ORIENTED_EDGE('',*,*,#1964,.F.);
#1964 = EDGE_CURVE('',#248,#1133,#1965,.T.);
#1965 = LINE('',#1966,#1967);
#1966 = CARTESIAN_POINT('',(4.,0.5,0.));
#1967 = VECTOR('',#1968,1.);
#1968 = DIRECTION('',(0.,0.,1.));
#1969 = ORIENTED_EDGE('',*,*,#255,.F.);
#1970 = PLANE('',#1971);
#1971 = AXIS2_PLACEMENT_3D('',#1972,#1973,#1974);
#1972 = CARTESIAN_POINT('',(41.,6.5,0.));
#1973 = DIRECTION('',(0.160071158554,-0.987105477748,0.));
#1974 = DIRECTION('',(-0.987105477748,-0.160071158554,0.));
#1975 = ADVANCED_FACE('',(#1976),#1987,.T.);
#1976 = FACE_BOUND('',#1977,.T.);
#1977 = EDGE_LOOP('',(#1978,#1984,#1985,#1986));
#1978 = ORIENTED_EDGE('',*,*,#1979,.T.);
#1979 = EDGE_CURVE('',#160,#1045,#1980,.T.);
#1980 = LINE('',#1981,#1982);
#1981 = CARTESIAN_POINT('',(-38.7,23.5,0.));
#1982 = VECTOR('',#1983,1.);
#1983 = DIRECTION('',(0.,0.,1.));
#1984 = ORIENTED_EDGE('',*,*,#1044,.T.);
#1985 = ORIENTED_EDGE('',*,*,#1945,.F.);
#1986 = ORIENTED_EDGE('',*,*,#159,.F.);
#1987 = PLANE('',#1988);
#1988 = AXIS2_PLACEMENT_3D('',#1989,#1990,#1991);
#1989 = CARTESIAN_POINT('',(-38.7,23.5,0.));
#1990 = DIRECTION('',(-0.426383634137,0.904542423848,0.));
#1991 = DIRECTION('',(0.904542423848,0.426383634137,0.));
#1992 = ADVANCED_FACE('',(#1993),#2004,.T.);
#1993 = FACE_BOUND('',#1994,.T.);
#1994 = EDGE_LOOP('',(#1995,#1996,#1997,#2003));
#1995 = ORIENTED_EDGE('',*,*,#1964,.T.);
#1996 = ORIENTED_EDGE('',*,*,#1132,.T.);
#1997 = ORIENTED_EDGE('',*,*,#1998,.F.);
#1998 = EDGE_CURVE('',#240,#1125,#1999,.T.);
#1999 = LINE('',#2000,#2001);
#2000 = CARTESIAN_POINT('',(-15.,-11.5,0.));
#2001 = VECTOR('',#2002,1.);
#2002 = DIRECTION('',(0.,0.,1.));
#2003 = ORIENTED_EDGE('',*,*,#247,.F.);
#2004 = PLANE('',#2005);
#2005 = AXIS2_PLACEMENT_3D('',#2006,#2007,#2008);
#2006 = CARTESIAN_POINT('',(4.,0.5,0.));
#2007 = DIRECTION('',(0.533992991388,-0.845488903031,0.));
#2008 = DIRECTION('',(-0.845488903031,-0.533992991388,0.));
#2009 = ADVANCED_FACE('',(#2010),#2021,.T.);
#2010 = FACE_BOUND('',#2011,.T.);
#2011 = EDGE_LOOP('',(#2012,#2018,#2019,#2020));
#2012 = ORIENTED_EDGE('',*,*,#2013,.T.);
#2013 = EDGE_CURVE('',#168,#1053,#2014,.T.);
#2014 = LINE('',#2015,#2016);
#2015 = CARTESIAN_POINT('',(-62.,23.5,0.));
#2016 = VECTOR('',#2017,1.);
#2017 = DIRECTION('',(0.,0.,1.));
#2018 = ORIENTED_EDGE('',*,*,#1052,.T.);
#2019 = ORIENTED_EDGE('',*,*,#1979,.F.);
#2020 = ORIENTED_EDGE('',*,*,#167,.F.);
#2021 = PLANE('',#2022);
#2022 = AXIS2_PLACEMENT_3D('',#2023,#2024,#2025);
#2023 = CARTESIAN_POINT('',(-62.,23.5,0.));
#2024 = DIRECTION('',(0.,1.,0.));
#2025 = DIRECTION('',(1.,0.,0.));
#2026 = ADVANCED_FACE('',(#2027),#2038,.T.);
#2027 = FACE_BOUND('',#2028,.T.);
#2028 = EDGE_LOOP('',(#2029,#2030,#2031,#2037));
#2029 = ORIENTED_EDGE('',*,*,#1998,.T.);
#2030 = ORIENTED_EDGE('',*,*,#1124,.T.);
#2031 = ORIENTED_EDGE('',*,*,#2032,.F.);
#2032 = EDGE_CURVE('',#232,#1117,#2033,.T.);
#2033 = LINE('',#2034,#2035);
#2034 = CARTESIAN_POINT('',(1.,-29.5,0.));
#2035 = VECTOR('',#2036,1.);
#2036 = DIRECTION('',(0.,0.,1.));
#2037 = ORIENTED_EDGE('',*,*,#239,.F.);
#2038 = PLANE('',#2039);
#2039 = AXIS2_PLACEMENT_3D('',#2040,#2041,#2042);
#2040 = CARTESIAN_POINT('',(-15.,-11.5,0.));
#2041 = DIRECTION('',(0.747409318684,0.66436383883,-0.));
#2042 = DIRECTION('',(0.66436383883,-0.747409318684,0.));
#2043 = ADVANCED_FACE('',(#2044),#2055,.T.);
#2044 = FACE_BOUND('',#2045,.T.);
#2045 = EDGE_LOOP('',(#2046,#2052,#2053,#2054));
#2046 = ORIENTED_EDGE('',*,*,#2047,.T.);
#2047 = EDGE_CURVE('',#176,#1061,#2048,.T.);
#2048 = LINE('',#2049,#2050);
#2049 = CARTESIAN_POINT('',(-62.,-24.5,0.));
#2050 = VECTOR('',#2051,1.);
#2051 = DIRECTION('',(0.,0.,1.));
#2052 = ORIENTED_EDGE('',*,*,#1060,.T.);
#2053 = ORIENTED_EDGE('',*,*,#2013,.F.);
#2054 = ORIENTED_EDGE('',*,*,#175,.F.);
#2055 = PLANE('',#2056);
#2056 = AXIS2_PLACEMENT_3D('',#2057,#2058,#2059);
#2057 = CARTESIAN_POINT('',(-62.,-24.5,0.));
#2058 = DIRECTION('',(-1.,0.,0.));
#2059 = DIRECTION('',(0.,1.,0.));
#2060 = ADVANCED_FACE('',(#2061),#2072,.T.);
#2061 = FACE_BOUND('',#2062,.T.);
#2062 = EDGE_LOOP('',(#2063,#2064,#2065,#2071));
#2063 = ORIENTED_EDGE('',*,*,#2032,.T.);
#2064 = ORIENTED_EDGE('',*,*,#1116,.T.);
#2065 = ORIENTED_EDGE('',*,*,#2066,.F.);
#2066 = EDGE_CURVE('',#224,#1109,#2067,.T.);
#2067 = LINE('',#2068,#2069);
#2068 = CARTESIAN_POINT('',(-29.,-55.5,0.));
#2069 = VECTOR('',#2070,1.);
#2070 = DIRECTION('',(0.,0.,1.));
#2071 = ORIENTED_EDGE('',*,*,#231,.F.);
#2072 = PLANE('',#2073);
#2073 = AXIS2_PLACEMENT_3D('',#2074,#2075,#2076);
#2074 = CARTESIAN_POINT('',(1.,-29.5,0.));
#2075 = DIRECTION('',(0.654930538418,-0.75568908279,0.));
#2076 = DIRECTION('',(-0.75568908279,-0.654930538418,0.));
#2077 = ADVANCED_FACE('',(#2078),#2089,.T.);
#2078 = FACE_BOUND('',#2079,.T.);
#2079 = EDGE_LOOP('',(#2080,#2086,#2087,#2088));
#2080 = ORIENTED_EDGE('',*,*,#2081,.T.);
#2081 = EDGE_CURVE('',#184,#1069,#2082,.T.);
#2082 = LINE('',#2083,#2084);
#2083 = CARTESIAN_POINT('',(-57.,-24.5,0.));
#2084 = VECTOR('',#2085,1.);
#2085 = DIRECTION('',(0.,0.,1.));
#2086 = ORIENTED_EDGE('',*,*,#1068,.T.);
#2087 = ORIENTED_EDGE('',*,*,#2047,.F.);
#2088 = ORIENTED_EDGE('',*,*,#183,.F.);
#2089 = PLANE('',#2090);
#2090 = AXIS2_PLACEMENT_3D('',#2091,#2092,#2093);
#2091 = CARTESIAN_POINT('',(-57.,-24.5,0.));
#2092 = DIRECTION('',(0.,-1.,0.));
#2093 = DIRECTION('',(-1.,0.,0.));
#2094 = ADVANCED_FACE('',(#2095),#2106,.T.);
#2095 = FACE_BOUND('',#2096,.T.);
#2096 = EDGE_LOOP('',(#2097,#2098,#2099,#2105));
#2097 = ORIENTED_EDGE('',*,*,#2066,.T.);
#2098 = ORIENTED_EDGE('',*,*,#1108,.T.);
#2099 = ORIENTED_EDGE('',*,*,#2100,.F.);
#2100 = EDGE_CURVE('',#216,#1101,#2101,.T.);
#2101 = LINE('',#2102,#2103);
#2102 = CARTESIAN_POINT('',(-45.,-37.5,0.));
#2103 = VECTOR('',#2104,1.);
#2104 = DIRECTION('',(0.,0.,1.));
#2105 = ORIENTED_EDGE('',*,*,#223,.F.);
#2106 = PLANE('',#2107);
#2107 = AXIS2_PLACEMENT_3D('',#2108,#2109,#2110);
#2108 = CARTESIAN_POINT('',(-29.,-55.5,0.));
#2109 = DIRECTION('',(-0.747409318684,-0.66436383883,0.));
#2110 = DIRECTION('',(-0.66436383883,0.747409318684,0.));
#2111 = ADVANCED_FACE('',(#2112),#2123,.T.);
#2112 = FACE_BOUND('',#2113,.T.);
#2113 = EDGE_LOOP('',(#2114,#2120,#2121,#2122));
#2114 = ORIENTED_EDGE('',*,*,#2115,.T.);
#2115 = EDGE_CURVE('',#192,#1077,#2116,.T.);
#2116 = LINE('',#2117,#2118);
#2117 = CARTESIAN_POINT('',(-57.,-29.5,0.));
#2118 = VECTOR('',#2119,1.);
#2119 = DIRECTION('',(0.,0.,1.));
#2120 = ORIENTED_EDGE('',*,*,#1076,.T.);
#2121 = ORIENTED_EDGE('',*,*,#2081,.F.);
#2122 = ORIENTED_EDGE('',*,*,#191,.F.);
#2123 = PLANE('',#2124);
#2124 = AXIS2_PLACEMENT_3D('',#2125,#2126,#2127);
#2125 = CARTESIAN_POINT('',(-57.,-29.5,0.));
#2126 = DIRECTION('',(-1.,0.,0.));
#2127 = DIRECTION('',(0.,1.,0.));
#2128 = ADVANCED_FACE('',(#2129),#2140,.T.);
#2129 = FACE_BOUND('',#2130,.T.);
#2130 = EDGE_LOOP('',(#2131,#2132,#2133,#2139));
#2131 = ORIENTED_EDGE('',*,*,#2100,.T.);
#2132 = ORIENTED_EDGE('',*,*,#1100,.T.);
#2133 = ORIENTED_EDGE('',*,*,#2134,.F.);
#2134 = EDGE_CURVE('',#208,#1093,#2135,.T.);
#2135 = LINE('',#2136,#2137);
#2136 = CARTESIAN_POINT('',(-62.,-37.5,0.));
#2137 = VECTOR('',#2138,1.);
#2138 = DIRECTION('',(0.,0.,1.));
#2139 = ORIENTED_EDGE('',*,*,#215,.F.);
#2140 = PLANE('',#2141);
#2141 = AXIS2_PLACEMENT_3D('',#2142,#2143,#2144);
#2142 = CARTESIAN_POINT('',(-45.,-37.5,0.));
#2143 = DIRECTION('',(0.,-1.,0.));
#2144 = DIRECTION('',(-1.,0.,0.));
#2145 = ADVANCED_FACE('',(#2146),#2157,.T.);
#2146 = FACE_BOUND('',#2147,.T.);
#2147 = EDGE_LOOP('',(#2148,#2154,#2155,#2156));
#2148 = ORIENTED_EDGE('',*,*,#2149,.T.);
#2149 = EDGE_CURVE('',#200,#1085,#2150,.T.);
#2150 = LINE('',#2151,#2152);
#2151 = CARTESIAN_POINT('',(-62.,-29.5,0.));
#2152 = VECTOR('',#2153,1.);
#2153 = DIRECTION('',(0.,0.,1.));
#2154 = ORIENTED_EDGE('',*,*,#1084,.T.);
#2155 = ORIENTED_EDGE('',*,*,#2115,.F.);
#2156 = ORIENTED_EDGE('',*,*,#199,.F.);
#2157 = PLANE('',#2158);
#2158 = AXIS2_PLACEMENT_3D('',#2159,#2160,#2161);
#2159 = CARTESIAN_POINT('',(-62.,-29.5,0.));
#2160 = DIRECTION('',(0.,1.,0.));
#2161 = DIRECTION('',(1.,0.,0.));
#2162 = ADVANCED_FACE('',(#2163),#2169,.T.);
#2163 = FACE_BOUND('',#2164,.T.);
#2164 = EDGE_LOOP('',(#2165,#2166,#2167,#2168));
#2165 = ORIENTED_EDGE('',*,*,#2134,.T.);
#2166 = ORIENTED_EDGE('',*,*,#1092,.T.);
#2167 = ORIENTED_EDGE('',*,*,#2149,.F.);
#2168 = ORIENTED_EDGE('',*,*,#207,.F.);
#2169 = PLANE('',#2170);
#2170 = AXIS2_PLACEMENT_3D('',#2171,#2172,#2173);
#2171 = CARTESIAN_POINT('',(-62.,-37.5,0.));
#2172 = DIRECTION('',(-1.,0.,0.));
#2173 = DIRECTION('',(0.,1.,0.));
#2174 = ADVANCED_FACE('',(#2175),#2186,.F.);
#2175 = FACE_BOUND('',#2176,.T.);
#2176 = EDGE_LOOP('',(#2177,#2178,#2184,#2185));
#2177 = ORIENTED_EDGE('',*,*,#272,.T.);
#2178 = ORIENTED_EDGE('',*,*,#2179,.T.);
#2179 = EDGE_CURVE('',#273,#1158,#2180,.T.);
#2180 = LINE('',#2181,#2182);
#2181 = CARTESIAN_POINT('',(-32.481399,-45.400361,-4.6E-02));
#2182 = VECTOR('',#2183,1.);
#2183 = DIRECTION('',(0.,0.,1.));
#2184 = ORIENTED_EDGE('',*,*,#1157,.F.);
#2185 = ORIENTED_EDGE('',*,*,#2179,.F.);
#2186 = CYLINDRICAL_SURFACE('',#2187,1.5);
#2187 = AXIS2_PLACEMENT_3D('',#2188,#2189,#2190);
#2188 = CARTESIAN_POINT('',(-32.481399,-43.900361,-4.6E-02));
#2189 = DIRECTION('',(-0.,-0.,-1.));
#2190 = DIRECTION('',(-0.,-1.,0.));
#2191 = ADVANCED_FACE('',(#2192),#2203,.F.);
#2192 = FACE_BOUND('',#2193,.T.);
#2193 = EDGE_LOOP('',(#2194,#2195,#2201,#2202));
#2194 = ORIENTED_EDGE('',*,*,#283,.T.);
#2195 = ORIENTED_EDGE('',*,*,#2196,.T.);
#2196 = EDGE_CURVE('',#284,#1169,#2197,.T.);
#2197 = LINE('',#2198,#2199);
#2198 = CARTESIAN_POINT('',(-34.155874,-40.200733,-4.6E-02));
#2199 = VECTOR('',#2200,1.);
#2200 = DIRECTION('',(0.,0.,1.));
#2201 = ORIENTED_EDGE('',*,*,#1168,.F.);
#2202 = ORIENTED_EDGE('',*,*,#2196,.F.);
#2203 = CYLINDRICAL_SURFACE('',#2204,1.5);
#2204 = AXIS2_PLACEMENT_3D('',#2205,#2206,#2207);
#2205 = CARTESIAN_POINT('',(-34.155874,-38.700733,-4.6E-02));
#2206 = DIRECTION('',(-0.,-0.,-1.));
#2207 = DIRECTION('',(-0.,-1.,0.));
#2208 = ADVANCED_FACE('',(#2209),#2220,.F.);
#2209 = FACE_BOUND('',#2210,.T.);
#2210 = EDGE_LOOP('',(#2211,#2212,#2218,#2219));
#2211 = ORIENTED_EDGE('',*,*,#294,.T.);
#2212 = ORIENTED_EDGE('',*,*,#2213,.T.);
#2213 = EDGE_CURVE('',#295,#1180,#2214,.T.);
#2214 = LINE('',#2215,#2216);
#2215 = CARTESIAN_POINT('',(-31.683594,-36.688011,-4.6E-02));
#2216 = VECTOR('',#2217,1.);
#2217 = DIRECTION('',(0.,0.,1.));
#2218 = ORIENTED_EDGE('',*,*,#1179,.F.);
#2219 = ORIENTED_EDGE('',*,*,#2213,.F.);
#2220 = CYLINDRICAL_SURFACE('',#2221,0.8509);
#2221 = AXIS2_PLACEMENT_3D('',#2222,#2223,#2224);
#2222 = CARTESIAN_POINT('',(-31.683594,-35.837111,-4.6E-02));
#2223 = DIRECTION('',(-0.,-0.,-1.));
#2224 = DIRECTION('',(-0.,-1.,0.));
#2225 = ADVANCED_FACE('',(#2226),#2237,.F.);
#2226 = FACE_BOUND('',#2227,.T.);
#2227 = EDGE_LOOP('',(#2228,#2229,#2235,#2236));
#2228 = ORIENTED_EDGE('',*,*,#305,.T.);
#2229 = ORIENTED_EDGE('',*,*,#2230,.T.);
#2230 = EDGE_CURVE('',#306,#1191,#2231,.T.);
#2231 = LINE('',#2232,#2233);
#2232 = CARTESIAN_POINT('',(-54.35,-34.49,-4.6E-02));
#2233 = VECTOR('',#2234,1.);
#2234 = DIRECTION('',(0.,0.,1.));
#2235 = ORIENTED_EDGE('',*,*,#1190,.F.);
#2236 = ORIENTED_EDGE('',*,*,#2230,.F.);
#2237 = CYLINDRICAL_SURFACE('',#2238,1.6);
#2238 = AXIS2_PLACEMENT_3D('',#2239,#2240,#2241);
#2239 = CARTESIAN_POINT('',(-54.35,-32.89,-4.6E-02));
#2240 = DIRECTION('',(-0.,-0.,-1.));
#2241 = DIRECTION('',(-0.,-1.,0.));
#2242 = ADVANCED_FACE('',(#2243),#2254,.F.);
#2243 = FACE_BOUND('',#2244,.T.);
#2244 = EDGE_LOOP('',(#2245,#2246,#2252,#2253));
#2245 = ORIENTED_EDGE('',*,*,#316,.T.);
#2246 = ORIENTED_EDGE('',*,*,#2247,.T.);
#2247 = EDGE_CURVE('',#317,#1202,#2248,.T.);
#2248 = LINE('',#2249,#2250);
#2249 = CARTESIAN_POINT('',(-48.,-32.,-4.6E-02));
#2250 = VECTOR('',#2251,1.);
#2251 = DIRECTION('',(0.,0.,1.));
#2252 = ORIENTED_EDGE('',*,*,#1201,.F.);
#2253 = ORIENTED_EDGE('',*,*,#2247,.F.);
#2254 = CYLINDRICAL_SURFACE('',#2255,0.38);
#2255 = AXIS2_PLACEMENT_3D('',#2256,#2257,#2258);
#2256 = CARTESIAN_POINT('',(-48.,-31.62,-4.6E-02));
#2257 = DIRECTION('',(-0.,-0.,-1.));
#2258 = DIRECTION('',(-0.,-1.,0.));
#2259 = ADVANCED_FACE('',(#2260),#2271,.F.);
#2260 = FACE_BOUND('',#2261,.T.);
#2261 = EDGE_LOOP('',(#2262,#2263,#2269,#2270));
#2262 = ORIENTED_EDGE('',*,*,#327,.T.);
#2263 = ORIENTED_EDGE('',*,*,#2264,.T.);
#2264 = EDGE_CURVE('',#328,#1213,#2265,.T.);
#2265 = LINE('',#2266,#2267);
#2266 = CARTESIAN_POINT('',(-48.,-29.46,-4.6E-02));
#2267 = VECTOR('',#2268,1.);
#2268 = DIRECTION('',(0.,0.,1.));
#2269 = ORIENTED_EDGE('',*,*,#1212,.F.);
#2270 = ORIENTED_EDGE('',*,*,#2264,.F.);
#2271 = CYLINDRICAL_SURFACE('',#2272,0.38);
#2272 = AXIS2_PLACEMENT_3D('',#2273,#2274,#2275);
#2273 = CARTESIAN_POINT('',(-48.,-29.08,-4.6E-02));
#2274 = DIRECTION('',(-0.,-0.,-1.));
#2275 = DIRECTION('',(-0.,-1.,0.));
#2276 = ADVANCED_FACE('',(#2277),#2288,.F.);
#2277 = FACE_BOUND('',#2278,.T.);
#2278 = EDGE_LOOP('',(#2279,#2280,#2286,#2287));
#2279 = ORIENTED_EDGE('',*,*,#338,.T.);
#2280 = ORIENTED_EDGE('',*,*,#2281,.T.);
#2281 = EDGE_CURVE('',#339,#1224,#2282,.T.);
#2282 = LINE('',#2283,#2284);
#2283 = CARTESIAN_POINT('',(-45.46,-30.73,-4.6E-02));
#2284 = VECTOR('',#2285,1.);
#2285 = DIRECTION('',(0.,0.,1.));
#2286 = ORIENTED_EDGE('',*,*,#1223,.F.);
#2287 = ORIENTED_EDGE('',*,*,#2281,.F.);
#2288 = CYLINDRICAL_SURFACE('',#2289,0.38);
#2289 = AXIS2_PLACEMENT_3D('',#2290,#2291,#2292);
#2290 = CARTESIAN_POINT('',(-45.46,-30.35,-4.6E-02));
#2291 = DIRECTION('',(-0.,-0.,-1.));
#2292 = DIRECTION('',(-0.,-1.,0.));
#2293 = ADVANCED_FACE('',(#2294),#2305,.F.);
#2294 = FACE_BOUND('',#2295,.T.);
#2295 = EDGE_LOOP('',(#2296,#2297,#2303,#2304));
#2296 = ORIENTED_EDGE('',*,*,#349,.T.);
#2297 = ORIENTED_EDGE('',*,*,#2298,.T.);
#2298 = EDGE_CURVE('',#350,#1235,#2299,.T.);
#2299 = LINE('',#2300,#2301);
#2300 = CARTESIAN_POINT('',(-48.,-26.92,-4.6E-02));
#2301 = VECTOR('',#2302,1.);
#2302 = DIRECTION('',(0.,0.,1.));
#2303 = ORIENTED_EDGE('',*,*,#1234,.F.);
#2304 = ORIENTED_EDGE('',*,*,#2298,.F.);
#2305 = CYLINDRICAL_SURFACE('',#2306,0.38);
#2306 = AXIS2_PLACEMENT_3D('',#2307,#2308,#2309);
#2307 = CARTESIAN_POINT('',(-48.,-26.54,-4.6E-02));
#2308 = DIRECTION('',(-0.,-0.,-1.));
#2309 = DIRECTION('',(-0.,-1.,0.));
#2310 = ADVANCED_FACE('',(#2311),#2322,.F.);
#2311 = FACE_BOUND('',#2312,.T.);
#2312 = EDGE_LOOP('',(#2313,#2314,#2320,#2321));
#2313 = ORIENTED_EDGE('',*,*,#360,.T.);
#2314 = ORIENTED_EDGE('',*,*,#2315,.T.);
#2315 = EDGE_CURVE('',#361,#1246,#2316,.T.);
#2316 = LINE('',#2317,#2318);
#2317 = CARTESIAN_POINT('',(-45.46,-28.19,-4.6E-02));
#2318 = VECTOR('',#2319,1.);
#2319 = DIRECTION('',(0.,0.,1.));
#2320 = ORIENTED_EDGE('',*,*,#1245,.F.);
#2321 = ORIENTED_EDGE('',*,*,#2315,.F.);
#2322 = CYLINDRICAL_SURFACE('',#2323,0.38);
#2323 = AXIS2_PLACEMENT_3D('',#2324,#2325,#2326);
#2324 = CARTESIAN_POINT('',(-45.46,-27.81,-4.6E-02));
#2325 = DIRECTION('',(-0.,-0.,-1.));
#2326 = DIRECTION('',(-0.,-1.,0.));
#2327 = ADVANCED_FACE('',(#2328),#2339,.F.);
#2328 = FACE_BOUND('',#2329,.T.);
#2329 = EDGE_LOOP('',(#2330,#2331,#2337,#2338));
#2330 = ORIENTED_EDGE('',*,*,#371,.T.);
#2331 = ORIENTED_EDGE('',*,*,#2332,.T.);
#2332 = EDGE_CURVE('',#372,#1257,#2333,.T.);
#2333 = LINE('',#2334,#2335);
#2334 = CARTESIAN_POINT('',(-45.46,-25.65,-4.6E-02));
#2335 = VECTOR('',#2336,1.);
#2336 = DIRECTION('',(0.,0.,1.));
#2337 = ORIENTED_EDGE('',*,*,#1256,.F.);
#2338 = ORIENTED_EDGE('',*,*,#2332,.F.);
#2339 = CYLINDRICAL_SURFACE('',#2340,0.38);
#2340 = AXIS2_PLACEMENT_3D('',#2341,#2342,#2343);
#2341 = CARTESIAN_POINT('',(-45.46,-25.27,-4.6E-02));
#2342 = DIRECTION('',(-0.,-0.,-1.));
#2343 = DIRECTION('',(-0.,-1.,0.));
#2344 = ADVANCED_FACE('',(#2345),#2356,.F.);
#2345 = FACE_BOUND('',#2346,.T.);
#2346 = EDGE_LOOP('',(#2347,#2348,#2354,#2355));
#2347 = ORIENTED_EDGE('',*,*,#382,.T.);
#2348 = ORIENTED_EDGE('',*,*,#2349,.T.);
#2349 = EDGE_CURVE('',#383,#1268,#2350,.T.);
#2350 = LINE('',#2351,#2352);
#2351 = CARTESIAN_POINT('',(-48.,-24.38,-4.6E-02));
#2352 = VECTOR('',#2353,1.);
#2353 = DIRECTION('',(0.,0.,1.));
#2354 = ORIENTED_EDGE('',*,*,#1267,.F.);
#2355 = ORIENTED_EDGE('',*,*,#2349,.F.);
#2356 = CYLINDRICAL_SURFACE('',#2357,0.38);
#2357 = AXIS2_PLACEMENT_3D('',#2358,#2359,#2360);
#2358 = CARTESIAN_POINT('',(-48.,-24.,-4.6E-02));
#2359 = DIRECTION('',(-0.,-0.,-1.));
#2360 = DIRECTION('',(-0.,-1.,0.));
#2361 = ADVANCED_FACE('',(#2362),#2373,.F.);
#2362 = FACE_BOUND('',#2363,.T.);
#2363 = EDGE_LOOP('',(#2364,#2365,#2371,#2372));
#2364 = ORIENTED_EDGE('',*,*,#393,.T.);
#2365 = ORIENTED_EDGE('',*,*,#2366,.T.);
#2366 = EDGE_CURVE('',#394,#1279,#2367,.T.);
#2367 = LINE('',#2368,#2369);
#2368 = CARTESIAN_POINT('',(-45.46,-23.11,-4.6E-02));
#2369 = VECTOR('',#2370,1.);
#2370 = DIRECTION('',(0.,0.,1.));
#2371 = ORIENTED_EDGE('',*,*,#1278,.F.);
#2372 = ORIENTED_EDGE('',*,*,#2366,.F.);
#2373 = CYLINDRICAL_SURFACE('',#2374,0.38);
#2374 = AXIS2_PLACEMENT_3D('',#2375,#2376,#2377);
#2375 = CARTESIAN_POINT('',(-45.46,-22.73,-4.6E-02));
#2376 = DIRECTION('',(-0.,-0.,-1.));
#2377 = DIRECTION('',(-0.,-1.,0.));
#2378 = ADVANCED_FACE('',(#2379),#2390,.F.);
#2379 = FACE_BOUND('',#2380,.T.);
#2380 = EDGE_LOOP('',(#2381,#2382,#2388,#2389));
#2381 = ORIENTED_EDGE('',*,*,#404,.T.);
#2382 = ORIENTED_EDGE('',*,*,#2383,.T.);
#2383 = EDGE_CURVE('',#405,#1290,#2384,.T.);
#2384 = LINE('',#2385,#2386);
#2385 = CARTESIAN_POINT('',(-24.380406,-44.913789,-4.6E-02));
#2386 = VECTOR('',#2387,1.);
#2387 = DIRECTION('',(0.,0.,1.));
#2388 = ORIENTED_EDGE('',*,*,#1289,.F.);
#2389 = ORIENTED_EDGE('',*,*,#2383,.F.);
#2390 = CYLINDRICAL_SURFACE('',#2391,0.8509);
#2391 = AXIS2_PLACEMENT_3D('',#2392,#2393,#2394);
#2392 = CARTESIAN_POINT('',(-24.380406,-44.062889,-4.6E-02));
#2393 = DIRECTION('',(-0.,-0.,-1.));
#2394 = DIRECTION('',(-0.,-1.,0.));
#2395 = ADVANCED_FACE('',(#2396),#2407,.F.);
#2396 = FACE_BOUND('',#2397,.T.);
#2397 = EDGE_LOOP('',(#2398,#2399,#2405,#2406));
#2398 = ORIENTED_EDGE('',*,*,#415,.T.);
#2399 = ORIENTED_EDGE('',*,*,#2400,.T.);
#2400 = EDGE_CURVE('',#416,#1301,#2401,.T.);
#2401 = LINE('',#2402,#2403);
#2402 = CARTESIAN_POINT('',(-28.032,-41.6645,-4.6E-02));
#2403 = VECTOR('',#2404,1.);
#2404 = DIRECTION('',(0.,0.,1.));
#2405 = ORIENTED_EDGE('',*,*,#1300,.F.);
#2406 = ORIENTED_EDGE('',*,*,#2400,.F.);
#2407 = CYLINDRICAL_SURFACE('',#2408,1.7145);
#2408 = AXIS2_PLACEMENT_3D('',#2409,#2410,#2411);
#2409 = CARTESIAN_POINT('',(-28.032,-39.95,-4.6E-02));
#2410 = DIRECTION('',(-0.,-0.,-1.));
#2411 = DIRECTION('',(-0.,-1.,0.));
#2412 = ADVANCED_FACE('',(#2413),#2424,.F.);
#2413 = FACE_BOUND('',#2414,.T.);
#2414 = EDGE_LOOP('',(#2415,#2416,#2422,#2423));
#2415 = ORIENTED_EDGE('',*,*,#426,.T.);
#2416 = ORIENTED_EDGE('',*,*,#2417,.T.);
#2417 = EDGE_CURVE('',#427,#1312,#2418,.T.);
#2418 = LINE('',#2419,#2420);
#2419 = CARTESIAN_POINT('',(-21.425553,-41.560316,-4.6E-02));
#2420 = VECTOR('',#2421,1.);
#2421 = DIRECTION('',(0.,0.,1.));
#2422 = ORIENTED_EDGE('',*,*,#1311,.F.);
#2423 = ORIENTED_EDGE('',*,*,#2417,.F.);
#2424 = CYLINDRICAL_SURFACE('',#2425,0.4953);
#2425 = AXIS2_PLACEMENT_3D('',#2426,#2427,#2428);
#2426 = CARTESIAN_POINT('',(-21.425553,-41.065016,-4.6E-02));
#2427 = DIRECTION('',(-0.,-0.,-1.));
#2428 = DIRECTION('',(-0.,-1.,0.));
#2429 = ADVANCED_FACE('',(#2430),#2441,.F.);
#2430 = FACE_BOUND('',#2431,.T.);
#2431 = EDGE_LOOP('',(#2432,#2433,#2439,#2440));
#2432 = ORIENTED_EDGE('',*,*,#437,.T.);
#2433 = ORIENTED_EDGE('',*,*,#2434,.T.);
#2434 = EDGE_CURVE('',#438,#1323,#2435,.T.);
#2435 = LINE('',#2436,#2437);
#2436 = CARTESIAN_POINT('',(-19.775199,-34.101861,-4.6E-02));
#2437 = VECTOR('',#2438,1.);
#2438 = DIRECTION('',(0.,0.,1.));
#2439 = ORIENTED_EDGE('',*,*,#1322,.F.);
#2440 = ORIENTED_EDGE('',*,*,#2434,.F.);
#2441 = CYLINDRICAL_SURFACE('',#2442,1.5);
#2442 = AXIS2_PLACEMENT_3D('',#2443,#2444,#2445);
#2443 = CARTESIAN_POINT('',(-19.775199,-32.601861,-4.6E-02));
#2444 = DIRECTION('',(-0.,-0.,-1.));
#2445 = DIRECTION('',(-0.,-1.,0.));
#2446 = ADVANCED_FACE('',(#2447),#2458,.F.);
#2447 = FACE_BOUND('',#2448,.T.);
#2448 = EDGE_LOOP('',(#2449,#2450,#2456,#2457));
#2449 = ORIENTED_EDGE('',*,*,#448,.T.);
#2450 = ORIENTED_EDGE('',*,*,#2451,.T.);
#2451 = EDGE_CURVE('',#449,#1334,#2452,.T.);
#2452 = LINE('',#2453,#2454);
#2453 = CARTESIAN_POINT('',(-29.,-24.6,-4.6E-02));
#2454 = VECTOR('',#2455,1.);
#2455 = DIRECTION('',(0.,0.,1.));
#2456 = ORIENTED_EDGE('',*,*,#1333,.F.);
#2457 = ORIENTED_EDGE('',*,*,#2451,.F.);
#2458 = CYLINDRICAL_SURFACE('',#2459,1.1);
#2459 = AXIS2_PLACEMENT_3D('',#2460,#2461,#2462);
#2460 = CARTESIAN_POINT('',(-29.,-23.5,-4.6E-02));
#2461 = DIRECTION('',(-0.,-0.,-1.));
#2462 = DIRECTION('',(-0.,-1.,0.));
#2463 = ADVANCED_FACE('',(#2464),#2475,.F.);
#2464 = FACE_BOUND('',#2465,.T.);
#2465 = EDGE_LOOP('',(#2466,#2467,#2473,#2474));
#2466 = ORIENTED_EDGE('',*,*,#459,.T.);
#2467 = ORIENTED_EDGE('',*,*,#2468,.T.);
#2468 = EDGE_CURVE('',#460,#1345,#2469,.T.);
#2469 = LINE('',#2470,#2471);
#2470 = CARTESIAN_POINT('',(-21.449674,-28.902233,-4.6E-02));
#2471 = VECTOR('',#2472,1.);
#2472 = DIRECTION('',(0.,0.,1.));
#2473 = ORIENTED_EDGE('',*,*,#1344,.F.);
#2474 = ORIENTED_EDGE('',*,*,#2468,.F.);
#2475 = CYLINDRICAL_SURFACE('',#2476,1.5);
#2476 = AXIS2_PLACEMENT_3D('',#2477,#2478,#2479);
#2477 = CARTESIAN_POINT('',(-21.449674,-27.402233,-4.6E-02));
#2478 = DIRECTION('',(-0.,-0.,-1.));
#2479 = DIRECTION('',(-0.,-1.,0.));
#2480 = ADVANCED_FACE('',(#2481),#2492,.F.);
#2481 = FACE_BOUND('',#2482,.T.);
#2482 = EDGE_LOOP('',(#2483,#2484,#2490,#2491));
#2483 = ORIENTED_EDGE('',*,*,#470,.T.);
#2484 = ORIENTED_EDGE('',*,*,#2485,.T.);
#2485 = EDGE_CURVE('',#471,#1356,#2486,.T.);
#2486 = LINE('',#2487,#2488);
#2487 = CARTESIAN_POINT('',(-18.977394,-25.389511,-4.6E-02));
#2488 = VECTOR('',#2489,1.);
#2489 = DIRECTION('',(0.,0.,1.));
#2490 = ORIENTED_EDGE('',*,*,#1355,.F.);
#2491 = ORIENTED_EDGE('',*,*,#2485,.F.);
#2492 = CYLINDRICAL_SURFACE('',#2493,0.8509);
#2493 = AXIS2_PLACEMENT_3D('',#2494,#2495,#2496);
#2494 = CARTESIAN_POINT('',(-18.977394,-24.538611,-4.6E-02));
#2495 = DIRECTION('',(-0.,-0.,-1.));
#2496 = DIRECTION('',(-0.,-1.,0.));
#2497 = ADVANCED_FACE('',(#2498),#2509,.F.);
#2498 = FACE_BOUND('',#2499,.T.);
#2499 = EDGE_LOOP('',(#2500,#2501,#2507,#2508));
#2500 = ORIENTED_EDGE('',*,*,#481,.T.);
#2501 = ORIENTED_EDGE('',*,*,#2502,.T.);
#2502 = EDGE_CURVE('',#482,#1367,#2503,.T.);
#2503 = LINE('',#2504,#2505);
#2504 = CARTESIAN_POINT('',(-11.674206,-33.615289,-4.6E-02));
#2505 = VECTOR('',#2506,1.);
#2506 = DIRECTION('',(0.,0.,1.));
#2507 = ORIENTED_EDGE('',*,*,#1366,.F.);
#2508 = ORIENTED_EDGE('',*,*,#2502,.F.);
#2509 = CYLINDRICAL_SURFACE('',#2510,0.8509);
#2510 = AXIS2_PLACEMENT_3D('',#2511,#2512,#2513);
#2511 = CARTESIAN_POINT('',(-11.674206,-32.764389,-4.6E-02));
#2512 = DIRECTION('',(-0.,-0.,-1.));
#2513 = DIRECTION('',(-0.,-1.,0.));
#2514 = ADVANCED_FACE('',(#2515),#2526,.F.);
#2515 = FACE_BOUND('',#2516,.T.);
#2516 = EDGE_LOOP('',(#2517,#2518,#2524,#2525));
#2517 = ORIENTED_EDGE('',*,*,#492,.T.);
#2518 = ORIENTED_EDGE('',*,*,#2519,.T.);
#2519 = EDGE_CURVE('',#493,#1378,#2520,.T.);
#2520 = LINE('',#2521,#2522);
#2521 = CARTESIAN_POINT('',(-15.3258,-30.366,-4.6E-02));
#2522 = VECTOR('',#2523,1.);
#2523 = DIRECTION('',(0.,0.,1.));
#2524 = ORIENTED_EDGE('',*,*,#1377,.F.);
#2525 = ORIENTED_EDGE('',*,*,#2519,.F.);
#2526 = CYLINDRICAL_SURFACE('',#2527,1.7145);
#2527 = AXIS2_PLACEMENT_3D('',#2528,#2529,#2530);
#2528 = CARTESIAN_POINT('',(-15.3258,-28.6515,-4.6E-02));
#2529 = DIRECTION('',(-0.,-0.,-1.));
#2530 = DIRECTION('',(-0.,-1.,0.));
#2531 = ADVANCED_FACE('',(#2532),#2543,.F.);
#2532 = FACE_BOUND('',#2533,.T.);
#2533 = EDGE_LOOP('',(#2534,#2535,#2541,#2542));
#2534 = ORIENTED_EDGE('',*,*,#503,.T.);
#2535 = ORIENTED_EDGE('',*,*,#2536,.T.);
#2536 = EDGE_CURVE('',#504,#1389,#2537,.T.);
#2537 = LINE('',#2538,#2539);
#2538 = CARTESIAN_POINT('',(-8.719353,-30.261816,-4.6E-02));
#2539 = VECTOR('',#2540,1.);
#2540 = DIRECTION('',(0.,0.,1.));
#2541 = ORIENTED_EDGE('',*,*,#1388,.F.);
#2542 = ORIENTED_EDGE('',*,*,#2536,.F.);
#2543 = CYLINDRICAL_SURFACE('',#2544,0.4953);
#2544 = AXIS2_PLACEMENT_3D('',#2545,#2546,#2547);
#2545 = CARTESIAN_POINT('',(-8.719353,-29.766516,-4.6E-02));
#2546 = DIRECTION('',(-0.,-0.,-1.));
#2547 = DIRECTION('',(-0.,-1.,0.));
#2548 = ADVANCED_FACE('',(#2549),#2560,.F.);
#2549 = FACE_BOUND('',#2550,.T.);
#2550 = EDGE_LOOP('',(#2551,#2552,#2558,#2559));
#2551 = ORIENTED_EDGE('',*,*,#514,.T.);
#2552 = ORIENTED_EDGE('',*,*,#2553,.T.);
#2553 = EDGE_CURVE('',#515,#1400,#2554,.T.);
#2554 = LINE('',#2555,#2556);
#2555 = CARTESIAN_POINT('',(-54.35,-23.06,-4.6E-02));
#2556 = VECTOR('',#2557,1.);
#2557 = DIRECTION('',(0.,0.,1.));
#2558 = ORIENTED_EDGE('',*,*,#1399,.F.);
#2559 = ORIENTED_EDGE('',*,*,#2553,.F.);
#2560 = CYLINDRICAL_SURFACE('',#2561,1.6);
#2561 = AXIS2_PLACEMENT_3D('',#2562,#2563,#2564);
#2562 = CARTESIAN_POINT('',(-54.35,-21.46,-4.6E-02));
#2563 = DIRECTION('',(-0.,-0.,-1.));
#2564 = DIRECTION('',(-0.,-1.,0.));
#2565 = ADVANCED_FACE('',(#2566),#2577,.F.);
#2566 = FACE_BOUND('',#2567,.T.);
#2567 = EDGE_LOOP('',(#2568,#2569,#2575,#2576));
#2568 = ORIENTED_EDGE('',*,*,#525,.T.);
#2569 = ORIENTED_EDGE('',*,*,#2570,.T.);
#2570 = EDGE_CURVE('',#526,#1411,#2571,.T.);
#2571 = LINE('',#2572,#2573);
#2572 = CARTESIAN_POINT('',(-10.260543,-1.861777,-4.6E-02));
#2573 = VECTOR('',#2574,1.);
#2574 = DIRECTION('',(0.,0.,1.));
#2575 = ORIENTED_EDGE('',*,*,#1410,.F.);
#2576 = ORIENTED_EDGE('',*,*,#2570,.F.);
#2577 = CYLINDRICAL_SURFACE('',#2578,1.5);
#2578 = AXIS2_PLACEMENT_3D('',#2579,#2580,#2581);
#2579 = CARTESIAN_POINT('',(-10.260543,-0.361777,-4.6E-02));
#2580 = DIRECTION('',(-0.,-0.,-1.));
#2581 = DIRECTION('',(-0.,-1.,0.));
#2582 = ADVANCED_FACE('',(#2583),#2594,.F.);
#2583 = FACE_BOUND('',#2584,.T.);
#2584 = EDGE_LOOP('',(#2585,#2586,#2592,#2593));
#2585 = ORIENTED_EDGE('',*,*,#536,.T.);
#2586 = ORIENTED_EDGE('',*,*,#2587,.T.);
#2587 = EDGE_CURVE('',#537,#1422,#2588,.T.);
#2588 = LINE('',#2589,#2590);
#2589 = CARTESIAN_POINT('',(-4.85448,-1.077886,-4.6E-02));
#2590 = VECTOR('',#2591,1.);
#2591 = DIRECTION('',(0.,0.,1.));
#2592 = ORIENTED_EDGE('',*,*,#1421,.F.);
#2593 = ORIENTED_EDGE('',*,*,#2587,.F.);
#2594 = CYLINDRICAL_SURFACE('',#2595,1.5);
#2595 = AXIS2_PLACEMENT_3D('',#2596,#2597,#2598);
#2596 = CARTESIAN_POINT('',(-4.85448,0.422114,-4.6E-02));
#2597 = DIRECTION('',(-0.,-0.,-1.));
#2598 = DIRECTION('',(-0.,-1.,0.));
#2599 = ADVANCED_FACE('',(#2600),#2611,.F.);
#2600 = FACE_BOUND('',#2601,.T.);
#2601 = EDGE_LOOP('',(#2602,#2603,#2609,#2610));
#2602 = ORIENTED_EDGE('',*,*,#547,.T.);
#2603 = ORIENTED_EDGE('',*,*,#2604,.T.);
#2604 = EDGE_CURVE('',#548,#1433,#2605,.T.);
#2605 = LINE('',#2606,#2607);
#2606 = CARTESIAN_POINT('',(-12.671765,1.702544,-4.6E-02));
#2607 = VECTOR('',#2608,1.);
#2608 = DIRECTION('',(0.,0.,1.));
#2609 = ORIENTED_EDGE('',*,*,#1432,.F.);
#2610 = ORIENTED_EDGE('',*,*,#2604,.F.);
#2611 = CYLINDRICAL_SURFACE('',#2612,0.8509);
#2612 = AXIS2_PLACEMENT_3D('',#2613,#2614,#2615);
#2613 = CARTESIAN_POINT('',(-12.671765,2.553444,-4.6E-02));
#2614 = DIRECTION('',(-0.,-0.,-1.));
#2615 = DIRECTION('',(-0.,-1.,0.));
#2616 = ADVANCED_FACE('',(#2617),#2628,.F.);
#2617 = FACE_BOUND('',#2618,.T.);
#2618 = EDGE_LOOP('',(#2619,#2620,#2626,#2627));
#2619 = ORIENTED_EDGE('',*,*,#558,.T.);
#2620 = ORIENTED_EDGE('',*,*,#2621,.T.);
#2621 = EDGE_CURVE('',#559,#1444,#2622,.T.);
#2622 = LINE('',#2623,#2624);
#2623 = CARTESIAN_POINT('',(-8.0075,3.7535,-4.6E-02));
#2624 = VECTOR('',#2625,1.);
#2625 = DIRECTION('',(0.,0.,1.));
#2626 = ORIENTED_EDGE('',*,*,#1443,.F.);
#2627 = ORIENTED_EDGE('',*,*,#2621,.F.);
#2628 = CYLINDRICAL_SURFACE('',#2629,1.7145);
#2629 = AXIS2_PLACEMENT_3D('',#2630,#2631,#2632);
#2630 = CARTESIAN_POINT('',(-8.0075,5.468,-4.6E-02));
#2631 = DIRECTION('',(-0.,-0.,-1.));
#2632 = DIRECTION('',(-0.,-1.,0.));
#2633 = ADVANCED_FACE('',(#2634),#2645,.F.);
#2634 = FACE_BOUND('',#2635,.T.);
#2635 = EDGE_LOOP('',(#2636,#2637,#2643,#2644));
#2636 = ORIENTED_EDGE('',*,*,#569,.T.);
#2637 = ORIENTED_EDGE('',*,*,#2638,.T.);
#2638 = EDGE_CURVE('',#570,#1455,#2639,.T.);
#2639 = LINE('',#2640,#2641);
#2640 = CARTESIAN_POINT('',(-3.343235,7.531656,-4.6E-02));
#2641 = VECTOR('',#2642,1.);
#2642 = DIRECTION('',(0.,0.,1.));
#2643 = ORIENTED_EDGE('',*,*,#1454,.F.);
#2644 = ORIENTED_EDGE('',*,*,#2638,.F.);
#2645 = CYLINDRICAL_SURFACE('',#2646,0.8509);
#2646 = AXIS2_PLACEMENT_3D('',#2647,#2648,#2649);
#2647 = CARTESIAN_POINT('',(-3.343235,8.382556,-4.6E-02));
#2648 = DIRECTION('',(-0.,-0.,-1.));
#2649 = DIRECTION('',(-0.,-1.,0.));
#2650 = ADVANCED_FACE('',(#2651),#2662,.F.);
#2651 = FACE_BOUND('',#2652,.T.);
#2652 = EDGE_LOOP('',(#2653,#2654,#2660,#2661));
#2653 = ORIENTED_EDGE('',*,*,#580,.T.);
#2654 = ORIENTED_EDGE('',*,*,#2655,.T.);
#2655 = EDGE_CURVE('',#581,#1466,#2656,.T.);
#2656 = LINE('',#2657,#2658);
#2657 = CARTESIAN_POINT('',(-5.80635,11.300681,-4.6E-02));
#2658 = VECTOR('',#2659,1.);
#2659 = DIRECTION('',(0.,0.,1.));
#2660 = ORIENTED_EDGE('',*,*,#1465,.F.);
#2661 = ORIENTED_EDGE('',*,*,#2655,.F.);
#2662 = CYLINDRICAL_SURFACE('',#2663,0.4953);
#2663 = AXIS2_PLACEMENT_3D('',#2664,#2665,#2666);
#2664 = CARTESIAN_POINT('',(-5.80635,11.795981,-4.6E-02));
#2665 = DIRECTION('',(-0.,-0.,-1.));
#2666 = DIRECTION('',(-0.,-1.,0.));
#2667 = ADVANCED_FACE('',(#2668),#2679,.F.);
#2668 = FACE_BOUND('',#2669,.T.);
#2669 = EDGE_LOOP('',(#2670,#2671,#2677,#2678));
#2670 = ORIENTED_EDGE('',*,*,#591,.T.);
#2671 = ORIENTED_EDGE('',*,*,#2672,.T.);
#2672 = EDGE_CURVE('',#592,#1477,#2673,.T.);
#2673 = LINE('',#2674,#2675);
#2674 = CARTESIAN_POINT('',(-28.,17.4,-4.6E-02));
#2675 = VECTOR('',#2676,1.);
#2676 = DIRECTION('',(0.,0.,1.));
#2677 = ORIENTED_EDGE('',*,*,#1476,.F.);
#2678 = ORIENTED_EDGE('',*,*,#2672,.F.);
#2679 = CYLINDRICAL_SURFACE('',#2680,1.1);
#2680 = AXIS2_PLACEMENT_3D('',#2681,#2682,#2683);
#2681 = CARTESIAN_POINT('',(-28.,18.5,-4.6E-02));
#2682 = DIRECTION('',(-0.,-0.,-1.));
#2683 = DIRECTION('',(-0.,-1.,0.));
#2684 = ADVANCED_FACE('',(#2685),#2696,.F.);
#2685 = FACE_BOUND('',#2686,.T.);
#2686 = EDGE_LOOP('',(#2687,#2688,#2694,#2695));
#2687 = ORIENTED_EDGE('',*,*,#602,.T.);
#2688 = ORIENTED_EDGE('',*,*,#2689,.T.);
#2689 = EDGE_CURVE('',#603,#1488,#2690,.T.);
#2690 = LINE('',#2691,#2692);
#2691 = CARTESIAN_POINT('',(-19.267543,12.557223,-4.6E-02));
#2692 = VECTOR('',#2693,1.);
#2693 = DIRECTION('',(0.,0.,1.));
#2694 = ORIENTED_EDGE('',*,*,#1487,.F.);
#2695 = ORIENTED_EDGE('',*,*,#2689,.F.);
#2696 = CYLINDRICAL_SURFACE('',#2697,1.5);
#2697 = AXIS2_PLACEMENT_3D('',#2698,#2699,#2700);
#2698 = CARTESIAN_POINT('',(-19.267543,14.057223,-4.6E-02));
#2699 = DIRECTION('',(-0.,-0.,-1.));
#2700 = DIRECTION('',(-0.,-1.,0.));
#2701 = ADVANCED_FACE('',(#2702),#2713,.F.);
#2702 = FACE_BOUND('',#2703,.T.);
#2703 = EDGE_LOOP('',(#2704,#2705,#2711,#2712));
#2704 = ORIENTED_EDGE('',*,*,#613,.T.);
#2705 = ORIENTED_EDGE('',*,*,#2706,.T.);
#2706 = EDGE_CURVE('',#614,#1499,#2707,.T.);
#2707 = LINE('',#2708,#2709);
#2708 = CARTESIAN_POINT('',(-21.678765,16.121544,-4.6E-02));
#2709 = VECTOR('',#2710,1.);
#2710 = DIRECTION('',(0.,0.,1.));
#2711 = ORIENTED_EDGE('',*,*,#1498,.F.);
#2712 = ORIENTED_EDGE('',*,*,#2706,.F.);
#2713 = CYLINDRICAL_SURFACE('',#2714,0.8509);
#2714 = AXIS2_PLACEMENT_3D('',#2715,#2716,#2717);
#2715 = CARTESIAN_POINT('',(-21.678765,16.972444,-4.6E-02));
#2716 = DIRECTION('',(-0.,-0.,-1.));
#2717 = DIRECTION('',(-0.,-1.,0.));
#2718 = ADVANCED_FACE('',(#2719),#2730,.F.);
#2719 = FACE_BOUND('',#2720,.T.);
#2720 = EDGE_LOOP('',(#2721,#2722,#2728,#2729));
#2721 = ORIENTED_EDGE('',*,*,#624,.T.);
#2722 = ORIENTED_EDGE('',*,*,#2723,.T.);
#2723 = EDGE_CURVE('',#625,#1510,#2724,.T.);
#2724 = LINE('',#2725,#2726);
#2725 = CARTESIAN_POINT('',(-17.0145,18.1725,-4.6E-02));
#2726 = VECTOR('',#2727,1.);
#2727 = DIRECTION('',(0.,0.,1.));
#2728 = ORIENTED_EDGE('',*,*,#1509,.F.);
#2729 = ORIENTED_EDGE('',*,*,#2723,.F.);
#2730 = CYLINDRICAL_SURFACE('',#2731,1.7145);
#2731 = AXIS2_PLACEMENT_3D('',#2732,#2733,#2734);
#2732 = CARTESIAN_POINT('',(-17.0145,19.887,-4.6E-02));
#2733 = DIRECTION('',(-0.,-0.,-1.));
#2734 = DIRECTION('',(-2.072157292972E-15,-1.,0.));
#2735 = ADVANCED_FACE('',(#2736),#2747,.F.);
#2736 = FACE_BOUND('',#2737,.T.);
#2737 = EDGE_LOOP('',(#2738,#2739,#2745,#2746));
#2738 = ORIENTED_EDGE('',*,*,#635,.T.);
#2739 = ORIENTED_EDGE('',*,*,#2740,.T.);
#2740 = EDGE_CURVE('',#636,#1521,#2741,.T.);
#2741 = LINE('',#2742,#2743);
#2742 = CARTESIAN_POINT('',(-13.86148,13.341114,-4.6E-02));
#2743 = VECTOR('',#2744,1.);
#2744 = DIRECTION('',(0.,0.,1.));
#2745 = ORIENTED_EDGE('',*,*,#1520,.F.);
#2746 = ORIENTED_EDGE('',*,*,#2740,.F.);
#2747 = CYLINDRICAL_SURFACE('',#2748,1.5);
#2748 = AXIS2_PLACEMENT_3D('',#2749,#2750,#2751);
#2749 = CARTESIAN_POINT('',(-13.86148,14.841114,-4.6E-02));
#2750 = DIRECTION('',(-0.,-0.,-1.));
#2751 = DIRECTION('',(-0.,-1.,0.));
#2752 = ADVANCED_FACE('',(#2753),#2764,.F.);
#2753 = FACE_BOUND('',#2754,.T.);
#2754 = EDGE_LOOP('',(#2755,#2756,#2762,#2763));
#2755 = ORIENTED_EDGE('',*,*,#646,.T.);
#2756 = ORIENTED_EDGE('',*,*,#2757,.T.);
#2757 = EDGE_CURVE('',#647,#1532,#2758,.T.);
#2758 = LINE('',#2759,#2760);
#2759 = CARTESIAN_POINT('',(-12.350235,21.950656,-4.6E-02));
#2760 = VECTOR('',#2761,1.);
#2761 = DIRECTION('',(0.,0.,1.));
#2762 = ORIENTED_EDGE('',*,*,#1531,.F.);
#2763 = ORIENTED_EDGE('',*,*,#2757,.F.);
#2764 = CYLINDRICAL_SURFACE('',#2765,0.8509);
#2765 = AXIS2_PLACEMENT_3D('',#2766,#2767,#2768);
#2766 = CARTESIAN_POINT('',(-12.350235,22.801556,-4.6E-02));
#2767 = DIRECTION('',(-0.,0.,-1.));
#2768 = DIRECTION('',(2.087621153367E-15,-1.,-0.));
#2769 = ADVANCED_FACE('',(#2770),#2781,.F.);
#2770 = FACE_BOUND('',#2771,.T.);
#2771 = EDGE_LOOP('',(#2772,#2773,#2779,#2780));
#2772 = ORIENTED_EDGE('',*,*,#657,.T.);
#2773 = ORIENTED_EDGE('',*,*,#2774,.T.);
#2774 = EDGE_CURVE('',#658,#1543,#2775,.T.);
#2775 = LINE('',#2776,#2777);
#2776 = CARTESIAN_POINT('',(-14.81335,25.719681,-4.6E-02));
#2777 = VECTOR('',#2778,1.);
#2778 = DIRECTION('',(0.,0.,1.));
#2779 = ORIENTED_EDGE('',*,*,#1542,.F.);
#2780 = ORIENTED_EDGE('',*,*,#2774,.F.);
#2781 = CYLINDRICAL_SURFACE('',#2782,0.4953);
#2782 = AXIS2_PLACEMENT_3D('',#2783,#2784,#2785);
#2783 = CARTESIAN_POINT('',(-14.81335,26.214981,-4.6E-02));
#2784 = DIRECTION('',(-0.,-0.,-1.));
#2785 = DIRECTION('',(-0.,-1.,0.));
#2786 = ADVANCED_FACE('',(#2787),#2798,.F.);
#2787 = FACE_BOUND('',#2788,.T.);
#2788 = EDGE_LOOP('',(#2789,#2790,#2796,#2797));
#2789 = ORIENTED_EDGE('',*,*,#668,.T.);
#2790 = ORIENTED_EDGE('',*,*,#2791,.T.);
#2791 = EDGE_CURVE('',#669,#1554,#2792,.T.);
#2792 = LINE('',#2793,#2794);
#2793 = CARTESIAN_POINT('',(15.,8.4,-4.6E-02));
#2794 = VECTOR('',#2795,1.);
#2795 = DIRECTION('',(0.,0.,1.));
#2796 = ORIENTED_EDGE('',*,*,#1553,.F.);
#2797 = ORIENTED_EDGE('',*,*,#2791,.F.);
#2798 = CYLINDRICAL_SURFACE('',#2799,1.1);
#2799 = AXIS2_PLACEMENT_3D('',#2800,#2801,#2802);
#2800 = CARTESIAN_POINT('',(15.,9.5,-4.6E-02));
#2801 = DIRECTION('',(-0.,-0.,-1.));
#2802 = DIRECTION('',(-0.,-1.,0.));
#2803 = ADVANCED_FACE('',(#2804),#2815,.F.);
#2804 = FACE_BOUND('',#2805,.T.);
#2805 = EDGE_LOOP('',(#2806,#2807,#2813,#2814));
#2806 = ORIENTED_EDGE('',*,*,#679,.T.);
#2807 = ORIENTED_EDGE('',*,*,#2808,.T.);
#2808 = EDGE_CURVE('',#680,#1565,#2809,.T.);
#2809 = LINE('',#2810,#2811);
#2810 = CARTESIAN_POINT('',(0.756926,20.092904,-4.6E-02));
#2811 = VECTOR('',#2812,1.);
#2812 = DIRECTION('',(0.,0.,1.));
#2813 = ORIENTED_EDGE('',*,*,#1564,.F.);
#2814 = ORIENTED_EDGE('',*,*,#2808,.F.);
#2815 = CYLINDRICAL_SURFACE('',#2816,1.5);
#2816 = AXIS2_PLACEMENT_3D('',#2817,#2818,#2819);
#2817 = CARTESIAN_POINT('',(0.756926,21.592904,-4.6E-02));
#2818 = DIRECTION('',(-0.,0.,-1.));
#2819 = DIRECTION('',(1.480297366167E-16,-1.,-0.));
#2820 = ADVANCED_FACE('',(#2821),#2832,.F.);
#2821 = FACE_BOUND('',#2822,.T.);
#2822 = EDGE_LOOP('',(#2823,#2824,#2830,#2831));
#2823 = ORIENTED_EDGE('',*,*,#690,.T.);
#2824 = ORIENTED_EDGE('',*,*,#2825,.T.);
#2825 = EDGE_CURVE('',#691,#1576,#2826,.T.);
#2826 = LINE('',#2827,#2828);
#2827 = CARTESIAN_POINT('',(5.993233,18.536918,-4.6E-02));
#2828 = VECTOR('',#2829,1.);
#2829 = DIRECTION('',(0.,0.,1.));
#2830 = ORIENTED_EDGE('',*,*,#1575,.F.);
#2831 = ORIENTED_EDGE('',*,*,#2825,.F.);
#2832 = CYLINDRICAL_SURFACE('',#2833,1.5);
#2833 = AXIS2_PLACEMENT_3D('',#2834,#2835,#2836);
#2834 = CARTESIAN_POINT('',(5.993233,20.036918,-4.6E-02));
#2835 = DIRECTION('',(-0.,-0.,-1.));
#2836 = DIRECTION('',(-0.,-1.,0.));
#2837 = ADVANCED_FACE('',(#2838),#2849,.F.);
#2838 = FACE_BOUND('',#2839,.T.);
#2839 = EDGE_LOOP('',(#2840,#2841,#2847,#2848));
#2840 = ORIENTED_EDGE('',*,*,#701,.T.);
#2841 = ORIENTED_EDGE('',*,*,#2842,.T.);
#2842 = EDGE_CURVE('',#702,#1587,#2843,.T.);
#2843 = LINE('',#2844,#2845);
#2844 = CARTESIAN_POINT('',(24.255965,16.940663,-4.6E-02));
#2845 = VECTOR('',#2846,1.);
#2846 = DIRECTION('',(0.,0.,1.));
#2847 = ORIENTED_EDGE('',*,*,#1586,.F.);
#2848 = ORIENTED_EDGE('',*,*,#2842,.F.);
#2849 = CYLINDRICAL_SURFACE('',#2850,1.5);
#2850 = AXIS2_PLACEMENT_3D('',#2851,#2852,#2853);
#2851 = CARTESIAN_POINT('',(24.255965,18.440663,-4.6E-02));
#2852 = DIRECTION('',(-0.,-0.,-1.));
#2853 = DIRECTION('',(-0.,-1.,0.));
#2854 = ADVANCED_FACE('',(#2855),#2866,.F.);
#2855 = FACE_BOUND('',#2856,.T.);
#2856 = EDGE_LOOP('',(#2857,#2858,#2864,#2865));
#2857 = ORIENTED_EDGE('',*,*,#712,.T.);
#2858 = ORIENTED_EDGE('',*,*,#2859,.T.);
#2859 = EDGE_CURVE('',#713,#1598,#2860,.T.);
#2860 = LINE('',#2861,#2862);
#2861 = CARTESIAN_POINT('',(19.356686,19.356666,-4.6E-02));
#2862 = VECTOR('',#2863,1.);
#2863 = DIRECTION('',(0.,0.,1.));
#2864 = ORIENTED_EDGE('',*,*,#1597,.F.);
#2865 = ORIENTED_EDGE('',*,*,#2859,.F.);
#2866 = CYLINDRICAL_SURFACE('',#2867,1.5);
#2867 = AXIS2_PLACEMENT_3D('',#2868,#2869,#2870);
#2868 = CARTESIAN_POINT('',(19.356686,20.856666,-4.6E-02));
#2869 = DIRECTION('',(-0.,-0.,-1.));
#2870 = DIRECTION('',(-0.,-1.,0.));
#2871 = ADVANCED_FACE('',(#2872),#2883,.F.);
#2872 = FACE_BOUND('',#2873,.T.);
#2873 = EDGE_LOOP('',(#2874,#2875,#2881,#2882));
#2874 = ORIENTED_EDGE('',*,*,#723,.T.);
#2875 = ORIENTED_EDGE('',*,*,#2876,.T.);
#2876 = EDGE_CURVE('',#724,#1609,#2877,.T.);
#2877 = LINE('',#2878,#2879);
#2878 = CARTESIAN_POINT('',(19.020735,23.774007,-4.6E-02));
#2879 = VECTOR('',#2880,1.);
#2880 = DIRECTION('',(0.,0.,1.));
#2881 = ORIENTED_EDGE('',*,*,#1608,.F.);
#2882 = ORIENTED_EDGE('',*,*,#2876,.F.);
#2883 = CYLINDRICAL_SURFACE('',#2884,0.8509);
#2884 = AXIS2_PLACEMENT_3D('',#2885,#2886,#2887);
#2885 = CARTESIAN_POINT('',(19.020735,24.624907,-4.6E-02));
#2886 = DIRECTION('',(-0.,-0.,-1.));
#2887 = DIRECTION('',(-4.175242306735E-15,-1.,0.));
#2888 = ADVANCED_FACE('',(#2889),#2900,.F.);
#2889 = FACE_BOUND('',#2890,.T.);
#2890 = EDGE_LOOP('',(#2891,#2892,#2898,#2899));
#2891 = ORIENTED_EDGE('',*,*,#734,.T.);
#2892 = ORIENTED_EDGE('',*,*,#2893,.T.);
#2893 = EDGE_CURVE('',#735,#1620,#2894,.T.);
#2894 = LINE('',#2895,#2896);
#2895 = CARTESIAN_POINT('',(24.5155,22.6705,-4.6E-02));
#2896 = VECTOR('',#2897,1.);
#2897 = DIRECTION('',(0.,0.,1.));
#2898 = ORIENTED_EDGE('',*,*,#1619,.F.);
#2899 = ORIENTED_EDGE('',*,*,#2893,.F.);
#2900 = CYLINDRICAL_SURFACE('',#2901,1.7145);
#2901 = AXIS2_PLACEMENT_3D('',#2902,#2903,#2904);
#2902 = CARTESIAN_POINT('',(24.5155,24.385,-4.6E-02));
#2903 = DIRECTION('',(-0.,-0.,-1.));
#2904 = DIRECTION('',(-0.,-1.,0.));
#2905 = ADVANCED_FACE('',(#2906),#2917,.F.);
#2906 = FACE_BOUND('',#2907,.T.);
#2907 = EDGE_LOOP('',(#2908,#2909,#2915,#2916));
#2908 = ORIENTED_EDGE('',*,*,#745,.T.);
#2909 = ORIENTED_EDGE('',*,*,#2910,.T.);
#2910 = EDGE_CURVE('',#746,#1631,#2911,.T.);
#2911 = LINE('',#2912,#2913);
#2912 = CARTESIAN_POINT('',(30.010265,23.294193,-4.6E-02));
#2913 = VECTOR('',#2914,1.);
#2914 = DIRECTION('',(0.,0.,1.));
#2915 = ORIENTED_EDGE('',*,*,#1630,.F.);
#2916 = ORIENTED_EDGE('',*,*,#2910,.F.);
#2917 = CYLINDRICAL_SURFACE('',#2918,0.8509);
#2918 = AXIS2_PLACEMENT_3D('',#2919,#2920,#2921);
#2919 = CARTESIAN_POINT('',(30.010265,24.145093,-4.6E-02));
#2920 = DIRECTION('',(-0.,-0.,-1.));
#2921 = DIRECTION('',(-0.,-1.,0.));
#2922 = ADVANCED_FACE('',(#2923),#2934,.F.);
#2923 = FACE_BOUND('',#2924,.T.);
#2924 = EDGE_LOOP('',(#2925,#2926,#2932,#2933));
#2925 = ORIENTED_EDGE('',*,*,#756,.T.);
#2926 = ORIENTED_EDGE('',*,*,#2927,.T.);
#2927 = EDGE_CURVE('',#757,#1642,#2928,.T.);
#2928 = LINE('',#2929,#2930);
#2929 = CARTESIAN_POINT('',(42.771728,14.166977,-4.6E-02));
#2930 = VECTOR('',#2931,1.);
#2931 = DIRECTION('',(0.,0.,1.));
#2932 = ORIENTED_EDGE('',*,*,#1641,.F.);
#2933 = ORIENTED_EDGE('',*,*,#2927,.F.);
#2934 = CYLINDRICAL_SURFACE('',#2935,1.5);
#2935 = AXIS2_PLACEMENT_3D('',#2936,#2937,#2938);
#2936 = CARTESIAN_POINT('',(42.771728,15.666977,-4.6E-02));
#2937 = DIRECTION('',(-0.,-0.,-1.));
#2938 = DIRECTION('',(-0.,-1.,0.));
#2939 = ADVANCED_FACE('',(#2940),#2951,.F.);
#2940 = FACE_BOUND('',#2941,.T.);
#2941 = EDGE_LOOP('',(#2942,#2943,#2949,#2950));
#2942 = ORIENTED_EDGE('',*,*,#767,.T.);
#2943 = ORIENTED_EDGE('',*,*,#2944,.T.);
#2944 = EDGE_CURVE('',#768,#1653,#2945,.T.);
#2945 = LINE('',#2946,#2947);
#2946 = CARTESIAN_POINT('',(40.61833,17.926603,-4.6E-02));
#2947 = VECTOR('',#2948,1.);
#2948 = DIRECTION('',(0.,0.,1.));
#2949 = ORIENTED_EDGE('',*,*,#1652,.F.);
#2950 = ORIENTED_EDGE('',*,*,#2944,.F.);
#2951 = CYLINDRICAL_SURFACE('',#2952,0.8509);
#2952 = AXIS2_PLACEMENT_3D('',#2953,#2954,#2955);
#2953 = CARTESIAN_POINT('',(40.61833,18.777503,-4.6E-02));
#2954 = DIRECTION('',(-0.,-0.,-1.));
#2955 = DIRECTION('',(-0.,-1.,0.));
#2956 = ADVANCED_FACE('',(#2957),#2968,.F.);
#2957 = FACE_BOUND('',#2958,.T.);
#2958 = EDGE_LOOP('',(#2959,#2960,#2966,#2967));
#2959 = ORIENTED_EDGE('',*,*,#778,.T.);
#2960 = ORIENTED_EDGE('',*,*,#2961,.T.);
#2961 = EDGE_CURVE('',#779,#1664,#2962,.T.);
#2962 = LINE('',#2963,#2964);
#2963 = CARTESIAN_POINT('',(48.224992,14.486234,-4.6E-02));
#2964 = VECTOR('',#2965,1.);
#2965 = DIRECTION('',(0.,0.,1.));
#2966 = ORIENTED_EDGE('',*,*,#1663,.F.);
#2967 = ORIENTED_EDGE('',*,*,#2961,.F.);
#2968 = CYLINDRICAL_SURFACE('',#2969,1.5);
#2969 = AXIS2_PLACEMENT_3D('',#2970,#2971,#2972);
#2970 = CARTESIAN_POINT('',(48.224992,15.986234,-4.6E-02));
#2971 = DIRECTION('',(-0.,-0.,-1.));
#2972 = DIRECTION('',(-0.,-1.,0.));
#2973 = ADVANCED_FACE('',(#2974),#2985,.F.);
#2974 = FACE_BOUND('',#2975,.T.);
#2975 = EDGE_LOOP('',(#2976,#2977,#2983,#2984));
#2976 = ORIENTED_EDGE('',*,*,#789,.T.);
#2977 = ORIENTED_EDGE('',*,*,#2978,.T.);
#2978 = EDGE_CURVE('',#790,#1675,#2979,.T.);
#2979 = LINE('',#2980,#2981);
#2980 = CARTESIAN_POINT('',(45.5145,19.5685,-4.6E-02));
#2981 = VECTOR('',#2982,1.);
#2982 = DIRECTION('',(0.,0.,1.));
#2983 = ORIENTED_EDGE('',*,*,#1674,.F.);
#2984 = ORIENTED_EDGE('',*,*,#2978,.F.);
#2985 = CYLINDRICAL_SURFACE('',#2986,1.7145);
#2986 = AXIS2_PLACEMENT_3D('',#2987,#2988,#2989);
#2987 = CARTESIAN_POINT('',(45.5145,21.283,-4.6E-02));
#2988 = DIRECTION('',(-0.,-0.,-1.));
#2989 = DIRECTION('',(-0.,-1.,0.));
#2990 = ADVANCED_FACE('',(#2991),#3002,.F.);
#2991 = FACE_BOUND('',#2992,.T.);
#2992 = EDGE_LOOP('',(#2993,#2994,#3000,#3001));
#2993 = ORIENTED_EDGE('',*,*,#800,.T.);
#2994 = ORIENTED_EDGE('',*,*,#2995,.T.);
#2995 = EDGE_CURVE('',#801,#1686,#2996,.T.);
#2996 = LINE('',#2997,#2998);
#2997 = CARTESIAN_POINT('',(50.41067,22.937597,-4.6E-02));
#2998 = VECTOR('',#2999,1.);
#2999 = DIRECTION('',(0.,0.,1.));
#3000 = ORIENTED_EDGE('',*,*,#1685,.F.);
#3001 = ORIENTED_EDGE('',*,*,#2995,.F.);
#3002 = CYLINDRICAL_SURFACE('',#3003,0.8509);
#3003 = AXIS2_PLACEMENT_3D('',#3004,#3005,#3006);
#3004 = CARTESIAN_POINT('',(50.41067,23.788497,-4.6E-02));
#3005 = DIRECTION('',(-0.,0.,-1.));
#3006 = DIRECTION('',(8.350484613469E-15,-1.,-0.));
#3007 = ADVANCED_FACE('',(#3008),#3019,.F.);
#3008 = FACE_BOUND('',#3009,.T.);
#3009 = EDGE_LOOP('',(#3010,#3011,#3017,#3018));
#3010 = ORIENTED_EDGE('',*,*,#811,.T.);
#3011 = ORIENTED_EDGE('',*,*,#3012,.T.);
#3012 = EDGE_CURVE('',#812,#1697,#3013,.T.);
#3013 = LINE('',#3014,#3015);
#3014 = CARTESIAN_POINT('',(-0.209131,24.399767,-4.6E-02));
#3015 = VECTOR('',#3016,1.);
#3016 = DIRECTION('',(0.,0.,1.));
#3017 = ORIENTED_EDGE('',*,*,#1696,.F.);
#3018 = ORIENTED_EDGE('',*,*,#3012,.F.);
#3019 = CYLINDRICAL_SURFACE('',#3020,0.8509);
#3020 = AXIS2_PLACEMENT_3D('',#3021,#3022,#3023);
#3021 = CARTESIAN_POINT('',(-0.209131,25.250667,-4.6E-02));
#3022 = DIRECTION('',(-0.,0.,-1.));
#3023 = DIRECTION('',(6.523816104273E-17,-1.,-0.));
#3024 = ADVANCED_FACE('',(#3025),#3036,.F.);
#3025 = FACE_BOUND('',#3026,.T.);
#3026 = EDGE_LOOP('',(#3027,#3028,#3034,#3035));
#3027 = ORIENTED_EDGE('',*,*,#822,.T.);
#3028 = ORIENTED_EDGE('',*,*,#3029,.T.);
#3029 = EDGE_CURVE('',#823,#1708,#3030,.T.);
#3030 = LINE('',#3031,#3032);
#3031 = CARTESIAN_POINT('',(5.2475,24.2255,-4.6E-02));
#3032 = VECTOR('',#3033,1.);
#3033 = DIRECTION('',(0.,0.,1.));
#3034 = ORIENTED_EDGE('',*,*,#1707,.F.);
#3035 = ORIENTED_EDGE('',*,*,#3029,.F.);
#3036 = CYLINDRICAL_SURFACE('',#3037,1.7145);
#3037 = AXIS2_PLACEMENT_3D('',#3038,#3039,#3040);
#3038 = CARTESIAN_POINT('',(5.2475,25.94,-4.6E-02));
#3039 = DIRECTION('',(-0.,-0.,-1.));
#3040 = DIRECTION('',(-0.,-1.,0.));
#3041 = ADVANCED_FACE('',(#3042),#3053,.F.);
#3042 = FACE_BOUND('',#3043,.T.);
#3043 = EDGE_LOOP('',(#3044,#3045,#3051,#3052));
#3044 = ORIENTED_EDGE('',*,*,#833,.T.);
#3045 = ORIENTED_EDGE('',*,*,#3046,.T.);
#3046 = EDGE_CURVE('',#834,#1719,#3047,.T.);
#3047 = LINE('',#3048,#3049);
#3048 = CARTESIAN_POINT('',(10.704131,25.778433,-4.6E-02));
#3049 = VECTOR('',#3050,1.);
#3050 = DIRECTION('',(0.,0.,1.));
#3051 = ORIENTED_EDGE('',*,*,#1718,.F.);
#3052 = ORIENTED_EDGE('',*,*,#3046,.F.);
#3053 = CYLINDRICAL_SURFACE('',#3054,0.8509);
#3054 = AXIS2_PLACEMENT_3D('',#3055,#3056,#3057);
#3055 = CARTESIAN_POINT('',(10.704131,26.629333,-4.6E-02));
#3056 = DIRECTION('',(-0.,-0.,-1.));
#3057 = DIRECTION('',(-0.,-1.,0.));
#3058 = ADVANCED_FACE('',(#3059),#3070,.F.);
#3059 = FACE_BOUND('',#3060,.T.);
#3060 = EDGE_LOOP('',(#3061,#3062,#3068,#3069));
#3061 = ORIENTED_EDGE('',*,*,#844,.T.);
#3062 = ORIENTED_EDGE('',*,*,#3063,.T.);
#3063 = EDGE_CURVE('',#845,#1730,#3064,.T.);
#3064 = LINE('',#3065,#3066);
#3065 = CARTESIAN_POINT('',(9.899939,30.265821,-4.6E-02));
#3066 = VECTOR('',#3067,1.);
#3067 = DIRECTION('',(0.,0.,1.));
#3068 = ORIENTED_EDGE('',*,*,#1729,.F.);
#3069 = ORIENTED_EDGE('',*,*,#3063,.F.);
#3070 = CYLINDRICAL_SURFACE('',#3071,0.4953);
#3071 = AXIS2_PLACEMENT_3D('',#3072,#3073,#3074);
#3072 = CARTESIAN_POINT('',(9.899939,30.761121,-4.6E-02));
#3073 = DIRECTION('',(-0.,-0.,-1.));
#3074 = DIRECTION('',(-0.,-1.,0.));
#3075 = ADVANCED_FACE('',(#3076),#3087,.F.);
#3076 = FACE_BOUND('',#3077,.T.);
#3077 = EDGE_LOOP('',(#3078,#3079,#3085,#3086));
#3078 = ORIENTED_EDGE('',*,*,#855,.T.);
#3079 = ORIENTED_EDGE('',*,*,#3080,.T.);
#3080 = EDGE_CURVE('',#856,#1741,#3081,.T.);
#3081 = LINE('',#3082,#3083);
#3082 = CARTESIAN_POINT('',(-1.371074,36.962904,-4.6E-02));
#3083 = VECTOR('',#3084,1.);
#3084 = DIRECTION('',(0.,0.,1.));
#3085 = ORIENTED_EDGE('',*,*,#1740,.F.);
#3086 = ORIENTED_EDGE('',*,*,#3080,.F.);
#3087 = CYLINDRICAL_SURFACE('',#3088,1.5);
#3088 = AXIS2_PLACEMENT_3D('',#3089,#3090,#3091);
#3089 = CARTESIAN_POINT('',(-1.371074,38.462904,-4.6E-02));
#3090 = DIRECTION('',(-0.,0.,-1.));
#3091 = DIRECTION('',(2.960594732334E-16,-1.,-0.));
#3092 = ADVANCED_FACE('',(#3093),#3104,.F.);
#3093 = FACE_BOUND('',#3094,.T.);
#3094 = EDGE_LOOP('',(#3095,#3096,#3102,#3103));
#3095 = ORIENTED_EDGE('',*,*,#866,.T.);
#3096 = ORIENTED_EDGE('',*,*,#3097,.T.);
#3097 = EDGE_CURVE('',#867,#1752,#3098,.T.);
#3098 = LINE('',#3099,#3100);
#3099 = CARTESIAN_POINT('',(3.865233,35.406918,-4.6E-02));
#3100 = VECTOR('',#3101,1.);
#3101 = DIRECTION('',(0.,0.,1.));
#3102 = ORIENTED_EDGE('',*,*,#1751,.F.);
#3103 = ORIENTED_EDGE('',*,*,#3097,.F.);
#3104 = CYLINDRICAL_SURFACE('',#3105,1.5);
#3105 = AXIS2_PLACEMENT_3D('',#3106,#3107,#3108);
#3106 = CARTESIAN_POINT('',(3.865233,36.906918,-4.6E-02));
#3107 = DIRECTION('',(-0.,-0.,-1.));
#3108 = DIRECTION('',(-0.,-1.,0.));
#3109 = ADVANCED_FACE('',(#3110),#3121,.F.);
#3110 = FACE_BOUND('',#3111,.T.);
#3111 = EDGE_LOOP('',(#3112,#3113,#3119,#3120));
#3112 = ORIENTED_EDGE('',*,*,#877,.T.);
#3113 = ORIENTED_EDGE('',*,*,#3114,.T.);
#3114 = EDGE_CURVE('',#878,#1763,#3115,.T.);
#3115 = LINE('',#3116,#3117);
#3116 = CARTESIAN_POINT('',(-2.337131,41.269767,-4.6E-02));
#3117 = VECTOR('',#3118,1.);
#3118 = DIRECTION('',(0.,0.,1.));
#3119 = ORIENTED_EDGE('',*,*,#1762,.F.);
#3120 = ORIENTED_EDGE('',*,*,#3114,.F.);
#3121 = CYLINDRICAL_SURFACE('',#3122,0.8509);
#3122 = AXIS2_PLACEMENT_3D('',#3123,#3124,#3125);
#3123 = CARTESIAN_POINT('',(-2.337131,42.120667,-4.6E-02));
#3124 = DIRECTION('',(-0.,0.,-1.));
#3125 = DIRECTION('',(5.219052883418E-16,-1.,-0.));
#3126 = ADVANCED_FACE('',(#3127),#3138,.F.);
#3127 = FACE_BOUND('',#3128,.T.);
#3128 = EDGE_LOOP('',(#3129,#3130,#3136,#3137));
#3129 = ORIENTED_EDGE('',*,*,#888,.T.);
#3130 = ORIENTED_EDGE('',*,*,#3131,.T.);
#3131 = EDGE_CURVE('',#889,#1774,#3132,.T.);
#3132 = LINE('',#3133,#3134);
#3133 = CARTESIAN_POINT('',(3.1195,41.0955,-4.6E-02));
#3134 = VECTOR('',#3135,1.);
#3135 = DIRECTION('',(0.,0.,1.));
#3136 = ORIENTED_EDGE('',*,*,#1773,.F.);
#3137 = ORIENTED_EDGE('',*,*,#3131,.F.);
#3138 = CYLINDRICAL_SURFACE('',#3139,1.7145);
#3139 = AXIS2_PLACEMENT_3D('',#3140,#3141,#3142);
#3140 = CARTESIAN_POINT('',(3.1195,42.81,-4.6E-02));
#3141 = DIRECTION('',(-0.,-0.,-1.));
#3142 = DIRECTION('',(-0.,-1.,0.));
#3143 = ADVANCED_FACE('',(#3144),#3155,.F.);
#3144 = FACE_BOUND('',#3145,.T.);
#3145 = EDGE_LOOP('',(#3146,#3147,#3153,#3154));
#3146 = ORIENTED_EDGE('',*,*,#899,.T.);
#3147 = ORIENTED_EDGE('',*,*,#3148,.T.);
#3148 = EDGE_CURVE('',#900,#1785,#3149,.T.);
#3149 = LINE('',#3150,#3151);
#3150 = CARTESIAN_POINT('',(8.576131,42.648433,-4.6E-02));
#3151 = VECTOR('',#3152,1.);
#3152 = DIRECTION('',(0.,0.,1.));
#3153 = ORIENTED_EDGE('',*,*,#1784,.F.);
#3154 = ORIENTED_EDGE('',*,*,#3148,.F.);
#3155 = CYLINDRICAL_SURFACE('',#3156,0.8509);
#3156 = AXIS2_PLACEMENT_3D('',#3157,#3158,#3159);
#3157 = CARTESIAN_POINT('',(8.576131,43.499333,-4.6E-02));
#3158 = DIRECTION('',(-0.,-0.,-1.));
#3159 = DIRECTION('',(-0.,-1.,0.));
#3160 = ADVANCED_FACE('',(#3161),#3172,.F.);
#3161 = FACE_BOUND('',#3162,.T.);
#3162 = EDGE_LOOP('',(#3163,#3164,#3170,#3171));
#3163 = ORIENTED_EDGE('',*,*,#910,.T.);
#3164 = ORIENTED_EDGE('',*,*,#3165,.T.);
#3165 = EDGE_CURVE('',#911,#1796,#3166,.T.);
#3166 = LINE('',#3167,#3168);
#3167 = CARTESIAN_POINT('',(7.771939,47.135821,-4.6E-02));
#3168 = VECTOR('',#3169,1.);
#3169 = DIRECTION('',(0.,0.,1.));
#3170 = ORIENTED_EDGE('',*,*,#1795,.F.);
#3171 = ORIENTED_EDGE('',*,*,#3165,.F.);
#3172 = CYLINDRICAL_SURFACE('',#3173,0.4953);
#3173 = AXIS2_PLACEMENT_3D('',#3174,#3175,#3176);
#3174 = CARTESIAN_POINT('',(7.771939,47.631121,-4.6E-02));
#3175 = DIRECTION('',(-0.,-0.,-1.));
#3176 = DIRECTION('',(-0.,-1.,0.));
#3177 = ADVANCED_FACE('',(#3178),#3189,.F.);
#3178 = FACE_BOUND('',#3179,.T.);
#3179 = EDGE_LOOP('',(#3180,#3181,#3187,#3188));
#3180 = ORIENTED_EDGE('',*,*,#921,.T.);
#3181 = ORIENTED_EDGE('',*,*,#3182,.T.);
#3182 = EDGE_CURVE('',#922,#1807,#3183,.T.);
#3183 = LINE('',#3184,#3185);
#3184 = CARTESIAN_POINT('',(20.108686,36.335666,-4.6E-02));
#3185 = VECTOR('',#3186,1.);
#3186 = DIRECTION('',(0.,0.,1.));
#3187 = ORIENTED_EDGE('',*,*,#1806,.F.);
#3188 = ORIENTED_EDGE('',*,*,#3182,.F.);
#3189 = CYLINDRICAL_SURFACE('',#3190,1.5);
#3190 = AXIS2_PLACEMENT_3D('',#3191,#3192,#3193);
#3191 = CARTESIAN_POINT('',(20.108686,37.835666,-4.6E-02));
#3192 = DIRECTION('',(-0.,-0.,-1.));
#3193 = DIRECTION('',(-0.,-1.,0.));
#3194 = ADVANCED_FACE('',(#3195),#3206,.F.);
#3195 = FACE_BOUND('',#3196,.T.);
#3196 = EDGE_LOOP('',(#3197,#3198,#3204,#3205));
#3197 = ORIENTED_EDGE('',*,*,#932,.T.);
#3198 = ORIENTED_EDGE('',*,*,#3199,.T.);
#3199 = EDGE_CURVE('',#933,#1818,#3200,.T.);
#3200 = LINE('',#3201,#3202);
#3201 = CARTESIAN_POINT('',(19.772735,40.753007,-4.6E-02));
#3202 = VECTOR('',#3203,1.);
#3203 = DIRECTION('',(0.,0.,1.));
#3204 = ORIENTED_EDGE('',*,*,#1817,.F.);
#3205 = ORIENTED_EDGE('',*,*,#3199,.F.);
#3206 = CYLINDRICAL_SURFACE('',#3207,0.8509);
#3207 = AXIS2_PLACEMENT_3D('',#3208,#3209,#3210);
#3208 = CARTESIAN_POINT('',(19.772735,41.603907,-4.6E-02));
#3209 = DIRECTION('',(-0.,-0.,-1.));
#3210 = DIRECTION('',(-0.,-1.,0.));
#3211 = ADVANCED_FACE('',(#3212),#3223,.F.);
#3212 = FACE_BOUND('',#3213,.T.);
#3213 = EDGE_LOOP('',(#3214,#3215,#3221,#3222));
#3214 = ORIENTED_EDGE('',*,*,#943,.T.);
#3215 = ORIENTED_EDGE('',*,*,#3216,.T.);
#3216 = EDGE_CURVE('',#944,#1829,#3217,.T.);
#3217 = LINE('',#3218,#3219);
#3218 = CARTESIAN_POINT('',(29.913733,27.858009,-4.6E-02));
#3219 = VECTOR('',#3220,1.);
#3220 = DIRECTION('',(0.,0.,1.));
#3221 = ORIENTED_EDGE('',*,*,#1828,.F.);
#3222 = ORIENTED_EDGE('',*,*,#3216,.F.);
#3223 = CYLINDRICAL_SURFACE('',#3224,0.4953);
#3224 = AXIS2_PLACEMENT_3D('',#3225,#3226,#3227);
#3225 = CARTESIAN_POINT('',(29.913733,28.353309,-4.6E-02));
#3226 = DIRECTION('',(-0.,-0.,-1.));
#3227 = DIRECTION('',(-0.,-1.,0.));
#3228 = ADVANCED_FACE('',(#3229),#3240,.F.);
#3229 = FACE_BOUND('',#3230,.T.);
#3230 = EDGE_LOOP('',(#3231,#3232,#3238,#3239));
#3231 = ORIENTED_EDGE('',*,*,#954,.T.);
#3232 = ORIENTED_EDGE('',*,*,#3233,.T.);
#3233 = EDGE_CURVE('',#955,#1840,#3234,.T.);
#3234 = LINE('',#3235,#3236);
#3235 = CARTESIAN_POINT('',(25.007965,33.919663,-4.6E-02));
#3236 = VECTOR('',#3237,1.);
#3237 = DIRECTION('',(0.,0.,1.));
#3238 = ORIENTED_EDGE('',*,*,#1839,.F.);
#3239 = ORIENTED_EDGE('',*,*,#3233,.F.);
#3240 = CYLINDRICAL_SURFACE('',#3241,1.5);
#3241 = AXIS2_PLACEMENT_3D('',#3242,#3243,#3244);
#3242 = CARTESIAN_POINT('',(25.007965,35.419663,-4.6E-02));
#3243 = DIRECTION('',(-0.,-0.,-1.));
#3244 = DIRECTION('',(-0.,-1.,0.));
#3245 = ADVANCED_FACE('',(#3246),#3257,.F.);
#3246 = FACE_BOUND('',#3247,.T.);
#3247 = EDGE_LOOP('',(#3248,#3249,#3255,#3256));
#3248 = ORIENTED_EDGE('',*,*,#965,.T.);
#3249 = ORIENTED_EDGE('',*,*,#3250,.T.);
#3250 = EDGE_CURVE('',#966,#1851,#3251,.T.);
#3251 = LINE('',#3252,#3253);
#3252 = CARTESIAN_POINT('',(48.248122,26.904538,-4.6E-02));
#3253 = VECTOR('',#3254,1.);
#3254 = DIRECTION('',(0.,0.,1.));
#3255 = ORIENTED_EDGE('',*,*,#1850,.F.);
#3256 = ORIENTED_EDGE('',*,*,#3250,.F.);
#3257 = CYLINDRICAL_SURFACE('',#3258,0.4953);
#3258 = AXIS2_PLACEMENT_3D('',#3259,#3260,#3261);
#3259 = CARTESIAN_POINT('',(48.248122,27.399838,-4.6E-02));
#3260 = DIRECTION('',(-0.,-0.,-1.));
#3261 = DIRECTION('',(-0.,-1.,0.));
#3262 = ADVANCED_FACE('',(#3263),#3274,.F.);
#3263 = FACE_BOUND('',#3264,.T.);
#3264 = EDGE_LOOP('',(#3265,#3266,#3272,#3273));
#3265 = ORIENTED_EDGE('',*,*,#976,.T.);
#3266 = ORIENTED_EDGE('',*,*,#3267,.T.);
#3267 = EDGE_CURVE('',#977,#1862,#3268,.T.);
#3268 = LINE('',#3269,#3270);
#3269 = CARTESIAN_POINT('',(25.2675,39.6495,-4.6E-02));
#3270 = VECTOR('',#3271,1.);
#3271 = DIRECTION('',(0.,0.,1.));
#3272 = ORIENTED_EDGE('',*,*,#1861,.F.);
#3273 = ORIENTED_EDGE('',*,*,#3267,.F.);
#3274 = CYLINDRICAL_SURFACE('',#3275,1.7145);
#3275 = AXIS2_PLACEMENT_3D('',#3276,#3277,#3278);
#3276 = CARTESIAN_POINT('',(25.2675,41.364,-4.6E-02));
#3277 = DIRECTION('',(-0.,-0.,-1.));
#3278 = DIRECTION('',(-0.,-1.,0.));
#3279 = ADVANCED_FACE('',(#3280),#3291,.F.);
#3280 = FACE_BOUND('',#3281,.T.);
#3281 = EDGE_LOOP('',(#3282,#3283,#3289,#3290));
#3282 = ORIENTED_EDGE('',*,*,#987,.T.);
#3283 = ORIENTED_EDGE('',*,*,#3284,.T.);
#3284 = EDGE_CURVE('',#988,#1873,#3285,.T.);
#3285 = LINE('',#3286,#3287);
#3286 = CARTESIAN_POINT('',(30.762265,40.273193,-4.6E-02));
#3287 = VECTOR('',#3288,1.);
#3288 = DIRECTION('',(0.,0.,1.));
#3289 = ORIENTED_EDGE('',*,*,#1872,.F.);
#3290 = ORIENTED_EDGE('',*,*,#3284,.F.);
#3291 = CYLINDRICAL_SURFACE('',#3292,0.8509);
#3292 = AXIS2_PLACEMENT_3D('',#3293,#3294,#3295);
#3293 = CARTESIAN_POINT('',(30.762265,41.124093,-4.6E-02));
#3294 = DIRECTION('',(-0.,-0.,-1.));
#3295 = DIRECTION('',(-0.,-1.,0.));
#3296 = ADVANCED_FACE('',(#3297),#3308,.F.);
#3297 = FACE_BOUND('',#3298,.T.);
#3298 = EDGE_LOOP('',(#3299,#3300,#3306,#3307));
#3299 = ORIENTED_EDGE('',*,*,#998,.T.);
#3300 = ORIENTED_EDGE('',*,*,#3301,.T.);
#3301 = EDGE_CURVE('',#999,#1884,#3302,.T.);
#3302 = LINE('',#3303,#3304);
#3303 = CARTESIAN_POINT('',(30.665733,44.837009,-4.6E-02));
#3304 = VECTOR('',#3305,1.);
#3305 = DIRECTION('',(0.,0.,1.));
#3306 = ORIENTED_EDGE('',*,*,#1883,.F.);
#3307 = ORIENTED_EDGE('',*,*,#3301,.F.);
#3308 = CYLINDRICAL_SURFACE('',#3309,0.4953);
#3309 = AXIS2_PLACEMENT_3D('',#3310,#3311,#3312);
#3310 = CARTESIAN_POINT('',(30.665733,45.332309,-4.6E-02));
#3311 = DIRECTION('',(-0.,-0.,-1.));
#3312 = DIRECTION('',(-0.,-1.,0.));
#3313 = ADVANCED_FACE('',(#3314),#3325,.F.);
#3314 = FACE_BOUND('',#3315,.T.);
#3315 = EDGE_LOOP('',(#3316,#3317,#3323,#3324));
#3316 = ORIENTED_EDGE('',*,*,#1009,.T.);
#3317 = ORIENTED_EDGE('',*,*,#3318,.T.);
#3318 = EDGE_CURVE('',#1010,#1895,#3319,.T.);
#3319 = LINE('',#3320,#3321);
#3320 = CARTESIAN_POINT('',(40.,35.4,-4.6E-02));
#3321 = VECTOR('',#3322,1.);
#3322 = DIRECTION('',(0.,0.,1.));
#3323 = ORIENTED_EDGE('',*,*,#1894,.F.);
#3324 = ORIENTED_EDGE('',*,*,#3318,.F.);
#3325 = CYLINDRICAL_SURFACE('',#3326,1.1);
#3326 = AXIS2_PLACEMENT_3D('',#3327,#3328,#3329);
#3327 = CARTESIAN_POINT('',(40.,36.5,-4.6E-02));
#3328 = DIRECTION('',(-0.,-0.,-1.));
#3329 = DIRECTION('',(-0.,-1.,0.));
#3330 = ( GEOMETRIC_REPRESENTATION_CONTEXT(3) 
GLOBAL_UNCERTAINTY_ASSIGNED_CONTEXT((#3334)) 
GLOBAL_UNIT_ASSIGNED_CONTEXT((#3331,#3332,#3333)) REPRESENTATION_CONTEXT
('Context #1','3D Context with UNIT and UNCERTAINTY') );
#3331 = ( LENGTH_UNIT() NAMED_UNIT(*) SI_UNIT(.MILLI.,.METRE.) );
#3332 = ( NAMED_UNIT(*) PLANE_ANGLE_UNIT() SI_UNIT($,.RADIAN.) );
#3333 = ( NAMED_UNIT(*) SI_UNIT($,.STERADIAN.) SOLID_ANGLE_UNIT() );
#3334 = UNCERTAINTY_MEASURE_WITH_UNIT(LENGTH_MEASURE(1.E-07),#3331,
  'distance_accuracy_value','confusion accuracy');
#3335 = CONTEXT_DEPENDENT_SHAPE_REPRESENTATION(#3336,#3338);
#3336 = ( REPRESENTATION_RELATIONSHIP('','',#32,#10) 
REPRESENTATION_RELATIONSHIP_WITH_TRANSFORMATION(#3337) 
SHAPE_REPRESENTATION_RELATIONSHIP() );
#3337 = ITEM_DEFINED_TRANSFORMATION('','',#11,#15);
#3338 = PRODUCT_DEFINITION_SHAPE('Placement','Placement of an item',
  #3339);
#3339 = NEXT_ASSEMBLY_USAGE_OCCURRENCE('1','=>[0:1:1:2]','',#5,#27,$);
#3340 = PRODUCT_RELATED_PRODUCT_CATEGORY('part',$,(#29));
#3341 = MECHANICAL_DESIGN_GEOMETRIC_PRESENTATION_REPRESENTATION('',(
    #3342),#3330);
#3342 = STYLED_ITEM('color',(#3343),#33);
#3343 = PRESENTATION_STYLE_ASSIGNMENT((#3344));
#3344 = SURFACE_STYLE_USAGE(.BOTH.,#3345);
#3345 = SURFACE_SIDE_STYLE('',(#3346));
#3346 = SURFACE_STYLE_FILL_AREA(#3347);
#3347 = FILL_AREA_STYLE('',(#3348));
#3348 = FILL_AREA_STYLE_COLOUR('',#3349);
#3349 = COLOUR_RGB('',0.313304153717,0.484529207832,0.410020903123);
ENDSEC;
END-ISO-10303-21;
