ISO-10303-21;
HEADER;
FILE_DESCRIPTION(('KiCad electronic assembly'),'2;1');
FILE_NAME('mesa2.step','2026-09-06T10:48:49',('Pcbnew'),('Kicad'),
  'Open CASCADE STEP processor 7.9','KiCad to STEP converter','Unknown'
  );
FILE_SCHEMA(('AUTOMOTIVE_DESIGN { 1 0 10303 214 1 1 1 1 }'));
ENDSEC;
DATA;
#1 = APPLICATION_PROTOCOL_DEFINITION('international standard',
  'automotive_design',2000,#2);
#2 = APPLICATION_CONTEXT(
  'core data for automotive mechanical design processes');
#3 = SHAPE_DEFINITION_REPRESENTATION(#4,#10);
#4 = PRODUCT_DEFINITION_SHAPE('','',#5);
#5 = PRODUCT_DEFINITION('design','',#6,#9);
#6 = PRODUCT_DEFINITION_FORMATION('','',#7);
#7 = PRODUCT('mesa2 1','mesa2 1','',(#8));
#8 = PRODUCT_CONTEXT('',#2,'mechanical');
#9 = PRODUCT_DEFINITION_CONTEXT('part definition',#2,'design');
#10 = SHAPE_REPRESENTATION('',(#11,#15),#19);
#11 = AXIS2_PLACEMENT_3D('',#12,#13,#14);
#12 = CARTESIAN_POINT('',(0.,0.,0.));
#13 = DIRECTION('',(0.,0.,1.));
#14 = DIRECTION('',(1.,0.,-0.));
#15 = AXIS2_PLACEMENT_3D('',#16,#17,#18);
#16 = CARTESIAN_POINT('',(0.,0.,0.));
#17 = DIRECTION('',(0.,0.,1.));
#18 = DIRECTION('',(1.,0.,-0.));
#19 = ( GEOMETRIC_REPRESENTATION_CONTEXT(3) 
GLOBAL_UNCERTAINTY_ASSIGNED_CONTEXT((#23)) GLOBAL_UNIT_ASSIGNED_CONTEXT(
(#20,#21,#22)) REPRESENTATION_CONTEXT('Context #1',
  '3D Context with UNIT and UNCERTAINTY') );
#20 = ( LENGTH_UNIT() NAMED_UNIT(*) SI_UNIT(.MILLI.,.METRE.) );
#21 = ( NAMED_UNIT(*) PLANE_ANGLE_UNIT() SI_UNIT($,.RADIAN.) );
#22 = ( NAMED_UNIT(*) SI_UNIT($,.STERADIAN.) SOLID_ANGLE_UNIT() );
#23 = UNCERTAINTY_MEASURE_WITH_UNIT(LENGTH_MEASURE(1.E-07),#20,
  'distance_accuracy_value','confusion accuracy');
#24 = PRODUCT_RELATED_PRODUCT_CATEGORY('part',$,(#7));
#25 = SHAPE_DEFINITION_REPRESENTATION(#26,#32);
#26 = PRODUCT_DEFINITION_SHAPE('','',#27);
#27 = PRODUCT_DEFINITION('design','',#28,#31);
#28 = PRODUCT_DEFINITION_FORMATION('','',#29);
#29 = PRODUCT('mesa2_PCB','mesa2_PCB','',(#30));
#30 = PRODUCT_CONTEXT('',#2,'mechanical');
#31 = PRODUCT_DEFINITION_CONTEXT('part definition',#2,'design');
#32 = ADVANCED_BREP_SHAPE_REPRESENTATION('',(#11,#33),#5793);
#33 = MANIFOLD_SOLID_BREP('',#34);
#34 = CLOSED_SHELL('',(#35,#75,#106,#137,#1701,#3265,#3282,#3299,#3316,
    #3333,#3350,#3367,#3384,#3401,#3418,#3435,#3452,#3469,#3486,#3503,
    #3520,#3537,#3554,#3571,#3588,#3605,#3622,#3639,#3656,#3673,#3690,
    #3707,#3724,#3736,#3753,#3770,#3787,#3804,#3821,#3838,#3855,#3872,
    #3889,#3906,#3923,#3940,#3957,#3974,#3991,#4008,#4025,#4042,#4059,
    #4076,#4093,#4110,#4127,#4144,#4161,#4178,#4195,#4212,#4229,#4246,
    #4263,#4280,#4297,#4314,#4331,#4348,#4365,#4382,#4399,#4416,#4433,
    #4450,#4467,#4484,#4501,#4518,#4535,#4552,#4569,#4586,#4603,#4620,
    #4637,#4654,#4671,#4688,#4705,#4722,#4739,#4756,#4773,#4790,#4807,
    #4824,#4841,#4858,#4875,#4892,#4909,#4926,#4943,#4960,#4977,#4994,
    #5011,#5028,#5045,#5062,#5079,#5096,#5113,#5130,#5147,#5164,#5181,
    #5198,#5215,#5232,#5249,#5266,#5283,#5300,#5317,#5334,#5351,#5368,
    #5385,#5402,#5419,#5436,#5453,#5470,#5487,#5504,#5521,#5538,#5555,
    #5572,#5589,#5606,#5623,#5640,#5657,#5674,#5691,#5708,#5725,#5742,
    #5759,#5776));
#35 = ADVANCED_FACE('',(#36),#70,.T.);
#36 = FACE_BOUND('',#37,.T.);
#37 = EDGE_LOOP('',(#38,#48,#56,#64));
#38 = ORIENTED_EDGE('',*,*,#39,.T.);
#39 = EDGE_CURVE('',#40,#42,#44,.T.);
#40 = VERTEX_POINT('',#41);
#41 = CARTESIAN_POINT('',(81.,52.5,0.));
#42 = VERTEX_POINT('',#43);
#43 = CARTESIAN_POINT('',(81.,52.5,1.51));
#44 = LINE('',#45,#46);
#45 = CARTESIAN_POINT('',(81.,52.5,0.));
#46 = VECTOR('',#47,1.);
#47 = DIRECTION('',(0.,0.,1.));
#48 = ORIENTED_EDGE('',*,*,#49,.T.);
#49 = EDGE_CURVE('',#42,#50,#52,.T.);
#50 = VERTEX_POINT('',#51);
#51 = CARTESIAN_POINT('',(92.,43.5,1.51));
#52 = LINE('',#53,#54);
#53 = CARTESIAN_POINT('',(81.,52.5,1.51));
#54 = VECTOR('',#55,1.);
#55 = DIRECTION('',(0.773957299203,-0.633237790257,0.));
#56 = ORIENTED_EDGE('',*,*,#57,.F.);
#57 = EDGE_CURVE('',#58,#50,#60,.T.);
#58 = VERTEX_POINT('',#59);
#59 = CARTESIAN_POINT('',(92.,43.5,0.));
#60 = LINE('',#61,#62);
#61 = CARTESIAN_POINT('',(92.,43.5,0.));
#62 = VECTOR('',#63,1.);
#63 = DIRECTION('',(0.,0.,1.));
#64 = ORIENTED_EDGE('',*,*,#65,.F.);
#65 = EDGE_CURVE('',#40,#58,#66,.T.);
#66 = LINE('',#67,#68);
#67 = CARTESIAN_POINT('',(81.,52.5,0.));
#68 = VECTOR('',#69,1.);
#69 = DIRECTION('',(0.773957299203,-0.633237790257,0.));
#70 = PLANE('',#71);
#71 = AXIS2_PLACEMENT_3D('',#72,#73,#74);
#72 = CARTESIAN_POINT('',(81.,52.5,0.));
#73 = DIRECTION('',(0.633237790257,0.773957299203,-0.));
#74 = DIRECTION('',(0.773957299203,-0.633237790257,0.));
#75 = ADVANCED_FACE('',(#76),#101,.T.);
#76 = FACE_BOUND('',#77,.T.);
#77 = EDGE_LOOP('',(#78,#88,#94,#95));
#78 = ORIENTED_EDGE('',*,*,#79,.T.);
#79 = EDGE_CURVE('',#80,#82,#84,.T.);
#80 = VERTEX_POINT('',#81);
#81 = CARTESIAN_POINT('',(60.,55.5,0.));
#82 = VERTEX_POINT('',#83);
#83 = CARTESIAN_POINT('',(60.,55.5,1.51));
#84 = LINE('',#85,#86);
#85 = CARTESIAN_POINT('',(60.,55.5,0.));
#86 = VECTOR('',#87,1.);
#87 = DIRECTION('',(0.,0.,1.));
#88 = ORIENTED_EDGE('',*,*,#89,.T.);
#89 = EDGE_CURVE('',#82,#42,#90,.T.);
#90 = LINE('',#91,#92);
#91 = CARTESIAN_POINT('',(60.,55.5,1.51));
#92 = VECTOR('',#93,1.);
#93 = DIRECTION('',(0.989949493661,-0.141421356237,0.));
#94 = ORIENTED_EDGE('',*,*,#39,.F.);
#95 = ORIENTED_EDGE('',*,*,#96,.F.);
#96 = EDGE_CURVE('',#80,#40,#97,.T.);
#97 = LINE('',#98,#99);
#98 = CARTESIAN_POINT('',(60.,55.5,0.));
#99 = VECTOR('',#100,1.);
#100 = DIRECTION('',(0.989949493661,-0.141421356237,0.));
#101 = PLANE('',#102);
#102 = AXIS2_PLACEMENT_3D('',#103,#104,#105);
#103 = CARTESIAN_POINT('',(60.,55.5,0.));
#104 = DIRECTION('',(0.141421356237,0.989949493661,-0.));
#105 = DIRECTION('',(0.989949493661,-0.141421356237,0.));
#106 = ADVANCED_FACE('',(#107),#132,.T.);
#107 = FACE_BOUND('',#108,.T.);
#108 = EDGE_LOOP('',(#109,#110,#118,#126));
#109 = ORIENTED_EDGE('',*,*,#57,.T.);
#110 = ORIENTED_EDGE('',*,*,#111,.T.);
#111 = EDGE_CURVE('',#50,#112,#114,.T.);
#112 = VERTEX_POINT('',#113);
#113 = CARTESIAN_POINT('',(107.,16.5,1.51));
#114 = LINE('',#115,#116);
#115 = CARTESIAN_POINT('',(92.,43.5,1.51));
#116 = VECTOR('',#117,1.);
#117 = DIRECTION('',(0.485642931179,-0.874157276122,0.));
#118 = ORIENTED_EDGE('',*,*,#119,.F.);
#119 = EDGE_CURVE('',#120,#112,#122,.T.);
#120 = VERTEX_POINT('',#121);
#121 = CARTESIAN_POINT('',(107.,16.5,0.));
#122 = LINE('',#123,#124);
#123 = CARTESIAN_POINT('',(107.,16.5,0.));
#124 = VECTOR('',#125,1.);
#125 = DIRECTION('',(0.,0.,1.));
#126 = ORIENTED_EDGE('',*,*,#127,.F.);
#127 = EDGE_CURVE('',#58,#120,#128,.T.);
#128 = LINE('',#129,#130);
#129 = CARTESIAN_POINT('',(92.,43.5,0.));
#130 = VECTOR('',#131,1.);
#131 = DIRECTION('',(0.485642931179,-0.874157276122,0.));
#132 = PLANE('',#133);
#133 = AXIS2_PLACEMENT_3D('',#134,#135,#136);
#134 = CARTESIAN_POINT('',(92.,43.5,0.));
#135 = DIRECTION('',(0.874157276122,0.485642931179,-0.));
#136 = DIRECTION('',(0.485642931179,-0.874157276122,0.));
#137 = ADVANCED_FACE('',(#138,#365,#376,#387,#398,#409,#420,#431,#442,
    #453,#464,#475,#486,#497,#508,#519,#530,#541,#552,#563,#574,#585,
    #596,#607,#618,#629,#640,#651,#662,#673,#684,#695,#706,#717,#728,
    #739,#750,#761,#772,#783,#794,#805,#816,#827,#838,#849,#860,#871,
    #882,#893,#904,#915,#926,#937,#948,#959,#970,#981,#992,#1003,#1014,
    #1025,#1036,#1047,#1058,#1069,#1080,#1091,#1102,#1113,#1124,#1135,
    #1146,#1157,#1168,#1179,#1190,#1201,#1212,#1223,#1234,#1245,#1256,
    #1267,#1278,#1289,#1300,#1311,#1322,#1333,#1344,#1355,#1366,#1377,
    #1388,#1399,#1410,#1421,#1432,#1443,#1454,#1465,#1476,#1487,#1498,
    #1509,#1520,#1531,#1542,#1553,#1564,#1575,#1586,#1597,#1608,#1619,
    #1630,#1641,#1652,#1663,#1674,#1685),#1696,.F.);
#138 = FACE_BOUND('',#139,.F.);
#139 = EDGE_LOOP('',(#140,#141,#142,#150,#158,#166,#174,#182,#190,#198,
    #206,#214,#222,#230,#238,#246,#254,#262,#270,#278,#286,#294,#302,
    #310,#318,#326,#334,#342,#350,#358,#364));
#140 = ORIENTED_EDGE('',*,*,#65,.F.);
#141 = ORIENTED_EDGE('',*,*,#96,.F.);
#142 = ORIENTED_EDGE('',*,*,#143,.F.);
#143 = EDGE_CURVE('',#144,#80,#146,.T.);
#144 = VERTEX_POINT('',#145);
#145 = CARTESIAN_POINT('',(35.,52.5,0.));
#146 = LINE('',#147,#148);
#147 = CARTESIAN_POINT('',(35.,52.5,0.));
#148 = VECTOR('',#149,1.);
#149 = DIRECTION('',(0.992876838487,0.119145220618,0.));
#150 = ORIENTED_EDGE('',*,*,#151,.F.);
#151 = EDGE_CURVE('',#152,#144,#154,.T.);
#152 = VERTEX_POINT('',#153);
#153 = CARTESIAN_POINT('',(36.,37.5,0.));
#154 = LINE('',#155,#156);
#155 = CARTESIAN_POINT('',(36.,37.5,0.));
#156 = VECTOR('',#157,1.);
#157 = DIRECTION('',(-6.651901052377E-02,0.997785157857,0.));
#158 = ORIENTED_EDGE('',*,*,#159,.F.);
#159 = EDGE_CURVE('',#160,#152,#162,.T.);
#160 = VERTEX_POINT('',#161);
#161 = CARTESIAN_POINT('',(6.3,23.5,0.));
#162 = LINE('',#163,#164);
#163 = CARTESIAN_POINT('',(6.3,23.5,0.));
#164 = VECTOR('',#165,1.);
#165 = DIRECTION('',(0.904542423848,0.426383634137,0.));
#166 = ORIENTED_EDGE('',*,*,#167,.F.);
#167 = EDGE_CURVE('',#168,#160,#170,.T.);
#168 = VERTEX_POINT('',#169);
#169 = CARTESIAN_POINT('',(6.3,21.0749,0.));
#170 = LINE('',#171,#172);
#171 = CARTESIAN_POINT('',(6.3,21.0749,0.));
#172 = VECTOR('',#173,1.);
#173 = DIRECTION('',(0.,1.,0.));
#174 = ORIENTED_EDGE('',*,*,#175,.F.);
#175 = EDGE_CURVE('',#176,#168,#178,.T.);
#176 = VERTEX_POINT('',#177);
#177 = CARTESIAN_POINT('',(6.3,5.1549,0.));
#178 = LINE('',#179,#180);
#179 = CARTESIAN_POINT('',(6.3,5.1549,0.));
#180 = VECTOR('',#181,1.);
#181 = DIRECTION('',(0.,1.,0.));
#182 = ORIENTED_EDGE('',*,*,#183,.F.);
#183 = EDGE_CURVE('',#184,#176,#186,.T.);
#184 = VERTEX_POINT('',#185);
#185 = CARTESIAN_POINT('',(5.3,4.1549,0.));
#186 = LINE('',#187,#188);
#187 = CARTESIAN_POINT('',(5.3,4.1549,0.));
#188 = VECTOR('',#189,1.);
#189 = DIRECTION('',(0.707106781187,0.707106781187,0.));
#190 = ORIENTED_EDGE('',*,*,#191,.F.);
#191 = EDGE_CURVE('',#192,#184,#194,.T.);
#192 = VERTEX_POINT('',#193);
#193 = CARTESIAN_POINT('',(-5.3,4.1549,0.));
#194 = LINE('',#195,#196);
#195 = CARTESIAN_POINT('',(-5.3,4.1549,0.));
#196 = VECTOR('',#197,1.);
#197 = DIRECTION('',(1.,0.,0.));
#198 = ORIENTED_EDGE('',*,*,#199,.F.);
#199 = EDGE_CURVE('',#200,#192,#202,.T.);
#200 = VERTEX_POINT('',#201);
#201 = CARTESIAN_POINT('',(-6.3,5.1549,0.));
#202 = LINE('',#203,#204);
#203 = CARTESIAN_POINT('',(-6.3,5.1549,0.));
#204 = VECTOR('',#205,1.);
#205 = DIRECTION('',(0.707106781187,-0.707106781187,0.));
#206 = ORIENTED_EDGE('',*,*,#207,.F.);
#207 = EDGE_CURVE('',#208,#200,#210,.T.);
#208 = VERTEX_POINT('',#209);
#209 = CARTESIAN_POINT('',(-6.3,21.0749,0.));
#210 = LINE('',#211,#212);
#211 = CARTESIAN_POINT('',(-6.3,21.0749,0.));
#212 = VECTOR('',#213,1.);
#213 = DIRECTION('',(0.,-1.,0.));
#214 = ORIENTED_EDGE('',*,*,#215,.F.);
#215 = EDGE_CURVE('',#216,#208,#218,.T.);
#216 = VERTEX_POINT('',#217);
#217 = CARTESIAN_POINT('',(-6.3,23.5,0.));
#218 = LINE('',#219,#220);
#219 = CARTESIAN_POINT('',(-6.3,23.5,0.));
#220 = VECTOR('',#221,1.);
#221 = DIRECTION('',(0.,-1.,0.));
#222 = ORIENTED_EDGE('',*,*,#223,.F.);
#223 = EDGE_CURVE('',#224,#216,#226,.T.);
#224 = VERTEX_POINT('',#225);
#225 = CARTESIAN_POINT('',(-36.,37.5,0.));
#226 = LINE('',#227,#228);
#227 = CARTESIAN_POINT('',(-36.,37.5,0.));
#228 = VECTOR('',#229,1.);
#229 = DIRECTION('',(0.904542423848,-0.426383634137,0.));
#230 = ORIENTED_EDGE('',*,*,#231,.F.);
#231 = EDGE_CURVE('',#232,#224,#234,.T.);
#232 = VERTEX_POINT('',#233);
#233 = CARTESIAN_POINT('',(-35.,52.5,0.));
#234 = LINE('',#235,#236);
#235 = CARTESIAN_POINT('',(-35.,52.5,0.));
#236 = VECTOR('',#237,1.);
#237 = DIRECTION('',(-6.651901052377E-02,-0.997785157857,0.));
#238 = ORIENTED_EDGE('',*,*,#239,.F.);
#239 = EDGE_CURVE('',#240,#232,#242,.T.);
#240 = VERTEX_POINT('',#241);
#241 = CARTESIAN_POINT('',(-60.,55.5,0.));
#242 = LINE('',#243,#244);
#243 = CARTESIAN_POINT('',(-60.,55.5,0.));
#244 = VECTOR('',#245,1.);
#245 = DIRECTION('',(0.992876838487,-0.119145220618,0.));
#246 = ORIENTED_EDGE('',*,*,#247,.F.);
#247 = EDGE_CURVE('',#248,#240,#250,.T.);
#248 = VERTEX_POINT('',#249);
#249 = CARTESIAN_POINT('',(-78.,52.5,0.));
#250 = LINE('',#251,#252);
#251 = CARTESIAN_POINT('',(-78.,52.5,0.));
#252 = VECTOR('',#253,1.);
#253 = DIRECTION('',(0.986393923832,0.164398987305,0.));
#254 = ORIENTED_EDGE('',*,*,#255,.F.);
#255 = EDGE_CURVE('',#256,#248,#258,.T.);
#256 = VERTEX_POINT('',#257);
#257 = CARTESIAN_POINT('',(-92.,43.5,0.));
#258 = LINE('',#259,#260);
#259 = CARTESIAN_POINT('',(-92.,43.5,0.));
#260 = VECTOR('',#261,1.);
#261 = DIRECTION('',(0.841178475377,0.540757591313,0.));
#262 = ORIENTED_EDGE('',*,*,#263,.F.);
#263 = EDGE_CURVE('',#264,#256,#266,.T.);
#264 = VERTEX_POINT('',#265);
#265 = CARTESIAN_POINT('',(-107.,16.5,0.));
#266 = LINE('',#267,#268);
#267 = CARTESIAN_POINT('',(-107.,16.5,0.));
#268 = VECTOR('',#269,1.);
#269 = DIRECTION('',(0.485642931179,0.874157276122,0.));
#270 = ORIENTED_EDGE('',*,*,#271,.F.);
#271 = EDGE_CURVE('',#272,#264,#274,.T.);
#272 = VERTEX_POINT('',#273);
#273 = CARTESIAN_POINT('',(-86.,6.5,0.));
#274 = LINE('',#275,#276);
#275 = CARTESIAN_POINT('',(-86.,6.5,0.));
#276 = VECTOR('',#277,1.);
#277 = DIRECTION('',(-0.902860518824,0.429933580392,0.));
#278 = ORIENTED_EDGE('',*,*,#279,.F.);
#279 = EDGE_CURVE('',#280,#272,#282,.T.);
#280 = VERTEX_POINT('',#281);
#281 = CARTESIAN_POINT('',(-49.,0.5,0.));
#282 = LINE('',#283,#284);
#283 = CARTESIAN_POINT('',(-49.,0.5,0.));
#284 = VECTOR('',#285,1.);
#285 = DIRECTION('',(-0.987105477748,0.160071158554,0.));
#286 = ORIENTED_EDGE('',*,*,#287,.F.);
#287 = EDGE_CURVE('',#288,#280,#290,.T.);
#288 = VERTEX_POINT('',#289);
#289 = CARTESIAN_POINT('',(-30.,-11.5,0.));
#290 = LINE('',#291,#292);
#291 = CARTESIAN_POINT('',(-30.,-11.5,0.));
#292 = VECTOR('',#293,1.);
#293 = DIRECTION('',(-0.845488903031,0.533992991388,0.));
#294 = ORIENTED_EDGE('',*,*,#295,.F.);
#295 = EDGE_CURVE('',#296,#288,#298,.T.);
#296 = VERTEX_POINT('',#297);
#297 = CARTESIAN_POINT('',(-46.,-29.5,0.));
#298 = LINE('',#299,#300);
#299 = CARTESIAN_POINT('',(-46.,-29.5,0.));
#300 = VECTOR('',#301,1.);
#301 = DIRECTION('',(0.66436383883,0.747409318684,0.));
#302 = ORIENTED_EDGE('',*,*,#303,.F.);
#303 = EDGE_CURVE('',#304,#296,#306,.T.);
#304 = VERTEX_POINT('',#305);
#305 = CARTESIAN_POINT('',(-16.,-55.5,0.));
#306 = LINE('',#307,#308);
#307 = CARTESIAN_POINT('',(-16.,-55.5,0.));
#308 = VECTOR('',#309,1.);
#309 = DIRECTION('',(-0.75568908279,0.654930538418,0.));
#310 = ORIENTED_EDGE('',*,*,#311,.F.);
#311 = EDGE_CURVE('',#312,#304,#314,.T.);
#312 = VERTEX_POINT('',#313);
#313 = CARTESIAN_POINT('',(0.,-37.5,0.));
#314 = LINE('',#315,#316);
#315 = CARTESIAN_POINT('',(0.,-37.5,0.));
#316 = VECTOR('',#317,1.);
#317 = DIRECTION('',(-0.66436383883,-0.747409318684,0.));
#318 = ORIENTED_EDGE('',*,*,#319,.F.);
#319 = EDGE_CURVE('',#320,#312,#322,.T.);
#320 = VERTEX_POINT('',#321);
#321 = CARTESIAN_POINT('',(16.,-54.5,0.));
#322 = LINE('',#323,#324);
#323 = CARTESIAN_POINT('',(16.,-54.5,0.));
#324 = VECTOR('',#325,1.);
#325 = DIRECTION('',(-0.685364699005,0.728199992693,0.));
#326 = ORIENTED_EDGE('',*,*,#327,.F.);
#327 = EDGE_CURVE('',#328,#320,#330,.T.);
#328 = VERTEX_POINT('',#329);
#329 = CARTESIAN_POINT('',(46.,-29.5,0.));
#330 = LINE('',#331,#332);
#331 = CARTESIAN_POINT('',(46.,-29.5,0.));
#332 = VECTOR('',#333,1.);
#333 = DIRECTION('',(-0.768221279597,-0.640184399664,0.));
#334 = ORIENTED_EDGE('',*,*,#335,.F.);
#335 = EDGE_CURVE('',#336,#328,#338,.T.);
#336 = VERTEX_POINT('',#337);
#337 = CARTESIAN_POINT('',(30.,-11.5,0.));
#338 = LINE('',#339,#340);
#339 = CARTESIAN_POINT('',(30.,-11.5,0.));
#340 = VECTOR('',#341,1.);
#341 = DIRECTION('',(0.66436383883,-0.747409318684,0.));
#342 = ORIENTED_EDGE('',*,*,#343,.F.);
#343 = EDGE_CURVE('',#344,#336,#346,.T.);
#344 = VERTEX_POINT('',#345);
#345 = CARTESIAN_POINT('',(49.,0.5,0.));
#346 = LINE('',#347,#348);
#347 = CARTESIAN_POINT('',(49.,0.5,0.));
#348 = VECTOR('',#349,1.);
#349 = DIRECTION('',(-0.845488903031,-0.533992991388,0.));
#350 = ORIENTED_EDGE('',*,*,#351,.F.);
#351 = EDGE_CURVE('',#352,#344,#354,.T.);
#352 = VERTEX_POINT('',#353);
#353 = CARTESIAN_POINT('',(86.,6.5,0.));
#354 = LINE('',#355,#356);
#355 = CARTESIAN_POINT('',(86.,6.5,0.));
#356 = VECTOR('',#357,1.);
#357 = DIRECTION('',(-0.987105477748,-0.160071158554,0.));
#358 = ORIENTED_EDGE('',*,*,#359,.F.);
#359 = EDGE_CURVE('',#120,#352,#360,.T.);
#360 = LINE('',#361,#362);
#361 = CARTESIAN_POINT('',(107.,16.5,0.));
#362 = VECTOR('',#363,1.);
#363 = DIRECTION('',(-0.902860518824,-0.429933580392,0.));
#364 = ORIENTED_EDGE('',*,*,#127,.F.);
#365 = FACE_BOUND('',#366,.F.);
#366 = EDGE_LOOP('',(#367));
#367 = ORIENTED_EDGE('',*,*,#368,.T.);
#368 = EDGE_CURVE('',#369,#369,#371,.T.);
#369 = VERTEX_POINT('',#370);
#370 = CARTESIAN_POINT('',(-17.483388,-47.678714,0.));
#371 = CIRCLE('',#372,1.5);
#372 = AXIS2_PLACEMENT_3D('',#373,#374,#375);
#373 = CARTESIAN_POINT('',(-17.483388,-46.178714,0.));
#374 = DIRECTION('',(-0.,0.,-1.));
#375 = DIRECTION('',(-0.,-1.,0.));
#376 = FACE_BOUND('',#377,.F.);
#377 = EDGE_LOOP('',(#378));
#378 = ORIENTED_EDGE('',*,*,#379,.T.);
#379 = EDGE_CURVE('',#380,#380,#382,.T.);
#380 = VERTEX_POINT('',#381);
#381 = CARTESIAN_POINT('',(-20.619594,-44.913789,0.));
#382 = CIRCLE('',#383,0.8509);
#383 = AXIS2_PLACEMENT_3D('',#384,#385,#386);
#384 = CARTESIAN_POINT('',(-20.619594,-44.062889,0.));
#385 = DIRECTION('',(-0.,0.,-1.));
#386 = DIRECTION('',(-0.,-1.,0.));
#387 = FACE_BOUND('',#388,.F.);
#388 = EDGE_LOOP('',(#389));
#389 = ORIENTED_EDGE('',*,*,#390,.T.);
#390 = EDGE_CURVE('',#391,#391,#393,.T.);
#391 = VERTEX_POINT('',#392);
#392 = CARTESIAN_POINT('',(-12.518601,-45.400361,0.));
#393 = CIRCLE('',#394,1.5);
#394 = AXIS2_PLACEMENT_3D('',#395,#396,#397);
#395 = CARTESIAN_POINT('',(-12.518601,-43.900361,0.));
#396 = DIRECTION('',(-0.,0.,-1.));
#397 = DIRECTION('',(-0.,-1.,0.));
#398 = FACE_BOUND('',#399,.F.);
#399 = EDGE_LOOP('',(#400));
#400 = ORIENTED_EDGE('',*,*,#401,.T.);
#401 = EDGE_CURVE('',#402,#402,#404,.T.);
#402 = VERTEX_POINT('',#403);
#403 = CARTESIAN_POINT('',(-16.968,-41.6645,0.));
#404 = CIRCLE('',#405,1.7145);
#405 = AXIS2_PLACEMENT_3D('',#406,#407,#408);
#406 = CARTESIAN_POINT('',(-16.968,-39.95,0.));
#407 = DIRECTION('',(-0.,0.,-1.));
#408 = DIRECTION('',(-0.,-1.,0.));
#409 = FACE_BOUND('',#410,.F.);
#410 = EDGE_LOOP('',(#411));
#411 = ORIENTED_EDGE('',*,*,#412,.T.);
#412 = EDGE_CURVE('',#413,#413,#415,.T.);
#413 = VERTEX_POINT('',#414);
#414 = CARTESIAN_POINT('',(-13.316406,-36.688011,0.));
#415 = CIRCLE('',#416,0.8509);
#416 = AXIS2_PLACEMENT_3D('',#417,#418,#419);
#417 = CARTESIAN_POINT('',(-13.316406,-35.837111,0.));
#418 = DIRECTION('',(-0.,0.,-1.));
#419 = DIRECTION('',(-0.,-1.,0.));
#420 = FACE_BOUND('',#421,.F.);
#421 = EDGE_LOOP('',(#422));
#422 = ORIENTED_EDGE('',*,*,#423,.T.);
#423 = EDGE_CURVE('',#424,#424,#426,.T.);
#424 = VERTEX_POINT('',#425);
#425 = CARTESIAN_POINT('',(-33.325794,-33.615289,0.));
#426 = CIRCLE('',#427,0.8509);
#427 = AXIS2_PLACEMENT_3D('',#428,#429,#430);
#428 = CARTESIAN_POINT('',(-33.325794,-32.764389,0.));
#429 = DIRECTION('',(-0.,0.,-1.));
#430 = DIRECTION('',(-0.,-1.,0.));
#431 = FACE_BOUND('',#432,.F.);
#432 = EDGE_LOOP('',(#433));
#433 = ORIENTED_EDGE('',*,*,#434,.T.);
#434 = EDGE_CURVE('',#435,#435,#437,.T.);
#435 = VERTEX_POINT('',#436);
#436 = CARTESIAN_POINT('',(-30.189588,-36.380214,0.));
#437 = CIRCLE('',#438,1.5);
#438 = AXIS2_PLACEMENT_3D('',#439,#440,#441);
#439 = CARTESIAN_POINT('',(-30.189588,-34.880214,0.));
#440 = DIRECTION('',(-0.,0.,-1.));
#441 = DIRECTION('',(-0.,-1.,0.));
#442 = FACE_BOUND('',#443,.F.);
#443 = EDGE_LOOP('',(#444));
#444 = ORIENTED_EDGE('',*,*,#445,.T.);
#445 = EDGE_CURVE('',#446,#446,#448,.T.);
#446 = VERTEX_POINT('',#447);
#447 = CARTESIAN_POINT('',(-29.6742,-30.366,0.));
#448 = CIRCLE('',#449,1.7145);
#449 = AXIS2_PLACEMENT_3D('',#450,#451,#452);
#450 = CARTESIAN_POINT('',(-29.6742,-28.6515,0.));
#451 = DIRECTION('',(-0.,0.,-1.));
#452 = DIRECTION('',(-0.,-1.,0.));
#453 = FACE_BOUND('',#454,.F.);
#454 = EDGE_LOOP('',(#455));
#455 = ORIENTED_EDGE('',*,*,#456,.T.);
#456 = EDGE_CURVE('',#457,#457,#459,.T.);
#457 = VERTEX_POINT('',#458);
#458 = CARTESIAN_POINT('',(-26.022606,-25.389511,0.));
#459 = CIRCLE('',#460,0.8509);
#460 = AXIS2_PLACEMENT_3D('',#461,#462,#463);
#461 = CARTESIAN_POINT('',(-26.022606,-24.538611,0.));
#462 = DIRECTION('',(-0.,0.,-1.));
#463 = DIRECTION('',(-0.,-1.,0.));
#464 = FACE_BOUND('',#465,.F.);
#465 = EDGE_LOOP('',(#466));
#466 = ORIENTED_EDGE('',*,*,#467,.T.);
#467 = EDGE_CURVE('',#468,#468,#470,.T.);
#468 = VERTEX_POINT('',#469);
#469 = CARTESIAN_POINT('',(-16.643057,-33.753304,0.));
#470 = CIRCLE('',#471,0.4953);
#471 = AXIS2_PLACEMENT_3D('',#472,#473,#474);
#472 = CARTESIAN_POINT('',(-16.643057,-33.258004,0.));
#473 = DIRECTION('',(-0.,0.,-1.));
#474 = DIRECTION('',(-0.,-1.,0.));
#475 = FACE_BOUND('',#476,.F.);
#476 = EDGE_LOOP('',(#477));
#477 = ORIENTED_EDGE('',*,*,#478,.T.);
#478 = EDGE_CURVE('',#479,#479,#481,.T.);
#479 = VERTEX_POINT('',#480);
#480 = CARTESIAN_POINT('',(-25.224801,-34.101861,0.));
#481 = CIRCLE('',#482,1.5);
#482 = AXIS2_PLACEMENT_3D('',#483,#484,#485);
#483 = CARTESIAN_POINT('',(-25.224801,-32.601861,0.));
#484 = DIRECTION('',(-0.,0.,-1.));
#485 = DIRECTION('',(-0.,-1.,0.));
#486 = FACE_BOUND('',#487,.F.);
#487 = EDGE_LOOP('',(#488));
#488 = ORIENTED_EDGE('',*,*,#489,.T.);
#489 = EDGE_CURVE('',#490,#490,#492,.T.);
#490 = VERTEX_POINT('',#491);
#491 = CARTESIAN_POINT('',(-29.349257,-22.454804,0.));
#492 = CIRCLE('',#493,0.4953);
#493 = AXIS2_PLACEMENT_3D('',#494,#495,#496);
#494 = CARTESIAN_POINT('',(-29.349257,-21.959504,0.));
#495 = DIRECTION('',(-0.,0.,-1.));
#496 = DIRECTION('',(-0.,-1.,0.));
#497 = FACE_BOUND('',#498,.F.);
#498 = EDGE_LOOP('',(#499));
#499 = ORIENTED_EDGE('',*,*,#500,.T.);
#500 = EDGE_CURVE('',#501,#501,#503,.T.);
#501 = VERTEX_POINT('',#502);
#502 = CARTESIAN_POINT('',(-16.,-24.6,0.));
#503 = CIRCLE('',#504,1.1);
#504 = AXIS2_PLACEMENT_3D('',#505,#506,#507);
#505 = CARTESIAN_POINT('',(-16.,-23.5,0.));
#506 = DIRECTION('',(-0.,0.,-1.));
#507 = DIRECTION('',(-0.,-1.,0.));
#508 = FACE_BOUND('',#509,.F.);
#509 = EDGE_LOOP('',(#510));
#510 = ORIENTED_EDGE('',*,*,#511,.T.);
#511 = EDGE_CURVE('',#512,#512,#514,.T.);
#512 = VERTEX_POINT('',#513);
#513 = CARTESIAN_POINT('',(-21.905,-13.22745,0.));
#514 = CIRCLE('',#515,1.18745);
#515 = AXIS2_PLACEMENT_3D('',#516,#517,#518);
#516 = CARTESIAN_POINT('',(-21.905,-12.04,0.));
#517 = DIRECTION('',(-0.,0.,-1.));
#518 = DIRECTION('',(-0.,-1.,0.));
#519 = FACE_BOUND('',#520,.F.);
#520 = EDGE_LOOP('',(#521));
#521 = ORIENTED_EDGE('',*,*,#522,.T.);
#522 = EDGE_CURVE('',#523,#523,#525,.T.);
#523 = VERTEX_POINT('',#524);
#524 = CARTESIAN_POINT('',(-19.365,-12.5353,0.));
#525 = CIRCLE('',#526,0.4953);
#526 = AXIS2_PLACEMENT_3D('',#527,#528,#529);
#527 = CARTESIAN_POINT('',(-19.365,-12.04,0.));
#528 = DIRECTION('',(-0.,0.,-1.));
#529 = DIRECTION('',(7.17285216798E-15,-1.,-0.));
#530 = FACE_BOUND('',#531,.F.);
#531 = EDGE_LOOP('',(#532));
#532 = ORIENTED_EDGE('',*,*,#533,.T.);
#533 = EDGE_CURVE('',#534,#534,#536,.T.);
#534 = VERTEX_POINT('',#535);
#535 = CARTESIAN_POINT('',(-16.825,-13.22745,0.));
#536 = CIRCLE('',#537,1.18745);
#537 = AXIS2_PLACEMENT_3D('',#538,#539,#540);
#538 = CARTESIAN_POINT('',(-16.825,-12.04,0.));
#539 = DIRECTION('',(-0.,0.,-1.));
#540 = DIRECTION('',(-0.,-1.,0.));
#541 = FACE_BOUND('',#542,.F.);
#542 = EDGE_LOOP('',(#543));
#543 = ORIENTED_EDGE('',*,*,#544,.T.);
#544 = EDGE_CURVE('',#545,#545,#547,.T.);
#545 = VERTEX_POINT('',#546);
#546 = CARTESIAN_POINT('',(-21.905,-10.05245,0.));
#547 = CIRCLE('',#548,1.18745);
#548 = AXIS2_PLACEMENT_3D('',#549,#550,#551);
#549 = CARTESIAN_POINT('',(-21.905,-8.865,0.));
#550 = DIRECTION('',(-0.,0.,-1.));
#551 = DIRECTION('',(-0.,-1.,0.));
#552 = FACE_BOUND('',#553,.F.);
#553 = EDGE_LOOP('',(#554));
#554 = ORIENTED_EDGE('',*,*,#555,.T.);
#555 = EDGE_CURVE('',#556,#556,#558,.T.);
#556 = VERTEX_POINT('',#557);
#557 = CARTESIAN_POINT('',(-16.825,-10.05245,0.));
#558 = CIRCLE('',#559,1.18745);
#559 = AXIS2_PLACEMENT_3D('',#560,#561,#562);
#560 = CARTESIAN_POINT('',(-16.825,-8.865,0.));
#561 = DIRECTION('',(-0.,0.,-1.));
#562 = DIRECTION('',(-0.,-1.,0.));
#563 = FACE_BOUND('',#564,.F.);
#564 = EDGE_LOOP('',(#565));
#565 = ORIENTED_EDGE('',*,*,#566,.T.);
#566 = EDGE_CURVE('',#567,#567,#569,.T.);
#567 = VERTEX_POINT('',#568);
#568 = CARTESIAN_POINT('',(-20.381,-7.4553,0.));
#569 = CIRCLE('',#570,0.4953);
#570 = AXIS2_PLACEMENT_3D('',#571,#572,#573);
#571 = CARTESIAN_POINT('',(-20.381,-6.96,0.));
#572 = DIRECTION('',(-0.,0.,-1.));
#573 = DIRECTION('',(-0.,-1.,0.));
#574 = FACE_BOUND('',#575,.F.);
#575 = EDGE_LOOP('',(#576));
#576 = ORIENTED_EDGE('',*,*,#577,.T.);
#577 = EDGE_CURVE('',#578,#578,#580,.T.);
#578 = VERTEX_POINT('',#579);
#579 = CARTESIAN_POINT('',(-18.349,-7.4553,0.));
#580 = CIRCLE('',#581,0.4953);
#581 = AXIS2_PLACEMENT_3D('',#582,#583,#584);
#582 = CARTESIAN_POINT('',(-18.349,-6.96,0.));
#583 = DIRECTION('',(-0.,0.,-1.));
#584 = DIRECTION('',(-0.,-1.,0.));
#585 = FACE_BOUND('',#586,.F.);
#586 = EDGE_LOOP('',(#587));
#587 = ORIENTED_EDGE('',*,*,#588,.T.);
#588 = EDGE_CURVE('',#589,#589,#591,.T.);
#589 = VERTEX_POINT('',#590);
#590 = CARTESIAN_POINT('',(12.518601,-45.400361,0.));
#591 = CIRCLE('',#592,1.5);
#592 = AXIS2_PLACEMENT_3D('',#593,#594,#595);
#593 = CARTESIAN_POINT('',(12.518601,-43.900361,0.));
#594 = DIRECTION('',(-0.,0.,-1.));
#595 = DIRECTION('',(-0.,-1.,0.));
#596 = FACE_BOUND('',#597,.F.);
#597 = EDGE_LOOP('',(#598));
#598 = ORIENTED_EDGE('',*,*,#599,.T.);
#599 = EDGE_CURVE('',#600,#600,#602,.T.);
#600 = VERTEX_POINT('',#601);
#601 = CARTESIAN_POINT('',(20.619594,-44.913789,0.));
#602 = CIRCLE('',#603,0.8509);
#603 = AXIS2_PLACEMENT_3D('',#604,#605,#606);
#604 = CARTESIAN_POINT('',(20.619594,-44.062889,0.));
#605 = DIRECTION('',(-0.,0.,-1.));
#606 = DIRECTION('',(-0.,-1.,0.));
#607 = FACE_BOUND('',#608,.F.);
#608 = EDGE_LOOP('',(#609));
#609 = ORIENTED_EDGE('',*,*,#610,.T.);
#610 = EDGE_CURVE('',#611,#611,#613,.T.);
#611 = VERTEX_POINT('',#612);
#612 = CARTESIAN_POINT('',(10.844126,-40.200733,0.));
#613 = CIRCLE('',#614,1.5);
#614 = AXIS2_PLACEMENT_3D('',#615,#616,#617);
#615 = CARTESIAN_POINT('',(10.844126,-38.700733,0.));
#616 = DIRECTION('',(-0.,0.,-1.));
#617 = DIRECTION('',(-0.,-1.,0.));
#618 = FACE_BOUND('',#619,.F.);
#619 = EDGE_LOOP('',(#620));
#620 = ORIENTED_EDGE('',*,*,#621,.T.);
#621 = EDGE_CURVE('',#622,#622,#624,.T.);
#622 = VERTEX_POINT('',#623);
#623 = CARTESIAN_POINT('',(16.968,-41.6645,0.));
#624 = CIRCLE('',#625,1.7145);
#625 = AXIS2_PLACEMENT_3D('',#626,#627,#628);
#626 = CARTESIAN_POINT('',(16.968,-39.95,0.));
#627 = DIRECTION('',(-0.,0.,-1.));
#628 = DIRECTION('',(-0.,-1.,0.));
#629 = FACE_BOUND('',#630,.F.);
#630 = EDGE_LOOP('',(#631));
#631 = ORIENTED_EDGE('',*,*,#632,.T.);
#632 = EDGE_CURVE('',#633,#633,#635,.T.);
#633 = VERTEX_POINT('',#634);
#634 = CARTESIAN_POINT('',(13.316406,-36.688011,0.));
#635 = CIRCLE('',#636,0.8509);
#636 = AXIS2_PLACEMENT_3D('',#637,#638,#639);
#637 = CARTESIAN_POINT('',(13.316406,-35.837111,0.));
#638 = DIRECTION('',(-0.,0.,-1.));
#639 = DIRECTION('',(-0.,-1.,0.));
#640 = FACE_BOUND('',#641,.F.);
#641 = EDGE_LOOP('',(#642));
#642 = ORIENTED_EDGE('',*,*,#643,.T.);
#643 = EDGE_CURVE('',#644,#644,#646,.T.);
#644 = VERTEX_POINT('',#645);
#645 = CARTESIAN_POINT('',(23.574447,-41.560316,0.));
#646 = CIRCLE('',#647,0.4953);
#647 = AXIS2_PLACEMENT_3D('',#648,#649,#650);
#648 = CARTESIAN_POINT('',(23.574447,-41.065016,0.));
#649 = DIRECTION('',(-0.,0.,-1.));
#650 = DIRECTION('',(-0.,-1.,0.));
#651 = FACE_BOUND('',#652,.F.);
#652 = EDGE_LOOP('',(#653));
#653 = ORIENTED_EDGE('',*,*,#654,.T.);
#654 = EDGE_CURVE('',#655,#655,#657,.T.);
#655 = VERTEX_POINT('',#656);
#656 = CARTESIAN_POINT('',(33.325794,-33.615289,0.));
#657 = CIRCLE('',#658,0.8509);
#658 = AXIS2_PLACEMENT_3D('',#659,#660,#661);
#659 = CARTESIAN_POINT('',(33.325794,-32.764389,0.));
#660 = DIRECTION('',(-0.,0.,-1.));
#661 = DIRECTION('',(-0.,-1.,0.));
#662 = FACE_BOUND('',#663,.F.);
#663 = EDGE_LOOP('',(#664));
#664 = ORIENTED_EDGE('',*,*,#665,.T.);
#665 = EDGE_CURVE('',#666,#666,#668,.T.);
#666 = VERTEX_POINT('',#667);
#667 = CARTESIAN_POINT('',(25.224801,-34.101861,0.));
#668 = CIRCLE('',#669,1.5);
#669 = AXIS2_PLACEMENT_3D('',#670,#671,#672);
#670 = CARTESIAN_POINT('',(25.224801,-32.601861,0.));
#671 = DIRECTION('',(-0.,0.,-1.));
#672 = DIRECTION('',(-0.,-1.,0.));
#673 = FACE_BOUND('',#674,.F.);
#674 = EDGE_LOOP('',(#675));
#675 = ORIENTED_EDGE('',*,*,#676,.T.);
#676 = EDGE_CURVE('',#677,#677,#679,.T.);
#677 = VERTEX_POINT('',#678);
#678 = CARTESIAN_POINT('',(36.280647,-30.261816,0.));
#679 = CIRCLE('',#680,0.4953);
#680 = AXIS2_PLACEMENT_3D('',#681,#682,#683);
#681 = CARTESIAN_POINT('',(36.280647,-29.766516,0.));
#682 = DIRECTION('',(-0.,0.,-1.));
#683 = DIRECTION('',(-0.,-1.,0.));
#684 = FACE_BOUND('',#685,.F.);
#685 = EDGE_LOOP('',(#686));
#686 = ORIENTED_EDGE('',*,*,#687,.T.);
#687 = EDGE_CURVE('',#688,#688,#690,.T.);
#688 = VERTEX_POINT('',#689);
#689 = CARTESIAN_POINT('',(23.550326,-28.902233,0.));
#690 = CIRCLE('',#691,1.5);
#691 = AXIS2_PLACEMENT_3D('',#692,#693,#694);
#692 = CARTESIAN_POINT('',(23.550326,-27.402233,0.));
#693 = DIRECTION('',(-0.,0.,-1.));
#694 = DIRECTION('',(-0.,-1.,0.));
#695 = FACE_BOUND('',#696,.F.);
#696 = EDGE_LOOP('',(#697));
#697 = ORIENTED_EDGE('',*,*,#698,.T.);
#698 = EDGE_CURVE('',#699,#699,#701,.T.);
#699 = VERTEX_POINT('',#700);
#700 = CARTESIAN_POINT('',(29.6742,-30.366,0.));
#701 = CIRCLE('',#702,1.7145);
#702 = AXIS2_PLACEMENT_3D('',#703,#704,#705);
#703 = CARTESIAN_POINT('',(29.6742,-28.6515,0.));
#704 = DIRECTION('',(-0.,0.,-1.));
#705 = DIRECTION('',(-0.,-1.,0.));
#706 = FACE_BOUND('',#707,.F.);
#707 = EDGE_LOOP('',(#708));
#708 = ORIENTED_EDGE('',*,*,#709,.T.);
#709 = EDGE_CURVE('',#710,#710,#712,.T.);
#710 = VERTEX_POINT('',#711);
#711 = CARTESIAN_POINT('',(26.022606,-25.389511,0.));
#712 = CIRCLE('',#713,0.8509);
#713 = AXIS2_PLACEMENT_3D('',#714,#715,#716);
#714 = CARTESIAN_POINT('',(26.022606,-24.538611,0.));
#715 = DIRECTION('',(-0.,0.,-1.));
#716 = DIRECTION('',(-0.,-1.,0.));
#717 = FACE_BOUND('',#718,.F.);
#718 = EDGE_LOOP('',(#719));
#719 = ORIENTED_EDGE('',*,*,#720,.T.);
#720 = EDGE_CURVE('',#721,#721,#723,.T.);
#721 = VERTEX_POINT('',#722);
#722 = CARTESIAN_POINT('',(16.,-24.6,0.));
#723 = CIRCLE('',#724,1.1);
#724 = AXIS2_PLACEMENT_3D('',#725,#726,#727);
#725 = CARTESIAN_POINT('',(16.,-23.5,0.));
#726 = DIRECTION('',(-0.,0.,-1.));
#727 = DIRECTION('',(-0.,-1.,0.));
#728 = FACE_BOUND('',#729,.F.);
#729 = EDGE_LOOP('',(#730));
#730 = ORIENTED_EDGE('',*,*,#731,.T.);
#731 = EDGE_CURVE('',#732,#732,#734,.T.);
#732 = VERTEX_POINT('',#733);
#733 = CARTESIAN_POINT('',(34.739457,-1.861777,0.));
#734 = CIRCLE('',#735,1.5);
#735 = AXIS2_PLACEMENT_3D('',#736,#737,#738);
#736 = CARTESIAN_POINT('',(34.739457,-0.361777,0.));
#737 = DIRECTION('',(-0.,0.,-1.));
#738 = DIRECTION('',(-0.,-1.,0.));
#739 = FACE_BOUND('',#740,.F.);
#740 = EDGE_LOOP('',(#741));
#741 = ORIENTED_EDGE('',*,*,#742,.T.);
#742 = EDGE_CURVE('',#743,#743,#745,.T.);
#743 = VERTEX_POINT('',#744);
#744 = CARTESIAN_POINT('',(-60.,8.4,0.));
#745 = CIRCLE('',#746,1.1);
#746 = AXIS2_PLACEMENT_3D('',#747,#748,#749);
#747 = CARTESIAN_POINT('',(-60.,9.5,0.));
#748 = DIRECTION('',(-0.,0.,-1.));
#749 = DIRECTION('',(-0.,-1.,0.));
#750 = FACE_BOUND('',#751,.F.);
#751 = EDGE_LOOP('',(#752));
#752 = ORIENTED_EDGE('',*,*,#753,.T.);
#753 = EDGE_CURVE('',#754,#754,#756,.T.);
#754 = VERTEX_POINT('',#755);
#755 = CARTESIAN_POINT('',(-93.224992,14.486234,0.));
#756 = CIRCLE('',#757,1.5);
#757 = AXIS2_PLACEMENT_3D('',#758,#759,#760);
#758 = CARTESIAN_POINT('',(-93.224992,15.986234,0.));
#759 = DIRECTION('',(-0.,0.,-1.));
#760 = DIRECTION('',(-0.,-1.,0.));
#761 = FACE_BOUND('',#762,.F.);
#762 = EDGE_LOOP('',(#763));
#763 = ORIENTED_EDGE('',*,*,#764,.T.);
#764 = EDGE_CURVE('',#765,#765,#767,.T.);
#765 = VERTEX_POINT('',#766);
#766 = CARTESIAN_POINT('',(-96.673857,18.722427,0.));
#767 = CIRCLE('',#768,1.5);
#768 = AXIS2_PLACEMENT_3D('',#769,#770,#771);
#769 = CARTESIAN_POINT('',(-96.673857,20.222427,0.));
#770 = DIRECTION('',(-0.,0.,-1.));
#771 = DIRECTION('',(-0.,-1.,0.));
#772 = FACE_BOUND('',#773,.F.);
#773 = EDGE_LOOP('',(#774));
#774 = ORIENTED_EDGE('',*,*,#775,.T.);
#775 = EDGE_CURVE('',#776,#776,#778,.T.);
#776 = VERTEX_POINT('',#777);
#777 = CARTESIAN_POINT('',(-95.41067,22.937597,0.));
#778 = CIRCLE('',#779,0.8509);
#779 = AXIS2_PLACEMENT_3D('',#780,#781,#782);
#780 = CARTESIAN_POINT('',(-95.41067,23.788497,0.));
#781 = DIRECTION('',(-0.,0.,-1.));
#782 = DIRECTION('',(1.670096922694E-14,-1.,-0.));
#783 = FACE_BOUND('',#784,.F.);
#784 = EDGE_LOOP('',(#785));
#785 = ORIENTED_EDGE('',*,*,#786,.T.);
#786 = EDGE_CURVE('',#787,#787,#789,.T.);
#787 = VERTEX_POINT('',#788);
#788 = CARTESIAN_POINT('',(-90.5145,19.5685,0.));
#789 = CIRCLE('',#790,1.7145);
#790 = AXIS2_PLACEMENT_3D('',#791,#792,#793);
#791 = CARTESIAN_POINT('',(-90.5145,21.283,0.));
#792 = DIRECTION('',(-0.,0.,-1.));
#793 = DIRECTION('',(-0.,-1.,0.));
#794 = FACE_BOUND('',#795,.F.);
#795 = EDGE_LOOP('',(#796));
#796 = ORIENTED_EDGE('',*,*,#797,.T.);
#797 = EDGE_CURVE('',#798,#798,#800,.T.);
#798 = VERTEX_POINT('',#799);
#799 = CARTESIAN_POINT('',(-85.61833,17.926603,0.));
#800 = CIRCLE('',#801,0.8509);
#801 = AXIS2_PLACEMENT_3D('',#802,#803,#804);
#802 = CARTESIAN_POINT('',(-85.61833,18.777503,0.));
#803 = DIRECTION('',(-0.,0.,-1.));
#804 = DIRECTION('',(-0.,-1.,0.));
#805 = FACE_BOUND('',#806,.F.);
#806 = EDGE_LOOP('',(#807));
#807 = ORIENTED_EDGE('',*,*,#808,.T.);
#808 = EDGE_CURVE('',#809,#809,#811,.T.);
#809 = VERTEX_POINT('',#810);
#810 = CARTESIAN_POINT('',(-74.347168,18.920472,0.));
#811 = CIRCLE('',#812,1.5);
#812 = AXIS2_PLACEMENT_3D('',#813,#814,#815);
#813 = CARTESIAN_POINT('',(-74.347168,20.420472,0.));
#814 = DIRECTION('',(-0.,0.,-1.));
#815 = DIRECTION('',(-0.,-1.,0.));
#816 = FACE_BOUND('',#817,.F.);
#817 = EDGE_LOOP('',(#818));
#818 = ORIENTED_EDGE('',*,*,#819,.T.);
#819 = EDGE_CURVE('',#820,#820,#822,.T.);
#820 = VERTEX_POINT('',#821);
#821 = CARTESIAN_POINT('',(-83.954301,22.148648,0.));
#822 = CIRCLE('',#823,0.4953);
#823 = AXIS2_PLACEMENT_3D('',#824,#825,#826);
#824 = CARTESIAN_POINT('',(-83.954301,22.643948,0.));
#825 = DIRECTION('',(-0.,0.,-1.));
#826 = DIRECTION('',(-0.,-1.,0.));
#827 = FACE_BOUND('',#828,.F.);
#828 = EDGE_LOOP('',(#829));
#829 = ORIENTED_EDGE('',*,*,#830,.T.);
#830 = EDGE_CURVE('',#831,#831,#833,.T.);
#831 = VERTEX_POINT('',#832);
#832 = CARTESIAN_POINT('',(-75.010265,23.294193,0.));
#833 = CIRCLE('',#834,0.8509);
#834 = AXIS2_PLACEMENT_3D('',#835,#836,#837);
#835 = CARTESIAN_POINT('',(-75.010265,24.145093,0.));
#836 = DIRECTION('',(-0.,0.,-1.));
#837 = DIRECTION('',(-0.,-1.,0.));
#838 = FACE_BOUND('',#839,.F.);
#839 = EDGE_LOOP('',(#840));
#840 = ORIENTED_EDGE('',*,*,#841,.T.);
#841 = EDGE_CURVE('',#842,#842,#844,.T.);
#842 = VERTEX_POINT('',#843);
#843 = CARTESIAN_POINT('',(-69.255965,16.940663,0.));
#844 = CIRCLE('',#845,1.5);
#845 = AXIS2_PLACEMENT_3D('',#846,#847,#848);
#846 = CARTESIAN_POINT('',(-69.255965,18.440663,0.));
#847 = DIRECTION('',(-0.,0.,-1.));
#848 = DIRECTION('',(-0.,-1.,0.));
#849 = FACE_BOUND('',#850,.F.);
#850 = EDGE_LOOP('',(#851));
#851 = ORIENTED_EDGE('',*,*,#852,.T.);
#852 = EDGE_CURVE('',#853,#853,#855,.T.);
#853 = VERTEX_POINT('',#854);
#854 = CARTESIAN_POINT('',(-50.993233,18.536918,0.));
#855 = CIRCLE('',#856,1.5);
#856 = AXIS2_PLACEMENT_3D('',#857,#858,#859);
#857 = CARTESIAN_POINT('',(-50.993233,20.036918,0.));
#858 = DIRECTION('',(-0.,0.,-1.));
#859 = DIRECTION('',(-0.,-1.,0.));
#860 = FACE_BOUND('',#861,.F.);
#861 = EDGE_LOOP('',(#862));
#862 = ORIENTED_EDGE('',*,*,#863,.T.);
#863 = EDGE_CURVE('',#864,#864,#866,.T.);
#864 = VERTEX_POINT('',#865);
#865 = CARTESIAN_POINT('',(-55.678073,21.346236,0.));
#866 = CIRCLE('',#867,1.5);
#867 = AXIS2_PLACEMENT_3D('',#868,#869,#870);
#868 = CARTESIAN_POINT('',(-55.678073,22.846236,0.));
#869 = DIRECTION('',(-0.,0.,-1.));
#870 = DIRECTION('',(-0.,-1.,0.));
#871 = FACE_BOUND('',#872,.F.);
#872 = EDGE_LOOP('',(#873));
#873 = ORIENTED_EDGE('',*,*,#874,.T.);
#874 = EDGE_CURVE('',#875,#875,#877,.T.);
#875 = VERTEX_POINT('',#876);
#876 = CARTESIAN_POINT('',(-40.14552,-1.077886,0.));
#877 = CIRCLE('',#878,1.5);
#878 = AXIS2_PLACEMENT_3D('',#879,#880,#881);
#879 = CARTESIAN_POINT('',(-40.14552,0.422114,0.));
#880 = DIRECTION('',(-0.,0.,-1.));
#881 = DIRECTION('',(-0.,-1.,0.));
#882 = FACE_BOUND('',#883,.F.);
#883 = EDGE_LOOP('',(#884));
#884 = ORIENTED_EDGE('',*,*,#885,.T.);
#885 = EDGE_CURVE('',#886,#886,#888,.T.);
#886 = VERTEX_POINT('',#887);
#887 = CARTESIAN_POINT('',(-43.219938,3.437416,0.));
#888 = CIRCLE('',#889,1.5);
#889 = AXIS2_PLACEMENT_3D('',#890,#891,#892);
#890 = CARTESIAN_POINT('',(-43.219938,4.937416,0.));
#891 = DIRECTION('',(-0.,0.,-1.));
#892 = DIRECTION('',(-0.,-1.,0.));
#893 = FACE_BOUND('',#894,.F.);
#894 = EDGE_LOOP('',(#895));
#895 = ORIENTED_EDGE('',*,*,#896,.T.);
#896 = EDGE_CURVE('',#897,#897,#899,.T.);
#897 = VERTEX_POINT('',#898);
#898 = CARTESIAN_POINT('',(-32.328235,1.702544,0.));
#899 = CIRCLE('',#900,0.8509);
#900 = AXIS2_PLACEMENT_3D('',#901,#902,#903);
#901 = CARTESIAN_POINT('',(-32.328235,2.553444,0.));
#902 = DIRECTION('',(-0.,0.,-1.));
#903 = DIRECTION('',(-0.,-1.,0.));
#904 = FACE_BOUND('',#905,.F.);
#905 = EDGE_LOOP('',(#906));
#906 = ORIENTED_EDGE('',*,*,#907,.T.);
#907 = EDGE_CURVE('',#908,#908,#910,.T.);
#908 = VERTEX_POINT('',#909);
#909 = CARTESIAN_POINT('',(-36.9925,3.7535,0.));
#910 = CIRCLE('',#911,1.7145);
#911 = AXIS2_PLACEMENT_3D('',#912,#913,#914);
#912 = CARTESIAN_POINT('',(-36.9925,5.468,0.));
#913 = DIRECTION('',(-0.,0.,-1.));
#914 = DIRECTION('',(-0.,-1.,0.));
#915 = FACE_BOUND('',#916,.F.);
#916 = EDGE_LOOP('',(#917));
#917 = ORIENTED_EDGE('',*,*,#918,.T.);
#918 = EDGE_CURVE('',#919,#919,#921,.T.);
#919 = VERTEX_POINT('',#920);
#920 = CARTESIAN_POINT('',(-41.656765,7.531656,0.));
#921 = CIRCLE('',#922,0.8509);
#922 = AXIS2_PLACEMENT_3D('',#923,#924,#925);
#923 = CARTESIAN_POINT('',(-41.656765,8.382556,0.));
#924 = DIRECTION('',(-0.,0.,-1.));
#925 = DIRECTION('',(-0.,-1.,0.));
#926 = FACE_BOUND('',#927,.F.);
#927 = EDGE_LOOP('',(#928));
#928 = ORIENTED_EDGE('',*,*,#929,.T.);
#929 = EDGE_CURVE('',#930,#930,#932,.T.);
#930 = VERTEX_POINT('',#931);
#931 = CARTESIAN_POINT('',(-30.340028,5.768323,0.));
#932 = CIRCLE('',#933,0.4953);
#933 = AXIS2_PLACEMENT_3D('',#934,#935,#936);
#934 = CARTESIAN_POINT('',(-30.340028,6.263623,0.));
#935 = DIRECTION('',(-0.,0.,-1.));
#936 = DIRECTION('',(-0.,-1.,0.));
#937 = FACE_BOUND('',#938,.F.);
#938 = EDGE_LOOP('',(#939));
#939 = ORIENTED_EDGE('',*,*,#940,.T.);
#940 = EDGE_CURVE('',#941,#941,#943,.T.);
#941 = VERTEX_POINT('',#942);
#942 = CARTESIAN_POINT('',(-31.13852,13.341114,0.));
#943 = CIRCLE('',#944,1.5);
#944 = AXIS2_PLACEMENT_3D('',#945,#946,#947);
#945 = CARTESIAN_POINT('',(-31.13852,14.841114,0.));
#946 = DIRECTION('',(-0.,0.,-1.));
#947 = DIRECTION('',(-0.,-1.,0.));
#948 = FACE_BOUND('',#949,.F.);
#949 = EDGE_LOOP('',(#950));
#950 = ORIENTED_EDGE('',*,*,#951,.T.);
#951 = EDGE_CURVE('',#952,#952,#954,.T.);
#952 = VERTEX_POINT('',#953);
#953 = CARTESIAN_POINT('',(-34.212938,17.856416,0.));
#954 = CIRCLE('',#955,1.5);
#955 = AXIS2_PLACEMENT_3D('',#956,#957,#958);
#956 = CARTESIAN_POINT('',(-34.212938,19.356416,0.));
#957 = DIRECTION('',(-0.,0.,-1.));
#958 = DIRECTION('',(-0.,-1.,0.));
#959 = FACE_BOUND('',#960,.F.);
#960 = EDGE_LOOP('',(#961));
#961 = ORIENTED_EDGE('',*,*,#962,.T.);
#962 = EDGE_CURVE('',#963,#963,#965,.T.);
#963 = VERTEX_POINT('',#964);
#964 = CARTESIAN_POINT('',(-27.9855,18.1725,0.));
#965 = CIRCLE('',#966,1.7145);
#966 = AXIS2_PLACEMENT_3D('',#967,#968,#969);
#967 = CARTESIAN_POINT('',(-27.9855,19.887,0.));
#968 = DIRECTION('',(-0.,0.,-1.));
#969 = DIRECTION('',(2.072157292972E-15,-1.,-0.));
#970 = FACE_BOUND('',#971,.F.);
#971 = EDGE_LOOP('',(#972));
#972 = ORIENTED_EDGE('',*,*,#973,.T.);
#973 = EDGE_CURVE('',#974,#974,#976,.T.);
#974 = VERTEX_POINT('',#975);
#975 = CARTESIAN_POINT('',(-32.649765,21.950656,0.));
#976 = CIRCLE('',#977,0.8509);
#977 = AXIS2_PLACEMENT_3D('',#978,#979,#980);
#978 = CARTESIAN_POINT('',(-32.649765,22.801556,0.));
#979 = DIRECTION('',(-0.,0.,-1.));
#980 = DIRECTION('',(-0.,-1.,0.));
#981 = FACE_BOUND('',#982,.F.);
#982 = EDGE_LOOP('',(#983));
#983 = ORIENTED_EDGE('',*,*,#984,.T.);
#984 = EDGE_CURVE('',#985,#985,#987,.T.);
#985 = VERTEX_POINT('',#986);
#986 = CARTESIAN_POINT('',(-23.321235,16.121544,0.));
#987 = CIRCLE('',#988,0.8509);
#988 = AXIS2_PLACEMENT_3D('',#989,#990,#991);
#989 = CARTESIAN_POINT('',(-23.321235,16.972444,0.));
#990 = DIRECTION('',(-0.,0.,-1.));
#991 = DIRECTION('',(-0.,-1.,0.));
#992 = FACE_BOUND('',#993,.F.);
#993 = EDGE_LOOP('',(#994));
#994 = ORIENTED_EDGE('',*,*,#995,.T.);
#995 = EDGE_CURVE('',#996,#996,#998,.T.);
#996 = VERTEX_POINT('',#997);
#997 = CARTESIAN_POINT('',(-21.333028,20.187323,0.));
#998 = CIRCLE('',#999,0.4953);
#999 = AXIS2_PLACEMENT_3D('',#1000,#1001,#1002);
#1000 = CARTESIAN_POINT('',(-21.333028,20.682623,0.));
#1001 = DIRECTION('',(-0.,0.,-1.));
#1002 = DIRECTION('',(-0.,-1.,0.));
#1003 = FACE_BOUND('',#1004,.F.);
#1004 = EDGE_LOOP('',(#1005));
#1005 = ORIENTED_EDGE('',*,*,#1006,.T.);
#1006 = EDGE_CURVE('',#1007,#1007,#1009,.T.);
#1007 = VERTEX_POINT('',#1008);
#1008 = CARTESIAN_POINT('',(-69.5155,22.6705,0.));
#1009 = CIRCLE('',#1010,1.7145);
#1010 = AXIS2_PLACEMENT_3D('',#1011,#1012,#1013);
#1011 = CARTESIAN_POINT('',(-69.5155,24.385,0.));
#1012 = DIRECTION('',(-0.,0.,-1.));
#1013 = DIRECTION('',(-0.,-1.,0.));
#1014 = FACE_BOUND('',#1015,.F.);
#1015 = EDGE_LOOP('',(#1016));
#1016 = ORIENTED_EDGE('',*,*,#1017,.T.);
#1017 = EDGE_CURVE('',#1018,#1018,#1020,.T.);
#1018 = VERTEX_POINT('',#1019);
#1019 = CARTESIAN_POINT('',(-64.020735,23.774007,0.));
#1020 = CIRCLE('',#1021,0.8509);
#1021 = AXIS2_PLACEMENT_3D('',#1022,#1023,#1024);
#1022 = CARTESIAN_POINT('',(-64.020735,24.624907,0.));
#1023 = DIRECTION('',(-0.,0.,-1.));
#1024 = DIRECTION('',(-0.,-1.,0.));
#1025 = FACE_BOUND('',#1026,.F.);
#1026 = EDGE_LOOP('',(#1027));
#1027 = ORIENTED_EDGE('',*,*,#1028,.T.);
#1028 = EDGE_CURVE('',#1029,#1029,#1031,.T.);
#1029 = VERTEX_POINT('',#1030);
#1030 = CARTESIAN_POINT('',(-64.48367,28.313396,0.));
#1031 = CIRCLE('',#1032,0.4953);
#1032 = AXIS2_PLACEMENT_3D('',#1033,#1034,#1035);
#1033 = CARTESIAN_POINT('',(-64.48367,28.808696,0.));
#1034 = DIRECTION('',(-0.,0.,-1.));
#1035 = DIRECTION('',(-0.,-1.,0.));
#1036 = FACE_BOUND('',#1037,.F.);
#1037 = EDGE_LOOP('',(#1038));
#1038 = ORIENTED_EDGE('',*,*,#1039,.T.);
#1039 = EDGE_CURVE('',#1040,#1040,#1042,.T.);
#1040 = VERTEX_POINT('',#1041);
#1041 = CARTESIAN_POINT('',(-55.704131,25.778433,0.));
#1042 = CIRCLE('',#1043,0.8509);
#1043 = AXIS2_PLACEMENT_3D('',#1044,#1045,#1046);
#1044 = CARTESIAN_POINT('',(-55.704131,26.629333,0.));
#1045 = DIRECTION('',(-0.,0.,-1.));
#1046 = DIRECTION('',(8.350484613469E-15,-1.,-0.));
#1047 = FACE_BOUND('',#1048,.F.);
#1048 = EDGE_LOOP('',(#1049));
#1049 = ORIENTED_EDGE('',*,*,#1050,.T.);
#1050 = EDGE_CURVE('',#1051,#1051,#1053,.T.);
#1051 = VERTEX_POINT('',#1052);
#1052 = CARTESIAN_POINT('',(-50.2475,24.2255,0.));
#1053 = CIRCLE('',#1054,1.7145);
#1054 = AXIS2_PLACEMENT_3D('',#1055,#1056,#1057);
#1055 = CARTESIAN_POINT('',(-50.2475,25.94,0.));
#1056 = DIRECTION('',(-0.,0.,-1.));
#1057 = DIRECTION('',(-0.,-1.,0.));
#1058 = FACE_BOUND('',#1059,.F.);
#1059 = EDGE_LOOP('',(#1060));
#1060 = ORIENTED_EDGE('',*,*,#1061,.T.);
#1061 = EDGE_CURVE('',#1062,#1062,#1064,.T.);
#1062 = VERTEX_POINT('',#1063);
#1063 = CARTESIAN_POINT('',(-70.007965,33.919663,0.));
#1064 = CIRCLE('',#1065,1.5);
#1065 = AXIS2_PLACEMENT_3D('',#1066,#1067,#1068);
#1066 = CARTESIAN_POINT('',(-70.007965,35.419663,0.));
#1067 = DIRECTION('',(-0.,0.,-1.));
#1068 = DIRECTION('',(-0.,-1.,0.));
#1069 = FACE_BOUND('',#1070,.F.);
#1070 = EDGE_LOOP('',(#1071));
#1071 = ORIENTED_EDGE('',*,*,#1072,.T.);
#1072 = EDGE_CURVE('',#1073,#1073,#1075,.T.);
#1073 = VERTEX_POINT('',#1074);
#1074 = CARTESIAN_POINT('',(-85.,35.4,0.));
#1075 = CIRCLE('',#1076,1.1);
#1076 = AXIS2_PLACEMENT_3D('',#1077,#1078,#1079);
#1077 = CARTESIAN_POINT('',(-85.,36.5,0.));
#1078 = DIRECTION('',(-0.,0.,-1.));
#1079 = DIRECTION('',(-0.,-1.,0.));
#1080 = FACE_BOUND('',#1081,.F.);
#1081 = EDGE_LOOP('',(#1082));
#1082 = ORIENTED_EDGE('',*,*,#1083,.T.);
#1083 = EDGE_CURVE('',#1084,#1084,#1086,.T.);
#1084 = VERTEX_POINT('',#1085);
#1085 = CARTESIAN_POINT('',(-75.099168,35.899472,0.));
#1086 = CIRCLE('',#1087,1.5);
#1087 = AXIS2_PLACEMENT_3D('',#1088,#1089,#1090);
#1088 = CARTESIAN_POINT('',(-75.099168,37.399472,0.));
#1089 = DIRECTION('',(-0.,0.,-1.));
#1090 = DIRECTION('',(-0.,-1.,0.));
#1091 = FACE_BOUND('',#1092,.F.);
#1092 = EDGE_LOOP('',(#1093));
#1093 = ORIENTED_EDGE('',*,*,#1094,.T.);
#1094 = EDGE_CURVE('',#1095,#1095,#1097,.T.);
#1095 = VERTEX_POINT('',#1096);
#1096 = CARTESIAN_POINT('',(-75.762265,40.273193,0.));
#1097 = CIRCLE('',#1098,0.8509);
#1098 = AXIS2_PLACEMENT_3D('',#1099,#1100,#1101);
#1099 = CARTESIAN_POINT('',(-75.762265,41.124093,0.));
#1100 = DIRECTION('',(-0.,0.,-1.));
#1101 = DIRECTION('',(-0.,-1.,0.));
#1102 = FACE_BOUND('',#1103,.F.);
#1103 = EDGE_LOOP('',(#1104));
#1104 = ORIENTED_EDGE('',*,*,#1105,.T.);
#1105 = EDGE_CURVE('',#1106,#1106,#1108,.T.);
#1106 = VERTEX_POINT('',#1107);
#1107 = CARTESIAN_POINT('',(-70.2675,39.6495,0.));
#1108 = CIRCLE('',#1109,1.7145);
#1109 = AXIS2_PLACEMENT_3D('',#1110,#1111,#1112);
#1110 = CARTESIAN_POINT('',(-70.2675,41.364,0.));
#1111 = DIRECTION('',(-0.,0.,-1.));
#1112 = DIRECTION('',(-0.,-1.,0.));
#1113 = FACE_BOUND('',#1114,.F.);
#1114 = EDGE_LOOP('',(#1115));
#1115 = ORIENTED_EDGE('',*,*,#1116,.T.);
#1116 = EDGE_CURVE('',#1117,#1117,#1119,.T.);
#1117 = VERTEX_POINT('',#1118);
#1118 = CARTESIAN_POINT('',(-64.772735,40.753007,0.));
#1119 = CIRCLE('',#1120,0.8509);
#1120 = AXIS2_PLACEMENT_3D('',#1121,#1122,#1123);
#1121 = CARTESIAN_POINT('',(-64.772735,41.603907,0.));
#1122 = DIRECTION('',(-0.,0.,-1.));
#1123 = DIRECTION('',(-0.,-1.,0.));
#1124 = FACE_BOUND('',#1125,.F.);
#1125 = EDGE_LOOP('',(#1126));
#1126 = ORIENTED_EDGE('',*,*,#1127,.T.);
#1127 = EDGE_CURVE('',#1128,#1128,#1130,.T.);
#1128 = VERTEX_POINT('',#1129);
#1129 = CARTESIAN_POINT('',(-53.550073,38.216236,0.));
#1130 = CIRCLE('',#1131,1.5);
#1131 = AXIS2_PLACEMENT_3D('',#1132,#1133,#1134);
#1132 = CARTESIAN_POINT('',(-53.550073,39.716236,0.));
#1133 = DIRECTION('',(-0.,0.,-1.));
#1134 = DIRECTION('',(-0.,-1.,0.));
#1135 = FACE_BOUND('',#1136,.F.);
#1136 = EDGE_LOOP('',(#1137));
#1137 = ORIENTED_EDGE('',*,*,#1138,.T.);
#1138 = EDGE_CURVE('',#1139,#1139,#1141,.T.);
#1139 = VERTEX_POINT('',#1140);
#1140 = CARTESIAN_POINT('',(-65.23567,45.292396,0.));
#1141 = CIRCLE('',#1142,0.4953);
#1142 = AXIS2_PLACEMENT_3D('',#1143,#1144,#1145);
#1143 = CARTESIAN_POINT('',(-65.23567,45.787696,0.));
#1144 = DIRECTION('',(-0.,0.,-1.));
#1145 = DIRECTION('',(-0.,-1.,0.));
#1146 = FACE_BOUND('',#1147,.F.);
#1147 = EDGE_LOOP('',(#1148));
#1148 = ORIENTED_EDGE('',*,*,#1149,.T.);
#1149 = EDGE_CURVE('',#1150,#1150,#1152,.T.);
#1150 = VERTEX_POINT('',#1151);
#1151 = CARTESIAN_POINT('',(-53.576131,42.648433,0.));
#1152 = CIRCLE('',#1153,0.8509);
#1153 = AXIS2_PLACEMENT_3D('',#1154,#1155,#1156);
#1154 = CARTESIAN_POINT('',(-53.576131,43.499333,0.));
#1155 = DIRECTION('',(-0.,0.,-1.));
#1156 = DIRECTION('',(8.350484613469E-15,-1.,-0.));
#1157 = FACE_BOUND('',#1158,.F.);
#1158 = EDGE_LOOP('',(#1159));
#1159 = ORIENTED_EDGE('',*,*,#1160,.T.);
#1160 = EDGE_CURVE('',#1161,#1161,#1163,.T.);
#1161 = VERTEX_POINT('',#1162);
#1162 = CARTESIAN_POINT('',(-44.790869,24.399767,0.));
#1163 = CIRCLE('',#1164,0.8509);
#1164 = AXIS2_PLACEMENT_3D('',#1165,#1166,#1167);
#1165 = CARTESIAN_POINT('',(-44.790869,25.250667,0.));
#1166 = DIRECTION('',(-0.,0.,-1.));
#1167 = DIRECTION('',(-0.,-1.,0.));
#1168 = FACE_BOUND('',#1169,.F.);
#1169 = EDGE_LOOP('',(#1170));
#1170 = ORIENTED_EDGE('',*,*,#1171,.T.);
#1171 = EDGE_CURVE('',#1172,#1172,#1174,.T.);
#1172 = VERTEX_POINT('',#1173);
#1173 = CARTESIAN_POINT('',(-44.542262,28.957342,0.));
#1174 = CIRCLE('',#1175,0.4953);
#1175 = AXIS2_PLACEMENT_3D('',#1176,#1177,#1178);
#1176 = CARTESIAN_POINT('',(-44.542262,29.452642,0.));
#1177 = DIRECTION('',(-0.,0.,-1.));
#1178 = DIRECTION('',(-0.,-1.,0.));
#1179 = FACE_BOUND('',#1180,.F.);
#1180 = EDGE_LOOP('',(#1181));
#1181 = ORIENTED_EDGE('',*,*,#1182,.T.);
#1182 = EDGE_CURVE('',#1183,#1183,#1185,.T.);
#1183 = VERTEX_POINT('',#1184);
#1184 = CARTESIAN_POINT('',(-48.865233,35.406918,0.));
#1185 = CIRCLE('',#1186,1.5);
#1186 = AXIS2_PLACEMENT_3D('',#1187,#1188,#1189);
#1187 = CARTESIAN_POINT('',(-48.865233,36.906918,0.));
#1188 = DIRECTION('',(-0.,0.,-1.));
#1189 = DIRECTION('',(-0.,-1.,0.));
#1190 = FACE_BOUND('',#1191,.F.);
#1191 = EDGE_LOOP('',(#1192));
#1192 = ORIENTED_EDGE('',*,*,#1193,.T.);
#1193 = EDGE_CURVE('',#1194,#1194,#1196,.T.);
#1194 = VERTEX_POINT('',#1195);
#1195 = CARTESIAN_POINT('',(-42.662869,41.269767,0.));
#1196 = CIRCLE('',#1197,0.8509);
#1197 = AXIS2_PLACEMENT_3D('',#1198,#1199,#1200);
#1198 = CARTESIAN_POINT('',(-42.662869,42.120667,0.));
#1199 = DIRECTION('',(-0.,0.,-1.));
#1200 = DIRECTION('',(-0.,-1.,0.));
#1201 = FACE_BOUND('',#1202,.F.);
#1202 = EDGE_LOOP('',(#1203));
#1203 = ORIENTED_EDGE('',*,*,#1204,.T.);
#1204 = EDGE_CURVE('',#1205,#1205,#1207,.T.);
#1205 = VERTEX_POINT('',#1206);
#1206 = CARTESIAN_POINT('',(-48.1195,41.0955,0.));
#1207 = CIRCLE('',#1208,1.7145);
#1208 = AXIS2_PLACEMENT_3D('',#1209,#1210,#1211);
#1209 = CARTESIAN_POINT('',(-48.1195,42.81,0.));
#1210 = DIRECTION('',(-0.,0.,-1.));
#1211 = DIRECTION('',(-0.,-1.,0.));
#1212 = FACE_BOUND('',#1213,.F.);
#1213 = EDGE_LOOP('',(#1214));
#1214 = ORIENTED_EDGE('',*,*,#1215,.T.);
#1215 = EDGE_CURVE('',#1216,#1216,#1218,.T.);
#1216 = VERTEX_POINT('',#1217);
#1217 = CARTESIAN_POINT('',(-42.414262,45.827342,0.));
#1218 = CIRCLE('',#1219,0.4953);
#1219 = AXIS2_PLACEMENT_3D('',#1220,#1221,#1222);
#1220 = CARTESIAN_POINT('',(-42.414262,46.322642,0.));
#1221 = DIRECTION('',(-0.,0.,-1.));
#1222 = DIRECTION('',(-0.,-1.,0.));
#1223 = FACE_BOUND('',#1224,.F.);
#1224 = EDGE_LOOP('',(#1225));
#1225 = ORIENTED_EDGE('',*,*,#1226,.T.);
#1226 = EDGE_CURVE('',#1227,#1227,#1229,.T.);
#1227 = VERTEX_POINT('',#1228);
#1228 = CARTESIAN_POINT('',(32.328235,1.702544,0.));
#1229 = CIRCLE('',#1230,0.8509);
#1230 = AXIS2_PLACEMENT_3D('',#1231,#1232,#1233);
#1231 = CARTESIAN_POINT('',(32.328235,2.553444,0.));
#1232 = DIRECTION('',(-0.,0.,-1.));
#1233 = DIRECTION('',(-0.,-1.,0.));
#1234 = FACE_BOUND('',#1235,.F.);
#1235 = EDGE_LOOP('',(#1236));
#1236 = ORIENTED_EDGE('',*,*,#1237,.T.);
#1237 = EDGE_CURVE('',#1238,#1238,#1240,.T.);
#1238 = VERTEX_POINT('',#1239);
#1239 = CARTESIAN_POINT('',(40.14552,-1.077886,0.));
#1240 = CIRCLE('',#1241,1.5);
#1241 = AXIS2_PLACEMENT_3D('',#1242,#1243,#1244);
#1242 = CARTESIAN_POINT('',(40.14552,0.422114,0.));
#1243 = DIRECTION('',(-0.,0.,-1.));
#1244 = DIRECTION('',(-0.,-1.,0.));
#1245 = FACE_BOUND('',#1246,.F.);
#1246 = EDGE_LOOP('',(#1247));
#1247 = ORIENTED_EDGE('',*,*,#1248,.T.);
#1248 = EDGE_CURVE('',#1249,#1249,#1251,.T.);
#1249 = VERTEX_POINT('',#1250);
#1250 = CARTESIAN_POINT('',(36.9925,3.7535,0.));
#1251 = CIRCLE('',#1252,1.7145);
#1252 = AXIS2_PLACEMENT_3D('',#1253,#1254,#1255);
#1253 = CARTESIAN_POINT('',(36.9925,5.468,0.));
#1254 = DIRECTION('',(-0.,0.,-1.));
#1255 = DIRECTION('',(-0.,-1.,0.));
#1256 = FACE_BOUND('',#1257,.F.);
#1257 = EDGE_LOOP('',(#1258));
#1258 = ORIENTED_EDGE('',*,*,#1259,.T.);
#1259 = EDGE_CURVE('',#1260,#1260,#1262,.T.);
#1260 = VERTEX_POINT('',#1261);
#1261 = CARTESIAN_POINT('',(41.656765,7.531656,0.));
#1262 = CIRCLE('',#1263,0.8509);
#1263 = AXIS2_PLACEMENT_3D('',#1264,#1265,#1266);
#1264 = CARTESIAN_POINT('',(41.656765,8.382556,0.));
#1265 = DIRECTION('',(-0.,0.,-1.));
#1266 = DIRECTION('',(-0.,-1.,0.));
#1267 = FACE_BOUND('',#1268,.F.);
#1268 = EDGE_LOOP('',(#1269));
#1269 = ORIENTED_EDGE('',*,*,#1270,.T.);
#1270 = EDGE_CURVE('',#1271,#1271,#1273,.T.);
#1271 = VERTEX_POINT('',#1272);
#1272 = CARTESIAN_POINT('',(39.19365,11.300681,0.));
#1273 = CIRCLE('',#1274,0.4953);
#1274 = AXIS2_PLACEMENT_3D('',#1275,#1276,#1277);
#1275 = CARTESIAN_POINT('',(39.19365,11.795981,0.));
#1276 = DIRECTION('',(-0.,0.,-1.));
#1277 = DIRECTION('',(-0.,-1.,0.));
#1278 = FACE_BOUND('',#1279,.F.);
#1279 = EDGE_LOOP('',(#1280));
#1280 = ORIENTED_EDGE('',*,*,#1281,.T.);
#1281 = EDGE_CURVE('',#1282,#1282,#1284,.T.);
#1282 = VERTEX_POINT('',#1283);
#1283 = CARTESIAN_POINT('',(23.321235,16.121544,0.));
#1284 = CIRCLE('',#1285,0.8509);
#1285 = AXIS2_PLACEMENT_3D('',#1286,#1287,#1288);
#1286 = CARTESIAN_POINT('',(23.321235,16.972444,0.));
#1287 = DIRECTION('',(-0.,0.,-1.));
#1288 = DIRECTION('',(-0.,-1.,0.));
#1289 = FACE_BOUND('',#1290,.F.);
#1290 = EDGE_LOOP('',(#1291));
#1291 = ORIENTED_EDGE('',*,*,#1292,.T.);
#1292 = EDGE_CURVE('',#1293,#1293,#1295,.T.);
#1293 = VERTEX_POINT('',#1294);
#1294 = CARTESIAN_POINT('',(25.732457,12.557223,0.));
#1295 = CIRCLE('',#1296,1.5);
#1296 = AXIS2_PLACEMENT_3D('',#1297,#1298,#1299);
#1297 = CARTESIAN_POINT('',(25.732457,14.057223,0.));
#1298 = DIRECTION('',(-0.,0.,-1.));
#1299 = DIRECTION('',(-0.,-1.,0.));
#1300 = FACE_BOUND('',#1301,.F.);
#1301 = EDGE_LOOP('',(#1302));
#1302 = ORIENTED_EDGE('',*,*,#1303,.T.);
#1303 = EDGE_CURVE('',#1304,#1304,#1306,.T.);
#1304 = VERTEX_POINT('',#1305);
#1305 = CARTESIAN_POINT('',(31.13852,13.341114,0.));
#1306 = CIRCLE('',#1307,1.5);
#1307 = AXIS2_PLACEMENT_3D('',#1308,#1309,#1310);
#1308 = CARTESIAN_POINT('',(31.13852,14.841114,0.));
#1309 = DIRECTION('',(-0.,0.,-1.));
#1310 = DIRECTION('',(-0.,-1.,0.));
#1311 = FACE_BOUND('',#1312,.F.);
#1312 = EDGE_LOOP('',(#1313));
#1313 = ORIENTED_EDGE('',*,*,#1314,.T.);
#1314 = EDGE_CURVE('',#1315,#1315,#1317,.T.);
#1315 = VERTEX_POINT('',#1316);
#1316 = CARTESIAN_POINT('',(27.9855,18.1725,0.));
#1317 = CIRCLE('',#1318,1.7145);
#1318 = AXIS2_PLACEMENT_3D('',#1319,#1320,#1321);
#1319 = CARTESIAN_POINT('',(27.9855,19.887,0.));
#1320 = DIRECTION('',(-0.,0.,-1.));
#1321 = DIRECTION('',(-2.072157292972E-15,-1.,0.));
#1322 = FACE_BOUND('',#1323,.F.);
#1323 = EDGE_LOOP('',(#1324));
#1324 = ORIENTED_EDGE('',*,*,#1325,.T.);
#1325 = EDGE_CURVE('',#1326,#1326,#1328,.T.);
#1326 = VERTEX_POINT('',#1327);
#1327 = CARTESIAN_POINT('',(32.649765,21.950656,0.));
#1328 = CIRCLE('',#1329,0.8509);
#1329 = AXIS2_PLACEMENT_3D('',#1330,#1331,#1332);
#1330 = CARTESIAN_POINT('',(32.649765,22.801556,0.));
#1331 = DIRECTION('',(-0.,0.,-1.));
#1332 = DIRECTION('',(-0.,-1.,0.));
#1333 = FACE_BOUND('',#1334,.F.);
#1334 = EDGE_LOOP('',(#1335));
#1335 = ORIENTED_EDGE('',*,*,#1336,.T.);
#1336 = EDGE_CURVE('',#1337,#1337,#1339,.T.);
#1337 = VERTEX_POINT('',#1338);
#1338 = CARTESIAN_POINT('',(45.756926,20.092904,0.));
#1339 = CIRCLE('',#1340,1.5);
#1340 = AXIS2_PLACEMENT_3D('',#1341,#1342,#1343);
#1341 = CARTESIAN_POINT('',(45.756926,21.592904,0.));
#1342 = DIRECTION('',(-0.,0.,-1.));
#1343 = DIRECTION('',(-0.,-1.,0.));
#1344 = FACE_BOUND('',#1345,.F.);
#1345 = EDGE_LOOP('',(#1346));
#1346 = ORIENTED_EDGE('',*,*,#1347,.T.);
#1347 = EDGE_CURVE('',#1348,#1348,#1350,.T.);
#1348 = VERTEX_POINT('',#1349);
#1349 = CARTESIAN_POINT('',(60.,8.4,0.));
#1350 = CIRCLE('',#1351,1.1);
#1351 = AXIS2_PLACEMENT_3D('',#1352,#1353,#1354);
#1352 = CARTESIAN_POINT('',(60.,9.5,0.));
#1353 = DIRECTION('',(-0.,0.,-1.));
#1354 = DIRECTION('',(-0.,-1.,0.));
#1355 = FACE_BOUND('',#1356,.F.);
#1356 = EDGE_LOOP('',(#1357));
#1357 = ORIENTED_EDGE('',*,*,#1358,.T.);
#1358 = EDGE_CURVE('',#1359,#1359,#1361,.T.);
#1359 = VERTEX_POINT('',#1360);
#1360 = CARTESIAN_POINT('',(50.993233,18.536918,0.));
#1361 = CIRCLE('',#1362,1.5);
#1362 = AXIS2_PLACEMENT_3D('',#1363,#1364,#1365);
#1363 = CARTESIAN_POINT('',(50.993233,20.036918,0.));
#1364 = DIRECTION('',(-0.,0.,-1.));
#1365 = DIRECTION('',(-0.,-1.,0.));
#1366 = FACE_BOUND('',#1367,.F.);
#1367 = EDGE_LOOP('',(#1368));
#1368 = ORIENTED_EDGE('',*,*,#1369,.T.);
#1369 = EDGE_CURVE('',#1370,#1370,#1372,.T.);
#1370 = VERTEX_POINT('',#1371);
#1371 = CARTESIAN_POINT('',(64.356686,19.356666,0.));
#1372 = CIRCLE('',#1373,1.5);
#1373 = AXIS2_PLACEMENT_3D('',#1374,#1375,#1376);
#1374 = CARTESIAN_POINT('',(64.356686,20.856666,0.));
#1375 = DIRECTION('',(-0.,0.,-1.));
#1376 = DIRECTION('',(-0.,-1.,0.));
#1377 = FACE_BOUND('',#1378,.F.);
#1378 = EDGE_LOOP('',(#1379));
#1379 = ORIENTED_EDGE('',*,*,#1380,.T.);
#1380 = EDGE_CURVE('',#1381,#1381,#1383,.T.);
#1381 = VERTEX_POINT('',#1382);
#1382 = CARTESIAN_POINT('',(69.255965,16.940663,0.));
#1383 = CIRCLE('',#1384,1.5);
#1384 = AXIS2_PLACEMENT_3D('',#1385,#1386,#1387);
#1385 = CARTESIAN_POINT('',(69.255965,18.440663,0.));
#1386 = DIRECTION('',(-0.,0.,-1.));
#1387 = DIRECTION('',(-0.,-1.,0.));
#1388 = FACE_BOUND('',#1389,.F.);
#1389 = EDGE_LOOP('',(#1390));
#1390 = ORIENTED_EDGE('',*,*,#1391,.T.);
#1391 = EDGE_CURVE('',#1392,#1392,#1394,.T.);
#1392 = VERTEX_POINT('',#1393);
#1393 = CARTESIAN_POINT('',(87.771728,14.166977,0.));
#1394 = CIRCLE('',#1395,1.5);
#1395 = AXIS2_PLACEMENT_3D('',#1396,#1397,#1398);
#1396 = CARTESIAN_POINT('',(87.771728,15.666977,0.));
#1397 = DIRECTION('',(-0.,0.,-1.));
#1398 = DIRECTION('',(-0.,-1.,0.));
#1399 = FACE_BOUND('',#1400,.F.);
#1400 = EDGE_LOOP('',(#1401));
#1401 = ORIENTED_EDGE('',*,*,#1402,.T.);
#1402 = EDGE_CURVE('',#1403,#1403,#1405,.T.);
#1403 = VERTEX_POINT('',#1404);
#1404 = CARTESIAN_POINT('',(93.224992,14.486234,0.));
#1405 = CIRCLE('',#1406,1.5);
#1406 = AXIS2_PLACEMENT_3D('',#1407,#1408,#1409);
#1407 = CARTESIAN_POINT('',(93.224992,15.986234,0.));
#1408 = DIRECTION('',(-0.,0.,-1.));
#1409 = DIRECTION('',(-0.,-1.,0.));
#1410 = FACE_BOUND('',#1411,.F.);
#1411 = EDGE_LOOP('',(#1412));
#1412 = ORIENTED_EDGE('',*,*,#1413,.T.);
#1413 = EDGE_CURVE('',#1414,#1414,#1416,.T.);
#1414 = VERTEX_POINT('',#1415);
#1415 = CARTESIAN_POINT('',(75.010265,23.294193,0.));
#1416 = CIRCLE('',#1417,0.8509);
#1417 = AXIS2_PLACEMENT_3D('',#1418,#1419,#1420);
#1418 = CARTESIAN_POINT('',(75.010265,24.145093,0.));
#1419 = DIRECTION('',(-0.,0.,-1.));
#1420 = DIRECTION('',(-0.,-1.,0.));
#1421 = FACE_BOUND('',#1422,.F.);
#1422 = EDGE_LOOP('',(#1423));
#1423 = ORIENTED_EDGE('',*,*,#1424,.T.);
#1424 = EDGE_CURVE('',#1425,#1425,#1427,.T.);
#1425 = VERTEX_POINT('',#1426);
#1426 = CARTESIAN_POINT('',(85.61833,17.926603,0.));
#1427 = CIRCLE('',#1428,0.8509);
#1428 = AXIS2_PLACEMENT_3D('',#1429,#1430,#1431);
#1429 = CARTESIAN_POINT('',(85.61833,18.777503,0.));
#1430 = DIRECTION('',(-0.,0.,-1.));
#1431 = DIRECTION('',(-0.,-1.,0.));
#1432 = FACE_BOUND('',#1433,.F.);
#1433 = EDGE_LOOP('',(#1434));
#1434 = ORIENTED_EDGE('',*,*,#1435,.T.);
#1435 = EDGE_CURVE('',#1436,#1436,#1438,.T.);
#1436 = VERTEX_POINT('',#1437);
#1437 = CARTESIAN_POINT('',(90.5145,19.5685,0.));
#1438 = CIRCLE('',#1439,1.7145);
#1439 = AXIS2_PLACEMENT_3D('',#1440,#1441,#1442);
#1440 = CARTESIAN_POINT('',(90.5145,21.283,0.));
#1441 = DIRECTION('',(-0.,0.,-1.));
#1442 = DIRECTION('',(-0.,-1.,0.));
#1443 = FACE_BOUND('',#1444,.F.);
#1444 = EDGE_LOOP('',(#1445));
#1445 = ORIENTED_EDGE('',*,*,#1446,.T.);
#1446 = EDGE_CURVE('',#1447,#1447,#1449,.T.);
#1447 = VERTEX_POINT('',#1448);
#1448 = CARTESIAN_POINT('',(95.41067,22.937597,0.));
#1449 = CIRCLE('',#1450,0.8509);
#1450 = AXIS2_PLACEMENT_3D('',#1451,#1452,#1453);
#1451 = CARTESIAN_POINT('',(95.41067,23.788497,0.));
#1452 = DIRECTION('',(-0.,0.,-1.));
#1453 = DIRECTION('',(-1.670096922694E-14,-1.,0.));
#1454 = FACE_BOUND('',#1455,.F.);
#1455 = EDGE_LOOP('',(#1456));
#1456 = ORIENTED_EDGE('',*,*,#1457,.T.);
#1457 = EDGE_CURVE('',#1458,#1458,#1460,.T.);
#1458 = VERTEX_POINT('',#1459);
#1459 = CARTESIAN_POINT('',(30.18665,25.719681,0.));
#1460 = CIRCLE('',#1461,0.4953);
#1461 = AXIS2_PLACEMENT_3D('',#1462,#1463,#1464);
#1462 = CARTESIAN_POINT('',(30.18665,26.214981,0.));
#1463 = DIRECTION('',(-0.,0.,-1.));
#1464 = DIRECTION('',(-0.,-1.,0.));
#1465 = FACE_BOUND('',#1466,.F.);
#1466 = EDGE_LOOP('',(#1467));
#1467 = ORIENTED_EDGE('',*,*,#1468,.T.);
#1468 = EDGE_CURVE('',#1469,#1469,#1471,.T.);
#1469 = VERTEX_POINT('',#1470);
#1470 = CARTESIAN_POINT('',(44.790869,24.399767,0.));
#1471 = CIRCLE('',#1472,0.8509);
#1472 = AXIS2_PLACEMENT_3D('',#1473,#1474,#1475);
#1473 = CARTESIAN_POINT('',(44.790869,25.250667,0.));
#1474 = DIRECTION('',(-0.,0.,-1.));
#1475 = DIRECTION('',(-0.,-1.,0.));
#1476 = FACE_BOUND('',#1477,.F.);
#1477 = EDGE_LOOP('',(#1478));
#1478 = ORIENTED_EDGE('',*,*,#1479,.T.);
#1479 = EDGE_CURVE('',#1480,#1480,#1482,.T.);
#1480 = VERTEX_POINT('',#1481);
#1481 = CARTESIAN_POINT('',(43.628926,36.962904,0.));
#1482 = CIRCLE('',#1483,1.5);
#1483 = AXIS2_PLACEMENT_3D('',#1484,#1485,#1486);
#1484 = CARTESIAN_POINT('',(43.628926,38.462904,0.));
#1485 = DIRECTION('',(-0.,0.,-1.));
#1486 = DIRECTION('',(-0.,-1.,0.));
#1487 = FACE_BOUND('',#1488,.F.);
#1488 = EDGE_LOOP('',(#1489));
#1489 = ORIENTED_EDGE('',*,*,#1490,.T.);
#1490 = EDGE_CURVE('',#1491,#1491,#1493,.T.);
#1491 = VERTEX_POINT('',#1492);
#1492 = CARTESIAN_POINT('',(42.662869,41.269767,0.));
#1493 = CIRCLE('',#1494,0.8509);
#1494 = AXIS2_PLACEMENT_3D('',#1495,#1496,#1497);
#1495 = CARTESIAN_POINT('',(42.662869,42.120667,0.));
#1496 = DIRECTION('',(-0.,0.,-1.));
#1497 = DIRECTION('',(-0.,-1.,0.));
#1498 = FACE_BOUND('',#1499,.F.);
#1499 = EDGE_LOOP('',(#1500));
#1500 = ORIENTED_EDGE('',*,*,#1501,.T.);
#1501 = EDGE_CURVE('',#1502,#1502,#1504,.T.);
#1502 = VERTEX_POINT('',#1503);
#1503 = CARTESIAN_POINT('',(50.2475,24.2255,0.));
#1504 = CIRCLE('',#1505,1.7145);
#1505 = AXIS2_PLACEMENT_3D('',#1506,#1507,#1508);
#1506 = CARTESIAN_POINT('',(50.2475,25.94,0.));
#1507 = DIRECTION('',(-0.,0.,-1.));
#1508 = DIRECTION('',(-0.,-1.,0.));
#1509 = FACE_BOUND('',#1510,.F.);
#1510 = EDGE_LOOP('',(#1511));
#1511 = ORIENTED_EDGE('',*,*,#1512,.T.);
#1512 = EDGE_CURVE('',#1513,#1513,#1515,.T.);
#1513 = VERTEX_POINT('',#1514);
#1514 = CARTESIAN_POINT('',(55.704131,25.778433,0.));
#1515 = CIRCLE('',#1516,0.8509);
#1516 = AXIS2_PLACEMENT_3D('',#1517,#1518,#1519);
#1517 = CARTESIAN_POINT('',(55.704131,26.629333,0.));
#1518 = DIRECTION('',(-0.,0.,-1.));
#1519 = DIRECTION('',(-8.350484613469E-15,-1.,0.));
#1520 = FACE_BOUND('',#1521,.F.);
#1521 = EDGE_LOOP('',(#1522));
#1522 = ORIENTED_EDGE('',*,*,#1523,.T.);
#1523 = EDGE_CURVE('',#1524,#1524,#1526,.T.);
#1524 = VERTEX_POINT('',#1525);
#1525 = CARTESIAN_POINT('',(64.020735,23.774007,0.));
#1526 = CIRCLE('',#1527,0.8509);
#1527 = AXIS2_PLACEMENT_3D('',#1528,#1529,#1530);
#1528 = CARTESIAN_POINT('',(64.020735,24.624907,0.));
#1529 = DIRECTION('',(-0.,0.,-1.));
#1530 = DIRECTION('',(-0.,-1.,0.));
#1531 = FACE_BOUND('',#1532,.F.);
#1532 = EDGE_LOOP('',(#1533));
#1533 = ORIENTED_EDGE('',*,*,#1534,.T.);
#1534 = EDGE_CURVE('',#1535,#1535,#1537,.T.);
#1535 = VERTEX_POINT('',#1536);
#1536 = CARTESIAN_POINT('',(69.5155,22.6705,0.));
#1537 = CIRCLE('',#1538,1.7145);
#1538 = AXIS2_PLACEMENT_3D('',#1539,#1540,#1541);
#1539 = CARTESIAN_POINT('',(69.5155,24.385,0.));
#1540 = DIRECTION('',(-0.,0.,-1.));
#1541 = DIRECTION('',(-0.,-1.,0.));
#1542 = FACE_BOUND('',#1543,.F.);
#1543 = EDGE_LOOP('',(#1544));
#1544 = ORIENTED_EDGE('',*,*,#1545,.T.);
#1545 = EDGE_CURVE('',#1546,#1546,#1548,.T.);
#1546 = VERTEX_POINT('',#1547);
#1547 = CARTESIAN_POINT('',(54.899939,30.265821,0.));
#1548 = CIRCLE('',#1549,0.4953);
#1549 = AXIS2_PLACEMENT_3D('',#1550,#1551,#1552);
#1550 = CARTESIAN_POINT('',(54.899939,30.761121,0.));
#1551 = DIRECTION('',(-0.,0.,-1.));
#1552 = DIRECTION('',(-0.,-1.,0.));
#1553 = FACE_BOUND('',#1554,.F.);
#1554 = EDGE_LOOP('',(#1555));
#1555 = ORIENTED_EDGE('',*,*,#1556,.T.);
#1556 = EDGE_CURVE('',#1557,#1557,#1559,.T.);
#1557 = VERTEX_POINT('',#1558);
#1558 = CARTESIAN_POINT('',(70.007965,33.919663,0.));
#1559 = CIRCLE('',#1560,1.5);
#1560 = AXIS2_PLACEMENT_3D('',#1561,#1562,#1563);
#1561 = CARTESIAN_POINT('',(70.007965,35.419663,0.));
#1562 = DIRECTION('',(-0.,0.,-1.));
#1563 = DIRECTION('',(-0.,-1.,0.));
#1564 = FACE_BOUND('',#1565,.F.);
#1565 = EDGE_LOOP('',(#1566));
#1566 = ORIENTED_EDGE('',*,*,#1567,.T.);
#1567 = EDGE_CURVE('',#1568,#1568,#1570,.T.);
#1568 = VERTEX_POINT('',#1569);
#1569 = CARTESIAN_POINT('',(74.913733,27.858009,0.));
#1570 = CIRCLE('',#1571,0.4953);
#1571 = AXIS2_PLACEMENT_3D('',#1572,#1573,#1574);
#1572 = CARTESIAN_POINT('',(74.913733,28.353309,0.));
#1573 = DIRECTION('',(-0.,0.,-1.));
#1574 = DIRECTION('',(-0.,-1.,0.));
#1575 = FACE_BOUND('',#1576,.F.);
#1576 = EDGE_LOOP('',(#1577));
#1577 = ORIENTED_EDGE('',*,*,#1578,.T.);
#1578 = EDGE_CURVE('',#1579,#1579,#1581,.T.);
#1579 = VERTEX_POINT('',#1580);
#1580 = CARTESIAN_POINT('',(93.248122,26.904538,0.));
#1581 = CIRCLE('',#1582,0.4953);
#1582 = AXIS2_PLACEMENT_3D('',#1583,#1584,#1585);
#1583 = CARTESIAN_POINT('',(93.248122,27.399838,0.));
#1584 = DIRECTION('',(-0.,0.,-1.));
#1585 = DIRECTION('',(-0.,-1.,0.));
#1586 = FACE_BOUND('',#1587,.F.);
#1587 = EDGE_LOOP('',(#1588));
#1588 = ORIENTED_EDGE('',*,*,#1589,.T.);
#1589 = EDGE_CURVE('',#1590,#1590,#1592,.T.);
#1590 = VERTEX_POINT('',#1591);
#1591 = CARTESIAN_POINT('',(48.865233,35.406918,0.));
#1592 = CIRCLE('',#1593,1.5);
#1593 = AXIS2_PLACEMENT_3D('',#1594,#1595,#1596);
#1594 = CARTESIAN_POINT('',(48.865233,36.906918,0.));
#1595 = DIRECTION('',(-0.,0.,-1.));
#1596 = DIRECTION('',(-0.,-1.,0.));
#1597 = FACE_BOUND('',#1598,.F.);
#1598 = EDGE_LOOP('',(#1599));
#1599 = ORIENTED_EDGE('',*,*,#1600,.T.);
#1600 = EDGE_CURVE('',#1601,#1601,#1603,.T.);
#1601 = VERTEX_POINT('',#1602);
#1602 = CARTESIAN_POINT('',(65.108686,36.335666,0.));
#1603 = CIRCLE('',#1604,1.5);
#1604 = AXIS2_PLACEMENT_3D('',#1605,#1606,#1607);
#1605 = CARTESIAN_POINT('',(65.108686,37.835666,0.));
#1606 = DIRECTION('',(-0.,0.,-1.));
#1607 = DIRECTION('',(-0.,-1.,0.));
#1608 = FACE_BOUND('',#1609,.F.);
#1609 = EDGE_LOOP('',(#1610));
#1610 = ORIENTED_EDGE('',*,*,#1611,.T.);
#1611 = EDGE_CURVE('',#1612,#1612,#1614,.T.);
#1612 = VERTEX_POINT('',#1613);
#1613 = CARTESIAN_POINT('',(64.772735,40.753007,0.));
#1614 = CIRCLE('',#1615,0.8509);
#1615 = AXIS2_PLACEMENT_3D('',#1616,#1617,#1618);
#1616 = CARTESIAN_POINT('',(64.772735,41.603907,0.));
#1617 = DIRECTION('',(-0.,0.,-1.));
#1618 = DIRECTION('',(-0.,-1.,0.));
#1619 = FACE_BOUND('',#1620,.F.);
#1620 = EDGE_LOOP('',(#1621));
#1621 = ORIENTED_EDGE('',*,*,#1622,.T.);
#1622 = EDGE_CURVE('',#1623,#1623,#1625,.T.);
#1623 = VERTEX_POINT('',#1624);
#1624 = CARTESIAN_POINT('',(70.2675,39.6495,0.));
#1625 = CIRCLE('',#1626,1.7145);
#1626 = AXIS2_PLACEMENT_3D('',#1627,#1628,#1629);
#1627 = CARTESIAN_POINT('',(70.2675,41.364,0.));
#1628 = DIRECTION('',(-0.,0.,-1.));
#1629 = DIRECTION('',(-0.,-1.,0.));
#1630 = FACE_BOUND('',#1631,.F.);
#1631 = EDGE_LOOP('',(#1632));
#1632 = ORIENTED_EDGE('',*,*,#1633,.T.);
#1633 = EDGE_CURVE('',#1634,#1634,#1636,.T.);
#1634 = VERTEX_POINT('',#1635);
#1635 = CARTESIAN_POINT('',(48.1195,41.0955,0.));
#1636 = CIRCLE('',#1637,1.7145);
#1637 = AXIS2_PLACEMENT_3D('',#1638,#1639,#1640);
#1638 = CARTESIAN_POINT('',(48.1195,42.81,0.));
#1639 = DIRECTION('',(-0.,0.,-1.));
#1640 = DIRECTION('',(-0.,-1.,0.));
#1641 = FACE_BOUND('',#1642,.F.);
#1642 = EDGE_LOOP('',(#1643));
#1643 = ORIENTED_EDGE('',*,*,#1644,.T.);
#1644 = EDGE_CURVE('',#1645,#1645,#1647,.T.);
#1645 = VERTEX_POINT('',#1646);
#1646 = CARTESIAN_POINT('',(53.576131,42.648433,0.));
#1647 = CIRCLE('',#1648,0.8509);
#1648 = AXIS2_PLACEMENT_3D('',#1649,#1650,#1651);
#1649 = CARTESIAN_POINT('',(53.576131,43.499333,0.));
#1650 = DIRECTION('',(-0.,0.,-1.));
#1651 = DIRECTION('',(-8.350484613469E-15,-1.,0.));
#1652 = FACE_BOUND('',#1653,.F.);
#1653 = EDGE_LOOP('',(#1654));
#1654 = ORIENTED_EDGE('',*,*,#1655,.T.);
#1655 = EDGE_CURVE('',#1656,#1656,#1658,.T.);
#1656 = VERTEX_POINT('',#1657);
#1657 = CARTESIAN_POINT('',(52.771939,47.135821,0.));
#1658 = CIRCLE('',#1659,0.4953);
#1659 = AXIS2_PLACEMENT_3D('',#1660,#1661,#1662);
#1660 = CARTESIAN_POINT('',(52.771939,47.631121,0.));
#1661 = DIRECTION('',(-0.,0.,-1.));
#1662 = DIRECTION('',(-0.,-1.,0.));
#1663 = FACE_BOUND('',#1664,.F.);
#1664 = EDGE_LOOP('',(#1665));
#1665 = ORIENTED_EDGE('',*,*,#1666,.T.);
#1666 = EDGE_CURVE('',#1667,#1667,#1669,.T.);
#1667 = VERTEX_POINT('',#1668);
#1668 = CARTESIAN_POINT('',(75.762265,40.273193,0.));
#1669 = CIRCLE('',#1670,0.8509);
#1670 = AXIS2_PLACEMENT_3D('',#1671,#1672,#1673);
#1671 = CARTESIAN_POINT('',(75.762265,41.124093,0.));
#1672 = DIRECTION('',(-0.,0.,-1.));
#1673 = DIRECTION('',(-0.,-1.,0.));
#1674 = FACE_BOUND('',#1675,.F.);
#1675 = EDGE_LOOP('',(#1676));
#1676 = ORIENTED_EDGE('',*,*,#1677,.T.);
#1677 = EDGE_CURVE('',#1678,#1678,#1680,.T.);
#1678 = VERTEX_POINT('',#1679);
#1679 = CARTESIAN_POINT('',(85.,35.4,0.));
#1680 = CIRCLE('',#1681,1.1);
#1681 = AXIS2_PLACEMENT_3D('',#1682,#1683,#1684);
#1682 = CARTESIAN_POINT('',(85.,36.5,0.));
#1683 = DIRECTION('',(-0.,0.,-1.));
#1684 = DIRECTION('',(-0.,-1.,0.));
#1685 = FACE_BOUND('',#1686,.F.);
#1686 = EDGE_LOOP('',(#1687));
#1687 = ORIENTED_EDGE('',*,*,#1688,.T.);
#1688 = EDGE_CURVE('',#1689,#1689,#1691,.T.);
#1689 = VERTEX_POINT('',#1690);
#1690 = CARTESIAN_POINT('',(75.665733,44.837009,0.));
#1691 = CIRCLE('',#1692,0.4953);
#1692 = AXIS2_PLACEMENT_3D('',#1693,#1694,#1695);
#1693 = CARTESIAN_POINT('',(75.665733,45.332309,0.));
#1694 = DIRECTION('',(-0.,0.,-1.));
#1695 = DIRECTION('',(-0.,-1.,0.));
#1696 = PLANE('',#1697);
#1697 = AXIS2_PLACEMENT_3D('',#1698,#1699,#1700);
#1698 = CARTESIAN_POINT('',(0.,0.,0.));
#1699 = DIRECTION('',(0.,0.,1.));
#1700 = DIRECTION('',(1.,0.,-0.));
#1701 = ADVANCED_FACE('',(#1702,#1929,#1940,#1951,#1962,#1973,#1984,
    #1995,#2006,#2017,#2028,#2039,#2050,#2061,#2072,#2083,#2094,#2105,
    #2116,#2127,#2138,#2149,#2160,#2171,#2182,#2193,#2204,#2215,#2226,
    #2237,#2248,#2259,#2270,#2281,#2292,#2303,#2314,#2325,#2336,#2347,
    #2358,#2369,#2380,#2391,#2402,#2413,#2424,#2435,#2446,#2457,#2468,
    #2479,#2490,#2501,#2512,#2523,#2534,#2545,#2556,#2567,#2578,#2589,
    #2600,#2611,#2622,#2633,#2644,#2655,#2666,#2677,#2688,#2699,#2710,
    #2721,#2732,#2743,#2754,#2765,#2776,#2787,#2798,#2809,#2820,#2831,
    #2842,#2853,#2864,#2875,#2886,#2897,#2908,#2919,#2930,#2941,#2952,
    #2963,#2974,#2985,#2996,#3007,#3018,#3029,#3040,#3051,#3062,#3073,
    #3084,#3095,#3106,#3117,#3128,#3139,#3150,#3161,#3172,#3183,#3194,
    #3205,#3216,#3227,#3238,#3249),#3260,.T.);
#1702 = FACE_BOUND('',#1703,.T.);
#1703 = EDGE_LOOP('',(#1704,#1705,#1706,#1714,#1722,#1730,#1738,#1746,
    #1754,#1762,#1770,#1778,#1786,#1794,#1802,#1810,#1818,#1826,#1834,
    #1842,#1850,#1858,#1866,#1874,#1882,#1890,#1898,#1906,#1914,#1922,
    #1928));
#1704 = ORIENTED_EDGE('',*,*,#49,.F.);
#1705 = ORIENTED_EDGE('',*,*,#89,.F.);
#1706 = ORIENTED_EDGE('',*,*,#1707,.F.);
#1707 = EDGE_CURVE('',#1708,#82,#1710,.T.);
#1708 = VERTEX_POINT('',#1709);
#1709 = CARTESIAN_POINT('',(35.,52.5,1.51));
#1710 = LINE('',#1711,#1712);
#1711 = CARTESIAN_POINT('',(35.,52.5,1.51));
#1712 = VECTOR('',#1713,1.);
#1713 = DIRECTION('',(0.992876838487,0.119145220618,0.));
#1714 = ORIENTED_EDGE('',*,*,#1715,.F.);
#1715 = EDGE_CURVE('',#1716,#1708,#1718,.T.);
#1716 = VERTEX_POINT('',#1717);
#1717 = CARTESIAN_POINT('',(36.,37.5,1.51));
#1718 = LINE('',#1719,#1720);
#1719 = CARTESIAN_POINT('',(36.,37.5,1.51));
#1720 = VECTOR('',#1721,1.);
#1721 = DIRECTION('',(-6.651901052377E-02,0.997785157857,0.));
#1722 = ORIENTED_EDGE('',*,*,#1723,.F.);
#1723 = EDGE_CURVE('',#1724,#1716,#1726,.T.);
#1724 = VERTEX_POINT('',#1725);
#1725 = CARTESIAN_POINT('',(6.3,23.5,1.51));
#1726 = LINE('',#1727,#1728);
#1727 = CARTESIAN_POINT('',(6.3,23.5,1.51));
#1728 = VECTOR('',#1729,1.);
#1729 = DIRECTION('',(0.904542423848,0.426383634137,0.));
#1730 = ORIENTED_EDGE('',*,*,#1731,.F.);
#1731 = EDGE_CURVE('',#1732,#1724,#1734,.T.);
#1732 = VERTEX_POINT('',#1733);
#1733 = CARTESIAN_POINT('',(6.3,21.0749,1.51));
#1734 = LINE('',#1735,#1736);
#1735 = CARTESIAN_POINT('',(6.3,21.0749,1.51));
#1736 = VECTOR('',#1737,1.);
#1737 = DIRECTION('',(0.,1.,0.));
#1738 = ORIENTED_EDGE('',*,*,#1739,.F.);
#1739 = EDGE_CURVE('',#1740,#1732,#1742,.T.);
#1740 = VERTEX_POINT('',#1741);
#1741 = CARTESIAN_POINT('',(6.3,5.1549,1.51));
#1742 = LINE('',#1743,#1744);
#1743 = CARTESIAN_POINT('',(6.3,5.1549,1.51));
#1744 = VECTOR('',#1745,1.);
#1745 = DIRECTION('',(0.,1.,0.));
#1746 = ORIENTED_EDGE('',*,*,#1747,.F.);
#1747 = EDGE_CURVE('',#1748,#1740,#1750,.T.);
#1748 = VERTEX_POINT('',#1749);
#1749 = CARTESIAN_POINT('',(5.3,4.1549,1.51));
#1750 = LINE('',#1751,#1752);
#1751 = CARTESIAN_POINT('',(5.3,4.1549,1.51));
#1752 = VECTOR('',#1753,1.);
#1753 = DIRECTION('',(0.707106781187,0.707106781187,0.));
#1754 = ORIENTED_EDGE('',*,*,#1755,.F.);
#1755 = EDGE_CURVE('',#1756,#1748,#1758,.T.);
#1756 = VERTEX_POINT('',#1757);
#1757 = CARTESIAN_POINT('',(-5.3,4.1549,1.51));
#1758 = LINE('',#1759,#1760);
#1759 = CARTESIAN_POINT('',(-5.3,4.1549,1.51));
#1760 = VECTOR('',#1761,1.);
#1761 = DIRECTION('',(1.,0.,0.));
#1762 = ORIENTED_EDGE('',*,*,#1763,.F.);
#1763 = EDGE_CURVE('',#1764,#1756,#1766,.T.);
#1764 = VERTEX_POINT('',#1765);
#1765 = CARTESIAN_POINT('',(-6.3,5.1549,1.51));
#1766 = LINE('',#1767,#1768);
#1767 = CARTESIAN_POINT('',(-6.3,5.1549,1.51));
#1768 = VECTOR('',#1769,1.);
#1769 = DIRECTION('',(0.707106781187,-0.707106781187,0.));
#1770 = ORIENTED_EDGE('',*,*,#1771,.F.);
#1771 = EDGE_CURVE('',#1772,#1764,#1774,.T.);
#1772 = VERTEX_POINT('',#1773);
#1773 = CARTESIAN_POINT('',(-6.3,21.0749,1.51));
#1774 = LINE('',#1775,#1776);
#1775 = CARTESIAN_POINT('',(-6.3,21.0749,1.51));
#1776 = VECTOR('',#1777,1.);
#1777 = DIRECTION('',(0.,-1.,0.));
#1778 = ORIENTED_EDGE('',*,*,#1779,.F.);
#1779 = EDGE_CURVE('',#1780,#1772,#1782,.T.);
#1780 = VERTEX_POINT('',#1781);
#1781 = CARTESIAN_POINT('',(-6.3,23.5,1.51));
#1782 = LINE('',#1783,#1784);
#1783 = CARTESIAN_POINT('',(-6.3,23.5,1.51));
#1784 = VECTOR('',#1785,1.);
#1785 = DIRECTION('',(0.,-1.,0.));
#1786 = ORIENTED_EDGE('',*,*,#1787,.F.);
#1787 = EDGE_CURVE('',#1788,#1780,#1790,.T.);
#1788 = VERTEX_POINT('',#1789);
#1789 = CARTESIAN_POINT('',(-36.,37.5,1.51));
#1790 = LINE('',#1791,#1792);
#1791 = CARTESIAN_POINT('',(-36.,37.5,1.51));
#1792 = VECTOR('',#1793,1.);
#1793 = DIRECTION('',(0.904542423848,-0.426383634137,0.));
#1794 = ORIENTED_EDGE('',*,*,#1795,.F.);
#1795 = EDGE_CURVE('',#1796,#1788,#1798,.T.);
#1796 = VERTEX_POINT('',#1797);
#1797 = CARTESIAN_POINT('',(-35.,52.5,1.51));
#1798 = LINE('',#1799,#1800);
#1799 = CARTESIAN_POINT('',(-35.,52.5,1.51));
#1800 = VECTOR('',#1801,1.);
#1801 = DIRECTION('',(-6.651901052377E-02,-0.997785157857,0.));
#1802 = ORIENTED_EDGE('',*,*,#1803,.F.);
#1803 = EDGE_CURVE('',#1804,#1796,#1806,.T.);
#1804 = VERTEX_POINT('',#1805);
#1805 = CARTESIAN_POINT('',(-60.,55.5,1.51));
#1806 = LINE('',#1807,#1808);
#1807 = CARTESIAN_POINT('',(-60.,55.5,1.51));
#1808 = VECTOR('',#1809,1.);
#1809 = DIRECTION('',(0.992876838487,-0.119145220618,0.));
#1810 = ORIENTED_EDGE('',*,*,#1811,.F.);
#1811 = EDGE_CURVE('',#1812,#1804,#1814,.T.);
#1812 = VERTEX_POINT('',#1813);
#1813 = CARTESIAN_POINT('',(-78.,52.5,1.51));
#1814 = LINE('',#1815,#1816);
#1815 = CARTESIAN_POINT('',(-78.,52.5,1.51));
#1816 = VECTOR('',#1817,1.);
#1817 = DIRECTION('',(0.986393923832,0.164398987305,0.));
#1818 = ORIENTED_EDGE('',*,*,#1819,.F.);
#1819 = EDGE_CURVE('',#1820,#1812,#1822,.T.);
#1820 = VERTEX_POINT('',#1821);
#1821 = CARTESIAN_POINT('',(-92.,43.5,1.51));
#1822 = LINE('',#1823,#1824);
#1823 = CARTESIAN_POINT('',(-92.,43.5,1.51));
#1824 = VECTOR('',#1825,1.);
#1825 = DIRECTION('',(0.841178475377,0.540757591313,0.));
#1826 = ORIENTED_EDGE('',*,*,#1827,.F.);
#1827 = EDGE_CURVE('',#1828,#1820,#1830,.T.);
#1828 = VERTEX_POINT('',#1829);
#1829 = CARTESIAN_POINT('',(-107.,16.5,1.51));
#1830 = LINE('',#1831,#1832);
#1831 = CARTESIAN_POINT('',(-107.,16.5,1.51));
#1832 = VECTOR('',#1833,1.);
#1833 = DIRECTION('',(0.485642931179,0.874157276122,0.));
#1834 = ORIENTED_EDGE('',*,*,#1835,.F.);
#1835 = EDGE_CURVE('',#1836,#1828,#1838,.T.);
#1836 = VERTEX_POINT('',#1837);
#1837 = CARTESIAN_POINT('',(-86.,6.5,1.51));
#1838 = LINE('',#1839,#1840);
#1839 = CARTESIAN_POINT('',(-86.,6.5,1.51));
#1840 = VECTOR('',#1841,1.);
#1841 = DIRECTION('',(-0.902860518824,0.429933580392,0.));
#1842 = ORIENTED_EDGE('',*,*,#1843,.F.);
#1843 = EDGE_CURVE('',#1844,#1836,#1846,.T.);
#1844 = VERTEX_POINT('',#1845);
#1845 = CARTESIAN_POINT('',(-49.,0.5,1.51));
#1846 = LINE('',#1847,#1848);
#1847 = CARTESIAN_POINT('',(-49.,0.5,1.51));
#1848 = VECTOR('',#1849,1.);
#1849 = DIRECTION('',(-0.987105477748,0.160071158554,0.));
#1850 = ORIENTED_EDGE('',*,*,#1851,.F.);
#1851 = EDGE_CURVE('',#1852,#1844,#1854,.T.);
#1852 = VERTEX_POINT('',#1853);
#1853 = CARTESIAN_POINT('',(-30.,-11.5,1.51));
#1854 = LINE('',#1855,#1856);
#1855 = CARTESIAN_POINT('',(-30.,-11.5,1.51));
#1856 = VECTOR('',#1857,1.);
#1857 = DIRECTION('',(-0.845488903031,0.533992991388,0.));
#1858 = ORIENTED_EDGE('',*,*,#1859,.F.);
#1859 = EDGE_CURVE('',#1860,#1852,#1862,.T.);
#1860 = VERTEX_POINT('',#1861);
#1861 = CARTESIAN_POINT('',(-46.,-29.5,1.51));
#1862 = LINE('',#1863,#1864);
#1863 = CARTESIAN_POINT('',(-46.,-29.5,1.51));
#1864 = VECTOR('',#1865,1.);
#1865 = DIRECTION('',(0.66436383883,0.747409318684,0.));
#1866 = ORIENTED_EDGE('',*,*,#1867,.F.);
#1867 = EDGE_CURVE('',#1868,#1860,#1870,.T.);
#1868 = VERTEX_POINT('',#1869);
#1869 = CARTESIAN_POINT('',(-16.,-55.5,1.51));
#1870 = LINE('',#1871,#1872);
#1871 = CARTESIAN_POINT('',(-16.,-55.5,1.51));
#1872 = VECTOR('',#1873,1.);
#1873 = DIRECTION('',(-0.75568908279,0.654930538418,0.));
#1874 = ORIENTED_EDGE('',*,*,#1875,.F.);
#1875 = EDGE_CURVE('',#1876,#1868,#1878,.T.);
#1876 = VERTEX_POINT('',#1877);
#1877 = CARTESIAN_POINT('',(0.,-37.5,1.51));
#1878 = LINE('',#1879,#1880);
#1879 = CARTESIAN_POINT('',(0.,-37.5,1.51));
#1880 = VECTOR('',#1881,1.);
#1881 = DIRECTION('',(-0.66436383883,-0.747409318684,0.));
#1882 = ORIENTED_EDGE('',*,*,#1883,.F.);
#1883 = EDGE_CURVE('',#1884,#1876,#1886,.T.);
#1884 = VERTEX_POINT('',#1885);
#1885 = CARTESIAN_POINT('',(16.,-54.5,1.51));
#1886 = LINE('',#1887,#1888);
#1887 = CARTESIAN_POINT('',(16.,-54.5,1.51));
#1888 = VECTOR('',#1889,1.);
#1889 = DIRECTION('',(-0.685364699005,0.728199992693,0.));
#1890 = ORIENTED_EDGE('',*,*,#1891,.F.);
#1891 = EDGE_CURVE('',#1892,#1884,#1894,.T.);
#1892 = VERTEX_POINT('',#1893);
#1893 = CARTESIAN_POINT('',(46.,-29.5,1.51));
#1894 = LINE('',#1895,#1896);
#1895 = CARTESIAN_POINT('',(46.,-29.5,1.51));
#1896 = VECTOR('',#1897,1.);
#1897 = DIRECTION('',(-0.768221279597,-0.640184399664,0.));
#1898 = ORIENTED_EDGE('',*,*,#1899,.F.);
#1899 = EDGE_CURVE('',#1900,#1892,#1902,.T.);
#1900 = VERTEX_POINT('',#1901);
#1901 = CARTESIAN_POINT('',(30.,-11.5,1.51));
#1902 = LINE('',#1903,#1904);
#1903 = CARTESIAN_POINT('',(30.,-11.5,1.51));
#1904 = VECTOR('',#1905,1.);
#1905 = DIRECTION('',(0.66436383883,-0.747409318684,0.));
#1906 = ORIENTED_EDGE('',*,*,#1907,.F.);
#1907 = EDGE_CURVE('',#1908,#1900,#1910,.T.);
#1908 = VERTEX_POINT('',#1909);
#1909 = CARTESIAN_POINT('',(49.,0.5,1.51));
#1910 = LINE('',#1911,#1912);
#1911 = CARTESIAN_POINT('',(49.,0.5,1.51));
#1912 = VECTOR('',#1913,1.);
#1913 = DIRECTION('',(-0.845488903031,-0.533992991388,0.));
#1914 = ORIENTED_EDGE('',*,*,#1915,.F.);
#1915 = EDGE_CURVE('',#1916,#1908,#1918,.T.);
#1916 = VERTEX_POINT('',#1917);
#1917 = CARTESIAN_POINT('',(86.,6.5,1.51));
#1918 = LINE('',#1919,#1920);
#1919 = CARTESIAN_POINT('',(86.,6.5,1.51));
#1920 = VECTOR('',#1921,1.);
#1921 = DIRECTION('',(-0.987105477748,-0.160071158554,0.));
#1922 = ORIENTED_EDGE('',*,*,#1923,.F.);
#1923 = EDGE_CURVE('',#112,#1916,#1924,.T.);
#1924 = LINE('',#1925,#1926);
#1925 = CARTESIAN_POINT('',(107.,16.5,1.51));
#1926 = VECTOR('',#1927,1.);
#1927 = DIRECTION('',(-0.902860518824,-0.429933580392,0.));
#1928 = ORIENTED_EDGE('',*,*,#111,.F.);
#1929 = FACE_BOUND('',#1930,.T.);
#1930 = EDGE_LOOP('',(#1931));
#1931 = ORIENTED_EDGE('',*,*,#1932,.T.);
#1932 = EDGE_CURVE('',#1933,#1933,#1935,.T.);
#1933 = VERTEX_POINT('',#1934);
#1934 = CARTESIAN_POINT('',(-17.483388,-47.678714,1.51));
#1935 = CIRCLE('',#1936,1.5);
#1936 = AXIS2_PLACEMENT_3D('',#1937,#1938,#1939);
#1937 = CARTESIAN_POINT('',(-17.483388,-46.178714,1.51));
#1938 = DIRECTION('',(-0.,0.,-1.));
#1939 = DIRECTION('',(-0.,-1.,0.));
#1940 = FACE_BOUND('',#1941,.T.);
#1941 = EDGE_LOOP('',(#1942));
#1942 = ORIENTED_EDGE('',*,*,#1943,.T.);
#1943 = EDGE_CURVE('',#1944,#1944,#1946,.T.);
#1944 = VERTEX_POINT('',#1945);
#1945 = CARTESIAN_POINT('',(-20.619594,-44.913789,1.51));
#1946 = CIRCLE('',#1947,0.8509);
#1947 = AXIS2_PLACEMENT_3D('',#1948,#1949,#1950);
#1948 = CARTESIAN_POINT('',(-20.619594,-44.062889,1.51));
#1949 = DIRECTION('',(-0.,0.,-1.));
#1950 = DIRECTION('',(-0.,-1.,0.));
#1951 = FACE_BOUND('',#1952,.T.);
#1952 = EDGE_LOOP('',(#1953));
#1953 = ORIENTED_EDGE('',*,*,#1954,.T.);
#1954 = EDGE_CURVE('',#1955,#1955,#1957,.T.);
#1955 = VERTEX_POINT('',#1956);
#1956 = CARTESIAN_POINT('',(-12.518601,-45.400361,1.51));
#1957 = CIRCLE('',#1958,1.5);
#1958 = AXIS2_PLACEMENT_3D('',#1959,#1960,#1961);
#1959 = CARTESIAN_POINT('',(-12.518601,-43.900361,1.51));
#1960 = DIRECTION('',(-0.,0.,-1.));
#1961 = DIRECTION('',(-0.,-1.,0.));
#1962 = FACE_BOUND('',#1963,.T.);
#1963 = EDGE_LOOP('',(#1964));
#1964 = ORIENTED_EDGE('',*,*,#1965,.T.);
#1965 = EDGE_CURVE('',#1966,#1966,#1968,.T.);
#1966 = VERTEX_POINT('',#1967);
#1967 = CARTESIAN_POINT('',(-16.968,-41.6645,1.51));
#1968 = CIRCLE('',#1969,1.7145);
#1969 = AXIS2_PLACEMENT_3D('',#1970,#1971,#1972);
#1970 = CARTESIAN_POINT('',(-16.968,-39.95,1.51));
#1971 = DIRECTION('',(-0.,0.,-1.));
#1972 = DIRECTION('',(-0.,-1.,0.));
#1973 = FACE_BOUND('',#1974,.T.);
#1974 = EDGE_LOOP('',(#1975));
#1975 = ORIENTED_EDGE('',*,*,#1976,.T.);
#1976 = EDGE_CURVE('',#1977,#1977,#1979,.T.);
#1977 = VERTEX_POINT('',#1978);
#1978 = CARTESIAN_POINT('',(-13.316406,-36.688011,1.51));
#1979 = CIRCLE('',#1980,0.8509);
#1980 = AXIS2_PLACEMENT_3D('',#1981,#1982,#1983);
#1981 = CARTESIAN_POINT('',(-13.316406,-35.837111,1.51));
#1982 = DIRECTION('',(-0.,0.,-1.));
#1983 = DIRECTION('',(-0.,-1.,0.));
#1984 = FACE_BOUND('',#1985,.T.);
#1985 = EDGE_LOOP('',(#1986));
#1986 = ORIENTED_EDGE('',*,*,#1987,.T.);
#1987 = EDGE_CURVE('',#1988,#1988,#1990,.T.);
#1988 = VERTEX_POINT('',#1989);
#1989 = CARTESIAN_POINT('',(-33.325794,-33.615289,1.51));
#1990 = CIRCLE('',#1991,0.8509);
#1991 = AXIS2_PLACEMENT_3D('',#1992,#1993,#1994);
#1992 = CARTESIAN_POINT('',(-33.325794,-32.764389,1.51));
#1993 = DIRECTION('',(-0.,0.,-1.));
#1994 = DIRECTION('',(-0.,-1.,0.));
#1995 = FACE_BOUND('',#1996,.T.);
#1996 = EDGE_LOOP('',(#1997));
#1997 = ORIENTED_EDGE('',*,*,#1998,.T.);
#1998 = EDGE_CURVE('',#1999,#1999,#2001,.T.);
#1999 = VERTEX_POINT('',#2000);
#2000 = CARTESIAN_POINT('',(-30.189588,-36.380214,1.51));
#2001 = CIRCLE('',#2002,1.5);
#2002 = AXIS2_PLACEMENT_3D('',#2003,#2004,#2005);
#2003 = CARTESIAN_POINT('',(-30.189588,-34.880214,1.51));
#2004 = DIRECTION('',(-0.,0.,-1.));
#2005 = DIRECTION('',(-0.,-1.,0.));
#2006 = FACE_BOUND('',#2007,.T.);
#2007 = EDGE_LOOP('',(#2008));
#2008 = ORIENTED_EDGE('',*,*,#2009,.T.);
#2009 = EDGE_CURVE('',#2010,#2010,#2012,.T.);
#2010 = VERTEX_POINT('',#2011);
#2011 = CARTESIAN_POINT('',(-29.6742,-30.366,1.51));
#2012 = CIRCLE('',#2013,1.7145);
#2013 = AXIS2_PLACEMENT_3D('',#2014,#2015,#2016);
#2014 = CARTESIAN_POINT('',(-29.6742,-28.6515,1.51));
#2015 = DIRECTION('',(-0.,0.,-1.));
#2016 = DIRECTION('',(-0.,-1.,0.));
#2017 = FACE_BOUND('',#2018,.T.);
#2018 = EDGE_LOOP('',(#2019));
#2019 = ORIENTED_EDGE('',*,*,#2020,.T.);
#2020 = EDGE_CURVE('',#2021,#2021,#2023,.T.);
#2021 = VERTEX_POINT('',#2022);
#2022 = CARTESIAN_POINT('',(-26.022606,-25.389511,1.51));
#2023 = CIRCLE('',#2024,0.8509);
#2024 = AXIS2_PLACEMENT_3D('',#2025,#2026,#2027);
#2025 = CARTESIAN_POINT('',(-26.022606,-24.538611,1.51));
#2026 = DIRECTION('',(-0.,0.,-1.));
#2027 = DIRECTION('',(-0.,-1.,0.));
#2028 = FACE_BOUND('',#2029,.T.);
#2029 = EDGE_LOOP('',(#2030));
#2030 = ORIENTED_EDGE('',*,*,#2031,.T.);
#2031 = EDGE_CURVE('',#2032,#2032,#2034,.T.);
#2032 = VERTEX_POINT('',#2033);
#2033 = CARTESIAN_POINT('',(-16.643057,-33.753304,1.51));
#2034 = CIRCLE('',#2035,0.4953);
#2035 = AXIS2_PLACEMENT_3D('',#2036,#2037,#2038);
#2036 = CARTESIAN_POINT('',(-16.643057,-33.258004,1.51));
#2037 = DIRECTION('',(-0.,0.,-1.));
#2038 = DIRECTION('',(-0.,-1.,0.));
#2039 = FACE_BOUND('',#2040,.T.);
#2040 = EDGE_LOOP('',(#2041));
#2041 = ORIENTED_EDGE('',*,*,#2042,.T.);
#2042 = EDGE_CURVE('',#2043,#2043,#2045,.T.);
#2043 = VERTEX_POINT('',#2044);
#2044 = CARTESIAN_POINT('',(-25.224801,-34.101861,1.51));
#2045 = CIRCLE('',#2046,1.5);
#2046 = AXIS2_PLACEMENT_3D('',#2047,#2048,#2049);
#2047 = CARTESIAN_POINT('',(-25.224801,-32.601861,1.51));
#2048 = DIRECTION('',(-0.,0.,-1.));
#2049 = DIRECTION('',(-0.,-1.,0.));
#2050 = FACE_BOUND('',#2051,.T.);
#2051 = EDGE_LOOP('',(#2052));
#2052 = ORIENTED_EDGE('',*,*,#2053,.T.);
#2053 = EDGE_CURVE('',#2054,#2054,#2056,.T.);
#2054 = VERTEX_POINT('',#2055);
#2055 = CARTESIAN_POINT('',(-29.349257,-22.454804,1.51));
#2056 = CIRCLE('',#2057,0.4953);
#2057 = AXIS2_PLACEMENT_3D('',#2058,#2059,#2060);
#2058 = CARTESIAN_POINT('',(-29.349257,-21.959504,1.51));
#2059 = DIRECTION('',(-0.,0.,-1.));
#2060 = DIRECTION('',(-0.,-1.,0.));
#2061 = FACE_BOUND('',#2062,.T.);
#2062 = EDGE_LOOP('',(#2063));
#2063 = ORIENTED_EDGE('',*,*,#2064,.T.);
#2064 = EDGE_CURVE('',#2065,#2065,#2067,.T.);
#2065 = VERTEX_POINT('',#2066);
#2066 = CARTESIAN_POINT('',(-16.,-24.6,1.51));
#2067 = CIRCLE('',#2068,1.1);
#2068 = AXIS2_PLACEMENT_3D('',#2069,#2070,#2071);
#2069 = CARTESIAN_POINT('',(-16.,-23.5,1.51));
#2070 = DIRECTION('',(-0.,0.,-1.));
#2071 = DIRECTION('',(-0.,-1.,0.));
#2072 = FACE_BOUND('',#2073,.T.);
#2073 = EDGE_LOOP('',(#2074));
#2074 = ORIENTED_EDGE('',*,*,#2075,.T.);
#2075 = EDGE_CURVE('',#2076,#2076,#2078,.T.);
#2076 = VERTEX_POINT('',#2077);
#2077 = CARTESIAN_POINT('',(-21.905,-13.22745,1.51));
#2078 = CIRCLE('',#2079,1.18745);
#2079 = AXIS2_PLACEMENT_3D('',#2080,#2081,#2082);
#2080 = CARTESIAN_POINT('',(-21.905,-12.04,1.51));
#2081 = DIRECTION('',(-0.,0.,-1.));
#2082 = DIRECTION('',(-0.,-1.,0.));
#2083 = FACE_BOUND('',#2084,.T.);
#2084 = EDGE_LOOP('',(#2085));
#2085 = ORIENTED_EDGE('',*,*,#2086,.T.);
#2086 = EDGE_CURVE('',#2087,#2087,#2089,.T.);
#2087 = VERTEX_POINT('',#2088);
#2088 = CARTESIAN_POINT('',(-19.365,-12.5353,1.51));
#2089 = CIRCLE('',#2090,0.4953);
#2090 = AXIS2_PLACEMENT_3D('',#2091,#2092,#2093);
#2091 = CARTESIAN_POINT('',(-19.365,-12.04,1.51));
#2092 = DIRECTION('',(-0.,0.,-1.));
#2093 = DIRECTION('',(7.17285216798E-15,-1.,-0.));
#2094 = FACE_BOUND('',#2095,.T.);
#2095 = EDGE_LOOP('',(#2096));
#2096 = ORIENTED_EDGE('',*,*,#2097,.T.);
#2097 = EDGE_CURVE('',#2098,#2098,#2100,.T.);
#2098 = VERTEX_POINT('',#2099);
#2099 = CARTESIAN_POINT('',(-16.825,-13.22745,1.51));
#2100 = CIRCLE('',#2101,1.18745);
#2101 = AXIS2_PLACEMENT_3D('',#2102,#2103,#2104);
#2102 = CARTESIAN_POINT('',(-16.825,-12.04,1.51));
#2103 = DIRECTION('',(-0.,0.,-1.));
#2104 = DIRECTION('',(-0.,-1.,0.));
#2105 = FACE_BOUND('',#2106,.T.);
#2106 = EDGE_LOOP('',(#2107));
#2107 = ORIENTED_EDGE('',*,*,#2108,.T.);
#2108 = EDGE_CURVE('',#2109,#2109,#2111,.T.);
#2109 = VERTEX_POINT('',#2110);
#2110 = CARTESIAN_POINT('',(-21.905,-10.05245,1.51));
#2111 = CIRCLE('',#2112,1.18745);
#2112 = AXIS2_PLACEMENT_3D('',#2113,#2114,#2115);
#2113 = CARTESIAN_POINT('',(-21.905,-8.865,1.51));
#2114 = DIRECTION('',(-0.,0.,-1.));
#2115 = DIRECTION('',(-0.,-1.,0.));
#2116 = FACE_BOUND('',#2117,.T.);
#2117 = EDGE_LOOP('',(#2118));
#2118 = ORIENTED_EDGE('',*,*,#2119,.T.);
#2119 = EDGE_CURVE('',#2120,#2120,#2122,.T.);
#2120 = VERTEX_POINT('',#2121);
#2121 = CARTESIAN_POINT('',(-16.825,-10.05245,1.51));
#2122 = CIRCLE('',#2123,1.18745);
#2123 = AXIS2_PLACEMENT_3D('',#2124,#2125,#2126);
#2124 = CARTESIAN_POINT('',(-16.825,-8.865,1.51));
#2125 = DIRECTION('',(-0.,0.,-1.));
#2126 = DIRECTION('',(-0.,-1.,0.));
#2127 = FACE_BOUND('',#2128,.T.);
#2128 = EDGE_LOOP('',(#2129));
#2129 = ORIENTED_EDGE('',*,*,#2130,.T.);
#2130 = EDGE_CURVE('',#2131,#2131,#2133,.T.);
#2131 = VERTEX_POINT('',#2132);
#2132 = CARTESIAN_POINT('',(-20.381,-7.4553,1.51));
#2133 = CIRCLE('',#2134,0.4953);
#2134 = AXIS2_PLACEMENT_3D('',#2135,#2136,#2137);
#2135 = CARTESIAN_POINT('',(-20.381,-6.96,1.51));
#2136 = DIRECTION('',(-0.,0.,-1.));
#2137 = DIRECTION('',(-0.,-1.,0.));
#2138 = FACE_BOUND('',#2139,.T.);
#2139 = EDGE_LOOP('',(#2140));
#2140 = ORIENTED_EDGE('',*,*,#2141,.T.);
#2141 = EDGE_CURVE('',#2142,#2142,#2144,.T.);
#2142 = VERTEX_POINT('',#2143);
#2143 = CARTESIAN_POINT('',(-18.349,-7.4553,1.51));
#2144 = CIRCLE('',#2145,0.4953);
#2145 = AXIS2_PLACEMENT_3D('',#2146,#2147,#2148);
#2146 = CARTESIAN_POINT('',(-18.349,-6.96,1.51));
#2147 = DIRECTION('',(-0.,0.,-1.));
#2148 = DIRECTION('',(-0.,-1.,0.));
#2149 = FACE_BOUND('',#2150,.T.);
#2150 = EDGE_LOOP('',(#2151));
#2151 = ORIENTED_EDGE('',*,*,#2152,.T.);
#2152 = EDGE_CURVE('',#2153,#2153,#2155,.T.);
#2153 = VERTEX_POINT('',#2154);
#2154 = CARTESIAN_POINT('',(12.518601,-45.400361,1.51));
#2155 = CIRCLE('',#2156,1.5);
#2156 = AXIS2_PLACEMENT_3D('',#2157,#2158,#2159);
#2157 = CARTESIAN_POINT('',(12.518601,-43.900361,1.51));
#2158 = DIRECTION('',(-0.,0.,-1.));
#2159 = DIRECTION('',(-0.,-1.,0.));
#2160 = FACE_BOUND('',#2161,.T.);
#2161 = EDGE_LOOP('',(#2162));
#2162 = ORIENTED_EDGE('',*,*,#2163,.T.);
#2163 = EDGE_CURVE('',#2164,#2164,#2166,.T.);
#2164 = VERTEX_POINT('',#2165);
#2165 = CARTESIAN_POINT('',(20.619594,-44.913789,1.51));
#2166 = CIRCLE('',#2167,0.8509);
#2167 = AXIS2_PLACEMENT_3D('',#2168,#2169,#2170);
#2168 = CARTESIAN_POINT('',(20.619594,-44.062889,1.51));
#2169 = DIRECTION('',(-0.,0.,-1.));
#2170 = DIRECTION('',(-0.,-1.,0.));
#2171 = FACE_BOUND('',#2172,.T.);
#2172 = EDGE_LOOP('',(#2173));
#2173 = ORIENTED_EDGE('',*,*,#2174,.T.);
#2174 = EDGE_CURVE('',#2175,#2175,#2177,.T.);
#2175 = VERTEX_POINT('',#2176);
#2176 = CARTESIAN_POINT('',(10.844126,-40.200733,1.51));
#2177 = CIRCLE('',#2178,1.5);
#2178 = AXIS2_PLACEMENT_3D('',#2179,#2180,#2181);
#2179 = CARTESIAN_POINT('',(10.844126,-38.700733,1.51));
#2180 = DIRECTION('',(-0.,0.,-1.));
#2181 = DIRECTION('',(-0.,-1.,0.));
#2182 = FACE_BOUND('',#2183,.T.);
#2183 = EDGE_LOOP('',(#2184));
#2184 = ORIENTED_EDGE('',*,*,#2185,.T.);
#2185 = EDGE_CURVE('',#2186,#2186,#2188,.T.);
#2186 = VERTEX_POINT('',#2187);
#2187 = CARTESIAN_POINT('',(16.968,-41.6645,1.51));
#2188 = CIRCLE('',#2189,1.7145);
#2189 = AXIS2_PLACEMENT_3D('',#2190,#2191,#2192);
#2190 = CARTESIAN_POINT('',(16.968,-39.95,1.51));
#2191 = DIRECTION('',(-0.,0.,-1.));
#2192 = DIRECTION('',(-0.,-1.,0.));
#2193 = FACE_BOUND('',#2194,.T.);
#2194 = EDGE_LOOP('',(#2195));
#2195 = ORIENTED_EDGE('',*,*,#2196,.T.);
#2196 = EDGE_CURVE('',#2197,#2197,#2199,.T.);
#2197 = VERTEX_POINT('',#2198);
#2198 = CARTESIAN_POINT('',(13.316406,-36.688011,1.51));
#2199 = CIRCLE('',#2200,0.8509);
#2200 = AXIS2_PLACEMENT_3D('',#2201,#2202,#2203);
#2201 = CARTESIAN_POINT('',(13.316406,-35.837111,1.51));
#2202 = DIRECTION('',(-0.,0.,-1.));
#2203 = DIRECTION('',(-0.,-1.,0.));
#2204 = FACE_BOUND('',#2205,.T.);
#2205 = EDGE_LOOP('',(#2206));
#2206 = ORIENTED_EDGE('',*,*,#2207,.T.);
#2207 = EDGE_CURVE('',#2208,#2208,#2210,.T.);
#2208 = VERTEX_POINT('',#2209);
#2209 = CARTESIAN_POINT('',(23.574447,-41.560316,1.51));
#2210 = CIRCLE('',#2211,0.4953);
#2211 = AXIS2_PLACEMENT_3D('',#2212,#2213,#2214);
#2212 = CARTESIAN_POINT('',(23.574447,-41.065016,1.51));
#2213 = DIRECTION('',(-0.,0.,-1.));
#2214 = DIRECTION('',(-0.,-1.,0.));
#2215 = FACE_BOUND('',#2216,.T.);
#2216 = EDGE_LOOP('',(#2217));
#2217 = ORIENTED_EDGE('',*,*,#2218,.T.);
#2218 = EDGE_CURVE('',#2219,#2219,#2221,.T.);
#2219 = VERTEX_POINT('',#2220);
#2220 = CARTESIAN_POINT('',(33.325794,-33.615289,1.51));
#2221 = CIRCLE('',#2222,0.8509);
#2222 = AXIS2_PLACEMENT_3D('',#2223,#2224,#2225);
#2223 = CARTESIAN_POINT('',(33.325794,-32.764389,1.51));
#2224 = DIRECTION('',(-0.,0.,-1.));
#2225 = DIRECTION('',(-0.,-1.,0.));
#2226 = FACE_BOUND('',#2227,.T.);
#2227 = EDGE_LOOP('',(#2228));
#2228 = ORIENTED_EDGE('',*,*,#2229,.T.);
#2229 = EDGE_CURVE('',#2230,#2230,#2232,.T.);
#2230 = VERTEX_POINT('',#2231);
#2231 = CARTESIAN_POINT('',(25.224801,-34.101861,1.51));
#2232 = CIRCLE('',#2233,1.5);
#2233 = AXIS2_PLACEMENT_3D('',#2234,#2235,#2236);
#2234 = CARTESIAN_POINT('',(25.224801,-32.601861,1.51));
#2235 = DIRECTION('',(-0.,0.,-1.));
#2236 = DIRECTION('',(-0.,-1.,0.));
#2237 = FACE_BOUND('',#2238,.T.);
#2238 = EDGE_LOOP('',(#2239));
#2239 = ORIENTED_EDGE('',*,*,#2240,.T.);
#2240 = EDGE_CURVE('',#2241,#2241,#2243,.T.);
#2241 = VERTEX_POINT('',#2242);
#2242 = CARTESIAN_POINT('',(36.280647,-30.261816,1.51));
#2243 = CIRCLE('',#2244,0.4953);
#2244 = AXIS2_PLACEMENT_3D('',#2245,#2246,#2247);
#2245 = CARTESIAN_POINT('',(36.280647,-29.766516,1.51));
#2246 = DIRECTION('',(-0.,0.,-1.));
#2247 = DIRECTION('',(-0.,-1.,0.));
#2248 = FACE_BOUND('',#2249,.T.);
#2249 = EDGE_LOOP('',(#2250));
#2250 = ORIENTED_EDGE('',*,*,#2251,.T.);
#2251 = EDGE_CURVE('',#2252,#2252,#2254,.T.);
#2252 = VERTEX_POINT('',#2253);
#2253 = CARTESIAN_POINT('',(23.550326,-28.902233,1.51));
#2254 = CIRCLE('',#2255,1.5);
#2255 = AXIS2_PLACEMENT_3D('',#2256,#2257,#2258);
#2256 = CARTESIAN_POINT('',(23.550326,-27.402233,1.51));
#2257 = DIRECTION('',(-0.,0.,-1.));
#2258 = DIRECTION('',(-0.,-1.,0.));
#2259 = FACE_BOUND('',#2260,.T.);
#2260 = EDGE_LOOP('',(#2261));
#2261 = ORIENTED_EDGE('',*,*,#2262,.T.);
#2262 = EDGE_CURVE('',#2263,#2263,#2265,.T.);
#2263 = VERTEX_POINT('',#2264);
#2264 = CARTESIAN_POINT('',(29.6742,-30.366,1.51));
#2265 = CIRCLE('',#2266,1.7145);
#2266 = AXIS2_PLACEMENT_3D('',#2267,#2268,#2269);
#2267 = CARTESIAN_POINT('',(29.6742,-28.6515,1.51));
#2268 = DIRECTION('',(-0.,0.,-1.));
#2269 = DIRECTION('',(-0.,-1.,0.));
#2270 = FACE_BOUND('',#2271,.T.);
#2271 = EDGE_LOOP('',(#2272));
#2272 = ORIENTED_EDGE('',*,*,#2273,.T.);
#2273 = EDGE_CURVE('',#2274,#2274,#2276,.T.);
#2274 = VERTEX_POINT('',#2275);
#2275 = CARTESIAN_POINT('',(26.022606,-25.389511,1.51));
#2276 = CIRCLE('',#2277,0.8509);
#2277 = AXIS2_PLACEMENT_3D('',#2278,#2279,#2280);
#2278 = CARTESIAN_POINT('',(26.022606,-24.538611,1.51));
#2279 = DIRECTION('',(-0.,0.,-1.));
#2280 = DIRECTION('',(-0.,-1.,0.));
#2281 = FACE_BOUND('',#2282,.T.);
#2282 = EDGE_LOOP('',(#2283));
#2283 = ORIENTED_EDGE('',*,*,#2284,.T.);
#2284 = EDGE_CURVE('',#2285,#2285,#2287,.T.);
#2285 = VERTEX_POINT('',#2286);
#2286 = CARTESIAN_POINT('',(16.,-24.6,1.51));
#2287 = CIRCLE('',#2288,1.1);
#2288 = AXIS2_PLACEMENT_3D('',#2289,#2290,#2291);
#2289 = CARTESIAN_POINT('',(16.,-23.5,1.51));
#2290 = DIRECTION('',(-0.,0.,-1.));
#2291 = DIRECTION('',(-0.,-1.,0.));
#2292 = FACE_BOUND('',#2293,.T.);
#2293 = EDGE_LOOP('',(#2294));
#2294 = ORIENTED_EDGE('',*,*,#2295,.T.);
#2295 = EDGE_CURVE('',#2296,#2296,#2298,.T.);
#2296 = VERTEX_POINT('',#2297);
#2297 = CARTESIAN_POINT('',(34.739457,-1.861777,1.51));
#2298 = CIRCLE('',#2299,1.5);
#2299 = AXIS2_PLACEMENT_3D('',#2300,#2301,#2302);
#2300 = CARTESIAN_POINT('',(34.739457,-0.361777,1.51));
#2301 = DIRECTION('',(-0.,0.,-1.));
#2302 = DIRECTION('',(-0.,-1.,0.));
#2303 = FACE_BOUND('',#2304,.T.);
#2304 = EDGE_LOOP('',(#2305));
#2305 = ORIENTED_EDGE('',*,*,#2306,.T.);
#2306 = EDGE_CURVE('',#2307,#2307,#2309,.T.);
#2307 = VERTEX_POINT('',#2308);
#2308 = CARTESIAN_POINT('',(-60.,8.4,1.51));
#2309 = CIRCLE('',#2310,1.1);
#2310 = AXIS2_PLACEMENT_3D('',#2311,#2312,#2313);
#2311 = CARTESIAN_POINT('',(-60.,9.5,1.51));
#2312 = DIRECTION('',(-0.,0.,-1.));
#2313 = DIRECTION('',(-0.,-1.,0.));
#2314 = FACE_BOUND('',#2315,.T.);
#2315 = EDGE_LOOP('',(#2316));
#2316 = ORIENTED_EDGE('',*,*,#2317,.T.);
#2317 = EDGE_CURVE('',#2318,#2318,#2320,.T.);
#2318 = VERTEX_POINT('',#2319);
#2319 = CARTESIAN_POINT('',(-93.224992,14.486234,1.51));
#2320 = CIRCLE('',#2321,1.5);
#2321 = AXIS2_PLACEMENT_3D('',#2322,#2323,#2324);
#2322 = CARTESIAN_POINT('',(-93.224992,15.986234,1.51));
#2323 = DIRECTION('',(-0.,0.,-1.));
#2324 = DIRECTION('',(-0.,-1.,0.));
#2325 = FACE_BOUND('',#2326,.T.);
#2326 = EDGE_LOOP('',(#2327));
#2327 = ORIENTED_EDGE('',*,*,#2328,.T.);
#2328 = EDGE_CURVE('',#2329,#2329,#2331,.T.);
#2329 = VERTEX_POINT('',#2330);
#2330 = CARTESIAN_POINT('',(-96.673857,18.722427,1.51));
#2331 = CIRCLE('',#2332,1.5);
#2332 = AXIS2_PLACEMENT_3D('',#2333,#2334,#2335);
#2333 = CARTESIAN_POINT('',(-96.673857,20.222427,1.51));
#2334 = DIRECTION('',(-0.,0.,-1.));
#2335 = DIRECTION('',(-0.,-1.,0.));
#2336 = FACE_BOUND('',#2337,.T.);
#2337 = EDGE_LOOP('',(#2338));
#2338 = ORIENTED_EDGE('',*,*,#2339,.T.);
#2339 = EDGE_CURVE('',#2340,#2340,#2342,.T.);
#2340 = VERTEX_POINT('',#2341);
#2341 = CARTESIAN_POINT('',(-95.41067,22.937597,1.51));
#2342 = CIRCLE('',#2343,0.8509);
#2343 = AXIS2_PLACEMENT_3D('',#2344,#2345,#2346);
#2344 = CARTESIAN_POINT('',(-95.41067,23.788497,1.51));
#2345 = DIRECTION('',(-0.,0.,-1.));
#2346 = DIRECTION('',(1.670096922694E-14,-1.,-0.));
#2347 = FACE_BOUND('',#2348,.T.);
#2348 = EDGE_LOOP('',(#2349));
#2349 = ORIENTED_EDGE('',*,*,#2350,.T.);
#2350 = EDGE_CURVE('',#2351,#2351,#2353,.T.);
#2351 = VERTEX_POINT('',#2352);
#2352 = CARTESIAN_POINT('',(-90.5145,19.5685,1.51));
#2353 = CIRCLE('',#2354,1.7145);
#2354 = AXIS2_PLACEMENT_3D('',#2355,#2356,#2357);
#2355 = CARTESIAN_POINT('',(-90.5145,21.283,1.51));
#2356 = DIRECTION('',(-0.,0.,-1.));
#2357 = DIRECTION('',(-0.,-1.,0.));
#2358 = FACE_BOUND('',#2359,.T.);
#2359 = EDGE_LOOP('',(#2360));
#2360 = ORIENTED_EDGE('',*,*,#2361,.T.);
#2361 = EDGE_CURVE('',#2362,#2362,#2364,.T.);
#2362 = VERTEX_POINT('',#2363);
#2363 = CARTESIAN_POINT('',(-85.61833,17.926603,1.51));
#2364 = CIRCLE('',#2365,0.8509);
#2365 = AXIS2_PLACEMENT_3D('',#2366,#2367,#2368);
#2366 = CARTESIAN_POINT('',(-85.61833,18.777503,1.51));
#2367 = DIRECTION('',(-0.,0.,-1.));
#2368 = DIRECTION('',(-0.,-1.,0.));
#2369 = FACE_BOUND('',#2370,.T.);
#2370 = EDGE_LOOP('',(#2371));
#2371 = ORIENTED_EDGE('',*,*,#2372,.T.);
#2372 = EDGE_CURVE('',#2373,#2373,#2375,.T.);
#2373 = VERTEX_POINT('',#2374);
#2374 = CARTESIAN_POINT('',(-74.347168,18.920472,1.51));
#2375 = CIRCLE('',#2376,1.5);
#2376 = AXIS2_PLACEMENT_3D('',#2377,#2378,#2379);
#2377 = CARTESIAN_POINT('',(-74.347168,20.420472,1.51));
#2378 = DIRECTION('',(-0.,0.,-1.));
#2379 = DIRECTION('',(-0.,-1.,0.));
#2380 = FACE_BOUND('',#2381,.T.);
#2381 = EDGE_LOOP('',(#2382));
#2382 = ORIENTED_EDGE('',*,*,#2383,.T.);
#2383 = EDGE_CURVE('',#2384,#2384,#2386,.T.);
#2384 = VERTEX_POINT('',#2385);
#2385 = CARTESIAN_POINT('',(-83.954301,22.148648,1.51));
#2386 = CIRCLE('',#2387,0.4953);
#2387 = AXIS2_PLACEMENT_3D('',#2388,#2389,#2390);
#2388 = CARTESIAN_POINT('',(-83.954301,22.643948,1.51));
#2389 = DIRECTION('',(-0.,0.,-1.));
#2390 = DIRECTION('',(-0.,-1.,0.));
#2391 = FACE_BOUND('',#2392,.T.);
#2392 = EDGE_LOOP('',(#2393));
#2393 = ORIENTED_EDGE('',*,*,#2394,.T.);
#2394 = EDGE_CURVE('',#2395,#2395,#2397,.T.);
#2395 = VERTEX_POINT('',#2396);
#2396 = CARTESIAN_POINT('',(-75.010265,23.294193,1.51));
#2397 = CIRCLE('',#2398,0.8509);
#2398 = AXIS2_PLACEMENT_3D('',#2399,#2400,#2401);
#2399 = CARTESIAN_POINT('',(-75.010265,24.145093,1.51));
#2400 = DIRECTION('',(-0.,0.,-1.));
#2401 = DIRECTION('',(-0.,-1.,0.));
#2402 = FACE_BOUND('',#2403,.T.);
#2403 = EDGE_LOOP('',(#2404));
#2404 = ORIENTED_EDGE('',*,*,#2405,.T.);
#2405 = EDGE_CURVE('',#2406,#2406,#2408,.T.);
#2406 = VERTEX_POINT('',#2407);
#2407 = CARTESIAN_POINT('',(-69.255965,16.940663,1.51));
#2408 = CIRCLE('',#2409,1.5);
#2409 = AXIS2_PLACEMENT_3D('',#2410,#2411,#2412);
#2410 = CARTESIAN_POINT('',(-69.255965,18.440663,1.51));
#2411 = DIRECTION('',(-0.,0.,-1.));
#2412 = DIRECTION('',(-0.,-1.,0.));
#2413 = FACE_BOUND('',#2414,.T.);
#2414 = EDGE_LOOP('',(#2415));
#2415 = ORIENTED_EDGE('',*,*,#2416,.T.);
#2416 = EDGE_CURVE('',#2417,#2417,#2419,.T.);
#2417 = VERTEX_POINT('',#2418);
#2418 = CARTESIAN_POINT('',(-50.993233,18.536918,1.51));
#2419 = CIRCLE('',#2420,1.5);
#2420 = AXIS2_PLACEMENT_3D('',#2421,#2422,#2423);
#2421 = CARTESIAN_POINT('',(-50.993233,20.036918,1.51));
#2422 = DIRECTION('',(-0.,0.,-1.));
#2423 = DIRECTION('',(-0.,-1.,0.));
#2424 = FACE_BOUND('',#2425,.T.);
#2425 = EDGE_LOOP('',(#2426));
#2426 = ORIENTED_EDGE('',*,*,#2427,.T.);
#2427 = EDGE_CURVE('',#2428,#2428,#2430,.T.);
#2428 = VERTEX_POINT('',#2429);
#2429 = CARTESIAN_POINT('',(-55.678073,21.346236,1.51));
#2430 = CIRCLE('',#2431,1.5);
#2431 = AXIS2_PLACEMENT_3D('',#2432,#2433,#2434);
#2432 = CARTESIAN_POINT('',(-55.678073,22.846236,1.51));
#2433 = DIRECTION('',(-0.,0.,-1.));
#2434 = DIRECTION('',(-0.,-1.,0.));
#2435 = FACE_BOUND('',#2436,.T.);
#2436 = EDGE_LOOP('',(#2437));
#2437 = ORIENTED_EDGE('',*,*,#2438,.T.);
#2438 = EDGE_CURVE('',#2439,#2439,#2441,.T.);
#2439 = VERTEX_POINT('',#2440);
#2440 = CARTESIAN_POINT('',(-40.14552,-1.077886,1.51));
#2441 = CIRCLE('',#2442,1.5);
#2442 = AXIS2_PLACEMENT_3D('',#2443,#2444,#2445);
#2443 = CARTESIAN_POINT('',(-40.14552,0.422114,1.51));
#2444 = DIRECTION('',(-0.,0.,-1.));
#2445 = DIRECTION('',(-0.,-1.,0.));
#2446 = FACE_BOUND('',#2447,.T.);
#2447 = EDGE_LOOP('',(#2448));
#2448 = ORIENTED_EDGE('',*,*,#2449,.T.);
#2449 = EDGE_CURVE('',#2450,#2450,#2452,.T.);
#2450 = VERTEX_POINT('',#2451);
#2451 = CARTESIAN_POINT('',(-43.219938,3.437416,1.51));
#2452 = CIRCLE('',#2453,1.5);
#2453 = AXIS2_PLACEMENT_3D('',#2454,#2455,#2456);
#2454 = CARTESIAN_POINT('',(-43.219938,4.937416,1.51));
#2455 = DIRECTION('',(-0.,0.,-1.));
#2456 = DIRECTION('',(-0.,-1.,0.));
#2457 = FACE_BOUND('',#2458,.T.);
#2458 = EDGE_LOOP('',(#2459));
#2459 = ORIENTED_EDGE('',*,*,#2460,.T.);
#2460 = EDGE_CURVE('',#2461,#2461,#2463,.T.);
#2461 = VERTEX_POINT('',#2462);
#2462 = CARTESIAN_POINT('',(-32.328235,1.702544,1.51));
#2463 = CIRCLE('',#2464,0.8509);
#2464 = AXIS2_PLACEMENT_3D('',#2465,#2466,#2467);
#2465 = CARTESIAN_POINT('',(-32.328235,2.553444,1.51));
#2466 = DIRECTION('',(-0.,0.,-1.));
#2467 = DIRECTION('',(-0.,-1.,0.));
#2468 = FACE_BOUND('',#2469,.T.);
#2469 = EDGE_LOOP('',(#2470));
#2470 = ORIENTED_EDGE('',*,*,#2471,.T.);
#2471 = EDGE_CURVE('',#2472,#2472,#2474,.T.);
#2472 = VERTEX_POINT('',#2473);
#2473 = CARTESIAN_POINT('',(-36.9925,3.7535,1.51));
#2474 = CIRCLE('',#2475,1.7145);
#2475 = AXIS2_PLACEMENT_3D('',#2476,#2477,#2478);
#2476 = CARTESIAN_POINT('',(-36.9925,5.468,1.51));
#2477 = DIRECTION('',(-0.,0.,-1.));
#2478 = DIRECTION('',(-0.,-1.,0.));
#2479 = FACE_BOUND('',#2480,.T.);
#2480 = EDGE_LOOP('',(#2481));
#2481 = ORIENTED_EDGE('',*,*,#2482,.T.);
#2482 = EDGE_CURVE('',#2483,#2483,#2485,.T.);
#2483 = VERTEX_POINT('',#2484);
#2484 = CARTESIAN_POINT('',(-41.656765,7.531656,1.51));
#2485 = CIRCLE('',#2486,0.8509);
#2486 = AXIS2_PLACEMENT_3D('',#2487,#2488,#2489);
#2487 = CARTESIAN_POINT('',(-41.656765,8.382556,1.51));
#2488 = DIRECTION('',(-0.,0.,-1.));
#2489 = DIRECTION('',(-0.,-1.,0.));
#2490 = FACE_BOUND('',#2491,.T.);
#2491 = EDGE_LOOP('',(#2492));
#2492 = ORIENTED_EDGE('',*,*,#2493,.T.);
#2493 = EDGE_CURVE('',#2494,#2494,#2496,.T.);
#2494 = VERTEX_POINT('',#2495);
#2495 = CARTESIAN_POINT('',(-30.340028,5.768323,1.51));
#2496 = CIRCLE('',#2497,0.4953);
#2497 = AXIS2_PLACEMENT_3D('',#2498,#2499,#2500);
#2498 = CARTESIAN_POINT('',(-30.340028,6.263623,1.51));
#2499 = DIRECTION('',(-0.,0.,-1.));
#2500 = DIRECTION('',(-0.,-1.,0.));
#2501 = FACE_BOUND('',#2502,.T.);
#2502 = EDGE_LOOP('',(#2503));
#2503 = ORIENTED_EDGE('',*,*,#2504,.T.);
#2504 = EDGE_CURVE('',#2505,#2505,#2507,.T.);
#2505 = VERTEX_POINT('',#2506);
#2506 = CARTESIAN_POINT('',(-31.13852,13.341114,1.51));
#2507 = CIRCLE('',#2508,1.5);
#2508 = AXIS2_PLACEMENT_3D('',#2509,#2510,#2511);
#2509 = CARTESIAN_POINT('',(-31.13852,14.841114,1.51));
#2510 = DIRECTION('',(-0.,0.,-1.));
#2511 = DIRECTION('',(-0.,-1.,0.));
#2512 = FACE_BOUND('',#2513,.T.);
#2513 = EDGE_LOOP('',(#2514));
#2514 = ORIENTED_EDGE('',*,*,#2515,.T.);
#2515 = EDGE_CURVE('',#2516,#2516,#2518,.T.);
#2516 = VERTEX_POINT('',#2517);
#2517 = CARTESIAN_POINT('',(-34.212938,17.856416,1.51));
#2518 = CIRCLE('',#2519,1.5);
#2519 = AXIS2_PLACEMENT_3D('',#2520,#2521,#2522);
#2520 = CARTESIAN_POINT('',(-34.212938,19.356416,1.51));
#2521 = DIRECTION('',(-0.,0.,-1.));
#2522 = DIRECTION('',(-0.,-1.,0.));
#2523 = FACE_BOUND('',#2524,.T.);
#2524 = EDGE_LOOP('',(#2525));
#2525 = ORIENTED_EDGE('',*,*,#2526,.T.);
#2526 = EDGE_CURVE('',#2527,#2527,#2529,.T.);
#2527 = VERTEX_POINT('',#2528);
#2528 = CARTESIAN_POINT('',(-27.9855,18.1725,1.51));
#2529 = CIRCLE('',#2530,1.7145);
#2530 = AXIS2_PLACEMENT_3D('',#2531,#2532,#2533);
#2531 = CARTESIAN_POINT('',(-27.9855,19.887,1.51));
#2532 = DIRECTION('',(-0.,0.,-1.));
#2533 = DIRECTION('',(2.072157292972E-15,-1.,-0.));
#2534 = FACE_BOUND('',#2535,.T.);
#2535 = EDGE_LOOP('',(#2536));
#2536 = ORIENTED_EDGE('',*,*,#2537,.T.);
#2537 = EDGE_CURVE('',#2538,#2538,#2540,.T.);
#2538 = VERTEX_POINT('',#2539);
#2539 = CARTESIAN_POINT('',(-32.649765,21.950656,1.51));
#2540 = CIRCLE('',#2541,0.8509);
#2541 = AXIS2_PLACEMENT_3D('',#2542,#2543,#2544);
#2542 = CARTESIAN_POINT('',(-32.649765,22.801556,1.51));
#2543 = DIRECTION('',(-0.,0.,-1.));
#2544 = DIRECTION('',(-0.,-1.,0.));
#2545 = FACE_BOUND('',#2546,.T.);
#2546 = EDGE_LOOP('',(#2547));
#2547 = ORIENTED_EDGE('',*,*,#2548,.T.);
#2548 = EDGE_CURVE('',#2549,#2549,#2551,.T.);
#2549 = VERTEX_POINT('',#2550);
#2550 = CARTESIAN_POINT('',(-23.321235,16.121544,1.51));
#2551 = CIRCLE('',#2552,0.8509);
#2552 = AXIS2_PLACEMENT_3D('',#2553,#2554,#2555);
#2553 = CARTESIAN_POINT('',(-23.321235,16.972444,1.51));
#2554 = DIRECTION('',(-0.,0.,-1.));
#2555 = DIRECTION('',(-0.,-1.,0.));
#2556 = FACE_BOUND('',#2557,.T.);
#2557 = EDGE_LOOP('',(#2558));
#2558 = ORIENTED_EDGE('',*,*,#2559,.T.);
#2559 = EDGE_CURVE('',#2560,#2560,#2562,.T.);
#2560 = VERTEX_POINT('',#2561);
#2561 = CARTESIAN_POINT('',(-21.333028,20.187323,1.51));
#2562 = CIRCLE('',#2563,0.4953);
#2563 = AXIS2_PLACEMENT_3D('',#2564,#2565,#2566);
#2564 = CARTESIAN_POINT('',(-21.333028,20.682623,1.51));
#2565 = DIRECTION('',(-0.,0.,-1.));
#2566 = DIRECTION('',(-0.,-1.,0.));
#2567 = FACE_BOUND('',#2568,.T.);
#2568 = EDGE_LOOP('',(#2569));
#2569 = ORIENTED_EDGE('',*,*,#2570,.T.);
#2570 = EDGE_CURVE('',#2571,#2571,#2573,.T.);
#2571 = VERTEX_POINT('',#2572);
#2572 = CARTESIAN_POINT('',(-69.5155,22.6705,1.51));
#2573 = CIRCLE('',#2574,1.7145);
#2574 = AXIS2_PLACEMENT_3D('',#2575,#2576,#2577);
#2575 = CARTESIAN_POINT('',(-69.5155,24.385,1.51));
#2576 = DIRECTION('',(-0.,0.,-1.));
#2577 = DIRECTION('',(-0.,-1.,0.));
#2578 = FACE_BOUND('',#2579,.T.);
#2579 = EDGE_LOOP('',(#2580));
#2580 = ORIENTED_EDGE('',*,*,#2581,.T.);
#2581 = EDGE_CURVE('',#2582,#2582,#2584,.T.);
#2582 = VERTEX_POINT('',#2583);
#2583 = CARTESIAN_POINT('',(-64.020735,23.774007,1.51));
#2584 = CIRCLE('',#2585,0.8509);
#2585 = AXIS2_PLACEMENT_3D('',#2586,#2587,#2588);
#2586 = CARTESIAN_POINT('',(-64.020735,24.624907,1.51));
#2587 = DIRECTION('',(-0.,0.,-1.));
#2588 = DIRECTION('',(-0.,-1.,0.));
#2589 = FACE_BOUND('',#2590,.T.);
#2590 = EDGE_LOOP('',(#2591));
#2591 = ORIENTED_EDGE('',*,*,#2592,.T.);
#2592 = EDGE_CURVE('',#2593,#2593,#2595,.T.);
#2593 = VERTEX_POINT('',#2594);
#2594 = CARTESIAN_POINT('',(-64.48367,28.313396,1.51));
#2595 = CIRCLE('',#2596,0.4953);
#2596 = AXIS2_PLACEMENT_3D('',#2597,#2598,#2599);
#2597 = CARTESIAN_POINT('',(-64.48367,28.808696,1.51));
#2598 = DIRECTION('',(-0.,0.,-1.));
#2599 = DIRECTION('',(-0.,-1.,0.));
#2600 = FACE_BOUND('',#2601,.T.);
#2601 = EDGE_LOOP('',(#2602));
#2602 = ORIENTED_EDGE('',*,*,#2603,.T.);
#2603 = EDGE_CURVE('',#2604,#2604,#2606,.T.);
#2604 = VERTEX_POINT('',#2605);
#2605 = CARTESIAN_POINT('',(-55.704131,25.778433,1.51));
#2606 = CIRCLE('',#2607,0.8509);
#2607 = AXIS2_PLACEMENT_3D('',#2608,#2609,#2610);
#2608 = CARTESIAN_POINT('',(-55.704131,26.629333,1.51));
#2609 = DIRECTION('',(-0.,0.,-1.));
#2610 = DIRECTION('',(8.350484613469E-15,-1.,-0.));
#2611 = FACE_BOUND('',#2612,.T.);
#2612 = EDGE_LOOP('',(#2613));
#2613 = ORIENTED_EDGE('',*,*,#2614,.T.);
#2614 = EDGE_CURVE('',#2615,#2615,#2617,.T.);
#2615 = VERTEX_POINT('',#2616);
#2616 = CARTESIAN_POINT('',(-50.2475,24.2255,1.51));
#2617 = CIRCLE('',#2618,1.7145);
#2618 = AXIS2_PLACEMENT_3D('',#2619,#2620,#2621);
#2619 = CARTESIAN_POINT('',(-50.2475,25.94,1.51));
#2620 = DIRECTION('',(-0.,0.,-1.));
#2621 = DIRECTION('',(-0.,-1.,0.));
#2622 = FACE_BOUND('',#2623,.T.);
#2623 = EDGE_LOOP('',(#2624));
#2624 = ORIENTED_EDGE('',*,*,#2625,.T.);
#2625 = EDGE_CURVE('',#2626,#2626,#2628,.T.);
#2626 = VERTEX_POINT('',#2627);
#2627 = CARTESIAN_POINT('',(-70.007965,33.919663,1.51));
#2628 = CIRCLE('',#2629,1.5);
#2629 = AXIS2_PLACEMENT_3D('',#2630,#2631,#2632);
#2630 = CARTESIAN_POINT('',(-70.007965,35.419663,1.51));
#2631 = DIRECTION('',(-0.,0.,-1.));
#2632 = DIRECTION('',(-0.,-1.,0.));
#2633 = FACE_BOUND('',#2634,.T.);
#2634 = EDGE_LOOP('',(#2635));
#2635 = ORIENTED_EDGE('',*,*,#2636,.T.);
#2636 = EDGE_CURVE('',#2637,#2637,#2639,.T.);
#2637 = VERTEX_POINT('',#2638);
#2638 = CARTESIAN_POINT('',(-85.,35.4,1.51));
#2639 = CIRCLE('',#2640,1.1);
#2640 = AXIS2_PLACEMENT_3D('',#2641,#2642,#2643);
#2641 = CARTESIAN_POINT('',(-85.,36.5,1.51));
#2642 = DIRECTION('',(-0.,0.,-1.));
#2643 = DIRECTION('',(-0.,-1.,0.));
#2644 = FACE_BOUND('',#2645,.T.);
#2645 = EDGE_LOOP('',(#2646));
#2646 = ORIENTED_EDGE('',*,*,#2647,.T.);
#2647 = EDGE_CURVE('',#2648,#2648,#2650,.T.);
#2648 = VERTEX_POINT('',#2649);
#2649 = CARTESIAN_POINT('',(-75.099168,35.899472,1.51));
#2650 = CIRCLE('',#2651,1.5);
#2651 = AXIS2_PLACEMENT_3D('',#2652,#2653,#2654);
#2652 = CARTESIAN_POINT('',(-75.099168,37.399472,1.51));
#2653 = DIRECTION('',(-0.,0.,-1.));
#2654 = DIRECTION('',(-0.,-1.,0.));
#2655 = FACE_BOUND('',#2656,.T.);
#2656 = EDGE_LOOP('',(#2657));
#2657 = ORIENTED_EDGE('',*,*,#2658,.T.);
#2658 = EDGE_CURVE('',#2659,#2659,#2661,.T.);
#2659 = VERTEX_POINT('',#2660);
#2660 = CARTESIAN_POINT('',(-75.762265,40.273193,1.51));
#2661 = CIRCLE('',#2662,0.8509);
#2662 = AXIS2_PLACEMENT_3D('',#2663,#2664,#2665);
#2663 = CARTESIAN_POINT('',(-75.762265,41.124093,1.51));
#2664 = DIRECTION('',(-0.,0.,-1.));
#2665 = DIRECTION('',(-0.,-1.,0.));
#2666 = FACE_BOUND('',#2667,.T.);
#2667 = EDGE_LOOP('',(#2668));
#2668 = ORIENTED_EDGE('',*,*,#2669,.T.);
#2669 = EDGE_CURVE('',#2670,#2670,#2672,.T.);
#2670 = VERTEX_POINT('',#2671);
#2671 = CARTESIAN_POINT('',(-70.2675,39.6495,1.51));
#2672 = CIRCLE('',#2673,1.7145);
#2673 = AXIS2_PLACEMENT_3D('',#2674,#2675,#2676);
#2674 = CARTESIAN_POINT('',(-70.2675,41.364,1.51));
#2675 = DIRECTION('',(-0.,0.,-1.));
#2676 = DIRECTION('',(-0.,-1.,0.));
#2677 = FACE_BOUND('',#2678,.T.);
#2678 = EDGE_LOOP('',(#2679));
#2679 = ORIENTED_EDGE('',*,*,#2680,.T.);
#2680 = EDGE_CURVE('',#2681,#2681,#2683,.T.);
#2681 = VERTEX_POINT('',#2682);
#2682 = CARTESIAN_POINT('',(-64.772735,40.753007,1.51));
#2683 = CIRCLE('',#2684,0.8509);
#2684 = AXIS2_PLACEMENT_3D('',#2685,#2686,#2687);
#2685 = CARTESIAN_POINT('',(-64.772735,41.603907,1.51));
#2686 = DIRECTION('',(-0.,0.,-1.));
#2687 = DIRECTION('',(-0.,-1.,0.));
#2688 = FACE_BOUND('',#2689,.T.);
#2689 = EDGE_LOOP('',(#2690));
#2690 = ORIENTED_EDGE('',*,*,#2691,.T.);
#2691 = EDGE_CURVE('',#2692,#2692,#2694,.T.);
#2692 = VERTEX_POINT('',#2693);
#2693 = CARTESIAN_POINT('',(-53.550073,38.216236,1.51));
#2694 = CIRCLE('',#2695,1.5);
#2695 = AXIS2_PLACEMENT_3D('',#2696,#2697,#2698);
#2696 = CARTESIAN_POINT('',(-53.550073,39.716236,1.51));
#2697 = DIRECTION('',(-0.,0.,-1.));
#2698 = DIRECTION('',(-0.,-1.,0.));
#2699 = FACE_BOUND('',#2700,.T.);
#2700 = EDGE_LOOP('',(#2701));
#2701 = ORIENTED_EDGE('',*,*,#2702,.T.);
#2702 = EDGE_CURVE('',#2703,#2703,#2705,.T.);
#2703 = VERTEX_POINT('',#2704);
#2704 = CARTESIAN_POINT('',(-65.23567,45.292396,1.51));
#2705 = CIRCLE('',#2706,0.4953);
#2706 = AXIS2_PLACEMENT_3D('',#2707,#2708,#2709);
#2707 = CARTESIAN_POINT('',(-65.23567,45.787696,1.51));
#2708 = DIRECTION('',(-0.,0.,-1.));
#2709 = DIRECTION('',(-0.,-1.,0.));
#2710 = FACE_BOUND('',#2711,.T.);
#2711 = EDGE_LOOP('',(#2712));
#2712 = ORIENTED_EDGE('',*,*,#2713,.T.);
#2713 = EDGE_CURVE('',#2714,#2714,#2716,.T.);
#2714 = VERTEX_POINT('',#2715);
#2715 = CARTESIAN_POINT('',(-53.576131,42.648433,1.51));
#2716 = CIRCLE('',#2717,0.8509);
#2717 = AXIS2_PLACEMENT_3D('',#2718,#2719,#2720);
#2718 = CARTESIAN_POINT('',(-53.576131,43.499333,1.51));
#2719 = DIRECTION('',(-0.,0.,-1.));
#2720 = DIRECTION('',(8.350484613469E-15,-1.,-0.));
#2721 = FACE_BOUND('',#2722,.T.);
#2722 = EDGE_LOOP('',(#2723));
#2723 = ORIENTED_EDGE('',*,*,#2724,.T.);
#2724 = EDGE_CURVE('',#2725,#2725,#2727,.T.);
#2725 = VERTEX_POINT('',#2726);
#2726 = CARTESIAN_POINT('',(-44.790869,24.399767,1.51));
#2727 = CIRCLE('',#2728,0.8509);
#2728 = AXIS2_PLACEMENT_3D('',#2729,#2730,#2731);
#2729 = CARTESIAN_POINT('',(-44.790869,25.250667,1.51));
#2730 = DIRECTION('',(-0.,0.,-1.));
#2731 = DIRECTION('',(-0.,-1.,0.));
#2732 = FACE_BOUND('',#2733,.T.);
#2733 = EDGE_LOOP('',(#2734));
#2734 = ORIENTED_EDGE('',*,*,#2735,.T.);
#2735 = EDGE_CURVE('',#2736,#2736,#2738,.T.);
#2736 = VERTEX_POINT('',#2737);
#2737 = CARTESIAN_POINT('',(-44.542262,28.957342,1.51));
#2738 = CIRCLE('',#2739,0.4953);
#2739 = AXIS2_PLACEMENT_3D('',#2740,#2741,#2742);
#2740 = CARTESIAN_POINT('',(-44.542262,29.452642,1.51));
#2741 = DIRECTION('',(-0.,0.,-1.));
#2742 = DIRECTION('',(-0.,-1.,0.));
#2743 = FACE_BOUND('',#2744,.T.);
#2744 = EDGE_LOOP('',(#2745));
#2745 = ORIENTED_EDGE('',*,*,#2746,.T.);
#2746 = EDGE_CURVE('',#2747,#2747,#2749,.T.);
#2747 = VERTEX_POINT('',#2748);
#2748 = CARTESIAN_POINT('',(-48.865233,35.406918,1.51));
#2749 = CIRCLE('',#2750,1.5);
#2750 = AXIS2_PLACEMENT_3D('',#2751,#2752,#2753);
#2751 = CARTESIAN_POINT('',(-48.865233,36.906918,1.51));
#2752 = DIRECTION('',(-0.,0.,-1.));
#2753 = DIRECTION('',(-0.,-1.,0.));
#2754 = FACE_BOUND('',#2755,.T.);
#2755 = EDGE_LOOP('',(#2756));
#2756 = ORIENTED_EDGE('',*,*,#2757,.T.);
#2757 = EDGE_CURVE('',#2758,#2758,#2760,.T.);
#2758 = VERTEX_POINT('',#2759);
#2759 = CARTESIAN_POINT('',(-42.662869,41.269767,1.51));
#2760 = CIRCLE('',#2761,0.8509);
#2761 = AXIS2_PLACEMENT_3D('',#2762,#2763,#2764);
#2762 = CARTESIAN_POINT('',(-42.662869,42.120667,1.51));
#2763 = DIRECTION('',(-0.,0.,-1.));
#2764 = DIRECTION('',(-0.,-1.,0.));
#2765 = FACE_BOUND('',#2766,.T.);
#2766 = EDGE_LOOP('',(#2767));
#2767 = ORIENTED_EDGE('',*,*,#2768,.T.);
#2768 = EDGE_CURVE('',#2769,#2769,#2771,.T.);
#2769 = VERTEX_POINT('',#2770);
#2770 = CARTESIAN_POINT('',(-48.1195,41.0955,1.51));
#2771 = CIRCLE('',#2772,1.7145);
#2772 = AXIS2_PLACEMENT_3D('',#2773,#2774,#2775);
#2773 = CARTESIAN_POINT('',(-48.1195,42.81,1.51));
#2774 = DIRECTION('',(-0.,0.,-1.));
#2775 = DIRECTION('',(-0.,-1.,0.));
#2776 = FACE_BOUND('',#2777,.T.);
#2777 = EDGE_LOOP('',(#2778));
#2778 = ORIENTED_EDGE('',*,*,#2779,.T.);
#2779 = EDGE_CURVE('',#2780,#2780,#2782,.T.);
#2780 = VERTEX_POINT('',#2781);
#2781 = CARTESIAN_POINT('',(-42.414262,45.827342,1.51));
#2782 = CIRCLE('',#2783,0.4953);
#2783 = AXIS2_PLACEMENT_3D('',#2784,#2785,#2786);
#2784 = CARTESIAN_POINT('',(-42.414262,46.322642,1.51));
#2785 = DIRECTION('',(-0.,0.,-1.));
#2786 = DIRECTION('',(-0.,-1.,0.));
#2787 = FACE_BOUND('',#2788,.T.);
#2788 = EDGE_LOOP('',(#2789));
#2789 = ORIENTED_EDGE('',*,*,#2790,.T.);
#2790 = EDGE_CURVE('',#2791,#2791,#2793,.T.);
#2791 = VERTEX_POINT('',#2792);
#2792 = CARTESIAN_POINT('',(32.328235,1.702544,1.51));
#2793 = CIRCLE('',#2794,0.8509);
#2794 = AXIS2_PLACEMENT_3D('',#2795,#2796,#2797);
#2795 = CARTESIAN_POINT('',(32.328235,2.553444,1.51));
#2796 = DIRECTION('',(-0.,0.,-1.));
#2797 = DIRECTION('',(-0.,-1.,0.));
#2798 = FACE_BOUND('',#2799,.T.);
#2799 = EDGE_LOOP('',(#2800));
#2800 = ORIENTED_EDGE('',*,*,#2801,.T.);
#2801 = EDGE_CURVE('',#2802,#2802,#2804,.T.);
#2802 = VERTEX_POINT('',#2803);
#2803 = CARTESIAN_POINT('',(40.14552,-1.077886,1.51));
#2804 = CIRCLE('',#2805,1.5);
#2805 = AXIS2_PLACEMENT_3D('',#2806,#2807,#2808);
#2806 = CARTESIAN_POINT('',(40.14552,0.422114,1.51));
#2807 = DIRECTION('',(-0.,0.,-1.));
#2808 = DIRECTION('',(-0.,-1.,0.));
#2809 = FACE_BOUND('',#2810,.T.);
#2810 = EDGE_LOOP('',(#2811));
#2811 = ORIENTED_EDGE('',*,*,#2812,.T.);
#2812 = EDGE_CURVE('',#2813,#2813,#2815,.T.);
#2813 = VERTEX_POINT('',#2814);
#2814 = CARTESIAN_POINT('',(36.9925,3.7535,1.51));
#2815 = CIRCLE('',#2816,1.7145);
#2816 = AXIS2_PLACEMENT_3D('',#2817,#2818,#2819);
#2817 = CARTESIAN_POINT('',(36.9925,5.468,1.51));
#2818 = DIRECTION('',(-0.,0.,-1.));
#2819 = DIRECTION('',(-0.,-1.,0.));
#2820 = FACE_BOUND('',#2821,.T.);
#2821 = EDGE_LOOP('',(#2822));
#2822 = ORIENTED_EDGE('',*,*,#2823,.T.);
#2823 = EDGE_CURVE('',#2824,#2824,#2826,.T.);
#2824 = VERTEX_POINT('',#2825);
#2825 = CARTESIAN_POINT('',(41.656765,7.531656,1.51));
#2826 = CIRCLE('',#2827,0.8509);
#2827 = AXIS2_PLACEMENT_3D('',#2828,#2829,#2830);
#2828 = CARTESIAN_POINT('',(41.656765,8.382556,1.51));
#2829 = DIRECTION('',(-0.,0.,-1.));
#2830 = DIRECTION('',(-0.,-1.,0.));
#2831 = FACE_BOUND('',#2832,.T.);
#2832 = EDGE_LOOP('',(#2833));
#2833 = ORIENTED_EDGE('',*,*,#2834,.T.);
#2834 = EDGE_CURVE('',#2835,#2835,#2837,.T.);
#2835 = VERTEX_POINT('',#2836);
#2836 = CARTESIAN_POINT('',(39.19365,11.300681,1.51));
#2837 = CIRCLE('',#2838,0.4953);
#2838 = AXIS2_PLACEMENT_3D('',#2839,#2840,#2841);
#2839 = CARTESIAN_POINT('',(39.19365,11.795981,1.51));
#2840 = DIRECTION('',(-0.,0.,-1.));
#2841 = DIRECTION('',(-0.,-1.,0.));
#2842 = FACE_BOUND('',#2843,.T.);
#2843 = EDGE_LOOP('',(#2844));
#2844 = ORIENTED_EDGE('',*,*,#2845,.T.);
#2845 = EDGE_CURVE('',#2846,#2846,#2848,.T.);
#2846 = VERTEX_POINT('',#2847);
#2847 = CARTESIAN_POINT('',(23.321235,16.121544,1.51));
#2848 = CIRCLE('',#2849,0.8509);
#2849 = AXIS2_PLACEMENT_3D('',#2850,#2851,#2852);
#2850 = CARTESIAN_POINT('',(23.321235,16.972444,1.51));
#2851 = DIRECTION('',(-0.,0.,-1.));
#2852 = DIRECTION('',(-0.,-1.,0.));
#2853 = FACE_BOUND('',#2854,.T.);
#2854 = EDGE_LOOP('',(#2855));
#2855 = ORIENTED_EDGE('',*,*,#2856,.T.);
#2856 = EDGE_CURVE('',#2857,#2857,#2859,.T.);
#2857 = VERTEX_POINT('',#2858);
#2858 = CARTESIAN_POINT('',(25.732457,12.557223,1.51));
#2859 = CIRCLE('',#2860,1.5);
#2860 = AXIS2_PLACEMENT_3D('',#2861,#2862,#2863);
#2861 = CARTESIAN_POINT('',(25.732457,14.057223,1.51));
#2862 = DIRECTION('',(-0.,0.,-1.));
#2863 = DIRECTION('',(-0.,-1.,0.));
#2864 = FACE_BOUND('',#2865,.T.);
#2865 = EDGE_LOOP('',(#2866));
#2866 = ORIENTED_EDGE('',*,*,#2867,.T.);
#2867 = EDGE_CURVE('',#2868,#2868,#2870,.T.);
#2868 = VERTEX_POINT('',#2869);
#2869 = CARTESIAN_POINT('',(31.13852,13.341114,1.51));
#2870 = CIRCLE('',#2871,1.5);
#2871 = AXIS2_PLACEMENT_3D('',#2872,#2873,#2874);
#2872 = CARTESIAN_POINT('',(31.13852,14.841114,1.51));
#2873 = DIRECTION('',(-0.,0.,-1.));
#2874 = DIRECTION('',(-0.,-1.,0.));
#2875 = FACE_BOUND('',#2876,.T.);
#2876 = EDGE_LOOP('',(#2877));
#2877 = ORIENTED_EDGE('',*,*,#2878,.T.);
#2878 = EDGE_CURVE('',#2879,#2879,#2881,.T.);
#2879 = VERTEX_POINT('',#2880);
#2880 = CARTESIAN_POINT('',(27.9855,18.1725,1.51));
#2881 = CIRCLE('',#2882,1.7145);
#2882 = AXIS2_PLACEMENT_3D('',#2883,#2884,#2885);
#2883 = CARTESIAN_POINT('',(27.9855,19.887,1.51));
#2884 = DIRECTION('',(-0.,0.,-1.));
#2885 = DIRECTION('',(-2.072157292972E-15,-1.,0.));
#2886 = FACE_BOUND('',#2887,.T.);
#2887 = EDGE_LOOP('',(#2888));
#2888 = ORIENTED_EDGE('',*,*,#2889,.T.);
#2889 = EDGE_CURVE('',#2890,#2890,#2892,.T.);
#2890 = VERTEX_POINT('',#2891);
#2891 = CARTESIAN_POINT('',(32.649765,21.950656,1.51));
#2892 = CIRCLE('',#2893,0.8509);
#2893 = AXIS2_PLACEMENT_3D('',#2894,#2895,#2896);
#2894 = CARTESIAN_POINT('',(32.649765,22.801556,1.51));
#2895 = DIRECTION('',(-0.,0.,-1.));
#2896 = DIRECTION('',(-0.,-1.,0.));
#2897 = FACE_BOUND('',#2898,.T.);
#2898 = EDGE_LOOP('',(#2899));
#2899 = ORIENTED_EDGE('',*,*,#2900,.T.);
#2900 = EDGE_CURVE('',#2901,#2901,#2903,.T.);
#2901 = VERTEX_POINT('',#2902);
#2902 = CARTESIAN_POINT('',(45.756926,20.092904,1.51));
#2903 = CIRCLE('',#2904,1.5);
#2904 = AXIS2_PLACEMENT_3D('',#2905,#2906,#2907);
#2905 = CARTESIAN_POINT('',(45.756926,21.592904,1.51));
#2906 = DIRECTION('',(-0.,0.,-1.));
#2907 = DIRECTION('',(-0.,-1.,0.));
#2908 = FACE_BOUND('',#2909,.T.);
#2909 = EDGE_LOOP('',(#2910));
#2910 = ORIENTED_EDGE('',*,*,#2911,.T.);
#2911 = EDGE_CURVE('',#2912,#2912,#2914,.T.);
#2912 = VERTEX_POINT('',#2913);
#2913 = CARTESIAN_POINT('',(60.,8.4,1.51));
#2914 = CIRCLE('',#2915,1.1);
#2915 = AXIS2_PLACEMENT_3D('',#2916,#2917,#2918);
#2916 = CARTESIAN_POINT('',(60.,9.5,1.51));
#2917 = DIRECTION('',(-0.,0.,-1.));
#2918 = DIRECTION('',(-0.,-1.,0.));
#2919 = FACE_BOUND('',#2920,.T.);
#2920 = EDGE_LOOP('',(#2921));
#2921 = ORIENTED_EDGE('',*,*,#2922,.T.);
#2922 = EDGE_CURVE('',#2923,#2923,#2925,.T.);
#2923 = VERTEX_POINT('',#2924);
#2924 = CARTESIAN_POINT('',(50.993233,18.536918,1.51));
#2925 = CIRCLE('',#2926,1.5);
#2926 = AXIS2_PLACEMENT_3D('',#2927,#2928,#2929);
#2927 = CARTESIAN_POINT('',(50.993233,20.036918,1.51));
#2928 = DIRECTION('',(-0.,0.,-1.));
#2929 = DIRECTION('',(-0.,-1.,0.));
#2930 = FACE_BOUND('',#2931,.T.);
#2931 = EDGE_LOOP('',(#2932));
#2932 = ORIENTED_EDGE('',*,*,#2933,.T.);
#2933 = EDGE_CURVE('',#2934,#2934,#2936,.T.);
#2934 = VERTEX_POINT('',#2935);
#2935 = CARTESIAN_POINT('',(64.356686,19.356666,1.51));
#2936 = CIRCLE('',#2937,1.5);
#2937 = AXIS2_PLACEMENT_3D('',#2938,#2939,#2940);
#2938 = CARTESIAN_POINT('',(64.356686,20.856666,1.51));
#2939 = DIRECTION('',(-0.,0.,-1.));
#2940 = DIRECTION('',(-0.,-1.,0.));
#2941 = FACE_BOUND('',#2942,.T.);
#2942 = EDGE_LOOP('',(#2943));
#2943 = ORIENTED_EDGE('',*,*,#2944,.T.);
#2944 = EDGE_CURVE('',#2945,#2945,#2947,.T.);
#2945 = VERTEX_POINT('',#2946);
#2946 = CARTESIAN_POINT('',(69.255965,16.940663,1.51));
#2947 = CIRCLE('',#2948,1.5);
#2948 = AXIS2_PLACEMENT_3D('',#2949,#2950,#2951);
#2949 = CARTESIAN_POINT('',(69.255965,18.440663,1.51));
#2950 = DIRECTION('',(-0.,0.,-1.));
#2951 = DIRECTION('',(-0.,-1.,0.));
#2952 = FACE_BOUND('',#2953,.T.);
#2953 = EDGE_LOOP('',(#2954));
#2954 = ORIENTED_EDGE('',*,*,#2955,.T.);
#2955 = EDGE_CURVE('',#2956,#2956,#2958,.T.);
#2956 = VERTEX_POINT('',#2957);
#2957 = CARTESIAN_POINT('',(87.771728,14.166977,1.51));
#2958 = CIRCLE('',#2959,1.5);
#2959 = AXIS2_PLACEMENT_3D('',#2960,#2961,#2962);
#2960 = CARTESIAN_POINT('',(87.771728,15.666977,1.51));
#2961 = DIRECTION('',(-0.,0.,-1.));
#2962 = DIRECTION('',(-0.,-1.,0.));
#2963 = FACE_BOUND('',#2964,.T.);
#2964 = EDGE_LOOP('',(#2965));
#2965 = ORIENTED_EDGE('',*,*,#2966,.T.);
#2966 = EDGE_CURVE('',#2967,#2967,#2969,.T.);
#2967 = VERTEX_POINT('',#2968);
#2968 = CARTESIAN_POINT('',(93.224992,14.486234,1.51));
#2969 = CIRCLE('',#2970,1.5);
#2970 = AXIS2_PLACEMENT_3D('',#2971,#2972,#2973);
#2971 = CARTESIAN_POINT('',(93.224992,15.986234,1.51));
#2972 = DIRECTION('',(-0.,0.,-1.));
#2973 = DIRECTION('',(-0.,-1.,0.));
#2974 = FACE_BOUND('',#2975,.T.);
#2975 = EDGE_LOOP('',(#2976));
#2976 = ORIENTED_EDGE('',*,*,#2977,.T.);
#2977 = EDGE_CURVE('',#2978,#2978,#2980,.T.);
#2978 = VERTEX_POINT('',#2979);
#2979 = CARTESIAN_POINT('',(75.010265,23.294193,1.51));
#2980 = CIRCLE('',#2981,0.8509);
#2981 = AXIS2_PLACEMENT_3D('',#2982,#2983,#2984);
#2982 = CARTESIAN_POINT('',(75.010265,24.145093,1.51));
#2983 = DIRECTION('',(-0.,0.,-1.));
#2984 = DIRECTION('',(-0.,-1.,0.));
#2985 = FACE_BOUND('',#2986,.T.);
#2986 = EDGE_LOOP('',(#2987));
#2987 = ORIENTED_EDGE('',*,*,#2988,.T.);
#2988 = EDGE_CURVE('',#2989,#2989,#2991,.T.);
#2989 = VERTEX_POINT('',#2990);
#2990 = CARTESIAN_POINT('',(85.61833,17.926603,1.51));
#2991 = CIRCLE('',#2992,0.8509);
#2992 = AXIS2_PLACEMENT_3D('',#2993,#2994,#2995);
#2993 = CARTESIAN_POINT('',(85.61833,18.777503,1.51));
#2994 = DIRECTION('',(-0.,0.,-1.));
#2995 = DIRECTION('',(-0.,-1.,0.));
#2996 = FACE_BOUND('',#2997,.T.);
#2997 = EDGE_LOOP('',(#2998));
#2998 = ORIENTED_EDGE('',*,*,#2999,.T.);
#2999 = EDGE_CURVE('',#3000,#3000,#3002,.T.);
#3000 = VERTEX_POINT('',#3001);
#3001 = CARTESIAN_POINT('',(90.5145,19.5685,1.51));
#3002 = CIRCLE('',#3003,1.7145);
#3003 = AXIS2_PLACEMENT_3D('',#3004,#3005,#3006);
#3004 = CARTESIAN_POINT('',(90.5145,21.283,1.51));
#3005 = DIRECTION('',(-0.,0.,-1.));
#3006 = DIRECTION('',(-0.,-1.,0.));
#3007 = FACE_BOUND('',#3008,.T.);
#3008 = EDGE_LOOP('',(#3009));
#3009 = ORIENTED_EDGE('',*,*,#3010,.T.);
#3010 = EDGE_CURVE('',#3011,#3011,#3013,.T.);
#3011 = VERTEX_POINT('',#3012);
#3012 = CARTESIAN_POINT('',(95.41067,22.937597,1.51));
#3013 = CIRCLE('',#3014,0.8509);
#3014 = AXIS2_PLACEMENT_3D('',#3015,#3016,#3017);
#3015 = CARTESIAN_POINT('',(95.41067,23.788497,1.51));
#3016 = DIRECTION('',(-0.,0.,-1.));
#3017 = DIRECTION('',(-1.670096922694E-14,-1.,0.));
#3018 = FACE_BOUND('',#3019,.T.);
#3019 = EDGE_LOOP('',(#3020));
#3020 = ORIENTED_EDGE('',*,*,#3021,.T.);
#3021 = EDGE_CURVE('',#3022,#3022,#3024,.T.);
#3022 = VERTEX_POINT('',#3023);
#3023 = CARTESIAN_POINT('',(30.18665,25.719681,1.51));
#3024 = CIRCLE('',#3025,0.4953);
#3025 = AXIS2_PLACEMENT_3D('',#3026,#3027,#3028);
#3026 = CARTESIAN_POINT('',(30.18665,26.214981,1.51));
#3027 = DIRECTION('',(-0.,0.,-1.));
#3028 = DIRECTION('',(-0.,-1.,0.));
#3029 = FACE_BOUND('',#3030,.T.);
#3030 = EDGE_LOOP('',(#3031));
#3031 = ORIENTED_EDGE('',*,*,#3032,.T.);
#3032 = EDGE_CURVE('',#3033,#3033,#3035,.T.);
#3033 = VERTEX_POINT('',#3034);
#3034 = CARTESIAN_POINT('',(44.790869,24.399767,1.51));
#3035 = CIRCLE('',#3036,0.8509);
#3036 = AXIS2_PLACEMENT_3D('',#3037,#3038,#3039);
#3037 = CARTESIAN_POINT('',(44.790869,25.250667,1.51));
#3038 = DIRECTION('',(-0.,0.,-1.));
#3039 = DIRECTION('',(-0.,-1.,0.));
#3040 = FACE_BOUND('',#3041,.T.);
#3041 = EDGE_LOOP('',(#3042));
#3042 = ORIENTED_EDGE('',*,*,#3043,.T.);
#3043 = EDGE_CURVE('',#3044,#3044,#3046,.T.);
#3044 = VERTEX_POINT('',#3045);
#3045 = CARTESIAN_POINT('',(43.628926,36.962904,1.51));
#3046 = CIRCLE('',#3047,1.5);
#3047 = AXIS2_PLACEMENT_3D('',#3048,#3049,#3050);
#3048 = CARTESIAN_POINT('',(43.628926,38.462904,1.51));
#3049 = DIRECTION('',(-0.,0.,-1.));
#3050 = DIRECTION('',(-0.,-1.,0.));
#3051 = FACE_BOUND('',#3052,.T.);
#3052 = EDGE_LOOP('',(#3053));
#3053 = ORIENTED_EDGE('',*,*,#3054,.T.);
#3054 = EDGE_CURVE('',#3055,#3055,#3057,.T.);
#3055 = VERTEX_POINT('',#3056);
#3056 = CARTESIAN_POINT('',(42.662869,41.269767,1.51));
#3057 = CIRCLE('',#3058,0.8509);
#3058 = AXIS2_PLACEMENT_3D('',#3059,#3060,#3061);
#3059 = CARTESIAN_POINT('',(42.662869,42.120667,1.51));
#3060 = DIRECTION('',(-0.,0.,-1.));
#3061 = DIRECTION('',(-0.,-1.,0.));
#3062 = FACE_BOUND('',#3063,.T.);
#3063 = EDGE_LOOP('',(#3064));
#3064 = ORIENTED_EDGE('',*,*,#3065,.T.);
#3065 = EDGE_CURVE('',#3066,#3066,#3068,.T.);
#3066 = VERTEX_POINT('',#3067);
#3067 = CARTESIAN_POINT('',(50.2475,24.2255,1.51));
#3068 = CIRCLE('',#3069,1.7145);
#3069 = AXIS2_PLACEMENT_3D('',#3070,#3071,#3072);
#3070 = CARTESIAN_POINT('',(50.2475,25.94,1.51));
#3071 = DIRECTION('',(-0.,0.,-1.));
#3072 = DIRECTION('',(-0.,-1.,0.));
#3073 = FACE_BOUND('',#3074,.T.);
#3074 = EDGE_LOOP('',(#3075));
#3075 = ORIENTED_EDGE('',*,*,#3076,.T.);
#3076 = EDGE_CURVE('',#3077,#3077,#3079,.T.);
#3077 = VERTEX_POINT('',#3078);
#3078 = CARTESIAN_POINT('',(55.704131,25.778433,1.51));
#3079 = CIRCLE('',#3080,0.8509);
#3080 = AXIS2_PLACEMENT_3D('',#3081,#3082,#3083);
#3081 = CARTESIAN_POINT('',(55.704131,26.629333,1.51));
#3082 = DIRECTION('',(-0.,0.,-1.));
#3083 = DIRECTION('',(-8.350484613469E-15,-1.,0.));
#3084 = FACE_BOUND('',#3085,.T.);
#3085 = EDGE_LOOP('',(#3086));
#3086 = ORIENTED_EDGE('',*,*,#3087,.T.);
#3087 = EDGE_CURVE('',#3088,#3088,#3090,.T.);
#3088 = VERTEX_POINT('',#3089);
#3089 = CARTESIAN_POINT('',(64.020735,23.774007,1.51));
#3090 = CIRCLE('',#3091,0.8509);
#3091 = AXIS2_PLACEMENT_3D('',#3092,#3093,#3094);
#3092 = CARTESIAN_POINT('',(64.020735,24.624907,1.51));
#3093 = DIRECTION('',(-0.,0.,-1.));
#3094 = DIRECTION('',(-0.,-1.,0.));
#3095 = FACE_BOUND('',#3096,.T.);
#3096 = EDGE_LOOP('',(#3097));
#3097 = ORIENTED_EDGE('',*,*,#3098,.T.);
#3098 = EDGE_CURVE('',#3099,#3099,#3101,.T.);
#3099 = VERTEX_POINT('',#3100);
#3100 = CARTESIAN_POINT('',(69.5155,22.6705,1.51));
#3101 = CIRCLE('',#3102,1.7145);
#3102 = AXIS2_PLACEMENT_3D('',#3103,#3104,#3105);
#3103 = CARTESIAN_POINT('',(69.5155,24.385,1.51));
#3104 = DIRECTION('',(-0.,0.,-1.));
#3105 = DIRECTION('',(-0.,-1.,0.));
#3106 = FACE_BOUND('',#3107,.T.);
#3107 = EDGE_LOOP('',(#3108));
#3108 = ORIENTED_EDGE('',*,*,#3109,.T.);
#3109 = EDGE_CURVE('',#3110,#3110,#3112,.T.);
#3110 = VERTEX_POINT('',#3111);
#3111 = CARTESIAN_POINT('',(54.899939,30.265821,1.51));
#3112 = CIRCLE('',#3113,0.4953);
#3113 = AXIS2_PLACEMENT_3D('',#3114,#3115,#3116);
#3114 = CARTESIAN_POINT('',(54.899939,30.761121,1.51));
#3115 = DIRECTION('',(-0.,0.,-1.));
#3116 = DIRECTION('',(-0.,-1.,0.));
#3117 = FACE_BOUND('',#3118,.T.);
#3118 = EDGE_LOOP('',(#3119));
#3119 = ORIENTED_EDGE('',*,*,#3120,.T.);
#3120 = EDGE_CURVE('',#3121,#3121,#3123,.T.);
#3121 = VERTEX_POINT('',#3122);
#3122 = CARTESIAN_POINT('',(70.007965,33.919663,1.51));
#3123 = CIRCLE('',#3124,1.5);
#3124 = AXIS2_PLACEMENT_3D('',#3125,#3126,#3127);
#3125 = CARTESIAN_POINT('',(70.007965,35.419663,1.51));
#3126 = DIRECTION('',(-0.,0.,-1.));
#3127 = DIRECTION('',(-0.,-1.,0.));
#3128 = FACE_BOUND('',#3129,.T.);
#3129 = EDGE_LOOP('',(#3130));
#3130 = ORIENTED_EDGE('',*,*,#3131,.T.);
#3131 = EDGE_CURVE('',#3132,#3132,#3134,.T.);
#3132 = VERTEX_POINT('',#3133);
#3133 = CARTESIAN_POINT('',(74.913733,27.858009,1.51));
#3134 = CIRCLE('',#3135,0.4953);
#3135 = AXIS2_PLACEMENT_3D('',#3136,#3137,#3138);
#3136 = CARTESIAN_POINT('',(74.913733,28.353309,1.51));
#3137 = DIRECTION('',(-0.,0.,-1.));
#3138 = DIRECTION('',(-0.,-1.,0.));
#3139 = FACE_BOUND('',#3140,.T.);
#3140 = EDGE_LOOP('',(#3141));
#3141 = ORIENTED_EDGE('',*,*,#3142,.T.);
#3142 = EDGE_CURVE('',#3143,#3143,#3145,.T.);
#3143 = VERTEX_POINT('',#3144);
#3144 = CARTESIAN_POINT('',(93.248122,26.904538,1.51));
#3145 = CIRCLE('',#3146,0.4953);
#3146 = AXIS2_PLACEMENT_3D('',#3147,#3148,#3149);
#3147 = CARTESIAN_POINT('',(93.248122,27.399838,1.51));
#3148 = DIRECTION('',(-0.,0.,-1.));
#3149 = DIRECTION('',(-0.,-1.,0.));
#3150 = FACE_BOUND('',#3151,.T.);
#3151 = EDGE_LOOP('',(#3152));
#3152 = ORIENTED_EDGE('',*,*,#3153,.T.);
#3153 = EDGE_CURVE('',#3154,#3154,#3156,.T.);
#3154 = VERTEX_POINT('',#3155);
#3155 = CARTESIAN_POINT('',(48.865233,35.406918,1.51));
#3156 = CIRCLE('',#3157,1.5);
#3157 = AXIS2_PLACEMENT_3D('',#3158,#3159,#3160);
#3158 = CARTESIAN_POINT('',(48.865233,36.906918,1.51));
#3159 = DIRECTION('',(-0.,0.,-1.));
#3160 = DIRECTION('',(-0.,-1.,0.));
#3161 = FACE_BOUND('',#3162,.T.);
#3162 = EDGE_LOOP('',(#3163));
#3163 = ORIENTED_EDGE('',*,*,#3164,.T.);
#3164 = EDGE_CURVE('',#3165,#3165,#3167,.T.);
#3165 = VERTEX_POINT('',#3166);
#3166 = CARTESIAN_POINT('',(65.108686,36.335666,1.51));
#3167 = CIRCLE('',#3168,1.5);
#3168 = AXIS2_PLACEMENT_3D('',#3169,#3170,#3171);
#3169 = CARTESIAN_POINT('',(65.108686,37.835666,1.51));
#3170 = DIRECTION('',(-0.,0.,-1.));
#3171 = DIRECTION('',(-0.,-1.,0.));
#3172 = FACE_BOUND('',#3173,.T.);
#3173 = EDGE_LOOP('',(#3174));
#3174 = ORIENTED_EDGE('',*,*,#3175,.T.);
#3175 = EDGE_CURVE('',#3176,#3176,#3178,.T.);
#3176 = VERTEX_POINT('',#3177);
#3177 = CARTESIAN_POINT('',(64.772735,40.753007,1.51));
#3178 = CIRCLE('',#3179,0.8509);
#3179 = AXIS2_PLACEMENT_3D('',#3180,#3181,#3182);
#3180 = CARTESIAN_POINT('',(64.772735,41.603907,1.51));
#3181 = DIRECTION('',(-0.,0.,-1.));
#3182 = DIRECTION('',(-0.,-1.,0.));
#3183 = FACE_BOUND('',#3184,.T.);
#3184 = EDGE_LOOP('',(#3185));
#3185 = ORIENTED_EDGE('',*,*,#3186,.T.);
#3186 = EDGE_CURVE('',#3187,#3187,#3189,.T.);
#3187 = VERTEX_POINT('',#3188);
#3188 = CARTESIAN_POINT('',(70.2675,39.6495,1.51));
#3189 = CIRCLE('',#3190,1.7145);
#3190 = AXIS2_PLACEMENT_3D('',#3191,#3192,#3193);
#3191 = CARTESIAN_POINT('',(70.2675,41.364,1.51));
#3192 = DIRECTION('',(-0.,0.,-1.));
#3193 = DIRECTION('',(-0.,-1.,0.));
#3194 = FACE_BOUND('',#3195,.T.);
#3195 = EDGE_LOOP('',(#3196));
#3196 = ORIENTED_EDGE('',*,*,#3197,.T.);
#3197 = EDGE_CURVE('',#3198,#3198,#3200,.T.);
#3198 = VERTEX_POINT('',#3199);
#3199 = CARTESIAN_POINT('',(48.1195,41.0955,1.51));
#3200 = CIRCLE('',#3201,1.7145);
#3201 = AXIS2_PLACEMENT_3D('',#3202,#3203,#3204);
#3202 = CARTESIAN_POINT('',(48.1195,42.81,1.51));
#3203 = DIRECTION('',(-0.,0.,-1.));
#3204 = DIRECTION('',(-0.,-1.,0.));
#3205 = FACE_BOUND('',#3206,.T.);
#3206 = EDGE_LOOP('',(#3207));
#3207 = ORIENTED_EDGE('',*,*,#3208,.T.);
#3208 = EDGE_CURVE('',#3209,#3209,#3211,.T.);
#3209 = VERTEX_POINT('',#3210);
#3210 = CARTESIAN_POINT('',(53.576131,42.648433,1.51));
#3211 = CIRCLE('',#3212,0.8509);
#3212 = AXIS2_PLACEMENT_3D('',#3213,#3214,#3215);
#3213 = CARTESIAN_POINT('',(53.576131,43.499333,1.51));
#3214 = DIRECTION('',(-0.,0.,-1.));
#3215 = DIRECTION('',(-8.350484613469E-15,-1.,0.));
#3216 = FACE_BOUND('',#3217,.T.);
#3217 = EDGE_LOOP('',(#3218));
#3218 = ORIENTED_EDGE('',*,*,#3219,.T.);
#3219 = EDGE_CURVE('',#3220,#3220,#3222,.T.);
#3220 = VERTEX_POINT('',#3221);
#3221 = CARTESIAN_POINT('',(52.771939,47.135821,1.51));
#3222 = CIRCLE('',#3223,0.4953);
#3223 = AXIS2_PLACEMENT_3D('',#3224,#3225,#3226);
#3224 = CARTESIAN_POINT('',(52.771939,47.631121,1.51));
#3225 = DIRECTION('',(-0.,0.,-1.));
#3226 = DIRECTION('',(-0.,-1.,0.));
#3227 = FACE_BOUND('',#3228,.T.);
#3228 = EDGE_LOOP('',(#3229));
#3229 = ORIENTED_EDGE('',*,*,#3230,.T.);
#3230 = EDGE_CURVE('',#3231,#3231,#3233,.T.);
#3231 = VERTEX_POINT('',#3232);
#3232 = CARTESIAN_POINT('',(75.762265,40.273193,1.51));
#3233 = CIRCLE('',#3234,0.8509);
#3234 = AXIS2_PLACEMENT_3D('',#3235,#3236,#3237);
#3235 = CARTESIAN_POINT('',(75.762265,41.124093,1.51));
#3236 = DIRECTION('',(-0.,0.,-1.));
#3237 = DIRECTION('',(-0.,-1.,0.));
#3238 = FACE_BOUND('',#3239,.T.);
#3239 = EDGE_LOOP('',(#3240));
#3240 = ORIENTED_EDGE('',*,*,#3241,.T.);
#3241 = EDGE_CURVE('',#3242,#3242,#3244,.T.);
#3242 = VERTEX_POINT('',#3243);
#3243 = CARTESIAN_POINT('',(85.,35.4,1.51));
#3244 = CIRCLE('',#3245,1.1);
#3245 = AXIS2_PLACEMENT_3D('',#3246,#3247,#3248);
#3246 = CARTESIAN_POINT('',(85.,36.5,1.51));
#3247 = DIRECTION('',(-0.,0.,-1.));
#3248 = DIRECTION('',(-0.,-1.,0.));
#3249 = FACE_BOUND('',#3250,.T.);
#3250 = EDGE_LOOP('',(#3251));
#3251 = ORIENTED_EDGE('',*,*,#3252,.T.);
#3252 = EDGE_CURVE('',#3253,#3253,#3255,.T.);
#3253 = VERTEX_POINT('',#3254);
#3254 = CARTESIAN_POINT('',(75.665733,44.837009,1.51));
#3255 = CIRCLE('',#3256,0.4953);
#3256 = AXIS2_PLACEMENT_3D('',#3257,#3258,#3259);
#3257 = CARTESIAN_POINT('',(75.665733,45.332309,1.51));
#3258 = DIRECTION('',(-0.,0.,-1.));
#3259 = DIRECTION('',(-0.,-1.,0.));
#3260 = PLANE('',#3261);
#3261 = AXIS2_PLACEMENT_3D('',#3262,#3263,#3264);
#3262 = CARTESIAN_POINT('',(0.,0.,1.51));
#3263 = DIRECTION('',(0.,0.,1.));
#3264 = DIRECTION('',(1.,0.,-0.));
#3265 = ADVANCED_FACE('',(#3266),#3277,.T.);
#3266 = FACE_BOUND('',#3267,.T.);
#3267 = EDGE_LOOP('',(#3268,#3274,#3275,#3276));
#3268 = ORIENTED_EDGE('',*,*,#3269,.T.);
#3269 = EDGE_CURVE('',#144,#1708,#3270,.T.);
#3270 = LINE('',#3271,#3272);
#3271 = CARTESIAN_POINT('',(35.,52.5,0.));
#3272 = VECTOR('',#3273,1.);
#3273 = DIRECTION('',(0.,0.,1.));
#3274 = ORIENTED_EDGE('',*,*,#1707,.T.);
#3275 = ORIENTED_EDGE('',*,*,#79,.F.);
#3276 = ORIENTED_EDGE('',*,*,#143,.F.);
#3277 = PLANE('',#3278);
#3278 = AXIS2_PLACEMENT_3D('',#3279,#3280,#3281);
#3279 = CARTESIAN_POINT('',(35.,52.5,0.));
#3280 = DIRECTION('',(-0.119145220618,0.992876838487,0.));
#3281 = DIRECTION('',(0.992876838487,0.119145220618,0.));
#3282 = ADVANCED_FACE('',(#3283),#3294,.T.);
#3283 = FACE_BOUND('',#3284,.T.);
#3284 = EDGE_LOOP('',(#3285,#3286,#3287,#3293));
#3285 = ORIENTED_EDGE('',*,*,#119,.T.);
#3286 = ORIENTED_EDGE('',*,*,#1923,.T.);
#3287 = ORIENTED_EDGE('',*,*,#3288,.F.);
#3288 = EDGE_CURVE('',#352,#1916,#3289,.T.);
#3289 = LINE('',#3290,#3291);
#3290 = CARTESIAN_POINT('',(86.,6.5,0.));
#3291 = VECTOR('',#3292,1.);
#3292 = DIRECTION('',(0.,0.,1.));
#3293 = ORIENTED_EDGE('',*,*,#359,.F.);
#3294 = PLANE('',#3295);
#3295 = AXIS2_PLACEMENT_3D('',#3296,#3297,#3298);
#3296 = CARTESIAN_POINT('',(107.,16.5,0.));
#3297 = DIRECTION('',(0.429933580392,-0.902860518824,0.));
#3298 = DIRECTION('',(-0.902860518824,-0.429933580392,0.));
#3299 = ADVANCED_FACE('',(#3300),#3311,.T.);
#3300 = FACE_BOUND('',#3301,.T.);
#3301 = EDGE_LOOP('',(#3302,#3308,#3309,#3310));
#3302 = ORIENTED_EDGE('',*,*,#3303,.T.);
#3303 = EDGE_CURVE('',#152,#1716,#3304,.T.);
#3304 = LINE('',#3305,#3306);
#3305 = CARTESIAN_POINT('',(36.,37.5,0.));
#3306 = VECTOR('',#3307,1.);
#3307 = DIRECTION('',(0.,0.,1.));
#3308 = ORIENTED_EDGE('',*,*,#1715,.T.);
#3309 = ORIENTED_EDGE('',*,*,#3269,.F.);
#3310 = ORIENTED_EDGE('',*,*,#151,.F.);
#3311 = PLANE('',#3312);
#3312 = AXIS2_PLACEMENT_3D('',#3313,#3314,#3315);
#3313 = CARTESIAN_POINT('',(36.,37.5,0.));
#3314 = DIRECTION('',(-0.997785157857,-6.651901052377E-02,0.));
#3315 = DIRECTION('',(-6.651901052377E-02,0.997785157857,0.));
#3316 = ADVANCED_FACE('',(#3317),#3328,.T.);
#3317 = FACE_BOUND('',#3318,.T.);
#3318 = EDGE_LOOP('',(#3319,#3320,#3321,#3327));
#3319 = ORIENTED_EDGE('',*,*,#3288,.T.);
#3320 = ORIENTED_EDGE('',*,*,#1915,.T.);
#3321 = ORIENTED_EDGE('',*,*,#3322,.F.);
#3322 = EDGE_CURVE('',#344,#1908,#3323,.T.);
#3323 = LINE('',#3324,#3325);
#3324 = CARTESIAN_POINT('',(49.,0.5,0.));
#3325 = VECTOR('',#3326,1.);
#3326 = DIRECTION('',(0.,0.,1.));
#3327 = ORIENTED_EDGE('',*,*,#351,.F.);
#3328 = PLANE('',#3329);
#3329 = AXIS2_PLACEMENT_3D('',#3330,#3331,#3332);
#3330 = CARTESIAN_POINT('',(86.,6.5,0.));
#3331 = DIRECTION('',(0.160071158554,-0.987105477748,0.));
#3332 = DIRECTION('',(-0.987105477748,-0.160071158554,0.));
#3333 = ADVANCED_FACE('',(#3334),#3345,.T.);
#3334 = FACE_BOUND('',#3335,.T.);
#3335 = EDGE_LOOP('',(#3336,#3342,#3343,#3344));
#3336 = ORIENTED_EDGE('',*,*,#3337,.T.);
#3337 = EDGE_CURVE('',#160,#1724,#3338,.T.);
#3338 = LINE('',#3339,#3340);
#3339 = CARTESIAN_POINT('',(6.3,23.5,0.));
#3340 = VECTOR('',#3341,1.);
#3341 = DIRECTION('',(0.,0.,1.));
#3342 = ORIENTED_EDGE('',*,*,#1723,.T.);
#3343 = ORIENTED_EDGE('',*,*,#3303,.F.);
#3344 = ORIENTED_EDGE('',*,*,#159,.F.);
#3345 = PLANE('',#3346);
#3346 = AXIS2_PLACEMENT_3D('',#3347,#3348,#3349);
#3347 = CARTESIAN_POINT('',(6.3,23.5,0.));
#3348 = DIRECTION('',(-0.426383634137,0.904542423848,0.));
#3349 = DIRECTION('',(0.904542423848,0.426383634137,0.));
#3350 = ADVANCED_FACE('',(#3351),#3362,.T.);
#3351 = FACE_BOUND('',#3352,.T.);
#3352 = EDGE_LOOP('',(#3353,#3354,#3355,#3361));
#3353 = ORIENTED_EDGE('',*,*,#3322,.T.);
#3354 = ORIENTED_EDGE('',*,*,#1907,.T.);
#3355 = ORIENTED_EDGE('',*,*,#3356,.F.);
#3356 = EDGE_CURVE('',#336,#1900,#3357,.T.);
#3357 = LINE('',#3358,#3359);
#3358 = CARTESIAN_POINT('',(30.,-11.5,0.));
#3359 = VECTOR('',#3360,1.);
#3360 = DIRECTION('',(0.,0.,1.));
#3361 = ORIENTED_EDGE('',*,*,#343,.F.);
#3362 = PLANE('',#3363);
#3363 = AXIS2_PLACEMENT_3D('',#3364,#3365,#3366);
#3364 = CARTESIAN_POINT('',(49.,0.5,0.));
#3365 = DIRECTION('',(0.533992991388,-0.845488903031,0.));
#3366 = DIRECTION('',(-0.845488903031,-0.533992991388,0.));
#3367 = ADVANCED_FACE('',(#3368),#3379,.T.);
#3368 = FACE_BOUND('',#3369,.T.);
#3369 = EDGE_LOOP('',(#3370,#3376,#3377,#3378));
#3370 = ORIENTED_EDGE('',*,*,#3371,.T.);
#3371 = EDGE_CURVE('',#168,#1732,#3372,.T.);
#3372 = LINE('',#3373,#3374);
#3373 = CARTESIAN_POINT('',(6.3,21.0749,0.));
#3374 = VECTOR('',#3375,1.);
#3375 = DIRECTION('',(0.,0.,1.));
#3376 = ORIENTED_EDGE('',*,*,#1731,.T.);
#3377 = ORIENTED_EDGE('',*,*,#3337,.F.);
#3378 = ORIENTED_EDGE('',*,*,#167,.F.);
#3379 = PLANE('',#3380);
#3380 = AXIS2_PLACEMENT_3D('',#3381,#3382,#3383);
#3381 = CARTESIAN_POINT('',(6.3,21.0749,0.));
#3382 = DIRECTION('',(-1.,0.,0.));
#3383 = DIRECTION('',(0.,1.,0.));
#3384 = ADVANCED_FACE('',(#3385),#3396,.T.);
#3385 = FACE_BOUND('',#3386,.T.);
#3386 = EDGE_LOOP('',(#3387,#3388,#3389,#3395));
#3387 = ORIENTED_EDGE('',*,*,#3356,.T.);
#3388 = ORIENTED_EDGE('',*,*,#1899,.T.);
#3389 = ORIENTED_EDGE('',*,*,#3390,.F.);
#3390 = EDGE_CURVE('',#328,#1892,#3391,.T.);
#3391 = LINE('',#3392,#3393);
#3392 = CARTESIAN_POINT('',(46.,-29.5,0.));
#3393 = VECTOR('',#3394,1.);
#3394 = DIRECTION('',(0.,0.,1.));
#3395 = ORIENTED_EDGE('',*,*,#335,.F.);
#3396 = PLANE('',#3397);
#3397 = AXIS2_PLACEMENT_3D('',#3398,#3399,#3400);
#3398 = CARTESIAN_POINT('',(30.,-11.5,0.));
#3399 = DIRECTION('',(0.747409318684,0.66436383883,-0.));
#3400 = DIRECTION('',(0.66436383883,-0.747409318684,0.));
#3401 = ADVANCED_FACE('',(#3402),#3413,.T.);
#3402 = FACE_BOUND('',#3403,.T.);
#3403 = EDGE_LOOP('',(#3404,#3410,#3411,#3412));
#3404 = ORIENTED_EDGE('',*,*,#3405,.T.);
#3405 = EDGE_CURVE('',#176,#1740,#3406,.T.);
#3406 = LINE('',#3407,#3408);
#3407 = CARTESIAN_POINT('',(6.3,5.1549,0.));
#3408 = VECTOR('',#3409,1.);
#3409 = DIRECTION('',(0.,0.,1.));
#3410 = ORIENTED_EDGE('',*,*,#1739,.T.);
#3411 = ORIENTED_EDGE('',*,*,#3371,.F.);
#3412 = ORIENTED_EDGE('',*,*,#175,.F.);
#3413 = PLANE('',#3414);
#3414 = AXIS2_PLACEMENT_3D('',#3415,#3416,#3417);
#3415 = CARTESIAN_POINT('',(6.3,5.1549,0.));
#3416 = DIRECTION('',(-1.,0.,0.));
#3417 = DIRECTION('',(0.,1.,0.));
#3418 = ADVANCED_FACE('',(#3419),#3430,.T.);
#3419 = FACE_BOUND('',#3420,.T.);
#3420 = EDGE_LOOP('',(#3421,#3422,#3423,#3429));
#3421 = ORIENTED_EDGE('',*,*,#3390,.T.);
#3422 = ORIENTED_EDGE('',*,*,#1891,.T.);
#3423 = ORIENTED_EDGE('',*,*,#3424,.F.);
#3424 = EDGE_CURVE('',#320,#1884,#3425,.T.);
#3425 = LINE('',#3426,#3427);
#3426 = CARTESIAN_POINT('',(16.,-54.5,0.));
#3427 = VECTOR('',#3428,1.);
#3428 = DIRECTION('',(0.,0.,1.));
#3429 = ORIENTED_EDGE('',*,*,#327,.F.);
#3430 = PLANE('',#3431);
#3431 = AXIS2_PLACEMENT_3D('',#3432,#3433,#3434);
#3432 = CARTESIAN_POINT('',(46.,-29.5,0.));
#3433 = DIRECTION('',(0.640184399664,-0.768221279597,0.));
#3434 = DIRECTION('',(-0.768221279597,-0.640184399664,0.));
#3435 = ADVANCED_FACE('',(#3436),#3447,.T.);
#3436 = FACE_BOUND('',#3437,.T.);
#3437 = EDGE_LOOP('',(#3438,#3444,#3445,#3446));
#3438 = ORIENTED_EDGE('',*,*,#3439,.T.);
#3439 = EDGE_CURVE('',#184,#1748,#3440,.T.);
#3440 = LINE('',#3441,#3442);
#3441 = CARTESIAN_POINT('',(5.3,4.1549,0.));
#3442 = VECTOR('',#3443,1.);
#3443 = DIRECTION('',(0.,0.,1.));
#3444 = ORIENTED_EDGE('',*,*,#1747,.T.);
#3445 = ORIENTED_EDGE('',*,*,#3405,.F.);
#3446 = ORIENTED_EDGE('',*,*,#183,.F.);
#3447 = PLANE('',#3448);
#3448 = AXIS2_PLACEMENT_3D('',#3449,#3450,#3451);
#3449 = CARTESIAN_POINT('',(5.3,4.1549,0.));
#3450 = DIRECTION('',(-0.707106781187,0.707106781187,0.));
#3451 = DIRECTION('',(0.707106781187,0.707106781187,0.));
#3452 = ADVANCED_FACE('',(#3453),#3464,.T.);
#3453 = FACE_BOUND('',#3454,.T.);
#3454 = EDGE_LOOP('',(#3455,#3456,#3457,#3463));
#3455 = ORIENTED_EDGE('',*,*,#3424,.T.);
#3456 = ORIENTED_EDGE('',*,*,#1883,.T.);
#3457 = ORIENTED_EDGE('',*,*,#3458,.F.);
#3458 = EDGE_CURVE('',#312,#1876,#3459,.T.);
#3459 = LINE('',#3460,#3461);
#3460 = CARTESIAN_POINT('',(0.,-37.5,0.));
#3461 = VECTOR('',#3462,1.);
#3462 = DIRECTION('',(0.,0.,1.));
#3463 = ORIENTED_EDGE('',*,*,#319,.F.);
#3464 = PLANE('',#3465);
#3465 = AXIS2_PLACEMENT_3D('',#3466,#3467,#3468);
#3466 = CARTESIAN_POINT('',(16.,-54.5,0.));
#3467 = DIRECTION('',(-0.728199992693,-0.685364699005,0.));
#3468 = DIRECTION('',(-0.685364699005,0.728199992693,0.));
#3469 = ADVANCED_FACE('',(#3470),#3481,.T.);
#3470 = FACE_BOUND('',#3471,.T.);
#3471 = EDGE_LOOP('',(#3472,#3478,#3479,#3480));
#3472 = ORIENTED_EDGE('',*,*,#3473,.T.);
#3473 = EDGE_CURVE('',#192,#1756,#3474,.T.);
#3474 = LINE('',#3475,#3476);
#3475 = CARTESIAN_POINT('',(-5.3,4.1549,0.));
#3476 = VECTOR('',#3477,1.);
#3477 = DIRECTION('',(0.,0.,1.));
#3478 = ORIENTED_EDGE('',*,*,#1755,.T.);
#3479 = ORIENTED_EDGE('',*,*,#3439,.F.);
#3480 = ORIENTED_EDGE('',*,*,#191,.F.);
#3481 = PLANE('',#3482);
#3482 = AXIS2_PLACEMENT_3D('',#3483,#3484,#3485);
#3483 = CARTESIAN_POINT('',(-5.3,4.1549,0.));
#3484 = DIRECTION('',(0.,1.,0.));
#3485 = DIRECTION('',(1.,0.,0.));
#3486 = ADVANCED_FACE('',(#3487),#3498,.T.);
#3487 = FACE_BOUND('',#3488,.T.);
#3488 = EDGE_LOOP('',(#3489,#3490,#3491,#3497));
#3489 = ORIENTED_EDGE('',*,*,#3458,.T.);
#3490 = ORIENTED_EDGE('',*,*,#1875,.T.);
#3491 = ORIENTED_EDGE('',*,*,#3492,.F.);
#3492 = EDGE_CURVE('',#304,#1868,#3493,.T.);
#3493 = LINE('',#3494,#3495);
#3494 = CARTESIAN_POINT('',(-16.,-55.5,0.));
#3495 = VECTOR('',#3496,1.);
#3496 = DIRECTION('',(0.,0.,1.));
#3497 = ORIENTED_EDGE('',*,*,#311,.F.);
#3498 = PLANE('',#3499);
#3499 = AXIS2_PLACEMENT_3D('',#3500,#3501,#3502);
#3500 = CARTESIAN_POINT('',(0.,-37.5,0.));
#3501 = DIRECTION('',(0.747409318684,-0.66436383883,0.));
#3502 = DIRECTION('',(-0.66436383883,-0.747409318684,0.));
#3503 = ADVANCED_FACE('',(#3504),#3515,.T.);
#3504 = FACE_BOUND('',#3505,.T.);
#3505 = EDGE_LOOP('',(#3506,#3512,#3513,#3514));
#3506 = ORIENTED_EDGE('',*,*,#3507,.T.);
#3507 = EDGE_CURVE('',#200,#1764,#3508,.T.);
#3508 = LINE('',#3509,#3510);
#3509 = CARTESIAN_POINT('',(-6.3,5.1549,0.));
#3510 = VECTOR('',#3511,1.);
#3511 = DIRECTION('',(0.,0.,1.));
#3512 = ORIENTED_EDGE('',*,*,#1763,.T.);
#3513 = ORIENTED_EDGE('',*,*,#3473,.F.);
#3514 = ORIENTED_EDGE('',*,*,#199,.F.);
#3515 = PLANE('',#3516);
#3516 = AXIS2_PLACEMENT_3D('',#3517,#3518,#3519);
#3517 = CARTESIAN_POINT('',(-6.3,5.1549,0.));
#3518 = DIRECTION('',(0.707106781187,0.707106781187,-0.));
#3519 = DIRECTION('',(0.707106781187,-0.707106781187,0.));
#3520 = ADVANCED_FACE('',(#3521),#3532,.T.);
#3521 = FACE_BOUND('',#3522,.T.);
#3522 = EDGE_LOOP('',(#3523,#3524,#3525,#3531));
#3523 = ORIENTED_EDGE('',*,*,#3492,.T.);
#3524 = ORIENTED_EDGE('',*,*,#1867,.T.);
#3525 = ORIENTED_EDGE('',*,*,#3526,.F.);
#3526 = EDGE_CURVE('',#296,#1860,#3527,.T.);
#3527 = LINE('',#3528,#3529);
#3528 = CARTESIAN_POINT('',(-46.,-29.5,0.));
#3529 = VECTOR('',#3530,1.);
#3530 = DIRECTION('',(0.,0.,1.));
#3531 = ORIENTED_EDGE('',*,*,#303,.F.);
#3532 = PLANE('',#3533);
#3533 = AXIS2_PLACEMENT_3D('',#3534,#3535,#3536);
#3534 = CARTESIAN_POINT('',(-16.,-55.5,0.));
#3535 = DIRECTION('',(-0.654930538418,-0.75568908279,0.));
#3536 = DIRECTION('',(-0.75568908279,0.654930538418,0.));
#3537 = ADVANCED_FACE('',(#3538),#3549,.T.);
#3538 = FACE_BOUND('',#3539,.T.);
#3539 = EDGE_LOOP('',(#3540,#3546,#3547,#3548));
#3540 = ORIENTED_EDGE('',*,*,#3541,.T.);
#3541 = EDGE_CURVE('',#208,#1772,#3542,.T.);
#3542 = LINE('',#3543,#3544);
#3543 = CARTESIAN_POINT('',(-6.3,21.0749,0.));
#3544 = VECTOR('',#3545,1.);
#3545 = DIRECTION('',(0.,0.,1.));
#3546 = ORIENTED_EDGE('',*,*,#1771,.T.);
#3547 = ORIENTED_EDGE('',*,*,#3507,.F.);
#3548 = ORIENTED_EDGE('',*,*,#207,.F.);
#3549 = PLANE('',#3550);
#3550 = AXIS2_PLACEMENT_3D('',#3551,#3552,#3553);
#3551 = CARTESIAN_POINT('',(-6.3,21.0749,0.));
#3552 = DIRECTION('',(1.,0.,-0.));
#3553 = DIRECTION('',(0.,-1.,0.));
#3554 = ADVANCED_FACE('',(#3555),#3566,.T.);
#3555 = FACE_BOUND('',#3556,.T.);
#3556 = EDGE_LOOP('',(#3557,#3558,#3559,#3565));
#3557 = ORIENTED_EDGE('',*,*,#3526,.T.);
#3558 = ORIENTED_EDGE('',*,*,#1859,.T.);
#3559 = ORIENTED_EDGE('',*,*,#3560,.F.);
#3560 = EDGE_CURVE('',#288,#1852,#3561,.T.);
#3561 = LINE('',#3562,#3563);
#3562 = CARTESIAN_POINT('',(-30.,-11.5,0.));
#3563 = VECTOR('',#3564,1.);
#3564 = DIRECTION('',(0.,0.,1.));
#3565 = ORIENTED_EDGE('',*,*,#295,.F.);
#3566 = PLANE('',#3567);
#3567 = AXIS2_PLACEMENT_3D('',#3568,#3569,#3570);
#3568 = CARTESIAN_POINT('',(-46.,-29.5,0.));
#3569 = DIRECTION('',(-0.747409318684,0.66436383883,0.));
#3570 = DIRECTION('',(0.66436383883,0.747409318684,0.));
#3571 = ADVANCED_FACE('',(#3572),#3583,.T.);
#3572 = FACE_BOUND('',#3573,.T.);
#3573 = EDGE_LOOP('',(#3574,#3580,#3581,#3582));
#3574 = ORIENTED_EDGE('',*,*,#3575,.T.);
#3575 = EDGE_CURVE('',#216,#1780,#3576,.T.);
#3576 = LINE('',#3577,#3578);
#3577 = CARTESIAN_POINT('',(-6.3,23.5,0.));
#3578 = VECTOR('',#3579,1.);
#3579 = DIRECTION('',(0.,0.,1.));
#3580 = ORIENTED_EDGE('',*,*,#1779,.T.);
#3581 = ORIENTED_EDGE('',*,*,#3541,.F.);
#3582 = ORIENTED_EDGE('',*,*,#215,.F.);
#3583 = PLANE('',#3584);
#3584 = AXIS2_PLACEMENT_3D('',#3585,#3586,#3587);
#3585 = CARTESIAN_POINT('',(-6.3,23.5,0.));
#3586 = DIRECTION('',(1.,0.,-0.));
#3587 = DIRECTION('',(0.,-1.,0.));
#3588 = ADVANCED_FACE('',(#3589),#3600,.T.);
#3589 = FACE_BOUND('',#3590,.T.);
#3590 = EDGE_LOOP('',(#3591,#3592,#3593,#3599));
#3591 = ORIENTED_EDGE('',*,*,#3560,.T.);
#3592 = ORIENTED_EDGE('',*,*,#1851,.T.);
#3593 = ORIENTED_EDGE('',*,*,#3594,.F.);
#3594 = EDGE_CURVE('',#280,#1844,#3595,.T.);
#3595 = LINE('',#3596,#3597);
#3596 = CARTESIAN_POINT('',(-49.,0.5,0.));
#3597 = VECTOR('',#3598,1.);
#3598 = DIRECTION('',(0.,0.,1.));
#3599 = ORIENTED_EDGE('',*,*,#287,.F.);
#3600 = PLANE('',#3601);
#3601 = AXIS2_PLACEMENT_3D('',#3602,#3603,#3604);
#3602 = CARTESIAN_POINT('',(-30.,-11.5,0.));
#3603 = DIRECTION('',(-0.533992991388,-0.845488903031,0.));
#3604 = DIRECTION('',(-0.845488903031,0.533992991388,0.));
#3605 = ADVANCED_FACE('',(#3606),#3617,.T.);
#3606 = FACE_BOUND('',#3607,.T.);
#3607 = EDGE_LOOP('',(#3608,#3614,#3615,#3616));
#3608 = ORIENTED_EDGE('',*,*,#3609,.T.);
#3609 = EDGE_CURVE('',#224,#1788,#3610,.T.);
#3610 = LINE('',#3611,#3612);
#3611 = CARTESIAN_POINT('',(-36.,37.5,0.));
#3612 = VECTOR('',#3613,1.);
#3613 = DIRECTION('',(0.,0.,1.));
#3614 = ORIENTED_EDGE('',*,*,#1787,.T.);
#3615 = ORIENTED_EDGE('',*,*,#3575,.F.);
#3616 = ORIENTED_EDGE('',*,*,#223,.F.);
#3617 = PLANE('',#3618);
#3618 = AXIS2_PLACEMENT_3D('',#3619,#3620,#3621);
#3619 = CARTESIAN_POINT('',(-36.,37.5,0.));
#3620 = DIRECTION('',(0.426383634137,0.904542423848,-0.));
#3621 = DIRECTION('',(0.904542423848,-0.426383634137,0.));
#3622 = ADVANCED_FACE('',(#3623),#3634,.T.);
#3623 = FACE_BOUND('',#3624,.T.);
#3624 = EDGE_LOOP('',(#3625,#3626,#3627,#3633));
#3625 = ORIENTED_EDGE('',*,*,#3594,.T.);
#3626 = ORIENTED_EDGE('',*,*,#1843,.T.);
#3627 = ORIENTED_EDGE('',*,*,#3628,.F.);
#3628 = EDGE_CURVE('',#272,#1836,#3629,.T.);
#3629 = LINE('',#3630,#3631);
#3630 = CARTESIAN_POINT('',(-86.,6.5,0.));
#3631 = VECTOR('',#3632,1.);
#3632 = DIRECTION('',(0.,0.,1.));
#3633 = ORIENTED_EDGE('',*,*,#279,.F.);
#3634 = PLANE('',#3635);
#3635 = AXIS2_PLACEMENT_3D('',#3636,#3637,#3638);
#3636 = CARTESIAN_POINT('',(-49.,0.5,0.));
#3637 = DIRECTION('',(-0.160071158554,-0.987105477748,0.));
#3638 = DIRECTION('',(-0.987105477748,0.160071158554,0.));
#3639 = ADVANCED_FACE('',(#3640),#3651,.T.);
#3640 = FACE_BOUND('',#3641,.T.);
#3641 = EDGE_LOOP('',(#3642,#3648,#3649,#3650));
#3642 = ORIENTED_EDGE('',*,*,#3643,.T.);
#3643 = EDGE_CURVE('',#232,#1796,#3644,.T.);
#3644 = LINE('',#3645,#3646);
#3645 = CARTESIAN_POINT('',(-35.,52.5,0.));
#3646 = VECTOR('',#3647,1.);
#3647 = DIRECTION('',(0.,0.,1.));
#3648 = ORIENTED_EDGE('',*,*,#1795,.T.);
#3649 = ORIENTED_EDGE('',*,*,#3609,.F.);
#3650 = ORIENTED_EDGE('',*,*,#231,.F.);
#3651 = PLANE('',#3652);
#3652 = AXIS2_PLACEMENT_3D('',#3653,#3654,#3655);
#3653 = CARTESIAN_POINT('',(-35.,52.5,0.));
#3654 = DIRECTION('',(0.997785157857,-6.651901052377E-02,0.));
#3655 = DIRECTION('',(-6.651901052377E-02,-0.997785157857,0.));
#3656 = ADVANCED_FACE('',(#3657),#3668,.T.);
#3657 = FACE_BOUND('',#3658,.T.);
#3658 = EDGE_LOOP('',(#3659,#3660,#3661,#3667));
#3659 = ORIENTED_EDGE('',*,*,#3628,.T.);
#3660 = ORIENTED_EDGE('',*,*,#1835,.T.);
#3661 = ORIENTED_EDGE('',*,*,#3662,.F.);
#3662 = EDGE_CURVE('',#264,#1828,#3663,.T.);
#3663 = LINE('',#3664,#3665);
#3664 = CARTESIAN_POINT('',(-107.,16.5,0.));
#3665 = VECTOR('',#3666,1.);
#3666 = DIRECTION('',(0.,0.,1.));
#3667 = ORIENTED_EDGE('',*,*,#271,.F.);
#3668 = PLANE('',#3669);
#3669 = AXIS2_PLACEMENT_3D('',#3670,#3671,#3672);
#3670 = CARTESIAN_POINT('',(-86.,6.5,0.));
#3671 = DIRECTION('',(-0.429933580392,-0.902860518824,0.));
#3672 = DIRECTION('',(-0.902860518824,0.429933580392,0.));
#3673 = ADVANCED_FACE('',(#3674),#3685,.T.);
#3674 = FACE_BOUND('',#3675,.T.);
#3675 = EDGE_LOOP('',(#3676,#3682,#3683,#3684));
#3676 = ORIENTED_EDGE('',*,*,#3677,.T.);
#3677 = EDGE_CURVE('',#240,#1804,#3678,.T.);
#3678 = LINE('',#3679,#3680);
#3679 = CARTESIAN_POINT('',(-60.,55.5,0.));
#3680 = VECTOR('',#3681,1.);
#3681 = DIRECTION('',(0.,0.,1.));
#3682 = ORIENTED_EDGE('',*,*,#1803,.T.);
#3683 = ORIENTED_EDGE('',*,*,#3643,.F.);
#3684 = ORIENTED_EDGE('',*,*,#239,.F.);
#3685 = PLANE('',#3686);
#3686 = AXIS2_PLACEMENT_3D('',#3687,#3688,#3689);
#3687 = CARTESIAN_POINT('',(-60.,55.5,0.));
#3688 = DIRECTION('',(0.119145220618,0.992876838487,-0.));
#3689 = DIRECTION('',(0.992876838487,-0.119145220618,0.));
#3690 = ADVANCED_FACE('',(#3691),#3702,.T.);
#3691 = FACE_BOUND('',#3692,.T.);
#3692 = EDGE_LOOP('',(#3693,#3694,#3695,#3701));
#3693 = ORIENTED_EDGE('',*,*,#3662,.T.);
#3694 = ORIENTED_EDGE('',*,*,#1827,.T.);
#3695 = ORIENTED_EDGE('',*,*,#3696,.F.);
#3696 = EDGE_CURVE('',#256,#1820,#3697,.T.);
#3697 = LINE('',#3698,#3699);
#3698 = CARTESIAN_POINT('',(-92.,43.5,0.));
#3699 = VECTOR('',#3700,1.);
#3700 = DIRECTION('',(0.,0.,1.));
#3701 = ORIENTED_EDGE('',*,*,#263,.F.);
#3702 = PLANE('',#3703);
#3703 = AXIS2_PLACEMENT_3D('',#3704,#3705,#3706);
#3704 = CARTESIAN_POINT('',(-107.,16.5,0.));
#3705 = DIRECTION('',(-0.874157276122,0.485642931179,0.));
#3706 = DIRECTION('',(0.485642931179,0.874157276122,0.));
#3707 = ADVANCED_FACE('',(#3708),#3719,.T.);
#3708 = FACE_BOUND('',#3709,.T.);
#3709 = EDGE_LOOP('',(#3710,#3716,#3717,#3718));
#3710 = ORIENTED_EDGE('',*,*,#3711,.T.);
#3711 = EDGE_CURVE('',#248,#1812,#3712,.T.);
#3712 = LINE('',#3713,#3714);
#3713 = CARTESIAN_POINT('',(-78.,52.5,0.));
#3714 = VECTOR('',#3715,1.);
#3715 = DIRECTION('',(0.,0.,1.));
#3716 = ORIENTED_EDGE('',*,*,#1811,.T.);
#3717 = ORIENTED_EDGE('',*,*,#3677,.F.);
#3718 = ORIENTED_EDGE('',*,*,#247,.F.);
#3719 = PLANE('',#3720);
#3720 = AXIS2_PLACEMENT_3D('',#3721,#3722,#3723);
#3721 = CARTESIAN_POINT('',(-78.,52.5,0.));
#3722 = DIRECTION('',(-0.164398987305,0.986393923832,0.));
#3723 = DIRECTION('',(0.986393923832,0.164398987305,0.));
#3724 = ADVANCED_FACE('',(#3725),#3731,.T.);
#3725 = FACE_BOUND('',#3726,.T.);
#3726 = EDGE_LOOP('',(#3727,#3728,#3729,#3730));
#3727 = ORIENTED_EDGE('',*,*,#3696,.T.);
#3728 = ORIENTED_EDGE('',*,*,#1819,.T.);
#3729 = ORIENTED_EDGE('',*,*,#3711,.F.);
#3730 = ORIENTED_EDGE('',*,*,#255,.F.);
#3731 = PLANE('',#3732);
#3732 = AXIS2_PLACEMENT_3D('',#3733,#3734,#3735);
#3733 = CARTESIAN_POINT('',(-92.,43.5,0.));
#3734 = DIRECTION('',(-0.540757591313,0.841178475377,0.));
#3735 = DIRECTION('',(0.841178475377,0.540757591313,0.));
#3736 = ADVANCED_FACE('',(#3737),#3748,.F.);
#3737 = FACE_BOUND('',#3738,.T.);
#3738 = EDGE_LOOP('',(#3739,#3740,#3746,#3747));
#3739 = ORIENTED_EDGE('',*,*,#368,.T.);
#3740 = ORIENTED_EDGE('',*,*,#3741,.T.);
#3741 = EDGE_CURVE('',#369,#1933,#3742,.T.);
#3742 = LINE('',#3743,#3744);
#3743 = CARTESIAN_POINT('',(-17.483388,-47.678714,-4.6E-02));
#3744 = VECTOR('',#3745,1.);
#3745 = DIRECTION('',(0.,0.,1.));
#3746 = ORIENTED_EDGE('',*,*,#1932,.F.);
#3747 = ORIENTED_EDGE('',*,*,#3741,.F.);
#3748 = CYLINDRICAL_SURFACE('',#3749,1.5);
#3749 = AXIS2_PLACEMENT_3D('',#3750,#3751,#3752);
#3750 = CARTESIAN_POINT('',(-17.483388,-46.178714,-4.6E-02));
#3751 = DIRECTION('',(-0.,-0.,-1.));
#3752 = DIRECTION('',(-0.,-1.,0.));
#3753 = ADVANCED_FACE('',(#3754),#3765,.F.);
#3754 = FACE_BOUND('',#3755,.T.);
#3755 = EDGE_LOOP('',(#3756,#3757,#3763,#3764));
#3756 = ORIENTED_EDGE('',*,*,#379,.T.);
#3757 = ORIENTED_EDGE('',*,*,#3758,.T.);
#3758 = EDGE_CURVE('',#380,#1944,#3759,.T.);
#3759 = LINE('',#3760,#3761);
#3760 = CARTESIAN_POINT('',(-20.619594,-44.913789,-4.6E-02));
#3761 = VECTOR('',#3762,1.);
#3762 = DIRECTION('',(0.,0.,1.));
#3763 = ORIENTED_EDGE('',*,*,#1943,.F.);
#3764 = ORIENTED_EDGE('',*,*,#3758,.F.);
#3765 = CYLINDRICAL_SURFACE('',#3766,0.8509);
#3766 = AXIS2_PLACEMENT_3D('',#3767,#3768,#3769);
#3767 = CARTESIAN_POINT('',(-20.619594,-44.062889,-4.6E-02));
#3768 = DIRECTION('',(-0.,-0.,-1.));
#3769 = DIRECTION('',(-0.,-1.,0.));
#3770 = ADVANCED_FACE('',(#3771),#3782,.F.);
#3771 = FACE_BOUND('',#3772,.T.);
#3772 = EDGE_LOOP('',(#3773,#3774,#3780,#3781));
#3773 = ORIENTED_EDGE('',*,*,#390,.T.);
#3774 = ORIENTED_EDGE('',*,*,#3775,.T.);
#3775 = EDGE_CURVE('',#391,#1955,#3776,.T.);
#3776 = LINE('',#3777,#3778);
#3777 = CARTESIAN_POINT('',(-12.518601,-45.400361,-4.6E-02));
#3778 = VECTOR('',#3779,1.);
#3779 = DIRECTION('',(0.,0.,1.));
#3780 = ORIENTED_EDGE('',*,*,#1954,.F.);
#3781 = ORIENTED_EDGE('',*,*,#3775,.F.);
#3782 = CYLINDRICAL_SURFACE('',#3783,1.5);
#3783 = AXIS2_PLACEMENT_3D('',#3784,#3785,#3786);
#3784 = CARTESIAN_POINT('',(-12.518601,-43.900361,-4.6E-02));
#3785 = DIRECTION('',(-0.,-0.,-1.));
#3786 = DIRECTION('',(-0.,-1.,0.));
#3787 = ADVANCED_FACE('',(#3788),#3799,.F.);
#3788 = FACE_BOUND('',#3789,.T.);
#3789 = EDGE_LOOP('',(#3790,#3791,#3797,#3798));
#3790 = ORIENTED_EDGE('',*,*,#401,.T.);
#3791 = ORIENTED_EDGE('',*,*,#3792,.T.);
#3792 = EDGE_CURVE('',#402,#1966,#3793,.T.);
#3793 = LINE('',#3794,#3795);
#3794 = CARTESIAN_POINT('',(-16.968,-41.6645,-4.6E-02));
#3795 = VECTOR('',#3796,1.);
#3796 = DIRECTION('',(0.,0.,1.));
#3797 = ORIENTED_EDGE('',*,*,#1965,.F.);
#3798 = ORIENTED_EDGE('',*,*,#3792,.F.);
#3799 = CYLINDRICAL_SURFACE('',#3800,1.7145);
#3800 = AXIS2_PLACEMENT_3D('',#3801,#3802,#3803);
#3801 = CARTESIAN_POINT('',(-16.968,-39.95,-4.6E-02));
#3802 = DIRECTION('',(-0.,-0.,-1.));
#3803 = DIRECTION('',(-0.,-1.,0.));
#3804 = ADVANCED_FACE('',(#3805),#3816,.F.);
#3805 = FACE_BOUND('',#3806,.T.);
#3806 = EDGE_LOOP('',(#3807,#3808,#3814,#3815));
#3807 = ORIENTED_EDGE('',*,*,#412,.T.);
#3808 = ORIENTED_EDGE('',*,*,#3809,.T.);
#3809 = EDGE_CURVE('',#413,#1977,#3810,.T.);
#3810 = LINE('',#3811,#3812);
#3811 = CARTESIAN_POINT('',(-13.316406,-36.688011,-4.6E-02));
#3812 = VECTOR('',#3813,1.);
#3813 = DIRECTION('',(0.,0.,1.));
#3814 = ORIENTED_EDGE('',*,*,#1976,.F.);
#3815 = ORIENTED_EDGE('',*,*,#3809,.F.);
#3816 = CYLINDRICAL_SURFACE('',#3817,0.8509);
#3817 = AXIS2_PLACEMENT_3D('',#3818,#3819,#3820);
#3818 = CARTESIAN_POINT('',(-13.316406,-35.837111,-4.6E-02));
#3819 = DIRECTION('',(-0.,-0.,-1.));
#3820 = DIRECTION('',(-0.,-1.,0.));
#3821 = ADVANCED_FACE('',(#3822),#3833,.F.);
#3822 = FACE_BOUND('',#3823,.T.);
#3823 = EDGE_LOOP('',(#3824,#3825,#3831,#3832));
#3824 = ORIENTED_EDGE('',*,*,#423,.T.);
#3825 = ORIENTED_EDGE('',*,*,#3826,.T.);
#3826 = EDGE_CURVE('',#424,#1988,#3827,.T.);
#3827 = LINE('',#3828,#3829);
#3828 = CARTESIAN_POINT('',(-33.325794,-33.615289,-4.6E-02));
#3829 = VECTOR('',#3830,1.);
#3830 = DIRECTION('',(0.,0.,1.));
#3831 = ORIENTED_EDGE('',*,*,#1987,.F.);
#3832 = ORIENTED_EDGE('',*,*,#3826,.F.);
#3833 = CYLINDRICAL_SURFACE('',#3834,0.8509);
#3834 = AXIS2_PLACEMENT_3D('',#3835,#3836,#3837);
#3835 = CARTESIAN_POINT('',(-33.325794,-32.764389,-4.6E-02));
#3836 = DIRECTION('',(-0.,-0.,-1.));
#3837 = DIRECTION('',(-0.,-1.,0.));
#3838 = ADVANCED_FACE('',(#3839),#3850,.F.);
#3839 = FACE_BOUND('',#3840,.T.);
#3840 = EDGE_LOOP('',(#3841,#3842,#3848,#3849));
#3841 = ORIENTED_EDGE('',*,*,#434,.T.);
#3842 = ORIENTED_EDGE('',*,*,#3843,.T.);
#3843 = EDGE_CURVE('',#435,#1999,#3844,.T.);
#3844 = LINE('',#3845,#3846);
#3845 = CARTESIAN_POINT('',(-30.189588,-36.380214,-4.6E-02));
#3846 = VECTOR('',#3847,1.);
#3847 = DIRECTION('',(0.,0.,1.));
#3848 = ORIENTED_EDGE('',*,*,#1998,.F.);
#3849 = ORIENTED_EDGE('',*,*,#3843,.F.);
#3850 = CYLINDRICAL_SURFACE('',#3851,1.5);
#3851 = AXIS2_PLACEMENT_3D('',#3852,#3853,#3854);
#3852 = CARTESIAN_POINT('',(-30.189588,-34.880214,-4.6E-02));
#3853 = DIRECTION('',(-0.,-0.,-1.));
#3854 = DIRECTION('',(-0.,-1.,0.));
#3855 = ADVANCED_FACE('',(#3856),#3867,.F.);
#3856 = FACE_BOUND('',#3857,.T.);
#3857 = EDGE_LOOP('',(#3858,#3859,#3865,#3866));
#3858 = ORIENTED_EDGE('',*,*,#445,.T.);
#3859 = ORIENTED_EDGE('',*,*,#3860,.T.);
#3860 = EDGE_CURVE('',#446,#2010,#3861,.T.);
#3861 = LINE('',#3862,#3863);
#3862 = CARTESIAN_POINT('',(-29.6742,-30.366,-4.6E-02));
#3863 = VECTOR('',#3864,1.);
#3864 = DIRECTION('',(0.,0.,1.));
#3865 = ORIENTED_EDGE('',*,*,#2009,.F.);
#3866 = ORIENTED_EDGE('',*,*,#3860,.F.);
#3867 = CYLINDRICAL_SURFACE('',#3868,1.7145);
#3868 = AXIS2_PLACEMENT_3D('',#3869,#3870,#3871);
#3869 = CARTESIAN_POINT('',(-29.6742,-28.6515,-4.6E-02));
#3870 = DIRECTION('',(-0.,-0.,-1.));
#3871 = DIRECTION('',(-0.,-1.,0.));
#3872 = ADVANCED_FACE('',(#3873),#3884,.F.);
#3873 = FACE_BOUND('',#3874,.T.);
#3874 = EDGE_LOOP('',(#3875,#3876,#3882,#3883));
#3875 = ORIENTED_EDGE('',*,*,#456,.T.);
#3876 = ORIENTED_EDGE('',*,*,#3877,.T.);
#3877 = EDGE_CURVE('',#457,#2021,#3878,.T.);
#3878 = LINE('',#3879,#3880);
#3879 = CARTESIAN_POINT('',(-26.022606,-25.389511,-4.6E-02));
#3880 = VECTOR('',#3881,1.);
#3881 = DIRECTION('',(0.,0.,1.));
#3882 = ORIENTED_EDGE('',*,*,#2020,.F.);
#3883 = ORIENTED_EDGE('',*,*,#3877,.F.);
#3884 = CYLINDRICAL_SURFACE('',#3885,0.8509);
#3885 = AXIS2_PLACEMENT_3D('',#3886,#3887,#3888);
#3886 = CARTESIAN_POINT('',(-26.022606,-24.538611,-4.6E-02));
#3887 = DIRECTION('',(-0.,-0.,-1.));
#3888 = DIRECTION('',(-0.,-1.,0.));
#3889 = ADVANCED_FACE('',(#3890),#3901,.F.);
#3890 = FACE_BOUND('',#3891,.T.);
#3891 = EDGE_LOOP('',(#3892,#3893,#3899,#3900));
#3892 = ORIENTED_EDGE('',*,*,#467,.T.);
#3893 = ORIENTED_EDGE('',*,*,#3894,.T.);
#3894 = EDGE_CURVE('',#468,#2032,#3895,.T.);
#3895 = LINE('',#3896,#3897);
#3896 = CARTESIAN_POINT('',(-16.643057,-33.753304,-4.6E-02));
#3897 = VECTOR('',#3898,1.);
#3898 = DIRECTION('',(0.,0.,1.));
#3899 = ORIENTED_EDGE('',*,*,#2031,.F.);
#3900 = ORIENTED_EDGE('',*,*,#3894,.F.);
#3901 = CYLINDRICAL_SURFACE('',#3902,0.4953);
#3902 = AXIS2_PLACEMENT_3D('',#3903,#3904,#3905);
#3903 = CARTESIAN_POINT('',(-16.643057,-33.258004,-4.6E-02));
#3904 = DIRECTION('',(-0.,-0.,-1.));
#3905 = DIRECTION('',(-0.,-1.,0.));
#3906 = ADVANCED_FACE('',(#3907),#3918,.F.);
#3907 = FACE_BOUND('',#3908,.T.);
#3908 = EDGE_LOOP('',(#3909,#3910,#3916,#3917));
#3909 = ORIENTED_EDGE('',*,*,#478,.T.);
#3910 = ORIENTED_EDGE('',*,*,#3911,.T.);
#3911 = EDGE_CURVE('',#479,#2043,#3912,.T.);
#3912 = LINE('',#3913,#3914);
#3913 = CARTESIAN_POINT('',(-25.224801,-34.101861,-4.6E-02));
#3914 = VECTOR('',#3915,1.);
#3915 = DIRECTION('',(0.,0.,1.));
#3916 = ORIENTED_EDGE('',*,*,#2042,.F.);
#3917 = ORIENTED_EDGE('',*,*,#3911,.F.);
#3918 = CYLINDRICAL_SURFACE('',#3919,1.5);
#3919 = AXIS2_PLACEMENT_3D('',#3920,#3921,#3922);
#3920 = CARTESIAN_POINT('',(-25.224801,-32.601861,-4.6E-02));
#3921 = DIRECTION('',(-0.,-0.,-1.));
#3922 = DIRECTION('',(-0.,-1.,0.));
#3923 = ADVANCED_FACE('',(#3924),#3935,.F.);
#3924 = FACE_BOUND('',#3925,.T.);
#3925 = EDGE_LOOP('',(#3926,#3927,#3933,#3934));
#3926 = ORIENTED_EDGE('',*,*,#489,.T.);
#3927 = ORIENTED_EDGE('',*,*,#3928,.T.);
#3928 = EDGE_CURVE('',#490,#2054,#3929,.T.);
#3929 = LINE('',#3930,#3931);
#3930 = CARTESIAN_POINT('',(-29.349257,-22.454804,-4.6E-02));
#3931 = VECTOR('',#3932,1.);
#3932 = DIRECTION('',(0.,0.,1.));
#3933 = ORIENTED_EDGE('',*,*,#2053,.F.);
#3934 = ORIENTED_EDGE('',*,*,#3928,.F.);
#3935 = CYLINDRICAL_SURFACE('',#3936,0.4953);
#3936 = AXIS2_PLACEMENT_3D('',#3937,#3938,#3939);
#3937 = CARTESIAN_POINT('',(-29.349257,-21.959504,-4.6E-02));
#3938 = DIRECTION('',(-0.,-0.,-1.));
#3939 = DIRECTION('',(-0.,-1.,0.));
#3940 = ADVANCED_FACE('',(#3941),#3952,.F.);
#3941 = FACE_BOUND('',#3942,.T.);
#3942 = EDGE_LOOP('',(#3943,#3944,#3950,#3951));
#3943 = ORIENTED_EDGE('',*,*,#500,.T.);
#3944 = ORIENTED_EDGE('',*,*,#3945,.T.);
#3945 = EDGE_CURVE('',#501,#2065,#3946,.T.);
#3946 = LINE('',#3947,#3948);
#3947 = CARTESIAN_POINT('',(-16.,-24.6,-4.6E-02));
#3948 = VECTOR('',#3949,1.);
#3949 = DIRECTION('',(0.,0.,1.));
#3950 = ORIENTED_EDGE('',*,*,#2064,.F.);
#3951 = ORIENTED_EDGE('',*,*,#3945,.F.);
#3952 = CYLINDRICAL_SURFACE('',#3953,1.1);
#3953 = AXIS2_PLACEMENT_3D('',#3954,#3955,#3956);
#3954 = CARTESIAN_POINT('',(-16.,-23.5,-4.6E-02));
#3955 = DIRECTION('',(-0.,-0.,-1.));
#3956 = DIRECTION('',(-0.,-1.,0.));
#3957 = ADVANCED_FACE('',(#3958),#3969,.F.);
#3958 = FACE_BOUND('',#3959,.T.);
#3959 = EDGE_LOOP('',(#3960,#3961,#3967,#3968));
#3960 = ORIENTED_EDGE('',*,*,#511,.T.);
#3961 = ORIENTED_EDGE('',*,*,#3962,.T.);
#3962 = EDGE_CURVE('',#512,#2076,#3963,.T.);
#3963 = LINE('',#3964,#3965);
#3964 = CARTESIAN_POINT('',(-21.905,-13.22745,-4.6E-02));
#3965 = VECTOR('',#3966,1.);
#3966 = DIRECTION('',(0.,0.,1.));
#3967 = ORIENTED_EDGE('',*,*,#2075,.F.);
#3968 = ORIENTED_EDGE('',*,*,#3962,.F.);
#3969 = CYLINDRICAL_SURFACE('',#3970,1.18745);
#3970 = AXIS2_PLACEMENT_3D('',#3971,#3972,#3973);
#3971 = CARTESIAN_POINT('',(-21.905,-12.04,-4.6E-02));
#3972 = DIRECTION('',(-0.,-0.,-1.));
#3973 = DIRECTION('',(-0.,-1.,0.));
#3974 = ADVANCED_FACE('',(#3975),#3986,.F.);
#3975 = FACE_BOUND('',#3976,.T.);
#3976 = EDGE_LOOP('',(#3977,#3978,#3984,#3985));
#3977 = ORIENTED_EDGE('',*,*,#522,.T.);
#3978 = ORIENTED_EDGE('',*,*,#3979,.T.);
#3979 = EDGE_CURVE('',#523,#2087,#3980,.T.);
#3980 = LINE('',#3981,#3982);
#3981 = CARTESIAN_POINT('',(-19.365,-12.5353,-4.6E-02));
#3982 = VECTOR('',#3983,1.);
#3983 = DIRECTION('',(0.,0.,1.));
#3984 = ORIENTED_EDGE('',*,*,#2086,.F.);
#3985 = ORIENTED_EDGE('',*,*,#3979,.F.);
#3986 = CYLINDRICAL_SURFACE('',#3987,0.4953);
#3987 = AXIS2_PLACEMENT_3D('',#3988,#3989,#3990);
#3988 = CARTESIAN_POINT('',(-19.365,-12.04,-4.6E-02));
#3989 = DIRECTION('',(-0.,0.,-1.));
#3990 = DIRECTION('',(7.17285216798E-15,-1.,-0.));
#3991 = ADVANCED_FACE('',(#3992),#4003,.F.);
#3992 = FACE_BOUND('',#3993,.T.);
#3993 = EDGE_LOOP('',(#3994,#3995,#4001,#4002));
#3994 = ORIENTED_EDGE('',*,*,#533,.T.);
#3995 = ORIENTED_EDGE('',*,*,#3996,.T.);
#3996 = EDGE_CURVE('',#534,#2098,#3997,.T.);
#3997 = LINE('',#3998,#3999);
#3998 = CARTESIAN_POINT('',(-16.825,-13.22745,-4.6E-02));
#3999 = VECTOR('',#4000,1.);
#4000 = DIRECTION('',(0.,0.,1.));
#4001 = ORIENTED_EDGE('',*,*,#2097,.F.);
#4002 = ORIENTED_EDGE('',*,*,#3996,.F.);
#4003 = CYLINDRICAL_SURFACE('',#4004,1.18745);
#4004 = AXIS2_PLACEMENT_3D('',#4005,#4006,#4007);
#4005 = CARTESIAN_POINT('',(-16.825,-12.04,-4.6E-02));
#4006 = DIRECTION('',(-0.,-0.,-1.));
#4007 = DIRECTION('',(-0.,-1.,0.));
#4008 = ADVANCED_FACE('',(#4009),#4020,.F.);
#4009 = FACE_BOUND('',#4010,.T.);
#4010 = EDGE_LOOP('',(#4011,#4012,#4018,#4019));
#4011 = ORIENTED_EDGE('',*,*,#544,.T.);
#4012 = ORIENTED_EDGE('',*,*,#4013,.T.);
#4013 = EDGE_CURVE('',#545,#2109,#4014,.T.);
#4014 = LINE('',#4015,#4016);
#4015 = CARTESIAN_POINT('',(-21.905,-10.05245,-4.6E-02));
#4016 = VECTOR('',#4017,1.);
#4017 = DIRECTION('',(0.,0.,1.));
#4018 = ORIENTED_EDGE('',*,*,#2108,.F.);
#4019 = ORIENTED_EDGE('',*,*,#4013,.F.);
#4020 = CYLINDRICAL_SURFACE('',#4021,1.18745);
#4021 = AXIS2_PLACEMENT_3D('',#4022,#4023,#4024);
#4022 = CARTESIAN_POINT('',(-21.905,-8.865,-4.6E-02));
#4023 = DIRECTION('',(-0.,-0.,-1.));
#4024 = DIRECTION('',(-0.,-1.,0.));
#4025 = ADVANCED_FACE('',(#4026),#4037,.F.);
#4026 = FACE_BOUND('',#4027,.T.);
#4027 = EDGE_LOOP('',(#4028,#4029,#4035,#4036));
#4028 = ORIENTED_EDGE('',*,*,#555,.T.);
#4029 = ORIENTED_EDGE('',*,*,#4030,.T.);
#4030 = EDGE_CURVE('',#556,#2120,#4031,.T.);
#4031 = LINE('',#4032,#4033);
#4032 = CARTESIAN_POINT('',(-16.825,-10.05245,-4.6E-02));
#4033 = VECTOR('',#4034,1.);
#4034 = DIRECTION('',(0.,0.,1.));
#4035 = ORIENTED_EDGE('',*,*,#2119,.F.);
#4036 = ORIENTED_EDGE('',*,*,#4030,.F.);
#4037 = CYLINDRICAL_SURFACE('',#4038,1.18745);
#4038 = AXIS2_PLACEMENT_3D('',#4039,#4040,#4041);
#4039 = CARTESIAN_POINT('',(-16.825,-8.865,-4.6E-02));
#4040 = DIRECTION('',(-0.,-0.,-1.));
#4041 = DIRECTION('',(-0.,-1.,0.));
#4042 = ADVANCED_FACE('',(#4043),#4054,.F.);
#4043 = FACE_BOUND('',#4044,.T.);
#4044 = EDGE_LOOP('',(#4045,#4046,#4052,#4053));
#4045 = ORIENTED_EDGE('',*,*,#566,.T.);
#4046 = ORIENTED_EDGE('',*,*,#4047,.T.);
#4047 = EDGE_CURVE('',#567,#2131,#4048,.T.);
#4048 = LINE('',#4049,#4050);
#4049 = CARTESIAN_POINT('',(-20.381,-7.4553,-4.6E-02));
#4050 = VECTOR('',#4051,1.);
#4051 = DIRECTION('',(0.,0.,1.));
#4052 = ORIENTED_EDGE('',*,*,#2130,.F.);
#4053 = ORIENTED_EDGE('',*,*,#4047,.F.);
#4054 = CYLINDRICAL_SURFACE('',#4055,0.4953);
#4055 = AXIS2_PLACEMENT_3D('',#4056,#4057,#4058);
#4056 = CARTESIAN_POINT('',(-20.381,-6.96,-4.6E-02));
#4057 = DIRECTION('',(-0.,-0.,-1.));
#4058 = DIRECTION('',(-0.,-1.,0.));
#4059 = ADVANCED_FACE('',(#4060),#4071,.F.);
#4060 = FACE_BOUND('',#4061,.T.);
#4061 = EDGE_LOOP('',(#4062,#4063,#4069,#4070));
#4062 = ORIENTED_EDGE('',*,*,#577,.T.);
#4063 = ORIENTED_EDGE('',*,*,#4064,.T.);
#4064 = EDGE_CURVE('',#578,#2142,#4065,.T.);
#4065 = LINE('',#4066,#4067);
#4066 = CARTESIAN_POINT('',(-18.349,-7.4553,-4.6E-02));
#4067 = VECTOR('',#4068,1.);
#4068 = DIRECTION('',(0.,0.,1.));
#4069 = ORIENTED_EDGE('',*,*,#2141,.F.);
#4070 = ORIENTED_EDGE('',*,*,#4064,.F.);
#4071 = CYLINDRICAL_SURFACE('',#4072,0.4953);
#4072 = AXIS2_PLACEMENT_3D('',#4073,#4074,#4075);
#4073 = CARTESIAN_POINT('',(-18.349,-6.96,-4.6E-02));
#4074 = DIRECTION('',(-0.,-0.,-1.));
#4075 = DIRECTION('',(-0.,-1.,0.));
#4076 = ADVANCED_FACE('',(#4077),#4088,.F.);
#4077 = FACE_BOUND('',#4078,.T.);
#4078 = EDGE_LOOP('',(#4079,#4080,#4086,#4087));
#4079 = ORIENTED_EDGE('',*,*,#588,.T.);
#4080 = ORIENTED_EDGE('',*,*,#4081,.T.);
#4081 = EDGE_CURVE('',#589,#2153,#4082,.T.);
#4082 = LINE('',#4083,#4084);
#4083 = CARTESIAN_POINT('',(12.518601,-45.400361,-4.6E-02));
#4084 = VECTOR('',#4085,1.);
#4085 = DIRECTION('',(0.,0.,1.));
#4086 = ORIENTED_EDGE('',*,*,#2152,.F.);
#4087 = ORIENTED_EDGE('',*,*,#4081,.F.);
#4088 = CYLINDRICAL_SURFACE('',#4089,1.5);
#4089 = AXIS2_PLACEMENT_3D('',#4090,#4091,#4092);
#4090 = CARTESIAN_POINT('',(12.518601,-43.900361,-4.6E-02));
#4091 = DIRECTION('',(-0.,-0.,-1.));
#4092 = DIRECTION('',(-0.,-1.,0.));
#4093 = ADVANCED_FACE('',(#4094),#4105,.F.);
#4094 = FACE_BOUND('',#4095,.T.);
#4095 = EDGE_LOOP('',(#4096,#4097,#4103,#4104));
#4096 = ORIENTED_EDGE('',*,*,#599,.T.);
#4097 = ORIENTED_EDGE('',*,*,#4098,.T.);
#4098 = EDGE_CURVE('',#600,#2164,#4099,.T.);
#4099 = LINE('',#4100,#4101);
#4100 = CARTESIAN_POINT('',(20.619594,-44.913789,-4.6E-02));
#4101 = VECTOR('',#4102,1.);
#4102 = DIRECTION('',(0.,0.,1.));
#4103 = ORIENTED_EDGE('',*,*,#2163,.F.);
#4104 = ORIENTED_EDGE('',*,*,#4098,.F.);
#4105 = CYLINDRICAL_SURFACE('',#4106,0.8509);
#4106 = AXIS2_PLACEMENT_3D('',#4107,#4108,#4109);
#4107 = CARTESIAN_POINT('',(20.619594,-44.062889,-4.6E-02));
#4108 = DIRECTION('',(-0.,-0.,-1.));
#4109 = DIRECTION('',(-0.,-1.,0.));
#4110 = ADVANCED_FACE('',(#4111),#4122,.F.);
#4111 = FACE_BOUND('',#4112,.T.);
#4112 = EDGE_LOOP('',(#4113,#4114,#4120,#4121));
#4113 = ORIENTED_EDGE('',*,*,#610,.T.);
#4114 = ORIENTED_EDGE('',*,*,#4115,.T.);
#4115 = EDGE_CURVE('',#611,#2175,#4116,.T.);
#4116 = LINE('',#4117,#4118);
#4117 = CARTESIAN_POINT('',(10.844126,-40.200733,-4.6E-02));
#4118 = VECTOR('',#4119,1.);
#4119 = DIRECTION('',(0.,0.,1.));
#4120 = ORIENTED_EDGE('',*,*,#2174,.F.);
#4121 = ORIENTED_EDGE('',*,*,#4115,.F.);
#4122 = CYLINDRICAL_SURFACE('',#4123,1.5);
#4123 = AXIS2_PLACEMENT_3D('',#4124,#4125,#4126);
#4124 = CARTESIAN_POINT('',(10.844126,-38.700733,-4.6E-02));
#4125 = DIRECTION('',(-0.,-0.,-1.));
#4126 = DIRECTION('',(-0.,-1.,0.));
#4127 = ADVANCED_FACE('',(#4128),#4139,.F.);
#4128 = FACE_BOUND('',#4129,.T.);
#4129 = EDGE_LOOP('',(#4130,#4131,#4137,#4138));
#4130 = ORIENTED_EDGE('',*,*,#621,.T.);
#4131 = ORIENTED_EDGE('',*,*,#4132,.T.);
#4132 = EDGE_CURVE('',#622,#2186,#4133,.T.);
#4133 = LINE('',#4134,#4135);
#4134 = CARTESIAN_POINT('',(16.968,-41.6645,-4.6E-02));
#4135 = VECTOR('',#4136,1.);
#4136 = DIRECTION('',(0.,0.,1.));
#4137 = ORIENTED_EDGE('',*,*,#2185,.F.);
#4138 = ORIENTED_EDGE('',*,*,#4132,.F.);
#4139 = CYLINDRICAL_SURFACE('',#4140,1.7145);
#4140 = AXIS2_PLACEMENT_3D('',#4141,#4142,#4143);
#4141 = CARTESIAN_POINT('',(16.968,-39.95,-4.6E-02));
#4142 = DIRECTION('',(-0.,-0.,-1.));
#4143 = DIRECTION('',(-0.,-1.,0.));
#4144 = ADVANCED_FACE('',(#4145),#4156,.F.);
#4145 = FACE_BOUND('',#4146,.T.);
#4146 = EDGE_LOOP('',(#4147,#4148,#4154,#4155));
#4147 = ORIENTED_EDGE('',*,*,#632,.T.);
#4148 = ORIENTED_EDGE('',*,*,#4149,.T.);
#4149 = EDGE_CURVE('',#633,#2197,#4150,.T.);
#4150 = LINE('',#4151,#4152);
#4151 = CARTESIAN_POINT('',(13.316406,-36.688011,-4.6E-02));
#4152 = VECTOR('',#4153,1.);
#4153 = DIRECTION('',(0.,0.,1.));
#4154 = ORIENTED_EDGE('',*,*,#2196,.F.);
#4155 = ORIENTED_EDGE('',*,*,#4149,.F.);
#4156 = CYLINDRICAL_SURFACE('',#4157,0.8509);
#4157 = AXIS2_PLACEMENT_3D('',#4158,#4159,#4160);
#4158 = CARTESIAN_POINT('',(13.316406,-35.837111,-4.6E-02));
#4159 = DIRECTION('',(-0.,-0.,-1.));
#4160 = DIRECTION('',(-0.,-1.,0.));
#4161 = ADVANCED_FACE('',(#4162),#4173,.F.);
#4162 = FACE_BOUND('',#4163,.T.);
#4163 = EDGE_LOOP('',(#4164,#4165,#4171,#4172));
#4164 = ORIENTED_EDGE('',*,*,#643,.T.);
#4165 = ORIENTED_EDGE('',*,*,#4166,.T.);
#4166 = EDGE_CURVE('',#644,#2208,#4167,.T.);
#4167 = LINE('',#4168,#4169);
#4168 = CARTESIAN_POINT('',(23.574447,-41.560316,-4.6E-02));
#4169 = VECTOR('',#4170,1.);
#4170 = DIRECTION('',(0.,0.,1.));
#4171 = ORIENTED_EDGE('',*,*,#2207,.F.);
#4172 = ORIENTED_EDGE('',*,*,#4166,.F.);
#4173 = CYLINDRICAL_SURFACE('',#4174,0.4953);
#4174 = AXIS2_PLACEMENT_3D('',#4175,#4176,#4177);
#4175 = CARTESIAN_POINT('',(23.574447,-41.065016,-4.6E-02));
#4176 = DIRECTION('',(-0.,-0.,-1.));
#4177 = DIRECTION('',(-0.,-1.,0.));
#4178 = ADVANCED_FACE('',(#4179),#4190,.F.);
#4179 = FACE_BOUND('',#4180,.T.);
#4180 = EDGE_LOOP('',(#4181,#4182,#4188,#4189));
#4181 = ORIENTED_EDGE('',*,*,#654,.T.);
#4182 = ORIENTED_EDGE('',*,*,#4183,.T.);
#4183 = EDGE_CURVE('',#655,#2219,#4184,.T.);
#4184 = LINE('',#4185,#4186);
#4185 = CARTESIAN_POINT('',(33.325794,-33.615289,-4.6E-02));
#4186 = VECTOR('',#4187,1.);
#4187 = DIRECTION('',(0.,0.,1.));
#4188 = ORIENTED_EDGE('',*,*,#2218,.F.);
#4189 = ORIENTED_EDGE('',*,*,#4183,.F.);
#4190 = CYLINDRICAL_SURFACE('',#4191,0.8509);
#4191 = AXIS2_PLACEMENT_3D('',#4192,#4193,#4194);
#4192 = CARTESIAN_POINT('',(33.325794,-32.764389,-4.6E-02));
#4193 = DIRECTION('',(-0.,-0.,-1.));
#4194 = DIRECTION('',(-0.,-1.,0.));
#4195 = ADVANCED_FACE('',(#4196),#4207,.F.);
#4196 = FACE_BOUND('',#4197,.T.);
#4197 = EDGE_LOOP('',(#4198,#4199,#4205,#4206));
#4198 = ORIENTED_EDGE('',*,*,#665,.T.);
#4199 = ORIENTED_EDGE('',*,*,#4200,.T.);
#4200 = EDGE_CURVE('',#666,#2230,#4201,.T.);
#4201 = LINE('',#4202,#4203);
#4202 = CARTESIAN_POINT('',(25.224801,-34.101861,-4.6E-02));
#4203 = VECTOR('',#4204,1.);
#4204 = DIRECTION('',(0.,0.,1.));
#4205 = ORIENTED_EDGE('',*,*,#2229,.F.);
#4206 = ORIENTED_EDGE('',*,*,#4200,.F.);
#4207 = CYLINDRICAL_SURFACE('',#4208,1.5);
#4208 = AXIS2_PLACEMENT_3D('',#4209,#4210,#4211);
#4209 = CARTESIAN_POINT('',(25.224801,-32.601861,-4.6E-02));
#4210 = DIRECTION('',(-0.,-0.,-1.));
#4211 = DIRECTION('',(-0.,-1.,0.));
#4212 = ADVANCED_FACE('',(#4213),#4224,.F.);
#4213 = FACE_BOUND('',#4214,.T.);
#4214 = EDGE_LOOP('',(#4215,#4216,#4222,#4223));
#4215 = ORIENTED_EDGE('',*,*,#676,.T.);
#4216 = ORIENTED_EDGE('',*,*,#4217,.T.);
#4217 = EDGE_CURVE('',#677,#2241,#4218,.T.);
#4218 = LINE('',#4219,#4220);
#4219 = CARTESIAN_POINT('',(36.280647,-30.261816,-4.6E-02));
#4220 = VECTOR('',#4221,1.);
#4221 = DIRECTION('',(0.,0.,1.));
#4222 = ORIENTED_EDGE('',*,*,#2240,.F.);
#4223 = ORIENTED_EDGE('',*,*,#4217,.F.);
#4224 = CYLINDRICAL_SURFACE('',#4225,0.4953);
#4225 = AXIS2_PLACEMENT_3D('',#4226,#4227,#4228);
#4226 = CARTESIAN_POINT('',(36.280647,-29.766516,-4.6E-02));
#4227 = DIRECTION('',(-0.,-0.,-1.));
#4228 = DIRECTION('',(-0.,-1.,0.));
#4229 = ADVANCED_FACE('',(#4230),#4241,.F.);
#4230 = FACE_BOUND('',#4231,.T.);
#4231 = EDGE_LOOP('',(#4232,#4233,#4239,#4240));
#4232 = ORIENTED_EDGE('',*,*,#687,.T.);
#4233 = ORIENTED_EDGE('',*,*,#4234,.T.);
#4234 = EDGE_CURVE('',#688,#2252,#4235,.T.);
#4235 = LINE('',#4236,#4237);
#4236 = CARTESIAN_POINT('',(23.550326,-28.902233,-4.6E-02));
#4237 = VECTOR('',#4238,1.);
#4238 = DIRECTION('',(0.,0.,1.));
#4239 = ORIENTED_EDGE('',*,*,#2251,.F.);
#4240 = ORIENTED_EDGE('',*,*,#4234,.F.);
#4241 = CYLINDRICAL_SURFACE('',#4242,1.5);
#4242 = AXIS2_PLACEMENT_3D('',#4243,#4244,#4245);
#4243 = CARTESIAN_POINT('',(23.550326,-27.402233,-4.6E-02));
#4244 = DIRECTION('',(-0.,-0.,-1.));
#4245 = DIRECTION('',(-0.,-1.,0.));
#4246 = ADVANCED_FACE('',(#4247),#4258,.F.);
#4247 = FACE_BOUND('',#4248,.T.);
#4248 = EDGE_LOOP('',(#4249,#4250,#4256,#4257));
#4249 = ORIENTED_EDGE('',*,*,#698,.T.);
#4250 = ORIENTED_EDGE('',*,*,#4251,.T.);
#4251 = EDGE_CURVE('',#699,#2263,#4252,.T.);
#4252 = LINE('',#4253,#4254);
#4253 = CARTESIAN_POINT('',(29.6742,-30.366,-4.6E-02));
#4254 = VECTOR('',#4255,1.);
#4255 = DIRECTION('',(0.,0.,1.));
#4256 = ORIENTED_EDGE('',*,*,#2262,.F.);
#4257 = ORIENTED_EDGE('',*,*,#4251,.F.);
#4258 = CYLINDRICAL_SURFACE('',#4259,1.7145);
#4259 = AXIS2_PLACEMENT_3D('',#4260,#4261,#4262);
#4260 = CARTESIAN_POINT('',(29.6742,-28.6515,-4.6E-02));
#4261 = DIRECTION('',(-0.,-0.,-1.));
#4262 = DIRECTION('',(-0.,-1.,0.));
#4263 = ADVANCED_FACE('',(#4264),#4275,.F.);
#4264 = FACE_BOUND('',#4265,.T.);
#4265 = EDGE_LOOP('',(#4266,#4267,#4273,#4274));
#4266 = ORIENTED_EDGE('',*,*,#709,.T.);
#4267 = ORIENTED_EDGE('',*,*,#4268,.T.);
#4268 = EDGE_CURVE('',#710,#2274,#4269,.T.);
#4269 = LINE('',#4270,#4271);
#4270 = CARTESIAN_POINT('',(26.022606,-25.389511,-4.6E-02));
#4271 = VECTOR('',#4272,1.);
#4272 = DIRECTION('',(0.,0.,1.));
#4273 = ORIENTED_EDGE('',*,*,#2273,.F.);
#4274 = ORIENTED_EDGE('',*,*,#4268,.F.);
#4275 = CYLINDRICAL_SURFACE('',#4276,0.8509);
#4276 = AXIS2_PLACEMENT_3D('',#4277,#4278,#4279);
#4277 = CARTESIAN_POINT('',(26.022606,-24.538611,-4.6E-02));
#4278 = DIRECTION('',(-0.,-0.,-1.));
#4279 = DIRECTION('',(-0.,-1.,0.));
#4280 = ADVANCED_FACE('',(#4281),#4292,.F.);
#4281 = FACE_BOUND('',#4282,.T.);
#4282 = EDGE_LOOP('',(#4283,#4284,#4290,#4291));
#4283 = ORIENTED_EDGE('',*,*,#720,.T.);
#4284 = ORIENTED_EDGE('',*,*,#4285,.T.);
#4285 = EDGE_CURVE('',#721,#2285,#4286,.T.);
#4286 = LINE('',#4287,#4288);
#4287 = CARTESIAN_POINT('',(16.,-24.6,-4.6E-02));
#4288 = VECTOR('',#4289,1.);
#4289 = DIRECTION('',(0.,0.,1.));
#4290 = ORIENTED_EDGE('',*,*,#2284,.F.);
#4291 = ORIENTED_EDGE('',*,*,#4285,.F.);
#4292 = CYLINDRICAL_SURFACE('',#4293,1.1);
#4293 = AXIS2_PLACEMENT_3D('',#4294,#4295,#4296);
#4294 = CARTESIAN_POINT('',(16.,-23.5,-4.6E-02));
#4295 = DIRECTION('',(-0.,-0.,-1.));
#4296 = DIRECTION('',(-0.,-1.,0.));
#4297 = ADVANCED_FACE('',(#4298),#4309,.F.);
#4298 = FACE_BOUND('',#4299,.T.);
#4299 = EDGE_LOOP('',(#4300,#4301,#4307,#4308));
#4300 = ORIENTED_EDGE('',*,*,#731,.T.);
#4301 = ORIENTED_EDGE('',*,*,#4302,.T.);
#4302 = EDGE_CURVE('',#732,#2296,#4303,.T.);
#4303 = LINE('',#4304,#4305);
#4304 = CARTESIAN_POINT('',(34.739457,-1.861777,-4.6E-02));
#4305 = VECTOR('',#4306,1.);
#4306 = DIRECTION('',(0.,0.,1.));
#4307 = ORIENTED_EDGE('',*,*,#2295,.F.);
#4308 = ORIENTED_EDGE('',*,*,#4302,.F.);
#4309 = CYLINDRICAL_SURFACE('',#4310,1.5);
#4310 = AXIS2_PLACEMENT_3D('',#4311,#4312,#4313);
#4311 = CARTESIAN_POINT('',(34.739457,-0.361777,-4.6E-02));
#4312 = DIRECTION('',(-0.,-0.,-1.));
#4313 = DIRECTION('',(-0.,-1.,0.));
#4314 = ADVANCED_FACE('',(#4315),#4326,.F.);
#4315 = FACE_BOUND('',#4316,.T.);
#4316 = EDGE_LOOP('',(#4317,#4318,#4324,#4325));
#4317 = ORIENTED_EDGE('',*,*,#742,.T.);
#4318 = ORIENTED_EDGE('',*,*,#4319,.T.);
#4319 = EDGE_CURVE('',#743,#2307,#4320,.T.);
#4320 = LINE('',#4321,#4322);
#4321 = CARTESIAN_POINT('',(-60.,8.4,-4.6E-02));
#4322 = VECTOR('',#4323,1.);
#4323 = DIRECTION('',(0.,0.,1.));
#4324 = ORIENTED_EDGE('',*,*,#2306,.F.);
#4325 = ORIENTED_EDGE('',*,*,#4319,.F.);
#4326 = CYLINDRICAL_SURFACE('',#4327,1.1);
#4327 = AXIS2_PLACEMENT_3D('',#4328,#4329,#4330);
#4328 = CARTESIAN_POINT('',(-60.,9.5,-4.6E-02));
#4329 = DIRECTION('',(-0.,-0.,-1.));
#4330 = DIRECTION('',(-0.,-1.,0.));
#4331 = ADVANCED_FACE('',(#4332),#4343,.F.);
#4332 = FACE_BOUND('',#4333,.T.);
#4333 = EDGE_LOOP('',(#4334,#4335,#4341,#4342));
#4334 = ORIENTED_EDGE('',*,*,#753,.T.);
#4335 = ORIENTED_EDGE('',*,*,#4336,.T.);
#4336 = EDGE_CURVE('',#754,#2318,#4337,.T.);
#4337 = LINE('',#4338,#4339);
#4338 = CARTESIAN_POINT('',(-93.224992,14.486234,-4.6E-02));
#4339 = VECTOR('',#4340,1.);
#4340 = DIRECTION('',(0.,0.,1.));
#4341 = ORIENTED_EDGE('',*,*,#2317,.F.);
#4342 = ORIENTED_EDGE('',*,*,#4336,.F.);
#4343 = CYLINDRICAL_SURFACE('',#4344,1.5);
#4344 = AXIS2_PLACEMENT_3D('',#4345,#4346,#4347);
#4345 = CARTESIAN_POINT('',(-93.224992,15.986234,-4.6E-02));
#4346 = DIRECTION('',(-0.,-0.,-1.));
#4347 = DIRECTION('',(-0.,-1.,0.));
#4348 = ADVANCED_FACE('',(#4349),#4360,.F.);
#4349 = FACE_BOUND('',#4350,.T.);
#4350 = EDGE_LOOP('',(#4351,#4352,#4358,#4359));
#4351 = ORIENTED_EDGE('',*,*,#764,.T.);
#4352 = ORIENTED_EDGE('',*,*,#4353,.T.);
#4353 = EDGE_CURVE('',#765,#2329,#4354,.T.);
#4354 = LINE('',#4355,#4356);
#4355 = CARTESIAN_POINT('',(-96.673857,18.722427,-4.6E-02));
#4356 = VECTOR('',#4357,1.);
#4357 = DIRECTION('',(0.,0.,1.));
#4358 = ORIENTED_EDGE('',*,*,#2328,.F.);
#4359 = ORIENTED_EDGE('',*,*,#4353,.F.);
#4360 = CYLINDRICAL_SURFACE('',#4361,1.5);
#4361 = AXIS2_PLACEMENT_3D('',#4362,#4363,#4364);
#4362 = CARTESIAN_POINT('',(-96.673857,20.222427,-4.6E-02));
#4363 = DIRECTION('',(-0.,-0.,-1.));
#4364 = DIRECTION('',(-0.,-1.,0.));
#4365 = ADVANCED_FACE('',(#4366),#4377,.F.);
#4366 = FACE_BOUND('',#4367,.T.);
#4367 = EDGE_LOOP('',(#4368,#4369,#4375,#4376));
#4368 = ORIENTED_EDGE('',*,*,#775,.T.);
#4369 = ORIENTED_EDGE('',*,*,#4370,.T.);
#4370 = EDGE_CURVE('',#776,#2340,#4371,.T.);
#4371 = LINE('',#4372,#4373);
#4372 = CARTESIAN_POINT('',(-95.41067,22.937597,-4.6E-02));
#4373 = VECTOR('',#4374,1.);
#4374 = DIRECTION('',(0.,0.,1.));
#4375 = ORIENTED_EDGE('',*,*,#2339,.F.);
#4376 = ORIENTED_EDGE('',*,*,#4370,.F.);
#4377 = CYLINDRICAL_SURFACE('',#4378,0.8509);
#4378 = AXIS2_PLACEMENT_3D('',#4379,#4380,#4381);
#4379 = CARTESIAN_POINT('',(-95.41067,23.788497,-4.6E-02));
#4380 = DIRECTION('',(-0.,0.,-1.));
#4381 = DIRECTION('',(1.670096922694E-14,-1.,-0.));
#4382 = ADVANCED_FACE('',(#4383),#4394,.F.);
#4383 = FACE_BOUND('',#4384,.T.);
#4384 = EDGE_LOOP('',(#4385,#4386,#4392,#4393));
#4385 = ORIENTED_EDGE('',*,*,#786,.T.);
#4386 = ORIENTED_EDGE('',*,*,#4387,.T.);
#4387 = EDGE_CURVE('',#787,#2351,#4388,.T.);
#4388 = LINE('',#4389,#4390);
#4389 = CARTESIAN_POINT('',(-90.5145,19.5685,-4.6E-02));
#4390 = VECTOR('',#4391,1.);
#4391 = DIRECTION('',(0.,0.,1.));
#4392 = ORIENTED_EDGE('',*,*,#2350,.F.);
#4393 = ORIENTED_EDGE('',*,*,#4387,.F.);
#4394 = CYLINDRICAL_SURFACE('',#4395,1.7145);
#4395 = AXIS2_PLACEMENT_3D('',#4396,#4397,#4398);
#4396 = CARTESIAN_POINT('',(-90.5145,21.283,-4.6E-02));
#4397 = DIRECTION('',(-0.,-0.,-1.));
#4398 = DIRECTION('',(-0.,-1.,0.));
#4399 = ADVANCED_FACE('',(#4400),#4411,.F.);
#4400 = FACE_BOUND('',#4401,.T.);
#4401 = EDGE_LOOP('',(#4402,#4403,#4409,#4410));
#4402 = ORIENTED_EDGE('',*,*,#797,.T.);
#4403 = ORIENTED_EDGE('',*,*,#4404,.T.);
#4404 = EDGE_CURVE('',#798,#2362,#4405,.T.);
#4405 = LINE('',#4406,#4407);
#4406 = CARTESIAN_POINT('',(-85.61833,17.926603,-4.6E-02));
#4407 = VECTOR('',#4408,1.);
#4408 = DIRECTION('',(0.,0.,1.));
#4409 = ORIENTED_EDGE('',*,*,#2361,.F.);
#4410 = ORIENTED_EDGE('',*,*,#4404,.F.);
#4411 = CYLINDRICAL_SURFACE('',#4412,0.8509);
#4412 = AXIS2_PLACEMENT_3D('',#4413,#4414,#4415);
#4413 = CARTESIAN_POINT('',(-85.61833,18.777503,-4.6E-02));
#4414 = DIRECTION('',(-0.,-0.,-1.));
#4415 = DIRECTION('',(-0.,-1.,0.));
#4416 = ADVANCED_FACE('',(#4417),#4428,.F.);
#4417 = FACE_BOUND('',#4418,.T.);
#4418 = EDGE_LOOP('',(#4419,#4420,#4426,#4427));
#4419 = ORIENTED_EDGE('',*,*,#808,.T.);
#4420 = ORIENTED_EDGE('',*,*,#4421,.T.);
#4421 = EDGE_CURVE('',#809,#2373,#4422,.T.);
#4422 = LINE('',#4423,#4424);
#4423 = CARTESIAN_POINT('',(-74.347168,18.920472,-4.6E-02));
#4424 = VECTOR('',#4425,1.);
#4425 = DIRECTION('',(0.,0.,1.));
#4426 = ORIENTED_EDGE('',*,*,#2372,.F.);
#4427 = ORIENTED_EDGE('',*,*,#4421,.F.);
#4428 = CYLINDRICAL_SURFACE('',#4429,1.5);
#4429 = AXIS2_PLACEMENT_3D('',#4430,#4431,#4432);
#4430 = CARTESIAN_POINT('',(-74.347168,20.420472,-4.6E-02));
#4431 = DIRECTION('',(-0.,-0.,-1.));
#4432 = DIRECTION('',(-0.,-1.,0.));
#4433 = ADVANCED_FACE('',(#4434),#4445,.F.);
#4434 = FACE_BOUND('',#4435,.T.);
#4435 = EDGE_LOOP('',(#4436,#4437,#4443,#4444));
#4436 = ORIENTED_EDGE('',*,*,#819,.T.);
#4437 = ORIENTED_EDGE('',*,*,#4438,.T.);
#4438 = EDGE_CURVE('',#820,#2384,#4439,.T.);
#4439 = LINE('',#4440,#4441);
#4440 = CARTESIAN_POINT('',(-83.954301,22.148648,-4.6E-02));
#4441 = VECTOR('',#4442,1.);
#4442 = DIRECTION('',(0.,0.,1.));
#4443 = ORIENTED_EDGE('',*,*,#2383,.F.);
#4444 = ORIENTED_EDGE('',*,*,#4438,.F.);
#4445 = CYLINDRICAL_SURFACE('',#4446,0.4953);
#4446 = AXIS2_PLACEMENT_3D('',#4447,#4448,#4449);
#4447 = CARTESIAN_POINT('',(-83.954301,22.643948,-4.6E-02));
#4448 = DIRECTION('',(-0.,-0.,-1.));
#4449 = DIRECTION('',(-0.,-1.,0.));
#4450 = ADVANCED_FACE('',(#4451),#4462,.F.);
#4451 = FACE_BOUND('',#4452,.T.);
#4452 = EDGE_LOOP('',(#4453,#4454,#4460,#4461));
#4453 = ORIENTED_EDGE('',*,*,#830,.T.);
#4454 = ORIENTED_EDGE('',*,*,#4455,.T.);
#4455 = EDGE_CURVE('',#831,#2395,#4456,.T.);
#4456 = LINE('',#4457,#4458);
#4457 = CARTESIAN_POINT('',(-75.010265,23.294193,-4.6E-02));
#4458 = VECTOR('',#4459,1.);
#4459 = DIRECTION('',(0.,0.,1.));
#4460 = ORIENTED_EDGE('',*,*,#2394,.F.);
#4461 = ORIENTED_EDGE('',*,*,#4455,.F.);
#4462 = CYLINDRICAL_SURFACE('',#4463,0.8509);
#4463 = AXIS2_PLACEMENT_3D('',#4464,#4465,#4466);
#4464 = CARTESIAN_POINT('',(-75.010265,24.145093,-4.6E-02));
#4465 = DIRECTION('',(-0.,-0.,-1.));
#4466 = DIRECTION('',(-0.,-1.,0.));
#4467 = ADVANCED_FACE('',(#4468),#4479,.F.);
#4468 = FACE_BOUND('',#4469,.T.);
#4469 = EDGE_LOOP('',(#4470,#4471,#4477,#4478));
#4470 = ORIENTED_EDGE('',*,*,#841,.T.);
#4471 = ORIENTED_EDGE('',*,*,#4472,.T.);
#4472 = EDGE_CURVE('',#842,#2406,#4473,.T.);
#4473 = LINE('',#4474,#4475);
#4474 = CARTESIAN_POINT('',(-69.255965,16.940663,-4.6E-02));
#4475 = VECTOR('',#4476,1.);
#4476 = DIRECTION('',(0.,0.,1.));
#4477 = ORIENTED_EDGE('',*,*,#2405,.F.);
#4478 = ORIENTED_EDGE('',*,*,#4472,.F.);
#4479 = CYLINDRICAL_SURFACE('',#4480,1.5);
#4480 = AXIS2_PLACEMENT_3D('',#4481,#4482,#4483);
#4481 = CARTESIAN_POINT('',(-69.255965,18.440663,-4.6E-02));
#4482 = DIRECTION('',(-0.,-0.,-1.));
#4483 = DIRECTION('',(-0.,-1.,0.));
#4484 = ADVANCED_FACE('',(#4485),#4496,.F.);
#4485 = FACE_BOUND('',#4486,.T.);
#4486 = EDGE_LOOP('',(#4487,#4488,#4494,#4495));
#4487 = ORIENTED_EDGE('',*,*,#852,.T.);
#4488 = ORIENTED_EDGE('',*,*,#4489,.T.);
#4489 = EDGE_CURVE('',#853,#2417,#4490,.T.);
#4490 = LINE('',#4491,#4492);
#4491 = CARTESIAN_POINT('',(-50.993233,18.536918,-4.6E-02));
#4492 = VECTOR('',#4493,1.);
#4493 = DIRECTION('',(0.,0.,1.));
#4494 = ORIENTED_EDGE('',*,*,#2416,.F.);
#4495 = ORIENTED_EDGE('',*,*,#4489,.F.);
#4496 = CYLINDRICAL_SURFACE('',#4497,1.5);
#4497 = AXIS2_PLACEMENT_3D('',#4498,#4499,#4500);
#4498 = CARTESIAN_POINT('',(-50.993233,20.036918,-4.6E-02));
#4499 = DIRECTION('',(-0.,-0.,-1.));
#4500 = DIRECTION('',(-0.,-1.,0.));
#4501 = ADVANCED_FACE('',(#4502),#4513,.F.);
#4502 = FACE_BOUND('',#4503,.T.);
#4503 = EDGE_LOOP('',(#4504,#4505,#4511,#4512));
#4504 = ORIENTED_EDGE('',*,*,#863,.T.);
#4505 = ORIENTED_EDGE('',*,*,#4506,.T.);
#4506 = EDGE_CURVE('',#864,#2428,#4507,.T.);
#4507 = LINE('',#4508,#4509);
#4508 = CARTESIAN_POINT('',(-55.678073,21.346236,-4.6E-02));
#4509 = VECTOR('',#4510,1.);
#4510 = DIRECTION('',(0.,0.,1.));
#4511 = ORIENTED_EDGE('',*,*,#2427,.F.);
#4512 = ORIENTED_EDGE('',*,*,#4506,.F.);
#4513 = CYLINDRICAL_SURFACE('',#4514,1.5);
#4514 = AXIS2_PLACEMENT_3D('',#4515,#4516,#4517);
#4515 = CARTESIAN_POINT('',(-55.678073,22.846236,-4.6E-02));
#4516 = DIRECTION('',(-0.,-0.,-1.));
#4517 = DIRECTION('',(-0.,-1.,0.));
#4518 = ADVANCED_FACE('',(#4519),#4530,.F.);
#4519 = FACE_BOUND('',#4520,.T.);
#4520 = EDGE_LOOP('',(#4521,#4522,#4528,#4529));
#4521 = ORIENTED_EDGE('',*,*,#874,.T.);
#4522 = ORIENTED_EDGE('',*,*,#4523,.T.);
#4523 = EDGE_CURVE('',#875,#2439,#4524,.T.);
#4524 = LINE('',#4525,#4526);
#4525 = CARTESIAN_POINT('',(-40.14552,-1.077886,-4.6E-02));
#4526 = VECTOR('',#4527,1.);
#4527 = DIRECTION('',(0.,0.,1.));
#4528 = ORIENTED_EDGE('',*,*,#2438,.F.);
#4529 = ORIENTED_EDGE('',*,*,#4523,.F.);
#4530 = CYLINDRICAL_SURFACE('',#4531,1.5);
#4531 = AXIS2_PLACEMENT_3D('',#4532,#4533,#4534);
#4532 = CARTESIAN_POINT('',(-40.14552,0.422114,-4.6E-02));
#4533 = DIRECTION('',(-0.,-0.,-1.));
#4534 = DIRECTION('',(-0.,-1.,0.));
#4535 = ADVANCED_FACE('',(#4536),#4547,.F.);
#4536 = FACE_BOUND('',#4537,.T.);
#4537 = EDGE_LOOP('',(#4538,#4539,#4545,#4546));
#4538 = ORIENTED_EDGE('',*,*,#885,.T.);
#4539 = ORIENTED_EDGE('',*,*,#4540,.T.);
#4540 = EDGE_CURVE('',#886,#2450,#4541,.T.);
#4541 = LINE('',#4542,#4543);
#4542 = CARTESIAN_POINT('',(-43.219938,3.437416,-4.6E-02));
#4543 = VECTOR('',#4544,1.);
#4544 = DIRECTION('',(0.,0.,1.));
#4545 = ORIENTED_EDGE('',*,*,#2449,.F.);
#4546 = ORIENTED_EDGE('',*,*,#4540,.F.);
#4547 = CYLINDRICAL_SURFACE('',#4548,1.5);
#4548 = AXIS2_PLACEMENT_3D('',#4549,#4550,#4551);
#4549 = CARTESIAN_POINT('',(-43.219938,4.937416,-4.6E-02));
#4550 = DIRECTION('',(-0.,-0.,-1.));
#4551 = DIRECTION('',(-0.,-1.,0.));
#4552 = ADVANCED_FACE('',(#4553),#4564,.F.);
#4553 = FACE_BOUND('',#4554,.T.);
#4554 = EDGE_LOOP('',(#4555,#4556,#4562,#4563));
#4555 = ORIENTED_EDGE('',*,*,#896,.T.);
#4556 = ORIENTED_EDGE('',*,*,#4557,.T.);
#4557 = EDGE_CURVE('',#897,#2461,#4558,.T.);
#4558 = LINE('',#4559,#4560);
#4559 = CARTESIAN_POINT('',(-32.328235,1.702544,-4.6E-02));
#4560 = VECTOR('',#4561,1.);
#4561 = DIRECTION('',(0.,0.,1.));
#4562 = ORIENTED_EDGE('',*,*,#2460,.F.);
#4563 = ORIENTED_EDGE('',*,*,#4557,.F.);
#4564 = CYLINDRICAL_SURFACE('',#4565,0.8509);
#4565 = AXIS2_PLACEMENT_3D('',#4566,#4567,#4568);
#4566 = CARTESIAN_POINT('',(-32.328235,2.553444,-4.6E-02));
#4567 = DIRECTION('',(-0.,-0.,-1.));
#4568 = DIRECTION('',(-0.,-1.,0.));
#4569 = ADVANCED_FACE('',(#4570),#4581,.F.);
#4570 = FACE_BOUND('',#4571,.T.);
#4571 = EDGE_LOOP('',(#4572,#4573,#4579,#4580));
#4572 = ORIENTED_EDGE('',*,*,#907,.T.);
#4573 = ORIENTED_EDGE('',*,*,#4574,.T.);
#4574 = EDGE_CURVE('',#908,#2472,#4575,.T.);
#4575 = LINE('',#4576,#4577);
#4576 = CARTESIAN_POINT('',(-36.9925,3.7535,-4.6E-02));
#4577 = VECTOR('',#4578,1.);
#4578 = DIRECTION('',(0.,0.,1.));
#4579 = ORIENTED_EDGE('',*,*,#2471,.F.);
#4580 = ORIENTED_EDGE('',*,*,#4574,.F.);
#4581 = CYLINDRICAL_SURFACE('',#4582,1.7145);
#4582 = AXIS2_PLACEMENT_3D('',#4583,#4584,#4585);
#4583 = CARTESIAN_POINT('',(-36.9925,5.468,-4.6E-02));
#4584 = DIRECTION('',(-0.,-0.,-1.));
#4585 = DIRECTION('',(-0.,-1.,0.));
#4586 = ADVANCED_FACE('',(#4587),#4598,.F.);
#4587 = FACE_BOUND('',#4588,.T.);
#4588 = EDGE_LOOP('',(#4589,#4590,#4596,#4597));
#4589 = ORIENTED_EDGE('',*,*,#918,.T.);
#4590 = ORIENTED_EDGE('',*,*,#4591,.T.);
#4591 = EDGE_CURVE('',#919,#2483,#4592,.T.);
#4592 = LINE('',#4593,#4594);
#4593 = CARTESIAN_POINT('',(-41.656765,7.531656,-4.6E-02));
#4594 = VECTOR('',#4595,1.);
#4595 = DIRECTION('',(0.,0.,1.));
#4596 = ORIENTED_EDGE('',*,*,#2482,.F.);
#4597 = ORIENTED_EDGE('',*,*,#4591,.F.);
#4598 = CYLINDRICAL_SURFACE('',#4599,0.8509);
#4599 = AXIS2_PLACEMENT_3D('',#4600,#4601,#4602);
#4600 = CARTESIAN_POINT('',(-41.656765,8.382556,-4.6E-02));
#4601 = DIRECTION('',(-0.,-0.,-1.));
#4602 = DIRECTION('',(-0.,-1.,0.));
#4603 = ADVANCED_FACE('',(#4604),#4615,.F.);
#4604 = FACE_BOUND('',#4605,.T.);
#4605 = EDGE_LOOP('',(#4606,#4607,#4613,#4614));
#4606 = ORIENTED_EDGE('',*,*,#929,.T.);
#4607 = ORIENTED_EDGE('',*,*,#4608,.T.);
#4608 = EDGE_CURVE('',#930,#2494,#4609,.T.);
#4609 = LINE('',#4610,#4611);
#4610 = CARTESIAN_POINT('',(-30.340028,5.768323,-4.6E-02));
#4611 = VECTOR('',#4612,1.);
#4612 = DIRECTION('',(0.,0.,1.));
#4613 = ORIENTED_EDGE('',*,*,#2493,.F.);
#4614 = ORIENTED_EDGE('',*,*,#4608,.F.);
#4615 = CYLINDRICAL_SURFACE('',#4616,0.4953);
#4616 = AXIS2_PLACEMENT_3D('',#4617,#4618,#4619);
#4617 = CARTESIAN_POINT('',(-30.340028,6.263623,-4.6E-02));
#4618 = DIRECTION('',(-0.,-0.,-1.));
#4619 = DIRECTION('',(-0.,-1.,0.));
#4620 = ADVANCED_FACE('',(#4621),#4632,.F.);
#4621 = FACE_BOUND('',#4622,.T.);
#4622 = EDGE_LOOP('',(#4623,#4624,#4630,#4631));
#4623 = ORIENTED_EDGE('',*,*,#940,.T.);
#4624 = ORIENTED_EDGE('',*,*,#4625,.T.);
#4625 = EDGE_CURVE('',#941,#2505,#4626,.T.);
#4626 = LINE('',#4627,#4628);
#4627 = CARTESIAN_POINT('',(-31.13852,13.341114,-4.6E-02));
#4628 = VECTOR('',#4629,1.);
#4629 = DIRECTION('',(0.,0.,1.));
#4630 = ORIENTED_EDGE('',*,*,#2504,.F.);
#4631 = ORIENTED_EDGE('',*,*,#4625,.F.);
#4632 = CYLINDRICAL_SURFACE('',#4633,1.5);
#4633 = AXIS2_PLACEMENT_3D('',#4634,#4635,#4636);
#4634 = CARTESIAN_POINT('',(-31.13852,14.841114,-4.6E-02));
#4635 = DIRECTION('',(-0.,-0.,-1.));
#4636 = DIRECTION('',(-0.,-1.,0.));
#4637 = ADVANCED_FACE('',(#4638),#4649,.F.);
#4638 = FACE_BOUND('',#4639,.T.);
#4639 = EDGE_LOOP('',(#4640,#4641,#4647,#4648));
#4640 = ORIENTED_EDGE('',*,*,#951,.T.);
#4641 = ORIENTED_EDGE('',*,*,#4642,.T.);
#4642 = EDGE_CURVE('',#952,#2516,#4643,.T.);
#4643 = LINE('',#4644,#4645);
#4644 = CARTESIAN_POINT('',(-34.212938,17.856416,-4.6E-02));
#4645 = VECTOR('',#4646,1.);
#4646 = DIRECTION('',(0.,0.,1.));
#4647 = ORIENTED_EDGE('',*,*,#2515,.F.);
#4648 = ORIENTED_EDGE('',*,*,#4642,.F.);
#4649 = CYLINDRICAL_SURFACE('',#4650,1.5);
#4650 = AXIS2_PLACEMENT_3D('',#4651,#4652,#4653);
#4651 = CARTESIAN_POINT('',(-34.212938,19.356416,-4.6E-02));
#4652 = DIRECTION('',(-0.,-0.,-1.));
#4653 = DIRECTION('',(-0.,-1.,0.));
#4654 = ADVANCED_FACE('',(#4655),#4666,.F.);
#4655 = FACE_BOUND('',#4656,.T.);
#4656 = EDGE_LOOP('',(#4657,#4658,#4664,#4665));
#4657 = ORIENTED_EDGE('',*,*,#962,.T.);
#4658 = ORIENTED_EDGE('',*,*,#4659,.T.);
#4659 = EDGE_CURVE('',#963,#2527,#4660,.T.);
#4660 = LINE('',#4661,#4662);
#4661 = CARTESIAN_POINT('',(-27.9855,18.1725,-4.6E-02));
#4662 = VECTOR('',#4663,1.);
#4663 = DIRECTION('',(0.,0.,1.));
#4664 = ORIENTED_EDGE('',*,*,#2526,.F.);
#4665 = ORIENTED_EDGE('',*,*,#4659,.F.);
#4666 = CYLINDRICAL_SURFACE('',#4667,1.7145);
#4667 = AXIS2_PLACEMENT_3D('',#4668,#4669,#4670);
#4668 = CARTESIAN_POINT('',(-27.9855,19.887,-4.6E-02));
#4669 = DIRECTION('',(-0.,0.,-1.));
#4670 = DIRECTION('',(2.072157292972E-15,-1.,-0.));
#4671 = ADVANCED_FACE('',(#4672),#4683,.F.);
#4672 = FACE_BOUND('',#4673,.T.);
#4673 = EDGE_LOOP('',(#4674,#4675,#4681,#4682));
#4674 = ORIENTED_EDGE('',*,*,#973,.T.);
#4675 = ORIENTED_EDGE('',*,*,#4676,.T.);
#4676 = EDGE_CURVE('',#974,#2538,#4677,.T.);
#4677 = LINE('',#4678,#4679);
#4678 = CARTESIAN_POINT('',(-32.649765,21.950656,-4.6E-02));
#4679 = VECTOR('',#4680,1.);
#4680 = DIRECTION('',(0.,0.,1.));
#4681 = ORIENTED_EDGE('',*,*,#2537,.F.);
#4682 = ORIENTED_EDGE('',*,*,#4676,.F.);
#4683 = CYLINDRICAL_SURFACE('',#4684,0.8509);
#4684 = AXIS2_PLACEMENT_3D('',#4685,#4686,#4687);
#4685 = CARTESIAN_POINT('',(-32.649765,22.801556,-4.6E-02));
#4686 = DIRECTION('',(-0.,-0.,-1.));
#4687 = DIRECTION('',(-0.,-1.,0.));
#4688 = ADVANCED_FACE('',(#4689),#4700,.F.);
#4689 = FACE_BOUND('',#4690,.T.);
#4690 = EDGE_LOOP('',(#4691,#4692,#4698,#4699));
#4691 = ORIENTED_EDGE('',*,*,#984,.T.);
#4692 = ORIENTED_EDGE('',*,*,#4693,.T.);
#4693 = EDGE_CURVE('',#985,#2549,#4694,.T.);
#4694 = LINE('',#4695,#4696);
#4695 = CARTESIAN_POINT('',(-23.321235,16.121544,-4.6E-02));
#4696 = VECTOR('',#4697,1.);
#4697 = DIRECTION('',(0.,0.,1.));
#4698 = ORIENTED_EDGE('',*,*,#2548,.F.);
#4699 = ORIENTED_EDGE('',*,*,#4693,.F.);
#4700 = CYLINDRICAL_SURFACE('',#4701,0.8509);
#4701 = AXIS2_PLACEMENT_3D('',#4702,#4703,#4704);
#4702 = CARTESIAN_POINT('',(-23.321235,16.972444,-4.6E-02));
#4703 = DIRECTION('',(-0.,-0.,-1.));
#4704 = DIRECTION('',(-0.,-1.,0.));
#4705 = ADVANCED_FACE('',(#4706),#4717,.F.);
#4706 = FACE_BOUND('',#4707,.T.);
#4707 = EDGE_LOOP('',(#4708,#4709,#4715,#4716));
#4708 = ORIENTED_EDGE('',*,*,#995,.T.);
#4709 = ORIENTED_EDGE('',*,*,#4710,.T.);
#4710 = EDGE_CURVE('',#996,#2560,#4711,.T.);
#4711 = LINE('',#4712,#4713);
#4712 = CARTESIAN_POINT('',(-21.333028,20.187323,-4.6E-02));
#4713 = VECTOR('',#4714,1.);
#4714 = DIRECTION('',(0.,0.,1.));
#4715 = ORIENTED_EDGE('',*,*,#2559,.F.);
#4716 = ORIENTED_EDGE('',*,*,#4710,.F.);
#4717 = CYLINDRICAL_SURFACE('',#4718,0.4953);
#4718 = AXIS2_PLACEMENT_3D('',#4719,#4720,#4721);
#4719 = CARTESIAN_POINT('',(-21.333028,20.682623,-4.6E-02));
#4720 = DIRECTION('',(-0.,-0.,-1.));
#4721 = DIRECTION('',(-0.,-1.,0.));
#4722 = ADVANCED_FACE('',(#4723),#4734,.F.);
#4723 = FACE_BOUND('',#4724,.T.);
#4724 = EDGE_LOOP('',(#4725,#4726,#4732,#4733));
#4725 = ORIENTED_EDGE('',*,*,#1006,.T.);
#4726 = ORIENTED_EDGE('',*,*,#4727,.T.);
#4727 = EDGE_CURVE('',#1007,#2571,#4728,.T.);
#4728 = LINE('',#4729,#4730);
#4729 = CARTESIAN_POINT('',(-69.5155,22.6705,-4.6E-02));
#4730 = VECTOR('',#4731,1.);
#4731 = DIRECTION('',(0.,0.,1.));
#4732 = ORIENTED_EDGE('',*,*,#2570,.F.);
#4733 = ORIENTED_EDGE('',*,*,#4727,.F.);
#4734 = CYLINDRICAL_SURFACE('',#4735,1.7145);
#4735 = AXIS2_PLACEMENT_3D('',#4736,#4737,#4738);
#4736 = CARTESIAN_POINT('',(-69.5155,24.385,-4.6E-02));
#4737 = DIRECTION('',(-0.,-0.,-1.));
#4738 = DIRECTION('',(-0.,-1.,0.));
#4739 = ADVANCED_FACE('',(#4740),#4751,.F.);
#4740 = FACE_BOUND('',#4741,.T.);
#4741 = EDGE_LOOP('',(#4742,#4743,#4749,#4750));
#4742 = ORIENTED_EDGE('',*,*,#1017,.T.);
#4743 = ORIENTED_EDGE('',*,*,#4744,.T.);
#4744 = EDGE_CURVE('',#1018,#2582,#4745,.T.);
#4745 = LINE('',#4746,#4747);
#4746 = CARTESIAN_POINT('',(-64.020735,23.774007,-4.6E-02));
#4747 = VECTOR('',#4748,1.);
#4748 = DIRECTION('',(0.,0.,1.));
#4749 = ORIENTED_EDGE('',*,*,#2581,.F.);
#4750 = ORIENTED_EDGE('',*,*,#4744,.F.);
#4751 = CYLINDRICAL_SURFACE('',#4752,0.8509);
#4752 = AXIS2_PLACEMENT_3D('',#4753,#4754,#4755);
#4753 = CARTESIAN_POINT('',(-64.020735,24.624907,-4.6E-02));
#4754 = DIRECTION('',(-0.,-0.,-1.));
#4755 = DIRECTION('',(-0.,-1.,0.));
#4756 = ADVANCED_FACE('',(#4757),#4768,.F.);
#4757 = FACE_BOUND('',#4758,.T.);
#4758 = EDGE_LOOP('',(#4759,#4760,#4766,#4767));
#4759 = ORIENTED_EDGE('',*,*,#1028,.T.);
#4760 = ORIENTED_EDGE('',*,*,#4761,.T.);
#4761 = EDGE_CURVE('',#1029,#2593,#4762,.T.);
#4762 = LINE('',#4763,#4764);
#4763 = CARTESIAN_POINT('',(-64.48367,28.313396,-4.6E-02));
#4764 = VECTOR('',#4765,1.);
#4765 = DIRECTION('',(0.,0.,1.));
#4766 = ORIENTED_EDGE('',*,*,#2592,.F.);
#4767 = ORIENTED_EDGE('',*,*,#4761,.F.);
#4768 = CYLINDRICAL_SURFACE('',#4769,0.4953);
#4769 = AXIS2_PLACEMENT_3D('',#4770,#4771,#4772);
#4770 = CARTESIAN_POINT('',(-64.48367,28.808696,-4.6E-02));
#4771 = DIRECTION('',(-0.,-0.,-1.));
#4772 = DIRECTION('',(-0.,-1.,0.));
#4773 = ADVANCED_FACE('',(#4774),#4785,.F.);
#4774 = FACE_BOUND('',#4775,.T.);
#4775 = EDGE_LOOP('',(#4776,#4777,#4783,#4784));
#4776 = ORIENTED_EDGE('',*,*,#1039,.T.);
#4777 = ORIENTED_EDGE('',*,*,#4778,.T.);
#4778 = EDGE_CURVE('',#1040,#2604,#4779,.T.);
#4779 = LINE('',#4780,#4781);
#4780 = CARTESIAN_POINT('',(-55.704131,25.778433,-4.6E-02));
#4781 = VECTOR('',#4782,1.);
#4782 = DIRECTION('',(0.,0.,1.));
#4783 = ORIENTED_EDGE('',*,*,#2603,.F.);
#4784 = ORIENTED_EDGE('',*,*,#4778,.F.);
#4785 = CYLINDRICAL_SURFACE('',#4786,0.8509);
#4786 = AXIS2_PLACEMENT_3D('',#4787,#4788,#4789);
#4787 = CARTESIAN_POINT('',(-55.704131,26.629333,-4.6E-02));
#4788 = DIRECTION('',(-0.,0.,-1.));
#4789 = DIRECTION('',(8.350484613469E-15,-1.,-0.));
#4790 = ADVANCED_FACE('',(#4791),#4802,.F.);
#4791 = FACE_BOUND('',#4792,.T.);
#4792 = EDGE_LOOP('',(#4793,#4794,#4800,#4801));
#4793 = ORIENTED_EDGE('',*,*,#1050,.T.);
#4794 = ORIENTED_EDGE('',*,*,#4795,.T.);
#4795 = EDGE_CURVE('',#1051,#2615,#4796,.T.);
#4796 = LINE('',#4797,#4798);
#4797 = CARTESIAN_POINT('',(-50.2475,24.2255,-4.6E-02));
#4798 = VECTOR('',#4799,1.);
#4799 = DIRECTION('',(0.,0.,1.));
#4800 = ORIENTED_EDGE('',*,*,#2614,.F.);
#4801 = ORIENTED_EDGE('',*,*,#4795,.F.);
#4802 = CYLINDRICAL_SURFACE('',#4803,1.7145);
#4803 = AXIS2_PLACEMENT_3D('',#4804,#4805,#4806);
#4804 = CARTESIAN_POINT('',(-50.2475,25.94,-4.6E-02));
#4805 = DIRECTION('',(-0.,-0.,-1.));
#4806 = DIRECTION('',(-0.,-1.,0.));
#4807 = ADVANCED_FACE('',(#4808),#4819,.F.);
#4808 = FACE_BOUND('',#4809,.T.);
#4809 = EDGE_LOOP('',(#4810,#4811,#4817,#4818));
#4810 = ORIENTED_EDGE('',*,*,#1061,.T.);
#4811 = ORIENTED_EDGE('',*,*,#4812,.T.);
#4812 = EDGE_CURVE('',#1062,#2626,#4813,.T.);
#4813 = LINE('',#4814,#4815);
#4814 = CARTESIAN_POINT('',(-70.007965,33.919663,-4.6E-02));
#4815 = VECTOR('',#4816,1.);
#4816 = DIRECTION('',(0.,0.,1.));
#4817 = ORIENTED_EDGE('',*,*,#2625,.F.);
#4818 = ORIENTED_EDGE('',*,*,#4812,.F.);
#4819 = CYLINDRICAL_SURFACE('',#4820,1.5);
#4820 = AXIS2_PLACEMENT_3D('',#4821,#4822,#4823);
#4821 = CARTESIAN_POINT('',(-70.007965,35.419663,-4.6E-02));
#4822 = DIRECTION('',(-0.,-0.,-1.));
#4823 = DIRECTION('',(-0.,-1.,0.));
#4824 = ADVANCED_FACE('',(#4825),#4836,.F.);
#4825 = FACE_BOUND('',#4826,.T.);
#4826 = EDGE_LOOP('',(#4827,#4828,#4834,#4835));
#4827 = ORIENTED_EDGE('',*,*,#1072,.T.);
#4828 = ORIENTED_EDGE('',*,*,#4829,.T.);
#4829 = EDGE_CURVE('',#1073,#2637,#4830,.T.);
#4830 = LINE('',#4831,#4832);
#4831 = CARTESIAN_POINT('',(-85.,35.4,-4.6E-02));
#4832 = VECTOR('',#4833,1.);
#4833 = DIRECTION('',(0.,0.,1.));
#4834 = ORIENTED_EDGE('',*,*,#2636,.F.);
#4835 = ORIENTED_EDGE('',*,*,#4829,.F.);
#4836 = CYLINDRICAL_SURFACE('',#4837,1.1);
#4837 = AXIS2_PLACEMENT_3D('',#4838,#4839,#4840);
#4838 = CARTESIAN_POINT('',(-85.,36.5,-4.6E-02));
#4839 = DIRECTION('',(-0.,-0.,-1.));
#4840 = DIRECTION('',(-0.,-1.,0.));
#4841 = ADVANCED_FACE('',(#4842),#4853,.F.);
#4842 = FACE_BOUND('',#4843,.T.);
#4843 = EDGE_LOOP('',(#4844,#4845,#4851,#4852));
#4844 = ORIENTED_EDGE('',*,*,#1083,.T.);
#4845 = ORIENTED_EDGE('',*,*,#4846,.T.);
#4846 = EDGE_CURVE('',#1084,#2648,#4847,.T.);
#4847 = LINE('',#4848,#4849);
#4848 = CARTESIAN_POINT('',(-75.099168,35.899472,-4.6E-02));
#4849 = VECTOR('',#4850,1.);
#4850 = DIRECTION('',(0.,0.,1.));
#4851 = ORIENTED_EDGE('',*,*,#2647,.F.);
#4852 = ORIENTED_EDGE('',*,*,#4846,.F.);
#4853 = CYLINDRICAL_SURFACE('',#4854,1.5);
#4854 = AXIS2_PLACEMENT_3D('',#4855,#4856,#4857);
#4855 = CARTESIAN_POINT('',(-75.099168,37.399472,-4.6E-02));
#4856 = DIRECTION('',(-0.,-0.,-1.));
#4857 = DIRECTION('',(-0.,-1.,0.));
#4858 = ADVANCED_FACE('',(#4859),#4870,.F.);
#4859 = FACE_BOUND('',#4860,.T.);
#4860 = EDGE_LOOP('',(#4861,#4862,#4868,#4869));
#4861 = ORIENTED_EDGE('',*,*,#1094,.T.);
#4862 = ORIENTED_EDGE('',*,*,#4863,.T.);
#4863 = EDGE_CURVE('',#1095,#2659,#4864,.T.);
#4864 = LINE('',#4865,#4866);
#4865 = CARTESIAN_POINT('',(-75.762265,40.273193,-4.6E-02));
#4866 = VECTOR('',#4867,1.);
#4867 = DIRECTION('',(0.,0.,1.));
#4868 = ORIENTED_EDGE('',*,*,#2658,.F.);
#4869 = ORIENTED_EDGE('',*,*,#4863,.F.);
#4870 = CYLINDRICAL_SURFACE('',#4871,0.8509);
#4871 = AXIS2_PLACEMENT_3D('',#4872,#4873,#4874);
#4872 = CARTESIAN_POINT('',(-75.762265,41.124093,-4.6E-02));
#4873 = DIRECTION('',(-0.,-0.,-1.));
#4874 = DIRECTION('',(-0.,-1.,0.));
#4875 = ADVANCED_FACE('',(#4876),#4887,.F.);
#4876 = FACE_BOUND('',#4877,.T.);
#4877 = EDGE_LOOP('',(#4878,#4879,#4885,#4886));
#4878 = ORIENTED_EDGE('',*,*,#1105,.T.);
#4879 = ORIENTED_EDGE('',*,*,#4880,.T.);
#4880 = EDGE_CURVE('',#1106,#2670,#4881,.T.);
#4881 = LINE('',#4882,#4883);
#4882 = CARTESIAN_POINT('',(-70.2675,39.6495,-4.6E-02));
#4883 = VECTOR('',#4884,1.);
#4884 = DIRECTION('',(0.,0.,1.));
#4885 = ORIENTED_EDGE('',*,*,#2669,.F.);
#4886 = ORIENTED_EDGE('',*,*,#4880,.F.);
#4887 = CYLINDRICAL_SURFACE('',#4888,1.7145);
#4888 = AXIS2_PLACEMENT_3D('',#4889,#4890,#4891);
#4889 = CARTESIAN_POINT('',(-70.2675,41.364,-4.6E-02));
#4890 = DIRECTION('',(-0.,-0.,-1.));
#4891 = DIRECTION('',(-0.,-1.,0.));
#4892 = ADVANCED_FACE('',(#4893),#4904,.F.);
#4893 = FACE_BOUND('',#4894,.T.);
#4894 = EDGE_LOOP('',(#4895,#4896,#4902,#4903));
#4895 = ORIENTED_EDGE('',*,*,#1116,.T.);
#4896 = ORIENTED_EDGE('',*,*,#4897,.T.);
#4897 = EDGE_CURVE('',#1117,#2681,#4898,.T.);
#4898 = LINE('',#4899,#4900);
#4899 = CARTESIAN_POINT('',(-64.772735,40.753007,-4.6E-02));
#4900 = VECTOR('',#4901,1.);
#4901 = DIRECTION('',(0.,0.,1.));
#4902 = ORIENTED_EDGE('',*,*,#2680,.F.);
#4903 = ORIENTED_EDGE('',*,*,#4897,.F.);
#4904 = CYLINDRICAL_SURFACE('',#4905,0.8509);
#4905 = AXIS2_PLACEMENT_3D('',#4906,#4907,#4908);
#4906 = CARTESIAN_POINT('',(-64.772735,41.603907,-4.6E-02));
#4907 = DIRECTION('',(-0.,-0.,-1.));
#4908 = DIRECTION('',(-0.,-1.,0.));
#4909 = ADVANCED_FACE('',(#4910),#4921,.F.);
#4910 = FACE_BOUND('',#4911,.T.);
#4911 = EDGE_LOOP('',(#4912,#4913,#4919,#4920));
#4912 = ORIENTED_EDGE('',*,*,#1127,.T.);
#4913 = ORIENTED_EDGE('',*,*,#4914,.T.);
#4914 = EDGE_CURVE('',#1128,#2692,#4915,.T.);
#4915 = LINE('',#4916,#4917);
#4916 = CARTESIAN_POINT('',(-53.550073,38.216236,-4.6E-02));
#4917 = VECTOR('',#4918,1.);
#4918 = DIRECTION('',(0.,0.,1.));
#4919 = ORIENTED_EDGE('',*,*,#2691,.F.);
#4920 = ORIENTED_EDGE('',*,*,#4914,.F.);
#4921 = CYLINDRICAL_SURFACE('',#4922,1.5);
#4922 = AXIS2_PLACEMENT_3D('',#4923,#4924,#4925);
#4923 = CARTESIAN_POINT('',(-53.550073,39.716236,-4.6E-02));
#4924 = DIRECTION('',(-0.,-0.,-1.));
#4925 = DIRECTION('',(-0.,-1.,0.));
#4926 = ADVANCED_FACE('',(#4927),#4938,.F.);
#4927 = FACE_BOUND('',#4928,.T.);
#4928 = EDGE_LOOP('',(#4929,#4930,#4936,#4937));
#4929 = ORIENTED_EDGE('',*,*,#1138,.T.);
#4930 = ORIENTED_EDGE('',*,*,#4931,.T.);
#4931 = EDGE_CURVE('',#1139,#2703,#4932,.T.);
#4932 = LINE('',#4933,#4934);
#4933 = CARTESIAN_POINT('',(-65.23567,45.292396,-4.6E-02));
#4934 = VECTOR('',#4935,1.);
#4935 = DIRECTION('',(0.,0.,1.));
#4936 = ORIENTED_EDGE('',*,*,#2702,.F.);
#4937 = ORIENTED_EDGE('',*,*,#4931,.F.);
#4938 = CYLINDRICAL_SURFACE('',#4939,0.4953);
#4939 = AXIS2_PLACEMENT_3D('',#4940,#4941,#4942);
#4940 = CARTESIAN_POINT('',(-65.23567,45.787696,-4.6E-02));
#4941 = DIRECTION('',(-0.,-0.,-1.));
#4942 = DIRECTION('',(-0.,-1.,0.));
#4943 = ADVANCED_FACE('',(#4944),#4955,.F.);
#4944 = FACE_BOUND('',#4945,.T.);
#4945 = EDGE_LOOP('',(#4946,#4947,#4953,#4954));
#4946 = ORIENTED_EDGE('',*,*,#1149,.T.);
#4947 = ORIENTED_EDGE('',*,*,#4948,.T.);
#4948 = EDGE_CURVE('',#1150,#2714,#4949,.T.);
#4949 = LINE('',#4950,#4951);
#4950 = CARTESIAN_POINT('',(-53.576131,42.648433,-4.6E-02));
#4951 = VECTOR('',#4952,1.);
#4952 = DIRECTION('',(0.,0.,1.));
#4953 = ORIENTED_EDGE('',*,*,#2713,.F.);
#4954 = ORIENTED_EDGE('',*,*,#4948,.F.);
#4955 = CYLINDRICAL_SURFACE('',#4956,0.8509);
#4956 = AXIS2_PLACEMENT_3D('',#4957,#4958,#4959);
#4957 = CARTESIAN_POINT('',(-53.576131,43.499333,-4.6E-02));
#4958 = DIRECTION('',(-0.,0.,-1.));
#4959 = DIRECTION('',(8.350484613469E-15,-1.,-0.));
#4960 = ADVANCED_FACE('',(#4961),#4972,.F.);
#4961 = FACE_BOUND('',#4962,.T.);
#4962 = EDGE_LOOP('',(#4963,#4964,#4970,#4971));
#4963 = ORIENTED_EDGE('',*,*,#1160,.T.);
#4964 = ORIENTED_EDGE('',*,*,#4965,.T.);
#4965 = EDGE_CURVE('',#1161,#2725,#4966,.T.);
#4966 = LINE('',#4967,#4968);
#4967 = CARTESIAN_POINT('',(-44.790869,24.399767,-4.6E-02));
#4968 = VECTOR('',#4969,1.);
#4969 = DIRECTION('',(0.,0.,1.));
#4970 = ORIENTED_EDGE('',*,*,#2724,.F.);
#4971 = ORIENTED_EDGE('',*,*,#4965,.F.);
#4972 = CYLINDRICAL_SURFACE('',#4973,0.8509);
#4973 = AXIS2_PLACEMENT_3D('',#4974,#4975,#4976);
#4974 = CARTESIAN_POINT('',(-44.790869,25.250667,-4.6E-02));
#4975 = DIRECTION('',(-0.,-0.,-1.));
#4976 = DIRECTION('',(-0.,-1.,0.));
#4977 = ADVANCED_FACE('',(#4978),#4989,.F.);
#4978 = FACE_BOUND('',#4979,.T.);
#4979 = EDGE_LOOP('',(#4980,#4981,#4987,#4988));
#4980 = ORIENTED_EDGE('',*,*,#1171,.T.);
#4981 = ORIENTED_EDGE('',*,*,#4982,.T.);
#4982 = EDGE_CURVE('',#1172,#2736,#4983,.T.);
#4983 = LINE('',#4984,#4985);
#4984 = CARTESIAN_POINT('',(-44.542262,28.957342,-4.6E-02));
#4985 = VECTOR('',#4986,1.);
#4986 = DIRECTION('',(0.,0.,1.));
#4987 = ORIENTED_EDGE('',*,*,#2735,.F.);
#4988 = ORIENTED_EDGE('',*,*,#4982,.F.);
#4989 = CYLINDRICAL_SURFACE('',#4990,0.4953);
#4990 = AXIS2_PLACEMENT_3D('',#4991,#4992,#4993);
#4991 = CARTESIAN_POINT('',(-44.542262,29.452642,-4.6E-02));
#4992 = DIRECTION('',(-0.,-0.,-1.));
#4993 = DIRECTION('',(-0.,-1.,0.));
#4994 = ADVANCED_FACE('',(#4995),#5006,.F.);
#4995 = FACE_BOUND('',#4996,.T.);
#4996 = EDGE_LOOP('',(#4997,#4998,#5004,#5005));
#4997 = ORIENTED_EDGE('',*,*,#1182,.T.);
#4998 = ORIENTED_EDGE('',*,*,#4999,.T.);
#4999 = EDGE_CURVE('',#1183,#2747,#5000,.T.);
#5000 = LINE('',#5001,#5002);
#5001 = CARTESIAN_POINT('',(-48.865233,35.406918,-4.6E-02));
#5002 = VECTOR('',#5003,1.);
#5003 = DIRECTION('',(0.,0.,1.));
#5004 = ORIENTED_EDGE('',*,*,#2746,.F.);
#5005 = ORIENTED_EDGE('',*,*,#4999,.F.);
#5006 = CYLINDRICAL_SURFACE('',#5007,1.5);
#5007 = AXIS2_PLACEMENT_3D('',#5008,#5009,#5010);
#5008 = CARTESIAN_POINT('',(-48.865233,36.906918,-4.6E-02));
#5009 = DIRECTION('',(-0.,-0.,-1.));
#5010 = DIRECTION('',(-0.,-1.,0.));
#5011 = ADVANCED_FACE('',(#5012),#5023,.F.);
#5012 = FACE_BOUND('',#5013,.T.);
#5013 = EDGE_LOOP('',(#5014,#5015,#5021,#5022));
#5014 = ORIENTED_EDGE('',*,*,#1193,.T.);
#5015 = ORIENTED_EDGE('',*,*,#5016,.T.);
#5016 = EDGE_CURVE('',#1194,#2758,#5017,.T.);
#5017 = LINE('',#5018,#5019);
#5018 = CARTESIAN_POINT('',(-42.662869,41.269767,-4.6E-02));
#5019 = VECTOR('',#5020,1.);
#5020 = DIRECTION('',(0.,0.,1.));
#5021 = ORIENTED_EDGE('',*,*,#2757,.F.);
#5022 = ORIENTED_EDGE('',*,*,#5016,.F.);
#5023 = CYLINDRICAL_SURFACE('',#5024,0.8509);
#5024 = AXIS2_PLACEMENT_3D('',#5025,#5026,#5027);
#5025 = CARTESIAN_POINT('',(-42.662869,42.120667,-4.6E-02));
#5026 = DIRECTION('',(-0.,-0.,-1.));
#5027 = DIRECTION('',(-0.,-1.,0.));
#5028 = ADVANCED_FACE('',(#5029),#5040,.F.);
#5029 = FACE_BOUND('',#5030,.T.);
#5030 = EDGE_LOOP('',(#5031,#5032,#5038,#5039));
#5031 = ORIENTED_EDGE('',*,*,#1204,.T.);
#5032 = ORIENTED_EDGE('',*,*,#5033,.T.);
#5033 = EDGE_CURVE('',#1205,#2769,#5034,.T.);
#5034 = LINE('',#5035,#5036);
#5035 = CARTESIAN_POINT('',(-48.1195,41.0955,-4.6E-02));
#5036 = VECTOR('',#5037,1.);
#5037 = DIRECTION('',(0.,0.,1.));
#5038 = ORIENTED_EDGE('',*,*,#2768,.F.);
#5039 = ORIENTED_EDGE('',*,*,#5033,.F.);
#5040 = CYLINDRICAL_SURFACE('',#5041,1.7145);
#5041 = AXIS2_PLACEMENT_3D('',#5042,#5043,#5044);
#5042 = CARTESIAN_POINT('',(-48.1195,42.81,-4.6E-02));
#5043 = DIRECTION('',(-0.,-0.,-1.));
#5044 = DIRECTION('',(-0.,-1.,0.));
#5045 = ADVANCED_FACE('',(#5046),#5057,.F.);
#5046 = FACE_BOUND('',#5047,.T.);
#5047 = EDGE_LOOP('',(#5048,#5049,#5055,#5056));
#5048 = ORIENTED_EDGE('',*,*,#1215,.T.);
#5049 = ORIENTED_EDGE('',*,*,#5050,.T.);
#5050 = EDGE_CURVE('',#1216,#2780,#5051,.T.);
#5051 = LINE('',#5052,#5053);
#5052 = CARTESIAN_POINT('',(-42.414262,45.827342,-4.6E-02));
#5053 = VECTOR('',#5054,1.);
#5054 = DIRECTION('',(0.,0.,1.));
#5055 = ORIENTED_EDGE('',*,*,#2779,.F.);
#5056 = ORIENTED_EDGE('',*,*,#5050,.F.);
#5057 = CYLINDRICAL_SURFACE('',#5058,0.4953);
#5058 = AXIS2_PLACEMENT_3D('',#5059,#5060,#5061);
#5059 = CARTESIAN_POINT('',(-42.414262,46.322642,-4.6E-02));
#5060 = DIRECTION('',(-0.,-0.,-1.));
#5061 = DIRECTION('',(-0.,-1.,0.));
#5062 = ADVANCED_FACE('',(#5063),#5074,.F.);
#5063 = FACE_BOUND('',#5064,.T.);
#5064 = EDGE_LOOP('',(#5065,#5066,#5072,#5073));
#5065 = ORIENTED_EDGE('',*,*,#1226,.T.);
#5066 = ORIENTED_EDGE('',*,*,#5067,.T.);
#5067 = EDGE_CURVE('',#1227,#2791,#5068,.T.);
#5068 = LINE('',#5069,#5070);
#5069 = CARTESIAN_POINT('',(32.328235,1.702544,-4.6E-02));
#5070 = VECTOR('',#5071,1.);
#5071 = DIRECTION('',(0.,0.,1.));
#5072 = ORIENTED_EDGE('',*,*,#2790,.F.);
#5073 = ORIENTED_EDGE('',*,*,#5067,.F.);
#5074 = CYLINDRICAL_SURFACE('',#5075,0.8509);
#5075 = AXIS2_PLACEMENT_3D('',#5076,#5077,#5078);
#5076 = CARTESIAN_POINT('',(32.328235,2.553444,-4.6E-02));
#5077 = DIRECTION('',(-0.,-0.,-1.));
#5078 = DIRECTION('',(-0.,-1.,0.));
#5079 = ADVANCED_FACE('',(#5080),#5091,.F.);
#5080 = FACE_BOUND('',#5081,.T.);
#5081 = EDGE_LOOP('',(#5082,#5083,#5089,#5090));
#5082 = ORIENTED_EDGE('',*,*,#1237,.T.);
#5083 = ORIENTED_EDGE('',*,*,#5084,.T.);
#5084 = EDGE_CURVE('',#1238,#2802,#5085,.T.);
#5085 = LINE('',#5086,#5087);
#5086 = CARTESIAN_POINT('',(40.14552,-1.077886,-4.6E-02));
#5087 = VECTOR('',#5088,1.);
#5088 = DIRECTION('',(0.,0.,1.));
#5089 = ORIENTED_EDGE('',*,*,#2801,.F.);
#5090 = ORIENTED_EDGE('',*,*,#5084,.F.);
#5091 = CYLINDRICAL_SURFACE('',#5092,1.5);
#5092 = AXIS2_PLACEMENT_3D('',#5093,#5094,#5095);
#5093 = CARTESIAN_POINT('',(40.14552,0.422114,-4.6E-02));
#5094 = DIRECTION('',(-0.,-0.,-1.));
#5095 = DIRECTION('',(-0.,-1.,0.));
#5096 = ADVANCED_FACE('',(#5097),#5108,.F.);
#5097 = FACE_BOUND('',#5098,.T.);
#5098 = EDGE_LOOP('',(#5099,#5100,#5106,#5107));
#5099 = ORIENTED_EDGE('',*,*,#1248,.T.);
#5100 = ORIENTED_EDGE('',*,*,#5101,.T.);
#5101 = EDGE_CURVE('',#1249,#2813,#5102,.T.);
#5102 = LINE('',#5103,#5104);
#5103 = CARTESIAN_POINT('',(36.9925,3.7535,-4.6E-02));
#5104 = VECTOR('',#5105,1.);
#5105 = DIRECTION('',(0.,0.,1.));
#5106 = ORIENTED_EDGE('',*,*,#2812,.F.);
#5107 = ORIENTED_EDGE('',*,*,#5101,.F.);
#5108 = CYLINDRICAL_SURFACE('',#5109,1.7145);
#5109 = AXIS2_PLACEMENT_3D('',#5110,#5111,#5112);
#5110 = CARTESIAN_POINT('',(36.9925,5.468,-4.6E-02));
#5111 = DIRECTION('',(-0.,-0.,-1.));
#5112 = DIRECTION('',(-0.,-1.,0.));
#5113 = ADVANCED_FACE('',(#5114),#5125,.F.);
#5114 = FACE_BOUND('',#5115,.T.);
#5115 = EDGE_LOOP('',(#5116,#5117,#5123,#5124));
#5116 = ORIENTED_EDGE('',*,*,#1259,.T.);
#5117 = ORIENTED_EDGE('',*,*,#5118,.T.);
#5118 = EDGE_CURVE('',#1260,#2824,#5119,.T.);
#5119 = LINE('',#5120,#5121);
#5120 = CARTESIAN_POINT('',(41.656765,7.531656,-4.6E-02));
#5121 = VECTOR('',#5122,1.);
#5122 = DIRECTION('',(0.,0.,1.));
#5123 = ORIENTED_EDGE('',*,*,#2823,.F.);
#5124 = ORIENTED_EDGE('',*,*,#5118,.F.);
#5125 = CYLINDRICAL_SURFACE('',#5126,0.8509);
#5126 = AXIS2_PLACEMENT_3D('',#5127,#5128,#5129);
#5127 = CARTESIAN_POINT('',(41.656765,8.382556,-4.6E-02));
#5128 = DIRECTION('',(-0.,-0.,-1.));
#5129 = DIRECTION('',(-0.,-1.,0.));
#5130 = ADVANCED_FACE('',(#5131),#5142,.F.);
#5131 = FACE_BOUND('',#5132,.T.);
#5132 = EDGE_LOOP('',(#5133,#5134,#5140,#5141));
#5133 = ORIENTED_EDGE('',*,*,#1270,.T.);
#5134 = ORIENTED_EDGE('',*,*,#5135,.T.);
#5135 = EDGE_CURVE('',#1271,#2835,#5136,.T.);
#5136 = LINE('',#5137,#5138);
#5137 = CARTESIAN_POINT('',(39.19365,11.300681,-4.6E-02));
#5138 = VECTOR('',#5139,1.);
#5139 = DIRECTION('',(0.,0.,1.));
#5140 = ORIENTED_EDGE('',*,*,#2834,.F.);
#5141 = ORIENTED_EDGE('',*,*,#5135,.F.);
#5142 = CYLINDRICAL_SURFACE('',#5143,0.4953);
#5143 = AXIS2_PLACEMENT_3D('',#5144,#5145,#5146);
#5144 = CARTESIAN_POINT('',(39.19365,11.795981,-4.6E-02));
#5145 = DIRECTION('',(-0.,-0.,-1.));
#5146 = DIRECTION('',(-0.,-1.,0.));
#5147 = ADVANCED_FACE('',(#5148),#5159,.F.);
#5148 = FACE_BOUND('',#5149,.T.);
#5149 = EDGE_LOOP('',(#5150,#5151,#5157,#5158));
#5150 = ORIENTED_EDGE('',*,*,#1281,.T.);
#5151 = ORIENTED_EDGE('',*,*,#5152,.T.);
#5152 = EDGE_CURVE('',#1282,#2846,#5153,.T.);
#5153 = LINE('',#5154,#5155);
#5154 = CARTESIAN_POINT('',(23.321235,16.121544,-4.6E-02));
#5155 = VECTOR('',#5156,1.);
#5156 = DIRECTION('',(0.,0.,1.));
#5157 = ORIENTED_EDGE('',*,*,#2845,.F.);
#5158 = ORIENTED_EDGE('',*,*,#5152,.F.);
#5159 = CYLINDRICAL_SURFACE('',#5160,0.8509);
#5160 = AXIS2_PLACEMENT_3D('',#5161,#5162,#5163);
#5161 = CARTESIAN_POINT('',(23.321235,16.972444,-4.6E-02));
#5162 = DIRECTION('',(-0.,-0.,-1.));
#5163 = DIRECTION('',(-0.,-1.,0.));
#5164 = ADVANCED_FACE('',(#5165),#5176,.F.);
#5165 = FACE_BOUND('',#5166,.T.);
#5166 = EDGE_LOOP('',(#5167,#5168,#5174,#5175));
#5167 = ORIENTED_EDGE('',*,*,#1292,.T.);
#5168 = ORIENTED_EDGE('',*,*,#5169,.T.);
#5169 = EDGE_CURVE('',#1293,#2857,#5170,.T.);
#5170 = LINE('',#5171,#5172);
#5171 = CARTESIAN_POINT('',(25.732457,12.557223,-4.6E-02));
#5172 = VECTOR('',#5173,1.);
#5173 = DIRECTION('',(0.,0.,1.));
#5174 = ORIENTED_EDGE('',*,*,#2856,.F.);
#5175 = ORIENTED_EDGE('',*,*,#5169,.F.);
#5176 = CYLINDRICAL_SURFACE('',#5177,1.5);
#5177 = AXIS2_PLACEMENT_3D('',#5178,#5179,#5180);
#5178 = CARTESIAN_POINT('',(25.732457,14.057223,-4.6E-02));
#5179 = DIRECTION('',(-0.,-0.,-1.));
#5180 = DIRECTION('',(-0.,-1.,0.));
#5181 = ADVANCED_FACE('',(#5182),#5193,.F.);
#5182 = FACE_BOUND('',#5183,.T.);
#5183 = EDGE_LOOP('',(#5184,#5185,#5191,#5192));
#5184 = ORIENTED_EDGE('',*,*,#1303,.T.);
#5185 = ORIENTED_EDGE('',*,*,#5186,.T.);
#5186 = EDGE_CURVE('',#1304,#2868,#5187,.T.);
#5187 = LINE('',#5188,#5189);
#5188 = CARTESIAN_POINT('',(31.13852,13.341114,-4.6E-02));
#5189 = VECTOR('',#5190,1.);
#5190 = DIRECTION('',(0.,0.,1.));
#5191 = ORIENTED_EDGE('',*,*,#2867,.F.);
#5192 = ORIENTED_EDGE('',*,*,#5186,.F.);
#5193 = CYLINDRICAL_SURFACE('',#5194,1.5);
#5194 = AXIS2_PLACEMENT_3D('',#5195,#5196,#5197);
#5195 = CARTESIAN_POINT('',(31.13852,14.841114,-4.6E-02));
#5196 = DIRECTION('',(-0.,-0.,-1.));
#5197 = DIRECTION('',(-0.,-1.,0.));
#5198 = ADVANCED_FACE('',(#5199),#5210,.F.);
#5199 = FACE_BOUND('',#5200,.T.);
#5200 = EDGE_LOOP('',(#5201,#5202,#5208,#5209));
#5201 = ORIENTED_EDGE('',*,*,#1314,.T.);
#5202 = ORIENTED_EDGE('',*,*,#5203,.T.);
#5203 = EDGE_CURVE('',#1315,#2879,#5204,.T.);
#5204 = LINE('',#5205,#5206);
#5205 = CARTESIAN_POINT('',(27.9855,18.1725,-4.6E-02));
#5206 = VECTOR('',#5207,1.);
#5207 = DIRECTION('',(0.,0.,1.));
#5208 = ORIENTED_EDGE('',*,*,#2878,.F.);
#5209 = ORIENTED_EDGE('',*,*,#5203,.F.);
#5210 = CYLINDRICAL_SURFACE('',#5211,1.7145);
#5211 = AXIS2_PLACEMENT_3D('',#5212,#5213,#5214);
#5212 = CARTESIAN_POINT('',(27.9855,19.887,-4.6E-02));
#5213 = DIRECTION('',(-0.,-0.,-1.));
#5214 = DIRECTION('',(-2.072157292972E-15,-1.,0.));
#5215 = ADVANCED_FACE('',(#5216),#5227,.F.);
#5216 = FACE_BOUND('',#5217,.T.);
#5217 = EDGE_LOOP('',(#5218,#5219,#5225,#5226));
#5218 = ORIENTED_EDGE('',*,*,#1325,.T.);
#5219 = ORIENTED_EDGE('',*,*,#5220,.T.);
#5220 = EDGE_CURVE('',#1326,#2890,#5221,.T.);
#5221 = LINE('',#5222,#5223);
#5222 = CARTESIAN_POINT('',(32.649765,21.950656,-4.6E-02));
#5223 = VECTOR('',#5224,1.);
#5224 = DIRECTION('',(0.,0.,1.));
#5225 = ORIENTED_EDGE('',*,*,#2889,.F.);
#5226 = ORIENTED_EDGE('',*,*,#5220,.F.);
#5227 = CYLINDRICAL_SURFACE('',#5228,0.8509);
#5228 = AXIS2_PLACEMENT_3D('',#5229,#5230,#5231);
#5229 = CARTESIAN_POINT('',(32.649765,22.801556,-4.6E-02));
#5230 = DIRECTION('',(-0.,-0.,-1.));
#5231 = DIRECTION('',(-0.,-1.,0.));
#5232 = ADVANCED_FACE('',(#5233),#5244,.F.);
#5233 = FACE_BOUND('',#5234,.T.);
#5234 = EDGE_LOOP('',(#5235,#5236,#5242,#5243));
#5235 = ORIENTED_EDGE('',*,*,#1336,.T.);
#5236 = ORIENTED_EDGE('',*,*,#5237,.T.);
#5237 = EDGE_CURVE('',#1337,#2901,#5238,.T.);
#5238 = LINE('',#5239,#5240);
#5239 = CARTESIAN_POINT('',(45.756926,20.092904,-4.6E-02));
#5240 = VECTOR('',#5241,1.);
#5241 = DIRECTION('',(0.,0.,1.));
#5242 = ORIENTED_EDGE('',*,*,#2900,.F.);
#5243 = ORIENTED_EDGE('',*,*,#5237,.F.);
#5244 = CYLINDRICAL_SURFACE('',#5245,1.5);
#5245 = AXIS2_PLACEMENT_3D('',#5246,#5247,#5248);
#5246 = CARTESIAN_POINT('',(45.756926,21.592904,-4.6E-02));
#5247 = DIRECTION('',(-0.,-0.,-1.));
#5248 = DIRECTION('',(-0.,-1.,0.));
#5249 = ADVANCED_FACE('',(#5250),#5261,.F.);
#5250 = FACE_BOUND('',#5251,.T.);
#5251 = EDGE_LOOP('',(#5252,#5253,#5259,#5260));
#5252 = ORIENTED_EDGE('',*,*,#1347,.T.);
#5253 = ORIENTED_EDGE('',*,*,#5254,.T.);
#5254 = EDGE_CURVE('',#1348,#2912,#5255,.T.);
#5255 = LINE('',#5256,#5257);
#5256 = CARTESIAN_POINT('',(60.,8.4,-4.6E-02));
#5257 = VECTOR('',#5258,1.);
#5258 = DIRECTION('',(0.,0.,1.));
#5259 = ORIENTED_EDGE('',*,*,#2911,.F.);
#5260 = ORIENTED_EDGE('',*,*,#5254,.F.);
#5261 = CYLINDRICAL_SURFACE('',#5262,1.1);
#5262 = AXIS2_PLACEMENT_3D('',#5263,#5264,#5265);
#5263 = CARTESIAN_POINT('',(60.,9.5,-4.6E-02));
#5264 = DIRECTION('',(-0.,-0.,-1.));
#5265 = DIRECTION('',(-0.,-1.,0.));
#5266 = ADVANCED_FACE('',(#5267),#5278,.F.);
#5267 = FACE_BOUND('',#5268,.T.);
#5268 = EDGE_LOOP('',(#5269,#5270,#5276,#5277));
#5269 = ORIENTED_EDGE('',*,*,#1358,.T.);
#5270 = ORIENTED_EDGE('',*,*,#5271,.T.);
#5271 = EDGE_CURVE('',#1359,#2923,#5272,.T.);
#5272 = LINE('',#5273,#5274);
#5273 = CARTESIAN_POINT('',(50.993233,18.536918,-4.6E-02));
#5274 = VECTOR('',#5275,1.);
#5275 = DIRECTION('',(0.,0.,1.));
#5276 = ORIENTED_EDGE('',*,*,#2922,.F.);
#5277 = ORIENTED_EDGE('',*,*,#5271,.F.);
#5278 = CYLINDRICAL_SURFACE('',#5279,1.5);
#5279 = AXIS2_PLACEMENT_3D('',#5280,#5281,#5282);
#5280 = CARTESIAN_POINT('',(50.993233,20.036918,-4.6E-02));
#5281 = DIRECTION('',(-0.,-0.,-1.));
#5282 = DIRECTION('',(-0.,-1.,0.));
#5283 = ADVANCED_FACE('',(#5284),#5295,.F.);
#5284 = FACE_BOUND('',#5285,.T.);
#5285 = EDGE_LOOP('',(#5286,#5287,#5293,#5294));
#5286 = ORIENTED_EDGE('',*,*,#1369,.T.);
#5287 = ORIENTED_EDGE('',*,*,#5288,.T.);
#5288 = EDGE_CURVE('',#1370,#2934,#5289,.T.);
#5289 = LINE('',#5290,#5291);
#5290 = CARTESIAN_POINT('',(64.356686,19.356666,-4.6E-02));
#5291 = VECTOR('',#5292,1.);
#5292 = DIRECTION('',(0.,0.,1.));
#5293 = ORIENTED_EDGE('',*,*,#2933,.F.);
#5294 = ORIENTED_EDGE('',*,*,#5288,.F.);
#5295 = CYLINDRICAL_SURFACE('',#5296,1.5);
#5296 = AXIS2_PLACEMENT_3D('',#5297,#5298,#5299);
#5297 = CARTESIAN_POINT('',(64.356686,20.856666,-4.6E-02));
#5298 = DIRECTION('',(-0.,-0.,-1.));
#5299 = DIRECTION('',(-0.,-1.,0.));
#5300 = ADVANCED_FACE('',(#5301),#5312,.F.);
#5301 = FACE_BOUND('',#5302,.T.);
#5302 = EDGE_LOOP('',(#5303,#5304,#5310,#5311));
#5303 = ORIENTED_EDGE('',*,*,#1380,.T.);
#5304 = ORIENTED_EDGE('',*,*,#5305,.T.);
#5305 = EDGE_CURVE('',#1381,#2945,#5306,.T.);
#5306 = LINE('',#5307,#5308);
#5307 = CARTESIAN_POINT('',(69.255965,16.940663,-4.6E-02));
#5308 = VECTOR('',#5309,1.);
#5309 = DIRECTION('',(0.,0.,1.));
#5310 = ORIENTED_EDGE('',*,*,#2944,.F.);
#5311 = ORIENTED_EDGE('',*,*,#5305,.F.);
#5312 = CYLINDRICAL_SURFACE('',#5313,1.5);
#5313 = AXIS2_PLACEMENT_3D('',#5314,#5315,#5316);
#5314 = CARTESIAN_POINT('',(69.255965,18.440663,-4.6E-02));
#5315 = DIRECTION('',(-0.,-0.,-1.));
#5316 = DIRECTION('',(-0.,-1.,0.));
#5317 = ADVANCED_FACE('',(#5318),#5329,.F.);
#5318 = FACE_BOUND('',#5319,.T.);
#5319 = EDGE_LOOP('',(#5320,#5321,#5327,#5328));
#5320 = ORIENTED_EDGE('',*,*,#1391,.T.);
#5321 = ORIENTED_EDGE('',*,*,#5322,.T.);
#5322 = EDGE_CURVE('',#1392,#2956,#5323,.T.);
#5323 = LINE('',#5324,#5325);
#5324 = CARTESIAN_POINT('',(87.771728,14.166977,-4.6E-02));
#5325 = VECTOR('',#5326,1.);
#5326 = DIRECTION('',(0.,0.,1.));
#5327 = ORIENTED_EDGE('',*,*,#2955,.F.);
#5328 = ORIENTED_EDGE('',*,*,#5322,.F.);
#5329 = CYLINDRICAL_SURFACE('',#5330,1.5);
#5330 = AXIS2_PLACEMENT_3D('',#5331,#5332,#5333);
#5331 = CARTESIAN_POINT('',(87.771728,15.666977,-4.6E-02));
#5332 = DIRECTION('',(-0.,-0.,-1.));
#5333 = DIRECTION('',(-0.,-1.,0.));
#5334 = ADVANCED_FACE('',(#5335),#5346,.F.);
#5335 = FACE_BOUND('',#5336,.T.);
#5336 = EDGE_LOOP('',(#5337,#5338,#5344,#5345));
#5337 = ORIENTED_EDGE('',*,*,#1402,.T.);
#5338 = ORIENTED_EDGE('',*,*,#5339,.T.);
#5339 = EDGE_CURVE('',#1403,#2967,#5340,.T.);
#5340 = LINE('',#5341,#5342);
#5341 = CARTESIAN_POINT('',(93.224992,14.486234,-4.6E-02));
#5342 = VECTOR('',#5343,1.);
#5343 = DIRECTION('',(0.,0.,1.));
#5344 = ORIENTED_EDGE('',*,*,#2966,.F.);
#5345 = ORIENTED_EDGE('',*,*,#5339,.F.);
#5346 = CYLINDRICAL_SURFACE('',#5347,1.5);
#5347 = AXIS2_PLACEMENT_3D('',#5348,#5349,#5350);
#5348 = CARTESIAN_POINT('',(93.224992,15.986234,-4.6E-02));
#5349 = DIRECTION('',(-0.,-0.,-1.));
#5350 = DIRECTION('',(-0.,-1.,0.));
#5351 = ADVANCED_FACE('',(#5352),#5363,.F.);
#5352 = FACE_BOUND('',#5353,.T.);
#5353 = EDGE_LOOP('',(#5354,#5355,#5361,#5362));
#5354 = ORIENTED_EDGE('',*,*,#1413,.T.);
#5355 = ORIENTED_EDGE('',*,*,#5356,.T.);
#5356 = EDGE_CURVE('',#1414,#2978,#5357,.T.);
#5357 = LINE('',#5358,#5359);
#5358 = CARTESIAN_POINT('',(75.010265,23.294193,-4.6E-02));
#5359 = VECTOR('',#5360,1.);
#5360 = DIRECTION('',(0.,0.,1.));
#5361 = ORIENTED_EDGE('',*,*,#2977,.F.);
#5362 = ORIENTED_EDGE('',*,*,#5356,.F.);
#5363 = CYLINDRICAL_SURFACE('',#5364,0.8509);
#5364 = AXIS2_PLACEMENT_3D('',#5365,#5366,#5367);
#5365 = CARTESIAN_POINT('',(75.010265,24.145093,-4.6E-02));
#5366 = DIRECTION('',(-0.,-0.,-1.));
#5367 = DIRECTION('',(-0.,-1.,0.));
#5368 = ADVANCED_FACE('',(#5369),#5380,.F.);
#5369 = FACE_BOUND('',#5370,.T.);
#5370 = EDGE_LOOP('',(#5371,#5372,#5378,#5379));
#5371 = ORIENTED_EDGE('',*,*,#1424,.T.);
#5372 = ORIENTED_EDGE('',*,*,#5373,.T.);
#5373 = EDGE_CURVE('',#1425,#2989,#5374,.T.);
#5374 = LINE('',#5375,#5376);
#5375 = CARTESIAN_POINT('',(85.61833,17.926603,-4.6E-02));
#5376 = VECTOR('',#5377,1.);
#5377 = DIRECTION('',(0.,0.,1.));
#5378 = ORIENTED_EDGE('',*,*,#2988,.F.);
#5379 = ORIENTED_EDGE('',*,*,#5373,.F.);
#5380 = CYLINDRICAL_SURFACE('',#5381,0.8509);
#5381 = AXIS2_PLACEMENT_3D('',#5382,#5383,#5384);
#5382 = CARTESIAN_POINT('',(85.61833,18.777503,-4.6E-02));
#5383 = DIRECTION('',(-0.,-0.,-1.));
#5384 = DIRECTION('',(-0.,-1.,0.));
#5385 = ADVANCED_FACE('',(#5386),#5397,.F.);
#5386 = FACE_BOUND('',#5387,.T.);
#5387 = EDGE_LOOP('',(#5388,#5389,#5395,#5396));
#5388 = ORIENTED_EDGE('',*,*,#1435,.T.);
#5389 = ORIENTED_EDGE('',*,*,#5390,.T.);
#5390 = EDGE_CURVE('',#1436,#3000,#5391,.T.);
#5391 = LINE('',#5392,#5393);
#5392 = CARTESIAN_POINT('',(90.5145,19.5685,-4.6E-02));
#5393 = VECTOR('',#5394,1.);
#5394 = DIRECTION('',(0.,0.,1.));
#5395 = ORIENTED_EDGE('',*,*,#2999,.F.);
#5396 = ORIENTED_EDGE('',*,*,#5390,.F.);
#5397 = CYLINDRICAL_SURFACE('',#5398,1.7145);
#5398 = AXIS2_PLACEMENT_3D('',#5399,#5400,#5401);
#5399 = CARTESIAN_POINT('',(90.5145,21.283,-4.6E-02));
#5400 = DIRECTION('',(-0.,-0.,-1.));
#5401 = DIRECTION('',(-0.,-1.,0.));
#5402 = ADVANCED_FACE('',(#5403),#5414,.F.);
#5403 = FACE_BOUND('',#5404,.T.);
#5404 = EDGE_LOOP('',(#5405,#5406,#5412,#5413));
#5405 = ORIENTED_EDGE('',*,*,#1446,.T.);
#5406 = ORIENTED_EDGE('',*,*,#5407,.T.);
#5407 = EDGE_CURVE('',#1447,#3011,#5408,.T.);
#5408 = LINE('',#5409,#5410);
#5409 = CARTESIAN_POINT('',(95.41067,22.937597,-4.6E-02));
#5410 = VECTOR('',#5411,1.);
#5411 = DIRECTION('',(0.,0.,1.));
#5412 = ORIENTED_EDGE('',*,*,#3010,.F.);
#5413 = ORIENTED_EDGE('',*,*,#5407,.F.);
#5414 = CYLINDRICAL_SURFACE('',#5415,0.8509);
#5415 = AXIS2_PLACEMENT_3D('',#5416,#5417,#5418);
#5416 = CARTESIAN_POINT('',(95.41067,23.788497,-4.6E-02));
#5417 = DIRECTION('',(-0.,-0.,-1.));
#5418 = DIRECTION('',(-1.670096922694E-14,-1.,0.));
#5419 = ADVANCED_FACE('',(#5420),#5431,.F.);
#5420 = FACE_BOUND('',#5421,.T.);
#5421 = EDGE_LOOP('',(#5422,#5423,#5429,#5430));
#5422 = ORIENTED_EDGE('',*,*,#1457,.T.);
#5423 = ORIENTED_EDGE('',*,*,#5424,.T.);
#5424 = EDGE_CURVE('',#1458,#3022,#5425,.T.);
#5425 = LINE('',#5426,#5427);
#5426 = CARTESIAN_POINT('',(30.18665,25.719681,-4.6E-02));
#5427 = VECTOR('',#5428,1.);
#5428 = DIRECTION('',(0.,0.,1.));
#5429 = ORIENTED_EDGE('',*,*,#3021,.F.);
#5430 = ORIENTED_EDGE('',*,*,#5424,.F.);
#5431 = CYLINDRICAL_SURFACE('',#5432,0.4953);
#5432 = AXIS2_PLACEMENT_3D('',#5433,#5434,#5435);
#5433 = CARTESIAN_POINT('',(30.18665,26.214981,-4.6E-02));
#5434 = DIRECTION('',(-0.,-0.,-1.));
#5435 = DIRECTION('',(-0.,-1.,0.));
#5436 = ADVANCED_FACE('',(#5437),#5448,.F.);
#5437 = FACE_BOUND('',#5438,.T.);
#5438 = EDGE_LOOP('',(#5439,#5440,#5446,#5447));
#5439 = ORIENTED_EDGE('',*,*,#1468,.T.);
#5440 = ORIENTED_EDGE('',*,*,#5441,.T.);
#5441 = EDGE_CURVE('',#1469,#3033,#5442,.T.);
#5442 = LINE('',#5443,#5444);
#5443 = CARTESIAN_POINT('',(44.790869,24.399767,-4.6E-02));
#5444 = VECTOR('',#5445,1.);
#5445 = DIRECTION('',(0.,0.,1.));
#5446 = ORIENTED_EDGE('',*,*,#3032,.F.);
#5447 = ORIENTED_EDGE('',*,*,#5441,.F.);
#5448 = CYLINDRICAL_SURFACE('',#5449,0.8509);
#5449 = AXIS2_PLACEMENT_3D('',#5450,#5451,#5452);
#5450 = CARTESIAN_POINT('',(44.790869,25.250667,-4.6E-02));
#5451 = DIRECTION('',(-0.,-0.,-1.));
#5452 = DIRECTION('',(-0.,-1.,0.));
#5453 = ADVANCED_FACE('',(#5454),#5465,.F.);
#5454 = FACE_BOUND('',#5455,.T.);
#5455 = EDGE_LOOP('',(#5456,#5457,#5463,#5464));
#5456 = ORIENTED_EDGE('',*,*,#1479,.T.);
#5457 = ORIENTED_EDGE('',*,*,#5458,.T.);
#5458 = EDGE_CURVE('',#1480,#3044,#5459,.T.);
#5459 = LINE('',#5460,#5461);
#5460 = CARTESIAN_POINT('',(43.628926,36.962904,-4.6E-02));
#5461 = VECTOR('',#5462,1.);
#5462 = DIRECTION('',(0.,0.,1.));
#5463 = ORIENTED_EDGE('',*,*,#3043,.F.);
#5464 = ORIENTED_EDGE('',*,*,#5458,.F.);
#5465 = CYLINDRICAL_SURFACE('',#5466,1.5);
#5466 = AXIS2_PLACEMENT_3D('',#5467,#5468,#5469);
#5467 = CARTESIAN_POINT('',(43.628926,38.462904,-4.6E-02));
#5468 = DIRECTION('',(-0.,-0.,-1.));
#5469 = DIRECTION('',(-0.,-1.,0.));
#5470 = ADVANCED_FACE('',(#5471),#5482,.F.);
#5471 = FACE_BOUND('',#5472,.T.);
#5472 = EDGE_LOOP('',(#5473,#5474,#5480,#5481));
#5473 = ORIENTED_EDGE('',*,*,#1490,.T.);
#5474 = ORIENTED_EDGE('',*,*,#5475,.T.);
#5475 = EDGE_CURVE('',#1491,#3055,#5476,.T.);
#5476 = LINE('',#5477,#5478);
#5477 = CARTESIAN_POINT('',(42.662869,41.269767,-4.6E-02));
#5478 = VECTOR('',#5479,1.);
#5479 = DIRECTION('',(0.,0.,1.));
#5480 = ORIENTED_EDGE('',*,*,#3054,.F.);
#5481 = ORIENTED_EDGE('',*,*,#5475,.F.);
#5482 = CYLINDRICAL_SURFACE('',#5483,0.8509);
#5483 = AXIS2_PLACEMENT_3D('',#5484,#5485,#5486);
#5484 = CARTESIAN_POINT('',(42.662869,42.120667,-4.6E-02));
#5485 = DIRECTION('',(-0.,-0.,-1.));
#5486 = DIRECTION('',(-0.,-1.,0.));
#5487 = ADVANCED_FACE('',(#5488),#5499,.F.);
#5488 = FACE_BOUND('',#5489,.T.);
#5489 = EDGE_LOOP('',(#5490,#5491,#5497,#5498));
#5490 = ORIENTED_EDGE('',*,*,#1501,.T.);
#5491 = ORIENTED_EDGE('',*,*,#5492,.T.);
#5492 = EDGE_CURVE('',#1502,#3066,#5493,.T.);
#5493 = LINE('',#5494,#5495);
#5494 = CARTESIAN_POINT('',(50.2475,24.2255,-4.6E-02));
#5495 = VECTOR('',#5496,1.);
#5496 = DIRECTION('',(0.,0.,1.));
#5497 = ORIENTED_EDGE('',*,*,#3065,.F.);
#5498 = ORIENTED_EDGE('',*,*,#5492,.F.);
#5499 = CYLINDRICAL_SURFACE('',#5500,1.7145);
#5500 = AXIS2_PLACEMENT_3D('',#5501,#5502,#5503);
#5501 = CARTESIAN_POINT('',(50.2475,25.94,-4.6E-02));
#5502 = DIRECTION('',(-0.,-0.,-1.));
#5503 = DIRECTION('',(-0.,-1.,0.));
#5504 = ADVANCED_FACE('',(#5505),#5516,.F.);
#5505 = FACE_BOUND('',#5506,.T.);
#5506 = EDGE_LOOP('',(#5507,#5508,#5514,#5515));
#5507 = ORIENTED_EDGE('',*,*,#1512,.T.);
#5508 = ORIENTED_EDGE('',*,*,#5509,.T.);
#5509 = EDGE_CURVE('',#1513,#3077,#5510,.T.);
#5510 = LINE('',#5511,#5512);
#5511 = CARTESIAN_POINT('',(55.704131,25.778433,-4.6E-02));
#5512 = VECTOR('',#5513,1.);
#5513 = DIRECTION('',(0.,0.,1.));
#5514 = ORIENTED_EDGE('',*,*,#3076,.F.);
#5515 = ORIENTED_EDGE('',*,*,#5509,.F.);
#5516 = CYLINDRICAL_SURFACE('',#5517,0.8509);
#5517 = AXIS2_PLACEMENT_3D('',#5518,#5519,#5520);
#5518 = CARTESIAN_POINT('',(55.704131,26.629333,-4.6E-02));
#5519 = DIRECTION('',(-0.,-0.,-1.));
#5520 = DIRECTION('',(-8.350484613469E-15,-1.,0.));
#5521 = ADVANCED_FACE('',(#5522),#5533,.F.);
#5522 = FACE_BOUND('',#5523,.T.);
#5523 = EDGE_LOOP('',(#5524,#5525,#5531,#5532));
#5524 = ORIENTED_EDGE('',*,*,#1523,.T.);
#5525 = ORIENTED_EDGE('',*,*,#5526,.T.);
#5526 = EDGE_CURVE('',#1524,#3088,#5527,.T.);
#5527 = LINE('',#5528,#5529);
#5528 = CARTESIAN_POINT('',(64.020735,23.774007,-4.6E-02));
#5529 = VECTOR('',#5530,1.);
#5530 = DIRECTION('',(0.,0.,1.));
#5531 = ORIENTED_EDGE('',*,*,#3087,.F.);
#5532 = ORIENTED_EDGE('',*,*,#5526,.F.);
#5533 = CYLINDRICAL_SURFACE('',#5534,0.8509);
#5534 = AXIS2_PLACEMENT_3D('',#5535,#5536,#5537);
#5535 = CARTESIAN_POINT('',(64.020735,24.624907,-4.6E-02));
#5536 = DIRECTION('',(-0.,-0.,-1.));
#5537 = DIRECTION('',(-0.,-1.,0.));
#5538 = ADVANCED_FACE('',(#5539),#5550,.F.);
#5539 = FACE_BOUND('',#5540,.T.);
#5540 = EDGE_LOOP('',(#5541,#5542,#5548,#5549));
#5541 = ORIENTED_EDGE('',*,*,#1534,.T.);
#5542 = ORIENTED_EDGE('',*,*,#5543,.T.);
#5543 = EDGE_CURVE('',#1535,#3099,#5544,.T.);
#5544 = LINE('',#5545,#5546);
#5545 = CARTESIAN_POINT('',(69.5155,22.6705,-4.6E-02));
#5546 = VECTOR('',#5547,1.);
#5547 = DIRECTION('',(0.,0.,1.));
#5548 = ORIENTED_EDGE('',*,*,#3098,.F.);
#5549 = ORIENTED_EDGE('',*,*,#5543,.F.);
#5550 = CYLINDRICAL_SURFACE('',#5551,1.7145);
#5551 = AXIS2_PLACEMENT_3D('',#5552,#5553,#5554);
#5552 = CARTESIAN_POINT('',(69.5155,24.385,-4.6E-02));
#5553 = DIRECTION('',(-0.,-0.,-1.));
#5554 = DIRECTION('',(-0.,-1.,0.));
#5555 = ADVANCED_FACE('',(#5556),#5567,.F.);
#5556 = FACE_BOUND('',#5557,.T.);
#5557 = EDGE_LOOP('',(#5558,#5559,#5565,#5566));
#5558 = ORIENTED_EDGE('',*,*,#1545,.T.);
#5559 = ORIENTED_EDGE('',*,*,#5560,.T.);
#5560 = EDGE_CURVE('',#1546,#3110,#5561,.T.);
#5561 = LINE('',#5562,#5563);
#5562 = CARTESIAN_POINT('',(54.899939,30.265821,-4.6E-02));
#5563 = VECTOR('',#5564,1.);
#5564 = DIRECTION('',(0.,0.,1.));
#5565 = ORIENTED_EDGE('',*,*,#3109,.F.);
#5566 = ORIENTED_EDGE('',*,*,#5560,.F.);
#5567 = CYLINDRICAL_SURFACE('',#5568,0.4953);
#5568 = AXIS2_PLACEMENT_3D('',#5569,#5570,#5571);
#5569 = CARTESIAN_POINT('',(54.899939,30.761121,-4.6E-02));
#5570 = DIRECTION('',(-0.,-0.,-1.));
#5571 = DIRECTION('',(-0.,-1.,0.));
#5572 = ADVANCED_FACE('',(#5573),#5584,.F.);
#5573 = FACE_BOUND('',#5574,.T.);
#5574 = EDGE_LOOP('',(#5575,#5576,#5582,#5583));
#5575 = ORIENTED_EDGE('',*,*,#1556,.T.);
#5576 = ORIENTED_EDGE('',*,*,#5577,.T.);
#5577 = EDGE_CURVE('',#1557,#3121,#5578,.T.);
#5578 = LINE('',#5579,#5580);
#5579 = CARTESIAN_POINT('',(70.007965,33.919663,-4.6E-02));
#5580 = VECTOR('',#5581,1.);
#5581 = DIRECTION('',(0.,0.,1.));
#5582 = ORIENTED_EDGE('',*,*,#3120,.F.);
#5583 = ORIENTED_EDGE('',*,*,#5577,.F.);
#5584 = CYLINDRICAL_SURFACE('',#5585,1.5);
#5585 = AXIS2_PLACEMENT_3D('',#5586,#5587,#5588);
#5586 = CARTESIAN_POINT('',(70.007965,35.419663,-4.6E-02));
#5587 = DIRECTION('',(-0.,-0.,-1.));
#5588 = DIRECTION('',(-0.,-1.,0.));
#5589 = ADVANCED_FACE('',(#5590),#5601,.F.);
#5590 = FACE_BOUND('',#5591,.T.);
#5591 = EDGE_LOOP('',(#5592,#5593,#5599,#5600));
#5592 = ORIENTED_EDGE('',*,*,#1567,.T.);
#5593 = ORIENTED_EDGE('',*,*,#5594,.T.);
#5594 = EDGE_CURVE('',#1568,#3132,#5595,.T.);
#5595 = LINE('',#5596,#5597);
#5596 = CARTESIAN_POINT('',(74.913733,27.858009,-4.6E-02));
#5597 = VECTOR('',#5598,1.);
#5598 = DIRECTION('',(0.,0.,1.));
#5599 = ORIENTED_EDGE('',*,*,#3131,.F.);
#5600 = ORIENTED_EDGE('',*,*,#5594,.F.);
#5601 = CYLINDRICAL_SURFACE('',#5602,0.4953);
#5602 = AXIS2_PLACEMENT_3D('',#5603,#5604,#5605);
#5603 = CARTESIAN_POINT('',(74.913733,28.353309,-4.6E-02));
#5604 = DIRECTION('',(-0.,-0.,-1.));
#5605 = DIRECTION('',(-0.,-1.,0.));
#5606 = ADVANCED_FACE('',(#5607),#5618,.F.);
#5607 = FACE_BOUND('',#5608,.T.);
#5608 = EDGE_LOOP('',(#5609,#5610,#5616,#5617));
#5609 = ORIENTED_EDGE('',*,*,#1578,.T.);
#5610 = ORIENTED_EDGE('',*,*,#5611,.T.);
#5611 = EDGE_CURVE('',#1579,#3143,#5612,.T.);
#5612 = LINE('',#5613,#5614);
#5613 = CARTESIAN_POINT('',(93.248122,26.904538,-4.6E-02));
#5614 = VECTOR('',#5615,1.);
#5615 = DIRECTION('',(0.,0.,1.));
#5616 = ORIENTED_EDGE('',*,*,#3142,.F.);
#5617 = ORIENTED_EDGE('',*,*,#5611,.F.);
#5618 = CYLINDRICAL_SURFACE('',#5619,0.4953);
#5619 = AXIS2_PLACEMENT_3D('',#5620,#5621,#5622);
#5620 = CARTESIAN_POINT('',(93.248122,27.399838,-4.6E-02));
#5621 = DIRECTION('',(-0.,-0.,-1.));
#5622 = DIRECTION('',(-0.,-1.,0.));
#5623 = ADVANCED_FACE('',(#5624),#5635,.F.);
#5624 = FACE_BOUND('',#5625,.T.);
#5625 = EDGE_LOOP('',(#5626,#5627,#5633,#5634));
#5626 = ORIENTED_EDGE('',*,*,#1589,.T.);
#5627 = ORIENTED_EDGE('',*,*,#5628,.T.);
#5628 = EDGE_CURVE('',#1590,#3154,#5629,.T.);
#5629 = LINE('',#5630,#5631);
#5630 = CARTESIAN_POINT('',(48.865233,35.406918,-4.6E-02));
#5631 = VECTOR('',#5632,1.);
#5632 = DIRECTION('',(0.,0.,1.));
#5633 = ORIENTED_EDGE('',*,*,#3153,.F.);
#5634 = ORIENTED_EDGE('',*,*,#5628,.F.);
#5635 = CYLINDRICAL_SURFACE('',#5636,1.5);
#5636 = AXIS2_PLACEMENT_3D('',#5637,#5638,#5639);
#5637 = CARTESIAN_POINT('',(48.865233,36.906918,-4.6E-02));
#5638 = DIRECTION('',(-0.,-0.,-1.));
#5639 = DIRECTION('',(-0.,-1.,0.));
#5640 = ADVANCED_FACE('',(#5641),#5652,.F.);
#5641 = FACE_BOUND('',#5642,.T.);
#5642 = EDGE_LOOP('',(#5643,#5644,#5650,#5651));
#5643 = ORIENTED_EDGE('',*,*,#1600,.T.);
#5644 = ORIENTED_EDGE('',*,*,#5645,.T.);
#5645 = EDGE_CURVE('',#1601,#3165,#5646,.T.);
#5646 = LINE('',#5647,#5648);
#5647 = CARTESIAN_POINT('',(65.108686,36.335666,-4.6E-02));
#5648 = VECTOR('',#5649,1.);
#5649 = DIRECTION('',(0.,0.,1.));
#5650 = ORIENTED_EDGE('',*,*,#3164,.F.);
#5651 = ORIENTED_EDGE('',*,*,#5645,.F.);
#5652 = CYLINDRICAL_SURFACE('',#5653,1.5);
#5653 = AXIS2_PLACEMENT_3D('',#5654,#5655,#5656);
#5654 = CARTESIAN_POINT('',(65.108686,37.835666,-4.6E-02));
#5655 = DIRECTION('',(-0.,-0.,-1.));
#5656 = DIRECTION('',(-0.,-1.,0.));
#5657 = ADVANCED_FACE('',(#5658),#5669,.F.);
#5658 = FACE_BOUND('',#5659,.T.);
#5659 = EDGE_LOOP('',(#5660,#5661,#5667,#5668));
#5660 = ORIENTED_EDGE('',*,*,#1611,.T.);
#5661 = ORIENTED_EDGE('',*,*,#5662,.T.);
#5662 = EDGE_CURVE('',#1612,#3176,#5663,.T.);
#5663 = LINE('',#5664,#5665);
#5664 = CARTESIAN_POINT('',(64.772735,40.753007,-4.6E-02));
#5665 = VECTOR('',#5666,1.);
#5666 = DIRECTION('',(0.,0.,1.));
#5667 = ORIENTED_EDGE('',*,*,#3175,.F.);
#5668 = ORIENTED_EDGE('',*,*,#5662,.F.);
#5669 = CYLINDRICAL_SURFACE('',#5670,0.8509);
#5670 = AXIS2_PLACEMENT_3D('',#5671,#5672,#5673);
#5671 = CARTESIAN_POINT('',(64.772735,41.603907,-4.6E-02));
#5672 = DIRECTION('',(-0.,-0.,-1.));
#5673 = DIRECTION('',(-0.,-1.,0.));
#5674 = ADVANCED_FACE('',(#5675),#5686,.F.);
#5675 = FACE_BOUND('',#5676,.T.);
#5676 = EDGE_LOOP('',(#5677,#5678,#5684,#5685));
#5677 = ORIENTED_EDGE('',*,*,#1622,.T.);
#5678 = ORIENTED_EDGE('',*,*,#5679,.T.);
#5679 = EDGE_CURVE('',#1623,#3187,#5680,.T.);
#5680 = LINE('',#5681,#5682);
#5681 = CARTESIAN_POINT('',(70.2675,39.6495,-4.6E-02));
#5682 = VECTOR('',#5683,1.);
#5683 = DIRECTION('',(0.,0.,1.));
#5684 = ORIENTED_EDGE('',*,*,#3186,.F.);
#5685 = ORIENTED_EDGE('',*,*,#5679,.F.);
#5686 = CYLINDRICAL_SURFACE('',#5687,1.7145);
#5687 = AXIS2_PLACEMENT_3D('',#5688,#5689,#5690);
#5688 = CARTESIAN_POINT('',(70.2675,41.364,-4.6E-02));
#5689 = DIRECTION('',(-0.,-0.,-1.));
#5690 = DIRECTION('',(-0.,-1.,0.));
#5691 = ADVANCED_FACE('',(#5692),#5703,.F.);
#5692 = FACE_BOUND('',#5693,.T.);
#5693 = EDGE_LOOP('',(#5694,#5695,#5701,#5702));
#5694 = ORIENTED_EDGE('',*,*,#1633,.T.);
#5695 = ORIENTED_EDGE('',*,*,#5696,.T.);
#5696 = EDGE_CURVE('',#1634,#3198,#5697,.T.);
#5697 = LINE('',#5698,#5699);
#5698 = CARTESIAN_POINT('',(48.1195,41.0955,-4.6E-02));
#5699 = VECTOR('',#5700,1.);
#5700 = DIRECTION('',(0.,0.,1.));
#5701 = ORIENTED_EDGE('',*,*,#3197,.F.);
#5702 = ORIENTED_EDGE('',*,*,#5696,.F.);
#5703 = CYLINDRICAL_SURFACE('',#5704,1.7145);
#5704 = AXIS2_PLACEMENT_3D('',#5705,#5706,#5707);
#5705 = CARTESIAN_POINT('',(48.1195,42.81,-4.6E-02));
#5706 = DIRECTION('',(-0.,-0.,-1.));
#5707 = DIRECTION('',(-0.,-1.,0.));
#5708 = ADVANCED_FACE('',(#5709),#5720,.F.);
#5709 = FACE_BOUND('',#5710,.T.);
#5710 = EDGE_LOOP('',(#5711,#5712,#5718,#5719));
#5711 = ORIENTED_EDGE('',*,*,#1644,.T.);
#5712 = ORIENTED_EDGE('',*,*,#5713,.T.);
#5713 = EDGE_CURVE('',#1645,#3209,#5714,.T.);
#5714 = LINE('',#5715,#5716);
#5715 = CARTESIAN_POINT('',(53.576131,42.648433,-4.6E-02));
#5716 = VECTOR('',#5717,1.);
#5717 = DIRECTION('',(0.,0.,1.));
#5718 = ORIENTED_EDGE('',*,*,#3208,.F.);
#5719 = ORIENTED_EDGE('',*,*,#5713,.F.);
#5720 = CYLINDRICAL_SURFACE('',#5721,0.8509);
#5721 = AXIS2_PLACEMENT_3D('',#5722,#5723,#5724);
#5722 = CARTESIAN_POINT('',(53.576131,43.499333,-4.6E-02));
#5723 = DIRECTION('',(-0.,-0.,-1.));
#5724 = DIRECTION('',(-8.350484613469E-15,-1.,0.));
#5725 = ADVANCED_FACE('',(#5726),#5737,.F.);
#5726 = FACE_BOUND('',#5727,.T.);
#5727 = EDGE_LOOP('',(#5728,#5729,#5735,#5736));
#5728 = ORIENTED_EDGE('',*,*,#1655,.T.);
#5729 = ORIENTED_EDGE('',*,*,#5730,.T.);
#5730 = EDGE_CURVE('',#1656,#3220,#5731,.T.);
#5731 = LINE('',#5732,#5733);
#5732 = CARTESIAN_POINT('',(52.771939,47.135821,-4.6E-02));
#5733 = VECTOR('',#5734,1.);
#5734 = DIRECTION('',(0.,0.,1.));
#5735 = ORIENTED_EDGE('',*,*,#3219,.F.);
#5736 = ORIENTED_EDGE('',*,*,#5730,.F.);
#5737 = CYLINDRICAL_SURFACE('',#5738,0.4953);
#5738 = AXIS2_PLACEMENT_3D('',#5739,#5740,#5741);
#5739 = CARTESIAN_POINT('',(52.771939,47.631121,-4.6E-02));
#5740 = DIRECTION('',(-0.,-0.,-1.));
#5741 = DIRECTION('',(-0.,-1.,0.));
#5742 = ADVANCED_FACE('',(#5743),#5754,.F.);
#5743 = FACE_BOUND('',#5744,.T.);
#5744 = EDGE_LOOP('',(#5745,#5746,#5752,#5753));
#5745 = ORIENTED_EDGE('',*,*,#1666,.T.);
#5746 = ORIENTED_EDGE('',*,*,#5747,.T.);
#5747 = EDGE_CURVE('',#1667,#3231,#5748,.T.);
#5748 = LINE('',#5749,#5750);
#5749 = CARTESIAN_POINT('',(75.762265,40.273193,-4.6E-02));
#5750 = VECTOR('',#5751,1.);
#5751 = DIRECTION('',(0.,0.,1.));
#5752 = ORIENTED_EDGE('',*,*,#3230,.F.);
#5753 = ORIENTED_EDGE('',*,*,#5747,.F.);
#5754 = CYLINDRICAL_SURFACE('',#5755,0.8509);
#5755 = AXIS2_PLACEMENT_3D('',#5756,#5757,#5758);
#5756 = CARTESIAN_POINT('',(75.762265,41.124093,-4.6E-02));
#5757 = DIRECTION('',(-0.,-0.,-1.));
#5758 = DIRECTION('',(-0.,-1.,0.));
#5759 = ADVANCED_FACE('',(#5760),#5771,.F.);
#5760 = FACE_BOUND('',#5761,.T.);
#5761 = EDGE_LOOP('',(#5762,#5763,#5769,#5770));
#5762 = ORIENTED_EDGE('',*,*,#1677,.T.);
#5763 = ORIENTED_EDGE('',*,*,#5764,.T.);
#5764 = EDGE_CURVE('',#1678,#3242,#5765,.T.);
#5765 = LINE('',#5766,#5767);
#5766 = CARTESIAN_POINT('',(85.,35.4,-4.6E-02));
#5767 = VECTOR('',#5768,1.);
#5768 = DIRECTION('',(0.,0.,1.));
#5769 = ORIENTED_EDGE('',*,*,#3241,.F.);
#5770 = ORIENTED_EDGE('',*,*,#5764,.F.);
#5771 = CYLINDRICAL_SURFACE('',#5772,1.1);
#5772 = AXIS2_PLACEMENT_3D('',#5773,#5774,#5775);
#5773 = CARTESIAN_POINT('',(85.,36.5,-4.6E-02));
#5774 = DIRECTION('',(-0.,-0.,-1.));
#5775 = DIRECTION('',(-0.,-1.,0.));
#5776 = ADVANCED_FACE('',(#5777),#5788,.F.);
#5777 = FACE_BOUND('',#5778,.T.);
#5778 = EDGE_LOOP('',(#5779,#5780,#5786,#5787));
#5779 = ORIENTED_EDGE('',*,*,#1688,.T.);
#5780 = ORIENTED_EDGE('',*,*,#5781,.T.);
#5781 = EDGE_CURVE('',#1689,#3253,#5782,.T.);
#5782 = LINE('',#5783,#5784);
#5783 = CARTESIAN_POINT('',(75.665733,44.837009,-4.6E-02));
#5784 = VECTOR('',#5785,1.);
#5785 = DIRECTION('',(0.,0.,1.));
#5786 = ORIENTED_EDGE('',*,*,#3252,.F.);
#5787 = ORIENTED_EDGE('',*,*,#5781,.F.);
#5788 = CYLINDRICAL_SURFACE('',#5789,0.4953);
#5789 = AXIS2_PLACEMENT_3D('',#5790,#5791,#5792);
#5790 = CARTESIAN_POINT('',(75.665733,45.332309,-4.6E-02));
#5791 = DIRECTION('',(-0.,-0.,-1.));
#5792 = DIRECTION('',(-0.,-1.,0.));
#5793 = ( GEOMETRIC_REPRESENTATION_CONTEXT(3) 
GLOBAL_UNCERTAINTY_ASSIGNED_CONTEXT((#5797)) 
GLOBAL_UNIT_ASSIGNED_CONTEXT((#5794,#5795,#5796)) REPRESENTATION_CONTEXT
('Context #1','3D Context with UNIT and UNCERTAINTY') );
#5794 = ( LENGTH_UNIT() NAMED_UNIT(*) SI_UNIT(.MILLI.,.METRE.) );
#5795 = ( NAMED_UNIT(*) PLANE_ANGLE_UNIT() SI_UNIT($,.RADIAN.) );
#5796 = ( NAMED_UNIT(*) SI_UNIT($,.STERADIAN.) SOLID_ANGLE_UNIT() );
#5797 = UNCERTAINTY_MEASURE_WITH_UNIT(LENGTH_MEASURE(1.E-07),#5794,
  'distance_accuracy_value','confusion accuracy');
#5798 = CONTEXT_DEPENDENT_SHAPE_REPRESENTATION(#5799,#5801);
#5799 = ( REPRESENTATION_RELATIONSHIP('','',#32,#10) 
REPRESENTATION_RELATIONSHIP_WITH_TRANSFORMATION(#5800) 
SHAPE_REPRESENTATION_RELATIONSHIP() );
#5800 = ITEM_DEFINED_TRANSFORMATION('','',#11,#15);
#5801 = PRODUCT_DEFINITION_SHAPE('Placement','Placement of an item',
  #5802);
#5802 = NEXT_ASSEMBLY_USAGE_OCCURRENCE('1','=>[0:1:1:2]','',#5,#27,$);
#5803 = PRODUCT_RELATED_PRODUCT_CATEGORY('part',$,(#29));
#5804 = MECHANICAL_DESIGN_GEOMETRIC_PRESENTATION_REPRESENTATION('',(
    #5805),#5793);
#5805 = STYLED_ITEM('color',(#5806),#33);
#5806 = PRESENTATION_STYLE_ASSIGNMENT((#5807));
#5807 = SURFACE_STYLE_USAGE(.BOTH.,#5808);
#5808 = SURFACE_SIDE_STYLE('',(#5809));
#5809 = SURFACE_STYLE_FILL_AREA(#5810);
#5810 = FILL_AREA_STYLE('',(#5811));
#5811 = FILL_AREA_STYLE_COLOUR('',#5812);
#5812 = COLOUR_RGB('',0.313304153717,0.484529207832,0.410020903123);
ENDSEC;
END-ISO-10303-21;
