ISO-10303-21;
HEADER;
FILE_DESCRIPTION(('FreeCAD Model'),'2;1');
FILE_NAME('Open CASCADE Shape Model','2026-08-15T12:53:49',(''),(''),
  'Open CASCADE STEP processor 7.8','FreeCAD','Unknown');
FILE_SCHEMA(('AUTOMOTIVE_DESIGN { 1 0 10303 214 1 1 1 1 }'));
ENDSEC;
DATA;
#1 = APPLICATION_PROTOCOL_DEFINITION('international standard',
  'automotive_design',2000,#2);
#2 = APPLICATION_CONTEXT(
  'core data for automotive mechanical design processes');
#3 = SHAPE_DEFINITION_REPRESENTATION(#4,#10);
#4 = PRODUCT_DEFINITION_SHAPE('','',#5);
#5 = PRODUCT_DEFINITION('design','',#6,#9);
#6 = PRODUCT_DEFINITION_FORMATION('','',#7);
#7 = PRODUCT('d','d','',(#8));
#8 = PRODUCT_CONTEXT('',#2,'mechanical');
#9 = PRODUCT_DEFINITION_CONTEXT('part definition',#2,'design');
#10 = SHAPE_REPRESENTATION('',(#11,#15,#19,#23),#27);
#11 = AXIS2_PLACEMENT_3D('',#12,#13,#14);
#12 = CARTESIAN_POINT('',(0.,0.,0.));
#13 = DIRECTION('',(0.,0.,1.));
#14 = DIRECTION('',(1.,0.,-0.));
#15 = AXIS2_PLACEMENT_3D('',#16,#17,#18);
#16 = CARTESIAN_POINT('',(5.,-3.75,-1.6));
#17 = DIRECTION('',(0.,-1.,2.22044604925E-16));
#18 = DIRECTION('',(1.,0.,0.));
#19 = AXIS2_PLACEMENT_3D('',#20,#21,#22);
#20 = CARTESIAN_POINT('',(2.2,-5.949999999996,-3.439491193792));
#21 = DIRECTION('',(-0.,1.,3.330669073875E-15));
#22 = DIRECTION('',(1.,0.,0.));
#23 = AXIS2_PLACEMENT_3D('',#24,#25,#26);
#24 = CARTESIAN_POINT('',(-7.2,-3.75,-3.439491193792));
#25 = DIRECTION('',(-2.379704662901E-29,-1.,-6.772360450213E-15));
#26 = DIRECTION('',(-1.,-2.349409363467E-29,6.982962677686E-15));
#27 = ( GEOMETRIC_REPRESENTATION_CONTEXT(3) 
GLOBAL_UNCERTAINTY_ASSIGNED_CONTEXT((#31)) GLOBAL_UNIT_ASSIGNED_CONTEXT(
(#28,#29,#30)) REPRESENTATION_CONTEXT('Context #1',
  '3D Context with UNIT and UNCERTAINTY') );
#28 = ( LENGTH_UNIT() NAMED_UNIT(*) SI_UNIT(.MILLI.,.METRE.) );
#29 = ( NAMED_UNIT(*) PLANE_ANGLE_UNIT() SI_UNIT($,.RADIAN.) );
#30 = ( NAMED_UNIT(*) SI_UNIT($,.STERADIAN.) SOLID_ANGLE_UNIT() );
#31 = UNCERTAINTY_MEASURE_WITH_UNIT(LENGTH_MEASURE(2.E-05),#28,
  'distance_accuracy_value','confusion accuracy');
#32 = PRODUCT_RELATED_PRODUCT_CATEGORY('part',$,(#7));
#33 = SHAPE_DEFINITION_REPRESENTATION(#34,#40);
#34 = PRODUCT_DEFINITION_SHAPE('','',#35);
#35 = PRODUCT_DEFINITION('design','',#36,#39);
#36 = PRODUCT_DEFINITION_FORMATION('','',#37);
#37 = PRODUCT('socket001','socket001','',(#38));
#38 = PRODUCT_CONTEXT('',#2,'mechanical');
#39 = PRODUCT_DEFINITION_CONTEXT('part definition',#2,'design');
#40 = ADVANCED_BREP_SHAPE_REPRESENTATION('',(#11,#41),#3866);
#41 = MANIFOLD_SOLID_BREP('',#42);
#42 = CLOSED_SHELL('',(#43,#87,#131,#175,#219,#263,#305,#347,#379,#411,
    #726,#768,#799,#832,#863,#896,#927,#960,#1002,#1033,#1066,#1097,
    #1130,#1172,#1194,#1266,#1308,#1371,#1404,#1435,#1468,#1501,#1532,
    #1572,#1612,#1652,#1692,#1732,#1765,#1787,#1922,#1940,#2026,#2044,
    #2130,#2148,#2166,#2184,#2202,#2220,#2238,#2250,#2262,#2278,#2294,
    #2310,#2326,#2342,#2354,#2366,#2378,#2390,#2402,#2456,#2510,#2532,
    #2549,#2566,#2583,#2600,#2617,#2634,#2646,#2668,#2685,#2702,#2719,
    #2736,#2753,#2770,#2782,#2813,#2844,#2861,#2892,#2923,#2940,#2971,
    #3002,#3033,#3053,#3102,#3124,#3146,#3166,#3189,#3206,#3223,#3240,
    #3257,#3274,#3292,#3315,#3332,#3349,#3366,#3383,#3400,#3418,#3436,
    #3461,#3479,#3504,#3524,#3542,#3560,#3578,#3596,#3608,#3626,#3644,
    #3662,#3682,#3700,#3725,#3743,#3768,#3786,#3811,#3829,#3854));
#43 = ADVANCED_FACE('',(#44),#82,.T.);
#44 = FACE_BOUND('',#45,.T.);
#45 = EDGE_LOOP('',(#46,#57,#66,#75));
#46 = ORIENTED_EDGE('',*,*,#47,.T.);
#47 = EDGE_CURVE('',#48,#50,#52,.T.);
#48 = VERTEX_POINT('',#49);
#49 = CARTESIAN_POINT('',(-11.59999999999,-0.1,1.950000000007));
#50 = VERTEX_POINT('',#51);
#51 = CARTESIAN_POINT('',(-11.59999999999,-0.1,1.250000000007));
#52 = CIRCLE('',#53,0.35);
#53 = AXIS2_PLACEMENT_3D('',#54,#55,#56);
#54 = CARTESIAN_POINT('',(-11.59999999999,-0.1,1.600000000007));
#55 = DIRECTION('',(0.,1.,0.));
#56 = DIRECTION('',(0.,-0.,1.));
#57 = ORIENTED_EDGE('',*,*,#58,.T.);
#58 = EDGE_CURVE('',#50,#59,#61,.T.);
#59 = VERTEX_POINT('',#60);
#60 = CARTESIAN_POINT('',(-11.59999999999,0.,1.350000000007));
#61 = CIRCLE('',#62,0.1);
#62 = AXIS2_PLACEMENT_3D('',#63,#64,#65);
#63 = CARTESIAN_POINT('',(-11.59999999999,-0.1,1.350000000007));
#64 = DIRECTION('',(1.,-0.,1.224646799147E-16));
#65 = DIRECTION('',(1.224646799147E-16,0.,-1.));
#66 = ORIENTED_EDGE('',*,*,#67,.F.);
#67 = EDGE_CURVE('',#68,#59,#70,.T.);
#68 = VERTEX_POINT('',#69);
#69 = CARTESIAN_POINT('',(-11.59999999999,0.,1.850000000007));
#70 = CIRCLE('',#71,0.25);
#71 = AXIS2_PLACEMENT_3D('',#72,#73,#74);
#72 = CARTESIAN_POINT('',(-11.59999999999,0.,1.600000000007));
#73 = DIRECTION('',(0.,1.,0.));
#74 = DIRECTION('',(0.,-0.,1.));
#75 = ORIENTED_EDGE('',*,*,#76,.F.);
#76 = EDGE_CURVE('',#48,#68,#77,.T.);
#77 = CIRCLE('',#78,0.1);
#78 = AXIS2_PLACEMENT_3D('',#79,#80,#81);
#79 = CARTESIAN_POINT('',(-11.59999999999,-0.1,1.850000000007));
#80 = DIRECTION('',(-1.,0.,0.));
#81 = DIRECTION('',(0.,0.,1.));
#82 = TOROIDAL_SURFACE('',#83,0.25,0.1);
#83 = AXIS2_PLACEMENT_3D('',#84,#85,#86);
#84 = CARTESIAN_POINT('',(-11.59999999999,-0.1,1.600000000007));
#85 = DIRECTION('',(0.,1.,0.));
#86 = DIRECTION('',(0.,-0.,1.));
#87 = ADVANCED_FACE('',(#88),#126,.T.);
#88 = FACE_BOUND('',#89,.T.);
#89 = EDGE_LOOP('',(#90,#101,#110,#119));
#90 = ORIENTED_EDGE('',*,*,#91,.T.);
#91 = EDGE_CURVE('',#92,#94,#96,.T.);
#92 = VERTEX_POINT('',#93);
#93 = CARTESIAN_POINT('',(-11.6,-0.1,-1.250000000007));
#94 = VERTEX_POINT('',#95);
#95 = CARTESIAN_POINT('',(-11.6,-0.1,-1.950000000007));
#96 = CIRCLE('',#97,0.35);
#97 = AXIS2_PLACEMENT_3D('',#98,#99,#100);
#98 = CARTESIAN_POINT('',(-11.6,-0.1,-1.600000000007));
#99 = DIRECTION('',(0.,1.,0.));
#100 = DIRECTION('',(0.,-0.,1.));
#101 = ORIENTED_EDGE('',*,*,#102,.T.);
#102 = EDGE_CURVE('',#94,#103,#105,.T.);
#103 = VERTEX_POINT('',#104);
#104 = CARTESIAN_POINT('',(-11.6,0.,-1.850000000007));
#105 = CIRCLE('',#106,0.1);
#106 = AXIS2_PLACEMENT_3D('',#107,#108,#109);
#107 = CARTESIAN_POINT('',(-11.6,-0.1,-1.850000000007));
#108 = DIRECTION('',(1.,-0.,1.224646799147E-16));
#109 = DIRECTION('',(1.224646799147E-16,0.,-1.));
#110 = ORIENTED_EDGE('',*,*,#111,.F.);
#111 = EDGE_CURVE('',#112,#103,#114,.T.);
#112 = VERTEX_POINT('',#113);
#113 = CARTESIAN_POINT('',(-11.6,0.,-1.350000000007));
#114 = CIRCLE('',#115,0.25);
#115 = AXIS2_PLACEMENT_3D('',#116,#117,#118);
#116 = CARTESIAN_POINT('',(-11.6,0.,-1.600000000007));
#117 = DIRECTION('',(0.,1.,0.));
#118 = DIRECTION('',(0.,-0.,1.));
#119 = ORIENTED_EDGE('',*,*,#120,.F.);
#120 = EDGE_CURVE('',#92,#112,#121,.T.);
#121 = CIRCLE('',#122,0.1);
#122 = AXIS2_PLACEMENT_3D('',#123,#124,#125);
#123 = CARTESIAN_POINT('',(-11.6,-0.1,-1.350000000007));
#124 = DIRECTION('',(-1.,0.,0.));
#125 = DIRECTION('',(0.,0.,1.));
#126 = TOROIDAL_SURFACE('',#127,0.25,0.1);
#127 = AXIS2_PLACEMENT_3D('',#128,#129,#130);
#128 = CARTESIAN_POINT('',(-11.6,-0.1,-1.600000000007));
#129 = DIRECTION('',(0.,1.,0.));
#130 = DIRECTION('',(0.,-0.,1.));
#131 = ADVANCED_FACE('',(#132),#170,.T.);
#132 = FACE_BOUND('',#133,.T.);
#133 = EDGE_LOOP('',(#134,#145,#154,#163));
#134 = ORIENTED_EDGE('',*,*,#135,.T.);
#135 = EDGE_CURVE('',#136,#138,#140,.T.);
#136 = VERTEX_POINT('',#137);
#137 = CARTESIAN_POINT('',(-7.5,-0.1,1.7));
#138 = VERTEX_POINT('',#139);
#139 = CARTESIAN_POINT('',(-7.5,-0.1,1.));
#140 = CIRCLE('',#141,0.35);
#141 = AXIS2_PLACEMENT_3D('',#142,#143,#144);
#142 = CARTESIAN_POINT('',(-7.5,-0.1,1.35));
#143 = DIRECTION('',(0.,1.,-0.));
#144 = DIRECTION('',(0.,0.,1.));
#145 = ORIENTED_EDGE('',*,*,#146,.T.);
#146 = EDGE_CURVE('',#138,#147,#149,.T.);
#147 = VERTEX_POINT('',#148);
#148 = CARTESIAN_POINT('',(-7.5,0.,1.1));
#149 = CIRCLE('',#150,0.1);
#150 = AXIS2_PLACEMENT_3D('',#151,#152,#153);
#151 = CARTESIAN_POINT('',(-7.5,-0.1,1.1));
#152 = DIRECTION('',(1.,0.,1.224646799147E-16));
#153 = DIRECTION('',(1.224646799147E-16,0.,-1.));
#154 = ORIENTED_EDGE('',*,*,#155,.F.);
#155 = EDGE_CURVE('',#156,#147,#158,.T.);
#156 = VERTEX_POINT('',#157);
#157 = CARTESIAN_POINT('',(-7.5,0.,1.6));
#158 = CIRCLE('',#159,0.25);
#159 = AXIS2_PLACEMENT_3D('',#160,#161,#162);
#160 = CARTESIAN_POINT('',(-7.5,0.,1.35));
#161 = DIRECTION('',(0.,1.,-0.));
#162 = DIRECTION('',(0.,0.,1.));
#163 = ORIENTED_EDGE('',*,*,#164,.F.);
#164 = EDGE_CURVE('',#136,#156,#165,.T.);
#165 = CIRCLE('',#166,0.1);
#166 = AXIS2_PLACEMENT_3D('',#167,#168,#169);
#167 = CARTESIAN_POINT('',(-7.5,-0.1,1.6));
#168 = DIRECTION('',(-1.,0.,0.));
#169 = DIRECTION('',(0.,0.,1.));
#170 = TOROIDAL_SURFACE('',#171,0.25,0.1);
#171 = AXIS2_PLACEMENT_3D('',#172,#173,#174);
#172 = CARTESIAN_POINT('',(-7.5,-0.1,1.35));
#173 = DIRECTION('',(0.,1.,-0.));
#174 = DIRECTION('',(0.,0.,1.));
#175 = ADVANCED_FACE('',(#176),#214,.T.);
#176 = FACE_BOUND('',#177,.T.);
#177 = EDGE_LOOP('',(#178,#189,#198,#207));
#178 = ORIENTED_EDGE('',*,*,#179,.T.);
#179 = EDGE_CURVE('',#180,#182,#184,.T.);
#180 = VERTEX_POINT('',#181);
#181 = CARTESIAN_POINT('',(-3.4,-0.1,4.2));
#182 = VERTEX_POINT('',#183);
#183 = CARTESIAN_POINT('',(-3.4,-0.1,3.5));
#184 = CIRCLE('',#185,0.35);
#185 = AXIS2_PLACEMENT_3D('',#186,#187,#188);
#186 = CARTESIAN_POINT('',(-3.4,-0.1,3.85));
#187 = DIRECTION('',(0.,1.,-0.));
#188 = DIRECTION('',(0.,0.,1.));
#189 = ORIENTED_EDGE('',*,*,#190,.T.);
#190 = EDGE_CURVE('',#182,#191,#193,.T.);
#191 = VERTEX_POINT('',#192);
#192 = CARTESIAN_POINT('',(-3.4,0.,3.6));
#193 = CIRCLE('',#194,1.E-01);
#194 = AXIS2_PLACEMENT_3D('',#195,#196,#197);
#195 = CARTESIAN_POINT('',(-3.4,-0.1,3.6));
#196 = DIRECTION('',(1.,0.,1.224646799147E-16));
#197 = DIRECTION('',(1.224646799147E-16,0.,-1.));
#198 = ORIENTED_EDGE('',*,*,#199,.F.);
#199 = EDGE_CURVE('',#200,#191,#202,.T.);
#200 = VERTEX_POINT('',#201);
#201 = CARTESIAN_POINT('',(-3.4,0.,4.1));
#202 = CIRCLE('',#203,0.25);
#203 = AXIS2_PLACEMENT_3D('',#204,#205,#206);
#204 = CARTESIAN_POINT('',(-3.4,0.,3.85));
#205 = DIRECTION('',(0.,1.,-0.));
#206 = DIRECTION('',(0.,0.,1.));
#207 = ORIENTED_EDGE('',*,*,#208,.F.);
#208 = EDGE_CURVE('',#180,#200,#209,.T.);
#209 = CIRCLE('',#210,0.1);
#210 = AXIS2_PLACEMENT_3D('',#211,#212,#213);
#211 = CARTESIAN_POINT('',(-3.4,-0.1,4.1));
#212 = DIRECTION('',(-1.,0.,0.));
#213 = DIRECTION('',(0.,0.,1.));
#214 = TOROIDAL_SURFACE('',#215,0.25,0.1);
#215 = AXIS2_PLACEMENT_3D('',#216,#217,#218);
#216 = CARTESIAN_POINT('',(-3.4,-0.1,3.85));
#217 = DIRECTION('',(0.,1.,-0.));
#218 = DIRECTION('',(0.,0.,1.));
#219 = ADVANCED_FACE('',(#220),#258,.T.);
#220 = FACE_BOUND('',#221,.T.);
#221 = EDGE_LOOP('',(#222,#233,#242,#251));
#222 = ORIENTED_EDGE('',*,*,#223,.T.);
#223 = EDGE_CURVE('',#224,#226,#228,.T.);
#224 = VERTEX_POINT('',#225);
#225 = CARTESIAN_POINT('',(-3.4,-0.1,0.9));
#226 = VERTEX_POINT('',#227);
#227 = CARTESIAN_POINT('',(-3.4,-0.1,0.2));
#228 = CIRCLE('',#229,0.35);
#229 = AXIS2_PLACEMENT_3D('',#230,#231,#232);
#230 = CARTESIAN_POINT('',(-3.4,-0.1,0.55));
#231 = DIRECTION('',(0.,1.,-0.));
#232 = DIRECTION('',(0.,0.,1.));
#233 = ORIENTED_EDGE('',*,*,#234,.T.);
#234 = EDGE_CURVE('',#226,#235,#237,.T.);
#235 = VERTEX_POINT('',#236);
#236 = CARTESIAN_POINT('',(-3.4,0.,0.3));
#237 = CIRCLE('',#238,1.E-01);
#238 = AXIS2_PLACEMENT_3D('',#239,#240,#241);
#239 = CARTESIAN_POINT('',(-3.4,-0.1,0.3));
#240 = DIRECTION('',(1.,0.,1.224646799147E-16));
#241 = DIRECTION('',(1.224646799147E-16,0.,-1.));
#242 = ORIENTED_EDGE('',*,*,#243,.F.);
#243 = EDGE_CURVE('',#244,#235,#246,.T.);
#244 = VERTEX_POINT('',#245);
#245 = CARTESIAN_POINT('',(-3.4,0.,0.8));
#246 = CIRCLE('',#247,0.25);
#247 = AXIS2_PLACEMENT_3D('',#248,#249,#250);
#248 = CARTESIAN_POINT('',(-3.4,0.,0.55));
#249 = DIRECTION('',(0.,1.,-0.));
#250 = DIRECTION('',(0.,0.,1.));
#251 = ORIENTED_EDGE('',*,*,#252,.F.);
#252 = EDGE_CURVE('',#224,#244,#253,.T.);
#253 = CIRCLE('',#254,0.1);
#254 = AXIS2_PLACEMENT_3D('',#255,#256,#257);
#255 = CARTESIAN_POINT('',(-3.4,-0.1,0.8));
#256 = DIRECTION('',(-1.,0.,0.));
#257 = DIRECTION('',(0.,0.,1.));
#258 = TOROIDAL_SURFACE('',#259,0.25,0.1);
#259 = AXIS2_PLACEMENT_3D('',#260,#261,#262);
#260 = CARTESIAN_POINT('',(-3.4,-0.1,0.55));
#261 = DIRECTION('',(0.,1.,-0.));
#262 = DIRECTION('',(0.,0.,1.));
#263 = ADVANCED_FACE('',(#264),#300,.T.);
#264 = FACE_BOUND('',#265,.T.);
#265 = EDGE_LOOP('',(#266,#277,#285,#294));
#266 = ORIENTED_EDGE('',*,*,#267,.F.);
#267 = EDGE_CURVE('',#268,#270,#272,.T.);
#268 = VERTEX_POINT('',#269);
#269 = CARTESIAN_POINT('',(-10.,1.25,1.268014882867));
#270 = VERTEX_POINT('',#271);
#271 = CARTESIAN_POINT('',(-10.,1.25,-1.268014882867));
#272 = CIRCLE('',#273,1.268014882867);
#273 = AXIS2_PLACEMENT_3D('',#274,#275,#276);
#274 = CARTESIAN_POINT('',(-10.,1.25,6.123233995737E-16));
#275 = DIRECTION('',(0.,1.,0.));
#276 = DIRECTION('',(0.,-0.,1.));
#277 = ORIENTED_EDGE('',*,*,#278,.T.);
#278 = EDGE_CURVE('',#268,#279,#281,.T.);
#279 = VERTEX_POINT('',#280);
#280 = CARTESIAN_POINT('',(-10.,0.75,1.45));
#281 = LINE('',#282,#283);
#282 = CARTESIAN_POINT('',(-10.,1.25,1.268014882867));
#283 = VECTOR('',#284,1.);
#284 = DIRECTION('',(4.188538737677E-17,-0.939692620786,0.342020143326)
  );
#285 = ORIENTED_EDGE('',*,*,#286,.F.);
#286 = EDGE_CURVE('',#287,#279,#289,.T.);
#287 = VERTEX_POINT('',#288);
#288 = CARTESIAN_POINT('',(-10.,0.75,-1.45));
#289 = CIRCLE('',#290,1.45);
#290 = AXIS2_PLACEMENT_3D('',#291,#292,#293);
#291 = CARTESIAN_POINT('',(-10.,0.75,6.123233995737E-16));
#292 = DIRECTION('',(0.,-1.,0.));
#293 = DIRECTION('',(0.,0.,1.));
#294 = ORIENTED_EDGE('',*,*,#295,.F.);
#295 = EDGE_CURVE('',#270,#287,#296,.T.);
#296 = LINE('',#297,#298);
#297 = CARTESIAN_POINT('',(-10.,1.25,-1.268014882867));
#298 = VECTOR('',#299,1.);
#299 = DIRECTION('',(0.,-0.939692620786,-0.342020143326));
#300 = CONICAL_SURFACE('',#301,1.268014882867,0.349065850399);
#301 = AXIS2_PLACEMENT_3D('',#302,#303,#304);
#302 = CARTESIAN_POINT('',(-10.,1.25,6.123233995737E-16));
#303 = DIRECTION('',(0.,-1.,0.));
#304 = DIRECTION('',(0.,0.,-1.));
#305 = ADVANCED_FACE('',(#306),#342,.T.);
#306 = FACE_BOUND('',#307,.T.);
#307 = EDGE_LOOP('',(#308,#319,#327,#336));
#308 = ORIENTED_EDGE('',*,*,#309,.F.);
#309 = EDGE_CURVE('',#310,#312,#314,.T.);
#310 = VERTEX_POINT('',#311);
#311 = CARTESIAN_POINT('',(-5.,1.25,3.468014882867));
#312 = VERTEX_POINT('',#313);
#313 = CARTESIAN_POINT('',(-5.,1.25,0.931985117133));
#314 = CIRCLE('',#315,1.268014882867);
#315 = AXIS2_PLACEMENT_3D('',#316,#317,#318);
#316 = CARTESIAN_POINT('',(-5.,1.25,2.2));
#317 = DIRECTION('',(0.,1.,0.));
#318 = DIRECTION('',(0.,-0.,1.));
#319 = ORIENTED_EDGE('',*,*,#320,.T.);
#320 = EDGE_CURVE('',#310,#321,#323,.T.);
#321 = VERTEX_POINT('',#322);
#322 = CARTESIAN_POINT('',(-5.,0.75,3.65));
#323 = LINE('',#324,#325);
#324 = CARTESIAN_POINT('',(-5.,1.25,3.468014882867));
#325 = VECTOR('',#326,1.);
#326 = DIRECTION('',(4.188538737677E-17,-0.939692620786,0.342020143326)
  );
#327 = ORIENTED_EDGE('',*,*,#328,.F.);
#328 = EDGE_CURVE('',#329,#321,#331,.T.);
#329 = VERTEX_POINT('',#330);
#330 = CARTESIAN_POINT('',(-5.,0.75,0.75));
#331 = CIRCLE('',#332,1.45);
#332 = AXIS2_PLACEMENT_3D('',#333,#334,#335);
#333 = CARTESIAN_POINT('',(-5.,0.75,2.2));
#334 = DIRECTION('',(0.,-1.,0.));
#335 = DIRECTION('',(0.,0.,1.));
#336 = ORIENTED_EDGE('',*,*,#337,.F.);
#337 = EDGE_CURVE('',#312,#329,#338,.T.);
#338 = LINE('',#339,#340);
#339 = CARTESIAN_POINT('',(-5.,1.25,0.931985117133));
#340 = VECTOR('',#341,1.);
#341 = DIRECTION('',(0.,-0.939692620786,-0.342020143326));
#342 = CONICAL_SURFACE('',#343,1.268014882867,0.349065850399);
#343 = AXIS2_PLACEMENT_3D('',#344,#345,#346);
#344 = CARTESIAN_POINT('',(-5.,1.25,2.2));
#345 = DIRECTION('',(0.,-1.,0.));
#346 = DIRECTION('',(0.,0.,-1.));
#347 = ADVANCED_FACE('',(#348),#374,.T.);
#348 = FACE_BOUND('',#349,.T.);
#349 = EDGE_LOOP('',(#350,#351,#359,#368));
#350 = ORIENTED_EDGE('',*,*,#328,.T.);
#351 = ORIENTED_EDGE('',*,*,#352,.T.);
#352 = EDGE_CURVE('',#321,#353,#355,.T.);
#353 = VERTEX_POINT('',#354);
#354 = CARTESIAN_POINT('',(-5.,-0.1,3.65));
#355 = LINE('',#356,#357);
#356 = CARTESIAN_POINT('',(-5.,1.25,3.65));
#357 = VECTOR('',#358,1.);
#358 = DIRECTION('',(-0.,-1.,-0.));
#359 = ORIENTED_EDGE('',*,*,#360,.T.);
#360 = EDGE_CURVE('',#353,#361,#363,.T.);
#361 = VERTEX_POINT('',#362);
#362 = CARTESIAN_POINT('',(-5.,-0.1,0.75));
#363 = CIRCLE('',#364,1.45);
#364 = AXIS2_PLACEMENT_3D('',#365,#366,#367);
#365 = CARTESIAN_POINT('',(-5.,-0.1,2.2));
#366 = DIRECTION('',(0.,1.,0.));
#367 = DIRECTION('',(0.,-0.,1.));
#368 = ORIENTED_EDGE('',*,*,#369,.F.);
#369 = EDGE_CURVE('',#329,#361,#370,.T.);
#370 = LINE('',#371,#372);
#371 = CARTESIAN_POINT('',(-5.,1.25,0.75));
#372 = VECTOR('',#373,1.);
#373 = DIRECTION('',(-0.,-1.,-0.));
#374 = CYLINDRICAL_SURFACE('',#375,1.45);
#375 = AXIS2_PLACEMENT_3D('',#376,#377,#378);
#376 = CARTESIAN_POINT('',(-5.,1.25,2.2));
#377 = DIRECTION('',(-0.,-1.,-0.));
#378 = DIRECTION('',(0.,0.,-1.));
#379 = ADVANCED_FACE('',(#380),#406,.T.);
#380 = FACE_BOUND('',#381,.T.);
#381 = EDGE_LOOP('',(#382,#383,#391,#400));
#382 = ORIENTED_EDGE('',*,*,#286,.T.);
#383 = ORIENTED_EDGE('',*,*,#384,.T.);
#384 = EDGE_CURVE('',#279,#385,#387,.T.);
#385 = VERTEX_POINT('',#386);
#386 = CARTESIAN_POINT('',(-10.,-0.1,1.45));
#387 = LINE('',#388,#389);
#388 = CARTESIAN_POINT('',(-10.,1.25,1.45));
#389 = VECTOR('',#390,1.);
#390 = DIRECTION('',(-0.,-1.,-0.));
#391 = ORIENTED_EDGE('',*,*,#392,.T.);
#392 = EDGE_CURVE('',#385,#393,#395,.T.);
#393 = VERTEX_POINT('',#394);
#394 = CARTESIAN_POINT('',(-10.,-0.1,-1.45));
#395 = CIRCLE('',#396,1.45);
#396 = AXIS2_PLACEMENT_3D('',#397,#398,#399);
#397 = CARTESIAN_POINT('',(-10.,-0.1,6.123233995737E-16));
#398 = DIRECTION('',(0.,1.,0.));
#399 = DIRECTION('',(0.,-0.,1.));
#400 = ORIENTED_EDGE('',*,*,#401,.F.);
#401 = EDGE_CURVE('',#287,#393,#402,.T.);
#402 = LINE('',#403,#404);
#403 = CARTESIAN_POINT('',(-10.,1.25,-1.45));
#404 = VECTOR('',#405,1.);
#405 = DIRECTION('',(-0.,-1.,-0.));
#406 = CYLINDRICAL_SURFACE('',#407,1.45);
#407 = AXIS2_PLACEMENT_3D('',#408,#409,#410);
#408 = CARTESIAN_POINT('',(-10.,1.25,6.123233995737E-16));
#409 = DIRECTION('',(-0.,-1.,-0.));
#410 = DIRECTION('',(0.,0.,-1.));
#411 = ADVANCED_FACE('',(#412),#721,.F.);
#412 = FACE_BOUND('',#413,.T.);
#413 = EDGE_LOOP('',(#414,#424,#432,#441,#449,#458,#467,#475,#484,#492,
    #501,#509,#517,#525,#533,#541,#549,#557,#565,#573,#582,#590,#599,
    #607,#616,#624,#633,#641,#650,#658,#667,#675,#683,#691,#699,#707,
    #715));
#414 = ORIENTED_EDGE('',*,*,#415,.T.);
#415 = EDGE_CURVE('',#416,#418,#420,.T.);
#416 = VERTEX_POINT('',#417);
#417 = CARTESIAN_POINT('',(-11.,-1.8,-1.05));
#418 = VERTEX_POINT('',#419);
#419 = CARTESIAN_POINT('',(-12.1,-1.8,-1.05));
#420 = LINE('',#421,#422);
#421 = CARTESIAN_POINT('',(-11.49999999999,-1.8,-1.05));
#422 = VECTOR('',#423,1.);
#423 = DIRECTION('',(-1.,0.,0.));
#424 = ORIENTED_EDGE('',*,*,#425,.T.);
#425 = EDGE_CURVE('',#418,#426,#428,.T.);
#426 = VERTEX_POINT('',#427);
#427 = CARTESIAN_POINT('',(-12.1,-1.8,-1.5));
#428 = LINE('',#429,#430);
#429 = CARTESIAN_POINT('',(-12.1,-1.8,1.5));
#430 = VECTOR('',#431,1.);
#431 = DIRECTION('',(0.,0.,-1.));
#432 = ORIENTED_EDGE('',*,*,#433,.T.);
#433 = EDGE_CURVE('',#426,#434,#436,.T.);
#434 = VERTEX_POINT('',#435);
#435 = CARTESIAN_POINT('',(-11.49999999998,-1.8,-2.100000000007));
#436 = CIRCLE('',#437,0.600000000007);
#437 = AXIS2_PLACEMENT_3D('',#438,#439,#440);
#438 = CARTESIAN_POINT('',(-11.49999999999,-1.8,-1.5));
#439 = DIRECTION('',(0.,-1.,0.));
#440 = DIRECTION('',(0.,0.,1.));
#441 = ORIENTED_EDGE('',*,*,#442,.T.);
#442 = EDGE_CURVE('',#434,#443,#445,.T.);
#443 = VERTEX_POINT('',#444);
#444 = CARTESIAN_POINT('',(-8.199999999985,-1.8,-2.100000000007));
#445 = LINE('',#446,#447);
#446 = CARTESIAN_POINT('',(-11.49999999999,-1.8,-2.100000000007));
#447 = VECTOR('',#448,1.);
#448 = DIRECTION('',(1.,0.,-2.628368902995E-16));
#449 = ORIENTED_EDGE('',*,*,#450,.T.);
#450 = EDGE_CURVE('',#443,#451,#453,.T.);
#451 = VERTEX_POINT('',#452);
#452 = CARTESIAN_POINT('',(-7.435439815845,-1.8,-1.539746727708));
#453 = CIRCLE('',#454,0.801812366581);
#454 = AXIS2_PLACEMENT_3D('',#455,#456,#457);
#455 = CARTESIAN_POINT('',(-8.199999999985,-1.8,-1.298187633426));
#456 = DIRECTION('',(0.,-1.,0.));
#457 = DIRECTION('',(0.,0.,1.));
#458 = ORIENTED_EDGE('',*,*,#459,.T.);
#459 = EDGE_CURVE('',#451,#460,#462,.T.);
#460 = VERTEX_POINT('',#461);
#461 = CARTESIAN_POINT('',(-5.564753672312,-1.8,5.E-02));
#462 = CIRCLE('',#463,2.309392578673);
#463 = AXIS2_PLACEMENT_3D('',#464,#465,#466);
#464 = CARTESIAN_POINT('',(-5.233341558455,-1.8,-2.235489027149));
#465 = DIRECTION('',(0.,1.,0.));
#466 = DIRECTION('',(0.,-0.,1.));
#467 = ORIENTED_EDGE('',*,*,#468,.T.);
#468 = EDGE_CURVE('',#460,#469,#471,.T.);
#469 = VERTEX_POINT('',#470);
#470 = CARTESIAN_POINT('',(-3.674264068712,-1.8,5.E-02));
#471 = LINE('',#472,#473);
#472 = CARTESIAN_POINT('',(-3.674264068712,-1.8,5.E-02));
#473 = VECTOR('',#474,1.);
#474 = DIRECTION('',(1.,-0.,-1.219727444046E-16));
#475 = ORIENTED_EDGE('',*,*,#476,.T.);
#476 = EDGE_CURVE('',#469,#477,#479,.T.);
#477 = VERTEX_POINT('',#478);
#478 = CARTESIAN_POINT('',(-3.603553390593,-1.8,7.928932188135E-02));
#479 = CIRCLE('',#480,1.E-01);
#480 = AXIS2_PLACEMENT_3D('',#481,#482,#483);
#481 = CARTESIAN_POINT('',(-3.674264068712,-1.8,0.15));
#482 = DIRECTION('',(-0.,-1.,0.));
#483 = DIRECTION('',(8.673617379884E-15,-0.,1.));
#484 = ORIENTED_EDGE('',*,*,#485,.T.);
#485 = EDGE_CURVE('',#477,#486,#488,.T.);
#486 = VERTEX_POINT('',#487);
#487 = CARTESIAN_POINT('',(-2.929289321881,-1.8,0.753553390593));
#488 = LINE('',#489,#490);
#489 = CARTESIAN_POINT('',(-2.929289321881,-1.8,0.753553390593));
#490 = VECTOR('',#491,1.);
#491 = DIRECTION('',(0.707106781187,-0.,0.707106781187));
#492 = ORIENTED_EDGE('',*,*,#493,.T.);
#493 = EDGE_CURVE('',#486,#494,#496,.T.);
#494 = VERTEX_POINT('',#495);
#495 = CARTESIAN_POINT('',(-2.9,-1.8,0.824264068712));
#496 = CIRCLE('',#497,1.E-01);
#497 = AXIS2_PLACEMENT_3D('',#498,#499,#500);
#498 = CARTESIAN_POINT('',(-3.,-1.8,0.824264068712));
#499 = DIRECTION('',(0.,-1.,0.));
#500 = DIRECTION('',(0.,0.,1.));
#501 = ORIENTED_EDGE('',*,*,#502,.T.);
#502 = EDGE_CURVE('',#494,#503,#505,.T.);
#503 = VERTEX_POINT('',#504);
#504 = CARTESIAN_POINT('',(-2.9,-1.8,1.15));
#505 = LINE('',#506,#507);
#506 = CARTESIAN_POINT('',(-2.9,-1.8,1.15));
#507 = VECTOR('',#508,1.);
#508 = DIRECTION('',(1.445602896647E-16,-0.,1.));
#509 = ORIENTED_EDGE('',*,*,#510,.T.);
#510 = EDGE_CURVE('',#503,#511,#513,.T.);
#511 = VERTEX_POINT('',#512);
#512 = CARTESIAN_POINT('',(-4.,-1.8,1.15));
#513 = LINE('',#514,#515);
#514 = CARTESIAN_POINT('',(-4.2,-1.8,1.15));
#515 = VECTOR('',#516,1.);
#516 = DIRECTION('',(-1.,0.,-1.445602896645E-16));
#517 = ORIENTED_EDGE('',*,*,#518,.T.);
#518 = EDGE_CURVE('',#511,#519,#521,.T.);
#519 = VERTEX_POINT('',#520);
#520 = CARTESIAN_POINT('',(-4.,-1.8,0.95));
#521 = LINE('',#522,#523);
#522 = CARTESIAN_POINT('',(-4.,-1.8,1.5));
#523 = VECTOR('',#524,1.);
#524 = DIRECTION('',(0.,0.,-1.));
#525 = ORIENTED_EDGE('',*,*,#526,.T.);
#526 = EDGE_CURVE('',#519,#527,#529,.T.);
#527 = VERTEX_POINT('',#528);
#528 = CARTESIAN_POINT('',(-5.8,-1.8,0.949999999997));
#529 = LINE('',#530,#531);
#530 = CARTESIAN_POINT('',(-5.6,-1.8,0.949999999998));
#531 = VECTOR('',#532,1.);
#532 = DIRECTION('',(-1.,0.,-1.591763675233E-12));
#533 = ORIENTED_EDGE('',*,*,#534,.T.);
#534 = EDGE_CURVE('',#527,#535,#537,.T.);
#535 = VERTEX_POINT('',#536);
#536 = CARTESIAN_POINT('',(-5.8,-1.8,3.449999999998));
#537 = LINE('',#538,#539);
#538 = CARTESIAN_POINT('',(-5.8,-1.8,1.5));
#539 = VECTOR('',#540,1.);
#540 = DIRECTION('',(0.,0.,1.));
#541 = ORIENTED_EDGE('',*,*,#542,.T.);
#542 = EDGE_CURVE('',#535,#543,#545,.T.);
#543 = VERTEX_POINT('',#544);
#544 = CARTESIAN_POINT('',(-4.,-1.8,3.449999999998));
#545 = LINE('',#546,#547);
#546 = CARTESIAN_POINT('',(-4.2,-1.8,3.449999999998));
#547 = VECTOR('',#548,1.);
#548 = DIRECTION('',(1.,0.,0.));
#549 = ORIENTED_EDGE('',*,*,#550,.T.);
#550 = EDGE_CURVE('',#543,#551,#553,.T.);
#551 = VERTEX_POINT('',#552);
#552 = CARTESIAN_POINT('',(-4.,-1.8,3.249999999998));
#553 = LINE('',#554,#555);
#554 = CARTESIAN_POINT('',(-4.,-1.8,1.5));
#555 = VECTOR('',#556,1.);
#556 = DIRECTION('',(0.,0.,-1.));
#557 = ORIENTED_EDGE('',*,*,#558,.T.);
#558 = EDGE_CURVE('',#551,#559,#561,.T.);
#559 = VERTEX_POINT('',#560);
#560 = CARTESIAN_POINT('',(-2.9,-1.8,3.25));
#561 = LINE('',#562,#563);
#562 = CARTESIAN_POINT('',(-2.7,-1.8,3.25));
#563 = VECTOR('',#564,1.);
#564 = DIRECTION('',(1.,0.,1.485790657181E-12));
#565 = ORIENTED_EDGE('',*,*,#566,.T.);
#566 = EDGE_CURVE('',#559,#567,#569,.T.);
#567 = VERTEX_POINT('',#568);
#568 = CARTESIAN_POINT('',(-2.9,-1.8,3.575735931288));
#569 = LINE('',#570,#571);
#570 = CARTESIAN_POINT('',(-2.9,-1.8,3.575735931288));
#571 = VECTOR('',#572,1.);
#572 = DIRECTION('',(1.445602896647E-16,-0.,1.));
#573 = ORIENTED_EDGE('',*,*,#574,.T.);
#574 = EDGE_CURVE('',#567,#575,#577,.T.);
#575 = VERTEX_POINT('',#576);
#576 = CARTESIAN_POINT('',(-2.929289321881,-1.8,3.646446609407));
#577 = CIRCLE('',#578,1.E-01);
#578 = AXIS2_PLACEMENT_3D('',#579,#580,#581);
#579 = CARTESIAN_POINT('',(-3.,-1.8,3.575735931288));
#580 = DIRECTION('',(0.,-1.,0.));
#581 = DIRECTION('',(0.,0.,1.));
#582 = ORIENTED_EDGE('',*,*,#583,.T.);
#583 = EDGE_CURVE('',#575,#584,#586,.T.);
#584 = VERTEX_POINT('',#585);
#585 = CARTESIAN_POINT('',(-3.603553390593,-1.8,4.320710678119));
#586 = LINE('',#587,#588);
#587 = CARTESIAN_POINT('',(-6.141421356234,-1.8,6.858578643759));
#588 = VECTOR('',#589,1.);
#589 = DIRECTION('',(-0.707106781187,0.,0.707106781187));
#590 = ORIENTED_EDGE('',*,*,#591,.T.);
#591 = EDGE_CURVE('',#584,#592,#594,.T.);
#592 = VERTEX_POINT('',#593);
#593 = CARTESIAN_POINT('',(-3.674264068712,-1.8,4.35));
#594 = CIRCLE('',#595,0.1);
#595 = AXIS2_PLACEMENT_3D('',#596,#597,#598);
#596 = CARTESIAN_POINT('',(-3.674264068712,-1.8,4.25));
#597 = DIRECTION('',(0.,-1.,0.));
#598 = DIRECTION('',(0.,0.,1.));
#599 = ORIENTED_EDGE('',*,*,#600,.T.);
#600 = EDGE_CURVE('',#592,#601,#603,.T.);
#601 = VERTEX_POINT('',#602);
#602 = CARTESIAN_POINT('',(-6.425735931288,-1.8,4.35));
#603 = LINE('',#604,#605);
#604 = CARTESIAN_POINT('',(-11.49999999999,-1.8,4.35));
#605 = VECTOR('',#606,1.);
#606 = DIRECTION('',(-1.,0.,0.));
#607 = ORIENTED_EDGE('',*,*,#608,.T.);
#608 = EDGE_CURVE('',#601,#609,#611,.T.);
#609 = VERTEX_POINT('',#610);
#610 = CARTESIAN_POINT('',(-6.496446609407,-1.8,4.320710678119));
#611 = CIRCLE('',#612,0.1);
#612 = AXIS2_PLACEMENT_3D('',#613,#614,#615);
#613 = CARTESIAN_POINT('',(-6.425735931288,-1.8,4.25));
#614 = DIRECTION('',(0.,-1.,0.));
#615 = DIRECTION('',(0.,0.,1.));
#616 = ORIENTED_EDGE('',*,*,#617,.T.);
#617 = EDGE_CURVE('',#609,#618,#620,.T.);
#618 = VERTEX_POINT('',#619);
#619 = CARTESIAN_POINT('',(-7.170710678119,-1.8,3.646446609407));
#620 = LINE('',#621,#622);
#621 = CARTESIAN_POINT('',(-10.40857864375,-1.8,0.408578643766));
#622 = VECTOR('',#623,1.);
#623 = DIRECTION('',(-0.707106781187,0.,-0.707106781187));
#624 = ORIENTED_EDGE('',*,*,#625,.T.);
#625 = EDGE_CURVE('',#618,#626,#628,.T.);
#626 = VERTEX_POINT('',#627);
#627 = CARTESIAN_POINT('',(-7.2,-1.8,3.575735931288));
#628 = CIRCLE('',#629,1.E-01);
#629 = AXIS2_PLACEMENT_3D('',#630,#631,#632);
#630 = CARTESIAN_POINT('',(-7.1,-1.8,3.575735931288));
#631 = DIRECTION('',(0.,-1.,0.));
#632 = DIRECTION('',(0.,0.,1.));
#633 = ORIENTED_EDGE('',*,*,#634,.T.);
#634 = EDGE_CURVE('',#626,#635,#637,.T.);
#635 = VERTEX_POINT('',#636);
#636 = CARTESIAN_POINT('',(-7.2,-1.8,3.391638705923));
#637 = LINE('',#638,#639);
#638 = CARTESIAN_POINT('',(-7.2,-1.8,1.5));
#639 = VECTOR('',#640,1.);
#640 = DIRECTION('',(1.734723475977E-14,0.,-1.));
#641 = ORIENTED_EDGE('',*,*,#642,.T.);
#642 = EDGE_CURVE('',#635,#643,#645,.T.);
#643 = VERTEX_POINT('',#644);
#644 = CARTESIAN_POINT('',(-8.599999999985,-1.8,2.100000000007));
#645 = CIRCLE('',#646,1.40454545453);
#646 = AXIS2_PLACEMENT_3D('',#647,#648,#649);
#647 = CARTESIAN_POINT('',(-8.599999999985,-1.8,3.504545454537));
#648 = DIRECTION('',(0.,1.,0.));
#649 = DIRECTION('',(0.,-0.,1.));
#650 = ORIENTED_EDGE('',*,*,#651,.T.);
#651 = EDGE_CURVE('',#643,#652,#654,.T.);
#652 = VERTEX_POINT('',#653);
#653 = CARTESIAN_POINT('',(-11.49999999998,-1.8,2.100000000007));
#654 = LINE('',#655,#656);
#655 = CARTESIAN_POINT('',(-11.49999999998,-1.8,2.100000000007));
#656 = VECTOR('',#657,1.);
#657 = DIRECTION('',(-1.,0.,-0.));
#658 = ORIENTED_EDGE('',*,*,#659,.T.);
#659 = EDGE_CURVE('',#652,#660,#662,.T.);
#660 = VERTEX_POINT('',#661);
#661 = CARTESIAN_POINT('',(-12.1,-1.8,1.5));
#662 = CIRCLE('',#663,0.600000000007);
#663 = AXIS2_PLACEMENT_3D('',#664,#665,#666);
#664 = CARTESIAN_POINT('',(-11.49999999999,-1.8,1.5));
#665 = DIRECTION('',(0.,-1.,0.));
#666 = DIRECTION('',(0.,0.,1.));
#667 = ORIENTED_EDGE('',*,*,#668,.T.);
#668 = EDGE_CURVE('',#660,#669,#671,.T.);
#669 = VERTEX_POINT('',#670);
#670 = CARTESIAN_POINT('',(-12.1,-1.8,1.05));
#671 = LINE('',#672,#673);
#672 = CARTESIAN_POINT('',(-12.1,-1.8,1.5));
#673 = VECTOR('',#674,1.);
#674 = DIRECTION('',(0.,0.,-1.));
#675 = ORIENTED_EDGE('',*,*,#676,.T.);
#676 = EDGE_CURVE('',#669,#677,#679,.T.);
#677 = VERTEX_POINT('',#678);
#678 = CARTESIAN_POINT('',(-11.,-1.8,1.05));
#679 = LINE('',#680,#681);
#680 = CARTESIAN_POINT('',(-11.49999999999,-1.8,1.05));
#681 = VECTOR('',#682,1.);
#682 = DIRECTION('',(1.,0.,7.228014483173E-17));
#683 = ORIENTED_EDGE('',*,*,#684,.T.);
#684 = EDGE_CURVE('',#677,#685,#687,.T.);
#685 = VERTEX_POINT('',#686);
#686 = CARTESIAN_POINT('',(-11.,-1.8,1.25));
#687 = LINE('',#688,#689);
#688 = CARTESIAN_POINT('',(-11.,-1.8,1.05));
#689 = VECTOR('',#690,1.);
#690 = DIRECTION('',(0.,0.,1.));
#691 = ORIENTED_EDGE('',*,*,#692,.T.);
#692 = EDGE_CURVE('',#685,#693,#695,.T.);
#693 = VERTEX_POINT('',#694);
#694 = CARTESIAN_POINT('',(-9.2,-1.8,1.25));
#695 = LINE('',#696,#697);
#696 = CARTESIAN_POINT('',(-11.49999999999,-1.8,1.25));
#697 = VECTOR('',#698,1.);
#698 = DIRECTION('',(1.,0.,-0.));
#699 = ORIENTED_EDGE('',*,*,#700,.T.);
#700 = EDGE_CURVE('',#693,#701,#703,.T.);
#701 = VERTEX_POINT('',#702);
#702 = CARTESIAN_POINT('',(-9.2,-1.8,-1.249999999996));
#703 = LINE('',#704,#705);
#704 = CARTESIAN_POINT('',(-9.2,-1.8,1.5));
#705 = VECTOR('',#706,1.);
#706 = DIRECTION('',(0.,0.,-1.));
#707 = ORIENTED_EDGE('',*,*,#708,.T.);
#708 = EDGE_CURVE('',#701,#709,#711,.T.);
#709 = VERTEX_POINT('',#710);
#710 = CARTESIAN_POINT('',(-11.,-1.8,-1.249999999996));
#711 = LINE('',#712,#713);
#712 = CARTESIAN_POINT('',(-11.49999999999,-1.8,-1.249999999996));
#713 = VECTOR('',#714,1.);
#714 = DIRECTION('',(-1.,0.,0.));
#715 = ORIENTED_EDGE('',*,*,#716,.T.);
#716 = EDGE_CURVE('',#709,#416,#717,.T.);
#717 = LINE('',#718,#719);
#718 = CARTESIAN_POINT('',(-11.,-1.8,-0.85));
#719 = VECTOR('',#720,1.);
#720 = DIRECTION('',(0.,0.,1.));
#721 = PLANE('',#722);
#722 = AXIS2_PLACEMENT_3D('',#723,#724,#725);
#723 = CARTESIAN_POINT('',(-11.49999999999,-1.8,1.5));
#724 = DIRECTION('',(0.,1.,0.));
#725 = DIRECTION('',(0.,-0.,1.));
#726 = ADVANCED_FACE('',(#727),#763,.F.);
#727 = FACE_BOUND('',#728,.F.);
#728 = EDGE_LOOP('',(#729,#739,#748,#756));
#729 = ORIENTED_EDGE('',*,*,#730,.T.);
#730 = EDGE_CURVE('',#731,#733,#735,.T.);
#731 = VERTEX_POINT('',#732);
#732 = CARTESIAN_POINT('',(-5.6,0.6,2.15));
#733 = VERTEX_POINT('',#734);
#734 = CARTESIAN_POINT('',(-5.6,0.85,2.15));
#735 = LINE('',#736,#737);
#736 = CARTESIAN_POINT('',(-5.6,-1.8,2.15));
#737 = VECTOR('',#738,1.);
#738 = DIRECTION('',(-0.,1.,-0.));
#739 = ORIENTED_EDGE('',*,*,#740,.F.);
#740 = EDGE_CURVE('',#741,#733,#743,.T.);
#741 = VERTEX_POINT('',#742);
#742 = CARTESIAN_POINT('',(-5.5,0.85,2.05));
#743 = CIRCLE('',#744,1.E-01);
#744 = AXIS2_PLACEMENT_3D('',#745,#746,#747);
#745 = CARTESIAN_POINT('',(-5.5,0.85,2.15));
#746 = DIRECTION('',(0.,1.,0.));
#747 = DIRECTION('',(0.,-0.,1.));
#748 = ORIENTED_EDGE('',*,*,#749,.F.);
#749 = EDGE_CURVE('',#750,#741,#752,.T.);
#750 = VERTEX_POINT('',#751);
#751 = CARTESIAN_POINT('',(-5.5,0.6,2.05));
#752 = LINE('',#753,#754);
#753 = CARTESIAN_POINT('',(-5.5,-1.8,2.05));
#754 = VECTOR('',#755,1.);
#755 = DIRECTION('',(-0.,1.,-0.));
#756 = ORIENTED_EDGE('',*,*,#757,.T.);
#757 = EDGE_CURVE('',#750,#731,#758,.T.);
#758 = CIRCLE('',#759,1.E-01);
#759 = AXIS2_PLACEMENT_3D('',#760,#761,#762);
#760 = CARTESIAN_POINT('',(-5.5,0.6,2.15));
#761 = DIRECTION('',(-0.,1.,0.));
#762 = DIRECTION('',(0.,0.,-1.));
#763 = CYLINDRICAL_SURFACE('',#764,1.E-01);
#764 = AXIS2_PLACEMENT_3D('',#765,#766,#767);
#765 = CARTESIAN_POINT('',(-5.5,-1.8,2.15));
#766 = DIRECTION('',(-0.,1.,-0.));
#767 = DIRECTION('',(0.,0.,1.));
#768 = ADVANCED_FACE('',(#769),#794,.F.);
#769 = FACE_BOUND('',#770,.T.);
#770 = EDGE_LOOP('',(#771,#779,#787,#793));
#771 = ORIENTED_EDGE('',*,*,#772,.F.);
#772 = EDGE_CURVE('',#773,#750,#775,.T.);
#773 = VERTEX_POINT('',#774);
#774 = CARTESIAN_POINT('',(-4.5,0.6,2.05));
#775 = LINE('',#776,#777);
#776 = CARTESIAN_POINT('',(0.,0.6,2.05));
#777 = VECTOR('',#778,1.);
#778 = DIRECTION('',(-1.,0.,0.));
#779 = ORIENTED_EDGE('',*,*,#780,.T.);
#780 = EDGE_CURVE('',#773,#781,#783,.T.);
#781 = VERTEX_POINT('',#782);
#782 = CARTESIAN_POINT('',(-4.5,0.85,2.05));
#783 = LINE('',#784,#785);
#784 = CARTESIAN_POINT('',(-4.5,-1.8,2.05));
#785 = VECTOR('',#786,1.);
#786 = DIRECTION('',(-0.,1.,-0.));
#787 = ORIENTED_EDGE('',*,*,#788,.T.);
#788 = EDGE_CURVE('',#781,#741,#789,.T.);
#789 = LINE('',#790,#791);
#790 = CARTESIAN_POINT('',(-5.5,0.85,2.05));
#791 = VECTOR('',#792,1.);
#792 = DIRECTION('',(-1.,0.,0.));
#793 = ORIENTED_EDGE('',*,*,#749,.F.);
#794 = PLANE('',#795);
#795 = AXIS2_PLACEMENT_3D('',#796,#797,#798);
#796 = CARTESIAN_POINT('',(-5.5,-1.8,2.05));
#797 = DIRECTION('',(0.,0.,-1.));
#798 = DIRECTION('',(-1.,0.,-0.));
#799 = ADVANCED_FACE('',(#800),#827,.F.);
#800 = FACE_BOUND('',#801,.F.);
#801 = EDGE_LOOP('',(#802,#803,#812,#820));
#802 = ORIENTED_EDGE('',*,*,#780,.T.);
#803 = ORIENTED_EDGE('',*,*,#804,.F.);
#804 = EDGE_CURVE('',#805,#781,#807,.T.);
#805 = VERTEX_POINT('',#806);
#806 = CARTESIAN_POINT('',(-4.4,0.85,2.15));
#807 = CIRCLE('',#808,1.E-01);
#808 = AXIS2_PLACEMENT_3D('',#809,#810,#811);
#809 = CARTESIAN_POINT('',(-4.5,0.85,2.15));
#810 = DIRECTION('',(0.,1.,0.));
#811 = DIRECTION('',(0.,-0.,1.));
#812 = ORIENTED_EDGE('',*,*,#813,.F.);
#813 = EDGE_CURVE('',#814,#805,#816,.T.);
#814 = VERTEX_POINT('',#815);
#815 = CARTESIAN_POINT('',(-4.4,0.6,2.15));
#816 = LINE('',#817,#818);
#817 = CARTESIAN_POINT('',(-4.4,-1.8,2.15));
#818 = VECTOR('',#819,1.);
#819 = DIRECTION('',(-0.,1.,-0.));
#820 = ORIENTED_EDGE('',*,*,#821,.T.);
#821 = EDGE_CURVE('',#814,#773,#822,.T.);
#822 = CIRCLE('',#823,1.E-01);
#823 = AXIS2_PLACEMENT_3D('',#824,#825,#826);
#824 = CARTESIAN_POINT('',(-4.5,0.6,2.15));
#825 = DIRECTION('',(-0.,1.,0.));
#826 = DIRECTION('',(0.,0.,-1.));
#827 = CYLINDRICAL_SURFACE('',#828,1.E-01);
#828 = AXIS2_PLACEMENT_3D('',#829,#830,#831);
#829 = CARTESIAN_POINT('',(-4.5,-1.8,2.15));
#830 = DIRECTION('',(-0.,1.,-0.));
#831 = DIRECTION('',(0.,0.,1.));
#832 = ADVANCED_FACE('',(#833),#858,.F.);
#833 = FACE_BOUND('',#834,.T.);
#834 = EDGE_LOOP('',(#835,#843,#851,#857));
#835 = ORIENTED_EDGE('',*,*,#836,.F.);
#836 = EDGE_CURVE('',#837,#814,#839,.T.);
#837 = VERTEX_POINT('',#838);
#838 = CARTESIAN_POINT('',(-4.4,0.6,2.25));
#839 = LINE('',#840,#841);
#840 = CARTESIAN_POINT('',(-4.4,0.6,0.));
#841 = VECTOR('',#842,1.);
#842 = DIRECTION('',(0.,0.,-1.));
#843 = ORIENTED_EDGE('',*,*,#844,.T.);
#844 = EDGE_CURVE('',#837,#845,#847,.T.);
#845 = VERTEX_POINT('',#846);
#846 = CARTESIAN_POINT('',(-4.4,0.85,2.25));
#847 = LINE('',#848,#849);
#848 = CARTESIAN_POINT('',(-4.4,-1.8,2.25));
#849 = VECTOR('',#850,1.);
#850 = DIRECTION('',(-0.,1.,-0.));
#851 = ORIENTED_EDGE('',*,*,#852,.T.);
#852 = EDGE_CURVE('',#845,#805,#853,.T.);
#853 = LINE('',#854,#855);
#854 = CARTESIAN_POINT('',(-4.4,0.85,2.15));
#855 = VECTOR('',#856,1.);
#856 = DIRECTION('',(0.,0.,-1.));
#857 = ORIENTED_EDGE('',*,*,#813,.F.);
#858 = PLANE('',#859);
#859 = AXIS2_PLACEMENT_3D('',#860,#861,#862);
#860 = CARTESIAN_POINT('',(-4.4,-1.8,2.15));
#861 = DIRECTION('',(1.,0.,-0.));
#862 = DIRECTION('',(-0.,0.,-1.));
#863 = ADVANCED_FACE('',(#864),#891,.F.);
#864 = FACE_BOUND('',#865,.F.);
#865 = EDGE_LOOP('',(#866,#867,#876,#884));
#866 = ORIENTED_EDGE('',*,*,#844,.T.);
#867 = ORIENTED_EDGE('',*,*,#868,.F.);
#868 = EDGE_CURVE('',#869,#845,#871,.T.);
#869 = VERTEX_POINT('',#870);
#870 = CARTESIAN_POINT('',(-4.5,0.85,2.35));
#871 = CIRCLE('',#872,1.E-01);
#872 = AXIS2_PLACEMENT_3D('',#873,#874,#875);
#873 = CARTESIAN_POINT('',(-4.5,0.85,2.25));
#874 = DIRECTION('',(0.,1.,0.));
#875 = DIRECTION('',(0.,-0.,1.));
#876 = ORIENTED_EDGE('',*,*,#877,.F.);
#877 = EDGE_CURVE('',#878,#869,#880,.T.);
#878 = VERTEX_POINT('',#879);
#879 = CARTESIAN_POINT('',(-4.5,0.6,2.35));
#880 = LINE('',#881,#882);
#881 = CARTESIAN_POINT('',(-4.5,-1.8,2.35));
#882 = VECTOR('',#883,1.);
#883 = DIRECTION('',(-0.,1.,-0.));
#884 = ORIENTED_EDGE('',*,*,#885,.T.);
#885 = EDGE_CURVE('',#878,#837,#886,.T.);
#886 = CIRCLE('',#887,1.E-01);
#887 = AXIS2_PLACEMENT_3D('',#888,#889,#890);
#888 = CARTESIAN_POINT('',(-4.5,0.6,2.25));
#889 = DIRECTION('',(-0.,1.,0.));
#890 = DIRECTION('',(0.,0.,-1.));
#891 = CYLINDRICAL_SURFACE('',#892,1.E-01);
#892 = AXIS2_PLACEMENT_3D('',#893,#894,#895);
#893 = CARTESIAN_POINT('',(-4.5,-1.8,2.25));
#894 = DIRECTION('',(-0.,1.,-0.));
#895 = DIRECTION('',(0.,0.,1.));
#896 = ADVANCED_FACE('',(#897),#922,.F.);
#897 = FACE_BOUND('',#898,.T.);
#898 = EDGE_LOOP('',(#899,#907,#915,#921));
#899 = ORIENTED_EDGE('',*,*,#900,.F.);
#900 = EDGE_CURVE('',#901,#878,#903,.T.);
#901 = VERTEX_POINT('',#902);
#902 = CARTESIAN_POINT('',(-5.5,0.6,2.35));
#903 = LINE('',#904,#905);
#904 = CARTESIAN_POINT('',(0.,0.6,2.35));
#905 = VECTOR('',#906,1.);
#906 = DIRECTION('',(1.,0.,0.));
#907 = ORIENTED_EDGE('',*,*,#908,.T.);
#908 = EDGE_CURVE('',#901,#909,#911,.T.);
#909 = VERTEX_POINT('',#910);
#910 = CARTESIAN_POINT('',(-5.5,0.85,2.35));
#911 = LINE('',#912,#913);
#912 = CARTESIAN_POINT('',(-5.5,-1.8,2.35));
#913 = VECTOR('',#914,1.);
#914 = DIRECTION('',(-0.,1.,-0.));
#915 = ORIENTED_EDGE('',*,*,#916,.T.);
#916 = EDGE_CURVE('',#909,#869,#917,.T.);
#917 = LINE('',#918,#919);
#918 = CARTESIAN_POINT('',(-4.5,0.85,2.35));
#919 = VECTOR('',#920,1.);
#920 = DIRECTION('',(1.,0.,0.));
#921 = ORIENTED_EDGE('',*,*,#877,.F.);
#922 = PLANE('',#923);
#923 = AXIS2_PLACEMENT_3D('',#924,#925,#926);
#924 = CARTESIAN_POINT('',(-4.5,-1.8,2.35));
#925 = DIRECTION('',(0.,0.,1.));
#926 = DIRECTION('',(1.,0.,-0.));
#927 = ADVANCED_FACE('',(#928),#955,.F.);
#928 = FACE_BOUND('',#929,.F.);
#929 = EDGE_LOOP('',(#930,#931,#940,#948));
#930 = ORIENTED_EDGE('',*,*,#908,.T.);
#931 = ORIENTED_EDGE('',*,*,#932,.F.);
#932 = EDGE_CURVE('',#933,#909,#935,.T.);
#933 = VERTEX_POINT('',#934);
#934 = CARTESIAN_POINT('',(-5.6,0.85,2.25));
#935 = CIRCLE('',#936,1.E-01);
#936 = AXIS2_PLACEMENT_3D('',#937,#938,#939);
#937 = CARTESIAN_POINT('',(-5.5,0.85,2.25));
#938 = DIRECTION('',(0.,1.,0.));
#939 = DIRECTION('',(0.,-0.,1.));
#940 = ORIENTED_EDGE('',*,*,#941,.F.);
#941 = EDGE_CURVE('',#942,#933,#944,.T.);
#942 = VERTEX_POINT('',#943);
#943 = CARTESIAN_POINT('',(-5.6,0.6,2.25));
#944 = LINE('',#945,#946);
#945 = CARTESIAN_POINT('',(-5.6,-1.8,2.25));
#946 = VECTOR('',#947,1.);
#947 = DIRECTION('',(-0.,1.,-0.));
#948 = ORIENTED_EDGE('',*,*,#949,.T.);
#949 = EDGE_CURVE('',#942,#901,#950,.T.);
#950 = CIRCLE('',#951,1.E-01);
#951 = AXIS2_PLACEMENT_3D('',#952,#953,#954);
#952 = CARTESIAN_POINT('',(-5.5,0.6,2.25));
#953 = DIRECTION('',(-0.,1.,0.));
#954 = DIRECTION('',(0.,0.,-1.));
#955 = CYLINDRICAL_SURFACE('',#956,1.E-01);
#956 = AXIS2_PLACEMENT_3D('',#957,#958,#959);
#957 = CARTESIAN_POINT('',(-5.5,-1.8,2.25));
#958 = DIRECTION('',(-0.,1.,-0.));
#959 = DIRECTION('',(0.,0.,1.));
#960 = ADVANCED_FACE('',(#961),#997,.F.);
#961 = FACE_BOUND('',#962,.F.);
#962 = EDGE_LOOP('',(#963,#973,#982,#990));
#963 = ORIENTED_EDGE('',*,*,#964,.T.);
#964 = EDGE_CURVE('',#965,#967,#969,.T.);
#965 = VERTEX_POINT('',#966);
#966 = CARTESIAN_POINT('',(-10.5,0.6,0.25));
#967 = VERTEX_POINT('',#968);
#968 = CARTESIAN_POINT('',(-10.5,0.85,0.25));
#969 = LINE('',#970,#971);
#970 = CARTESIAN_POINT('',(-10.5,-1.8,0.25));
#971 = VECTOR('',#972,1.);
#972 = DIRECTION('',(-0.,1.,-0.));
#973 = ORIENTED_EDGE('',*,*,#974,.F.);
#974 = EDGE_CURVE('',#975,#967,#977,.T.);
#975 = VERTEX_POINT('',#976);
#976 = CARTESIAN_POINT('',(-10.6,0.85,0.15));
#977 = CIRCLE('',#978,1.E-01);
#978 = AXIS2_PLACEMENT_3D('',#979,#980,#981);
#979 = CARTESIAN_POINT('',(-10.5,0.85,0.15));
#980 = DIRECTION('',(0.,1.,0.));
#981 = DIRECTION('',(0.,-0.,1.));
#982 = ORIENTED_EDGE('',*,*,#983,.F.);
#983 = EDGE_CURVE('',#984,#975,#986,.T.);
#984 = VERTEX_POINT('',#985);
#985 = CARTESIAN_POINT('',(-10.6,0.6,0.15));
#986 = LINE('',#987,#988);
#987 = CARTESIAN_POINT('',(-10.6,-1.8,0.15));
#988 = VECTOR('',#989,1.);
#989 = DIRECTION('',(-0.,1.,-0.));
#990 = ORIENTED_EDGE('',*,*,#991,.T.);
#991 = EDGE_CURVE('',#984,#965,#992,.T.);
#992 = CIRCLE('',#993,1.E-01);
#993 = AXIS2_PLACEMENT_3D('',#994,#995,#996);
#994 = CARTESIAN_POINT('',(-10.5,0.6,0.15));
#995 = DIRECTION('',(-0.,1.,0.));
#996 = DIRECTION('',(0.,0.,-1.));
#997 = CYLINDRICAL_SURFACE('',#998,1.E-01);
#998 = AXIS2_PLACEMENT_3D('',#999,#1000,#1001);
#999 = CARTESIAN_POINT('',(-10.5,-1.8,0.15));
#1000 = DIRECTION('',(-0.,1.,-0.));
#1001 = DIRECTION('',(0.,0.,1.));
#1002 = ADVANCED_FACE('',(#1003),#1028,.F.);
#1003 = FACE_BOUND('',#1004,.T.);
#1004 = EDGE_LOOP('',(#1005,#1013,#1021,#1027));
#1005 = ORIENTED_EDGE('',*,*,#1006,.F.);
#1006 = EDGE_CURVE('',#1007,#984,#1009,.T.);
#1007 = VERTEX_POINT('',#1008);
#1008 = CARTESIAN_POINT('',(-10.6,0.6,-0.15));
#1009 = LINE('',#1010,#1011);
#1010 = CARTESIAN_POINT('',(-10.6,0.6,0.));
#1011 = VECTOR('',#1012,1.);
#1012 = DIRECTION('',(-0.,0.,1.));
#1013 = ORIENTED_EDGE('',*,*,#1014,.T.);
#1014 = EDGE_CURVE('',#1007,#1015,#1017,.T.);
#1015 = VERTEX_POINT('',#1016);
#1016 = CARTESIAN_POINT('',(-10.6,0.85,-0.15));
#1017 = LINE('',#1018,#1019);
#1018 = CARTESIAN_POINT('',(-10.6,-1.8,-0.15));
#1019 = VECTOR('',#1020,1.);
#1020 = DIRECTION('',(-0.,1.,-0.));
#1021 = ORIENTED_EDGE('',*,*,#1022,.T.);
#1022 = EDGE_CURVE('',#1015,#975,#1023,.T.);
#1023 = LINE('',#1024,#1025);
#1024 = CARTESIAN_POINT('',(-10.6,0.85,0.15));
#1025 = VECTOR('',#1026,1.);
#1026 = DIRECTION('',(0.,0.,1.));
#1027 = ORIENTED_EDGE('',*,*,#983,.F.);
#1028 = PLANE('',#1029);
#1029 = AXIS2_PLACEMENT_3D('',#1030,#1031,#1032);
#1030 = CARTESIAN_POINT('',(-10.6,-1.8,0.15));
#1031 = DIRECTION('',(-1.,0.,-0.));
#1032 = DIRECTION('',(0.,0.,1.));
#1033 = ADVANCED_FACE('',(#1034),#1061,.F.);
#1034 = FACE_BOUND('',#1035,.F.);
#1035 = EDGE_LOOP('',(#1036,#1037,#1046,#1054));
#1036 = ORIENTED_EDGE('',*,*,#1014,.T.);
#1037 = ORIENTED_EDGE('',*,*,#1038,.F.);
#1038 = EDGE_CURVE('',#1039,#1015,#1041,.T.);
#1039 = VERTEX_POINT('',#1040);
#1040 = CARTESIAN_POINT('',(-10.5,0.85,-0.25));
#1041 = CIRCLE('',#1042,1.E-01);
#1042 = AXIS2_PLACEMENT_3D('',#1043,#1044,#1045);
#1043 = CARTESIAN_POINT('',(-10.5,0.85,-0.15));
#1044 = DIRECTION('',(0.,1.,0.));
#1045 = DIRECTION('',(0.,-0.,1.));
#1046 = ORIENTED_EDGE('',*,*,#1047,.F.);
#1047 = EDGE_CURVE('',#1048,#1039,#1050,.T.);
#1048 = VERTEX_POINT('',#1049);
#1049 = CARTESIAN_POINT('',(-10.5,0.6,-0.25));
#1050 = LINE('',#1051,#1052);
#1051 = CARTESIAN_POINT('',(-10.5,-1.8,-0.25));
#1052 = VECTOR('',#1053,1.);
#1053 = DIRECTION('',(-0.,1.,-0.));
#1054 = ORIENTED_EDGE('',*,*,#1055,.T.);
#1055 = EDGE_CURVE('',#1048,#1007,#1056,.T.);
#1056 = CIRCLE('',#1057,1.E-01);
#1057 = AXIS2_PLACEMENT_3D('',#1058,#1059,#1060);
#1058 = CARTESIAN_POINT('',(-10.5,0.6,-0.15));
#1059 = DIRECTION('',(-0.,1.,0.));
#1060 = DIRECTION('',(0.,0.,-1.));
#1061 = CYLINDRICAL_SURFACE('',#1062,1.E-01);
#1062 = AXIS2_PLACEMENT_3D('',#1063,#1064,#1065);
#1063 = CARTESIAN_POINT('',(-10.5,-1.8,-0.15));
#1064 = DIRECTION('',(-0.,1.,-0.));
#1065 = DIRECTION('',(0.,0.,1.));
#1066 = ADVANCED_FACE('',(#1067),#1092,.F.);
#1067 = FACE_BOUND('',#1068,.T.);
#1068 = EDGE_LOOP('',(#1069,#1077,#1085,#1091));
#1069 = ORIENTED_EDGE('',*,*,#1070,.F.);
#1070 = EDGE_CURVE('',#1071,#1048,#1073,.T.);
#1071 = VERTEX_POINT('',#1072);
#1072 = CARTESIAN_POINT('',(-9.5,0.6,-0.25));
#1073 = LINE('',#1074,#1075);
#1074 = CARTESIAN_POINT('',(0.,0.6,-0.25));
#1075 = VECTOR('',#1076,1.);
#1076 = DIRECTION('',(-1.,0.,0.));
#1077 = ORIENTED_EDGE('',*,*,#1078,.T.);
#1078 = EDGE_CURVE('',#1071,#1079,#1081,.T.);
#1079 = VERTEX_POINT('',#1080);
#1080 = CARTESIAN_POINT('',(-9.5,0.85,-0.25));
#1081 = LINE('',#1082,#1083);
#1082 = CARTESIAN_POINT('',(-9.5,-1.8,-0.25));
#1083 = VECTOR('',#1084,1.);
#1084 = DIRECTION('',(-0.,1.,-0.));
#1085 = ORIENTED_EDGE('',*,*,#1086,.T.);
#1086 = EDGE_CURVE('',#1079,#1039,#1087,.T.);
#1087 = LINE('',#1088,#1089);
#1088 = CARTESIAN_POINT('',(-10.5,0.85,-0.25));
#1089 = VECTOR('',#1090,1.);
#1090 = DIRECTION('',(-1.,0.,0.));
#1091 = ORIENTED_EDGE('',*,*,#1047,.F.);
#1092 = PLANE('',#1093);
#1093 = AXIS2_PLACEMENT_3D('',#1094,#1095,#1096);
#1094 = CARTESIAN_POINT('',(-10.5,-1.8,-0.25));
#1095 = DIRECTION('',(0.,0.,-1.));
#1096 = DIRECTION('',(-1.,0.,-0.));
#1097 = ADVANCED_FACE('',(#1098),#1125,.F.);
#1098 = FACE_BOUND('',#1099,.F.);
#1099 = EDGE_LOOP('',(#1100,#1101,#1110,#1118));
#1100 = ORIENTED_EDGE('',*,*,#1078,.T.);
#1101 = ORIENTED_EDGE('',*,*,#1102,.F.);
#1102 = EDGE_CURVE('',#1103,#1079,#1105,.T.);
#1103 = VERTEX_POINT('',#1104);
#1104 = CARTESIAN_POINT('',(-9.4,0.85,-0.15));
#1105 = CIRCLE('',#1106,1.E-01);
#1106 = AXIS2_PLACEMENT_3D('',#1107,#1108,#1109);
#1107 = CARTESIAN_POINT('',(-9.5,0.85,-0.15));
#1108 = DIRECTION('',(0.,1.,0.));
#1109 = DIRECTION('',(0.,-0.,1.));
#1110 = ORIENTED_EDGE('',*,*,#1111,.F.);
#1111 = EDGE_CURVE('',#1112,#1103,#1114,.T.);
#1112 = VERTEX_POINT('',#1113);
#1113 = CARTESIAN_POINT('',(-9.4,0.6,-0.15));
#1114 = LINE('',#1115,#1116);
#1115 = CARTESIAN_POINT('',(-9.4,-1.8,-0.15));
#1116 = VECTOR('',#1117,1.);
#1117 = DIRECTION('',(-0.,1.,-0.));
#1118 = ORIENTED_EDGE('',*,*,#1119,.T.);
#1119 = EDGE_CURVE('',#1112,#1071,#1120,.T.);
#1120 = CIRCLE('',#1121,1.E-01);
#1121 = AXIS2_PLACEMENT_3D('',#1122,#1123,#1124);
#1122 = CARTESIAN_POINT('',(-9.5,0.6,-0.15));
#1123 = DIRECTION('',(-0.,1.,0.));
#1124 = DIRECTION('',(5.20417042793E-14,0.,-1.));
#1125 = CYLINDRICAL_SURFACE('',#1126,1.E-01);
#1126 = AXIS2_PLACEMENT_3D('',#1127,#1128,#1129);
#1127 = CARTESIAN_POINT('',(-9.5,-1.8,-0.15));
#1128 = DIRECTION('',(-0.,1.,-0.));
#1129 = DIRECTION('',(0.,0.,1.));
#1130 = ADVANCED_FACE('',(#1131),#1167,.F.);
#1131 = FACE_BOUND('',#1132,.F.);
#1132 = EDGE_LOOP('',(#1133,#1143,#1152,#1160));
#1133 = ORIENTED_EDGE('',*,*,#1134,.T.);
#1134 = EDGE_CURVE('',#1135,#1137,#1139,.T.);
#1135 = VERTEX_POINT('',#1136);
#1136 = CARTESIAN_POINT('',(-9.4,0.6,0.15));
#1137 = VERTEX_POINT('',#1138);
#1138 = CARTESIAN_POINT('',(-9.4,0.85,0.15));
#1139 = LINE('',#1140,#1141);
#1140 = CARTESIAN_POINT('',(-9.4,-1.8,0.15));
#1141 = VECTOR('',#1142,1.);
#1142 = DIRECTION('',(-0.,1.,-0.));
#1143 = ORIENTED_EDGE('',*,*,#1144,.F.);
#1144 = EDGE_CURVE('',#1145,#1137,#1147,.T.);
#1145 = VERTEX_POINT('',#1146);
#1146 = CARTESIAN_POINT('',(-9.5,0.85,0.25));
#1147 = CIRCLE('',#1148,1.E-01);
#1148 = AXIS2_PLACEMENT_3D('',#1149,#1150,#1151);
#1149 = CARTESIAN_POINT('',(-9.5,0.85,0.15));
#1150 = DIRECTION('',(0.,1.,0.));
#1151 = DIRECTION('',(0.,-0.,1.));
#1152 = ORIENTED_EDGE('',*,*,#1153,.F.);
#1153 = EDGE_CURVE('',#1154,#1145,#1156,.T.);
#1154 = VERTEX_POINT('',#1155);
#1155 = CARTESIAN_POINT('',(-9.5,0.6,0.25));
#1156 = LINE('',#1157,#1158);
#1157 = CARTESIAN_POINT('',(-9.5,-1.8,0.25));
#1158 = VECTOR('',#1159,1.);
#1159 = DIRECTION('',(-0.,1.,-0.));
#1160 = ORIENTED_EDGE('',*,*,#1161,.T.);
#1161 = EDGE_CURVE('',#1154,#1135,#1162,.T.);
#1162 = CIRCLE('',#1163,1.E-01);
#1163 = AXIS2_PLACEMENT_3D('',#1164,#1165,#1166);
#1164 = CARTESIAN_POINT('',(-9.5,0.6,0.15));
#1165 = DIRECTION('',(-0.,1.,0.));
#1166 = DIRECTION('',(0.,0.,-1.));
#1167 = CYLINDRICAL_SURFACE('',#1168,1.E-01);
#1168 = AXIS2_PLACEMENT_3D('',#1169,#1170,#1171);
#1169 = CARTESIAN_POINT('',(-9.5,-1.8,0.15));
#1170 = DIRECTION('',(-0.,1.,-0.));
#1171 = DIRECTION('',(0.,0.,1.));
#1172 = ADVANCED_FACE('',(#1173),#1189,.F.);
#1173 = FACE_BOUND('',#1174,.T.);
#1174 = EDGE_LOOP('',(#1175,#1181,#1182,#1188));
#1175 = ORIENTED_EDGE('',*,*,#1176,.F.);
#1176 = EDGE_CURVE('',#965,#1154,#1177,.T.);
#1177 = LINE('',#1178,#1179);
#1178 = CARTESIAN_POINT('',(0.,0.6,0.25));
#1179 = VECTOR('',#1180,1.);
#1180 = DIRECTION('',(1.,0.,0.));
#1181 = ORIENTED_EDGE('',*,*,#964,.T.);
#1182 = ORIENTED_EDGE('',*,*,#1183,.T.);
#1183 = EDGE_CURVE('',#967,#1145,#1184,.T.);
#1184 = LINE('',#1185,#1186);
#1185 = CARTESIAN_POINT('',(-9.5,0.85,0.25));
#1186 = VECTOR('',#1187,1.);
#1187 = DIRECTION('',(1.,0.,0.));
#1188 = ORIENTED_EDGE('',*,*,#1153,.F.);
#1189 = PLANE('',#1190);
#1190 = AXIS2_PLACEMENT_3D('',#1191,#1192,#1193);
#1191 = CARTESIAN_POINT('',(-9.5,-1.8,0.25));
#1192 = DIRECTION('',(0.,0.,1.));
#1193 = DIRECTION('',(1.,0.,-0.));
#1194 = ADVANCED_FACE('',(#1195),#1261,.T.);
#1195 = FACE_BOUND('',#1196,.T.);
#1196 = EDGE_LOOP('',(#1197,#1207,#1215,#1223,#1231,#1239,#1247,#1255));
#1197 = ORIENTED_EDGE('',*,*,#1198,.T.);
#1198 = EDGE_CURVE('',#1199,#1201,#1203,.T.);
#1199 = VERTEX_POINT('',#1200);
#1200 = CARTESIAN_POINT('',(-2.7,-0.6,1.35));
#1201 = VERTEX_POINT('',#1202);
#1202 = CARTESIAN_POINT('',(-2.7,-1.6,1.35));
#1203 = LINE('',#1204,#1205);
#1204 = CARTESIAN_POINT('',(-2.7,-0.6,1.35));
#1205 = VECTOR('',#1206,1.);
#1206 = DIRECTION('',(-0.,-1.,-0.));
#1207 = ORIENTED_EDGE('',*,*,#1208,.T.);
#1208 = EDGE_CURVE('',#1201,#1209,#1211,.T.);
#1209 = VERTEX_POINT('',#1210);
#1210 = CARTESIAN_POINT('',(-2.7,-1.6,0.824264068712));
#1211 = LINE('',#1212,#1213);
#1212 = CARTESIAN_POINT('',(-2.7,-1.6,0.824264068712));
#1213 = VECTOR('',#1214,1.);
#1214 = DIRECTION('',(-1.445602896647E-16,0.,-1.));
#1215 = ORIENTED_EDGE('',*,*,#1216,.T.);
#1216 = EDGE_CURVE('',#1209,#1217,#1219,.T.);
#1217 = VERTEX_POINT('',#1218);
#1218 = CARTESIAN_POINT('',(-2.7,-0.1,0.824264068712));
#1219 = LINE('',#1220,#1221);
#1220 = CARTESIAN_POINT('',(-2.7,-1.8,0.824264068712));
#1221 = VECTOR('',#1222,1.);
#1222 = DIRECTION('',(0.,1.,0.));
#1223 = ORIENTED_EDGE('',*,*,#1224,.F.);
#1224 = EDGE_CURVE('',#1225,#1217,#1227,.T.);
#1225 = VERTEX_POINT('',#1226);
#1226 = CARTESIAN_POINT('',(-2.7,-0.1,3.575735931288));
#1227 = LINE('',#1228,#1229);
#1228 = CARTESIAN_POINT('',(-2.7,-0.1,3.7));
#1229 = VECTOR('',#1230,1.);
#1230 = DIRECTION('',(-1.445602896647E-16,0.,-1.));
#1231 = ORIENTED_EDGE('',*,*,#1232,.T.);
#1232 = EDGE_CURVE('',#1225,#1233,#1235,.T.);
#1233 = VERTEX_POINT('',#1234);
#1234 = CARTESIAN_POINT('',(-2.7,-1.6,3.575735931288));
#1235 = LINE('',#1236,#1237);
#1236 = CARTESIAN_POINT('',(-2.7,-1.8,3.575735931288));
#1237 = VECTOR('',#1238,1.);
#1238 = DIRECTION('',(0.,-1.,-0.));
#1239 = ORIENTED_EDGE('',*,*,#1240,.T.);
#1240 = EDGE_CURVE('',#1233,#1241,#1243,.T.);
#1241 = VERTEX_POINT('',#1242);
#1242 = CARTESIAN_POINT('',(-2.7,-1.6,3.05));
#1243 = LINE('',#1244,#1245);
#1244 = CARTESIAN_POINT('',(-2.7,-1.6,3.25));
#1245 = VECTOR('',#1246,1.);
#1246 = DIRECTION('',(-1.445602896647E-16,0.,-1.));
#1247 = ORIENTED_EDGE('',*,*,#1248,.F.);
#1248 = EDGE_CURVE('',#1249,#1241,#1251,.T.);
#1249 = VERTEX_POINT('',#1250);
#1250 = CARTESIAN_POINT('',(-2.7,-0.6,3.05));
#1251 = LINE('',#1252,#1253);
#1252 = CARTESIAN_POINT('',(-2.7,-0.6,3.05));
#1253 = VECTOR('',#1254,1.);
#1254 = DIRECTION('',(-0.,-1.,-0.));
#1255 = ORIENTED_EDGE('',*,*,#1256,.F.);
#1256 = EDGE_CURVE('',#1199,#1249,#1257,.T.);
#1257 = LINE('',#1258,#1259);
#1258 = CARTESIAN_POINT('',(-2.7,-0.6,3.903127820948E-16));
#1259 = VECTOR('',#1260,1.);
#1260 = DIRECTION('',(1.445602896647E-16,0.,1.));
#1261 = PLANE('',#1262);
#1262 = AXIS2_PLACEMENT_3D('',#1263,#1264,#1265);
#1263 = CARTESIAN_POINT('',(-2.7,-1.8,3.7));
#1264 = DIRECTION('',(1.,0.,-1.445602896647E-16));
#1265 = DIRECTION('',(-1.445602896647E-16,0.,-1.));
#1266 = ADVANCED_FACE('',(#1267),#1303,.T.);
#1267 = FACE_BOUND('',#1268,.T.);
#1268 = EDGE_LOOP('',(#1269,#1279,#1288,#1296));
#1269 = ORIENTED_EDGE('',*,*,#1270,.F.);
#1270 = EDGE_CURVE('',#1271,#1273,#1275,.T.);
#1271 = VERTEX_POINT('',#1272);
#1272 = CARTESIAN_POINT('',(-12.3,-1.6,1.5));
#1273 = VERTEX_POINT('',#1274);
#1274 = CARTESIAN_POINT('',(-12.3,-0.1,1.5));
#1275 = LINE('',#1276,#1277);
#1276 = CARTESIAN_POINT('',(-12.3,-1.8,1.5));
#1277 = VECTOR('',#1278,1.);
#1278 = DIRECTION('',(0.,1.,0.));
#1279 = ORIENTED_EDGE('',*,*,#1280,.T.);
#1280 = EDGE_CURVE('',#1271,#1281,#1283,.T.);
#1281 = VERTEX_POINT('',#1282);
#1282 = CARTESIAN_POINT('',(-11.49999999998,-1.6,2.300000000007));
#1283 = CIRCLE('',#1284,0.800000000007);
#1284 = AXIS2_PLACEMENT_3D('',#1285,#1286,#1287);
#1285 = CARTESIAN_POINT('',(-11.49999999999,-1.6,1.5));
#1286 = DIRECTION('',(0.,1.,0.));
#1287 = DIRECTION('',(0.,-0.,1.));
#1288 = ORIENTED_EDGE('',*,*,#1289,.T.);
#1289 = EDGE_CURVE('',#1281,#1290,#1292,.T.);
#1290 = VERTEX_POINT('',#1291);
#1291 = CARTESIAN_POINT('',(-11.49999999998,-0.1,2.300000000007));
#1292 = LINE('',#1293,#1294);
#1293 = CARTESIAN_POINT('',(-11.49999999998,-1.8,2.300000000007));
#1294 = VECTOR('',#1295,1.);
#1295 = DIRECTION('',(0.,1.,0.));
#1296 = ORIENTED_EDGE('',*,*,#1297,.F.);
#1297 = EDGE_CURVE('',#1273,#1290,#1298,.T.);
#1298 = CIRCLE('',#1299,0.800000000007);
#1299 = AXIS2_PLACEMENT_3D('',#1300,#1301,#1302);
#1300 = CARTESIAN_POINT('',(-11.49999999999,-0.1,1.5));
#1301 = DIRECTION('',(0.,1.,0.));
#1302 = DIRECTION('',(0.,-0.,1.));
#1303 = CYLINDRICAL_SURFACE('',#1304,0.800000000007);
#1304 = AXIS2_PLACEMENT_3D('',#1305,#1306,#1307);
#1305 = CARTESIAN_POINT('',(-11.49999999999,-1.8,1.5));
#1306 = DIRECTION('',(0.,1.,0.));
#1307 = DIRECTION('',(0.,-0.,1.));
#1308 = ADVANCED_FACE('',(#1309),#1366,.F.);
#1309 = FACE_BOUND('',#1310,.T.);
#1310 = EDGE_LOOP('',(#1311,#1321,#1329,#1337,#1345,#1353,#1359,#1360));
#1311 = ORIENTED_EDGE('',*,*,#1312,.F.);
#1312 = EDGE_CURVE('',#1313,#1315,#1317,.T.);
#1313 = VERTEX_POINT('',#1314);
#1314 = CARTESIAN_POINT('',(-12.3,-1.6,-1.5));
#1315 = VERTEX_POINT('',#1316);
#1316 = CARTESIAN_POINT('',(-12.3,-0.1,-1.5));
#1317 = LINE('',#1318,#1319);
#1318 = CARTESIAN_POINT('',(-12.3,-1.8,-1.5));
#1319 = VECTOR('',#1320,1.);
#1320 = DIRECTION('',(0.,1.,0.));
#1321 = ORIENTED_EDGE('',*,*,#1322,.T.);
#1322 = EDGE_CURVE('',#1313,#1323,#1325,.T.);
#1323 = VERTEX_POINT('',#1324);
#1324 = CARTESIAN_POINT('',(-12.3,-1.6,-0.85));
#1325 = LINE('',#1326,#1327);
#1326 = CARTESIAN_POINT('',(-12.3,-1.6,1.5));
#1327 = VECTOR('',#1328,1.);
#1328 = DIRECTION('',(-0.,-0.,1.));
#1329 = ORIENTED_EDGE('',*,*,#1330,.F.);
#1330 = EDGE_CURVE('',#1331,#1323,#1333,.T.);
#1331 = VERTEX_POINT('',#1332);
#1332 = CARTESIAN_POINT('',(-12.3,-0.6,-0.85));
#1333 = LINE('',#1334,#1335);
#1334 = CARTESIAN_POINT('',(-12.3,-0.6,-0.85));
#1335 = VECTOR('',#1336,1.);
#1336 = DIRECTION('',(-0.,-1.,-0.));
#1337 = ORIENTED_EDGE('',*,*,#1338,.F.);
#1338 = EDGE_CURVE('',#1339,#1331,#1341,.T.);
#1339 = VERTEX_POINT('',#1340);
#1340 = CARTESIAN_POINT('',(-12.3,-0.6,0.85));
#1341 = LINE('',#1342,#1343);
#1342 = CARTESIAN_POINT('',(-12.3,-0.6,0.));
#1343 = VECTOR('',#1344,1.);
#1344 = DIRECTION('',(0.,0.,-1.));
#1345 = ORIENTED_EDGE('',*,*,#1346,.T.);
#1346 = EDGE_CURVE('',#1339,#1347,#1349,.T.);
#1347 = VERTEX_POINT('',#1348);
#1348 = CARTESIAN_POINT('',(-12.3,-1.6,0.85));
#1349 = LINE('',#1350,#1351);
#1350 = CARTESIAN_POINT('',(-12.3,-0.6,0.85));
#1351 = VECTOR('',#1352,1.);
#1352 = DIRECTION('',(-0.,-1.,-0.));
#1353 = ORIENTED_EDGE('',*,*,#1354,.T.);
#1354 = EDGE_CURVE('',#1347,#1271,#1355,.T.);
#1355 = LINE('',#1356,#1357);
#1356 = CARTESIAN_POINT('',(-12.3,-1.6,1.5));
#1357 = VECTOR('',#1358,1.);
#1358 = DIRECTION('',(-0.,-0.,1.));
#1359 = ORIENTED_EDGE('',*,*,#1270,.T.);
#1360 = ORIENTED_EDGE('',*,*,#1361,.T.);
#1361 = EDGE_CURVE('',#1273,#1315,#1362,.T.);
#1362 = LINE('',#1363,#1364);
#1363 = CARTESIAN_POINT('',(-12.3,-0.1,1.5));
#1364 = VECTOR('',#1365,1.);
#1365 = DIRECTION('',(0.,0.,-1.));
#1366 = PLANE('',#1367);
#1367 = AXIS2_PLACEMENT_3D('',#1368,#1369,#1370);
#1368 = CARTESIAN_POINT('',(-12.3,-1.8,1.5));
#1369 = DIRECTION('',(1.,-0.,0.));
#1370 = DIRECTION('',(0.,0.,-1.));
#1371 = ADVANCED_FACE('',(#1372),#1399,.T.);
#1372 = FACE_BOUND('',#1373,.T.);
#1373 = EDGE_LOOP('',(#1374,#1384,#1391,#1392));
#1374 = ORIENTED_EDGE('',*,*,#1375,.F.);
#1375 = EDGE_CURVE('',#1376,#1378,#1380,.T.);
#1376 = VERTEX_POINT('',#1377);
#1377 = CARTESIAN_POINT('',(-11.49999999998,-1.6,-2.300000000007));
#1378 = VERTEX_POINT('',#1379);
#1379 = CARTESIAN_POINT('',(-11.49999999998,-0.1,-2.300000000007));
#1380 = LINE('',#1381,#1382);
#1381 = CARTESIAN_POINT('',(-11.49999999998,-1.8,-2.300000000007));
#1382 = VECTOR('',#1383,1.);
#1383 = DIRECTION('',(0.,1.,0.));
#1384 = ORIENTED_EDGE('',*,*,#1385,.T.);
#1385 = EDGE_CURVE('',#1376,#1313,#1386,.T.);
#1386 = CIRCLE('',#1387,0.800000000007);
#1387 = AXIS2_PLACEMENT_3D('',#1388,#1389,#1390);
#1388 = CARTESIAN_POINT('',(-11.49999999999,-1.6,-1.5));
#1389 = DIRECTION('',(0.,1.,0.));
#1390 = DIRECTION('',(0.,-0.,1.));
#1391 = ORIENTED_EDGE('',*,*,#1312,.T.);
#1392 = ORIENTED_EDGE('',*,*,#1393,.T.);
#1393 = EDGE_CURVE('',#1315,#1378,#1394,.T.);
#1394 = CIRCLE('',#1395,0.800000000007);
#1395 = AXIS2_PLACEMENT_3D('',#1396,#1397,#1398);
#1396 = CARTESIAN_POINT('',(-11.49999999999,-0.1,-1.5));
#1397 = DIRECTION('',(-0.,-1.,0.));
#1398 = DIRECTION('',(-0.,0.,-1.));
#1399 = CYLINDRICAL_SURFACE('',#1400,0.800000000007);
#1400 = AXIS2_PLACEMENT_3D('',#1401,#1402,#1403);
#1401 = CARTESIAN_POINT('',(-11.49999999999,-1.8,-1.5));
#1402 = DIRECTION('',(0.,1.,0.));
#1403 = DIRECTION('',(0.,-0.,1.));
#1404 = ADVANCED_FACE('',(#1405),#1430,.F.);
#1405 = FACE_BOUND('',#1406,.T.);
#1406 = EDGE_LOOP('',(#1407,#1417,#1423,#1424));
#1407 = ORIENTED_EDGE('',*,*,#1408,.F.);
#1408 = EDGE_CURVE('',#1409,#1411,#1413,.T.);
#1409 = VERTEX_POINT('',#1410);
#1410 = CARTESIAN_POINT('',(-8.199999999985,-1.6,-2.300000000007));
#1411 = VERTEX_POINT('',#1412);
#1412 = CARTESIAN_POINT('',(-8.199999999985,-0.1,-2.300000000007));
#1413 = LINE('',#1414,#1415);
#1414 = CARTESIAN_POINT('',(-8.199999999985,-1.8,-2.300000000007));
#1415 = VECTOR('',#1416,1.);
#1416 = DIRECTION('',(0.,1.,0.));
#1417 = ORIENTED_EDGE('',*,*,#1418,.T.);
#1418 = EDGE_CURVE('',#1409,#1376,#1419,.T.);
#1419 = LINE('',#1420,#1421);
#1420 = CARTESIAN_POINT('',(-11.49999999998,-1.6,-2.300000000007));
#1421 = VECTOR('',#1422,1.);
#1422 = DIRECTION('',(-1.,-0.,2.628368902995E-16));
#1423 = ORIENTED_EDGE('',*,*,#1375,.T.);
#1424 = ORIENTED_EDGE('',*,*,#1425,.T.);
#1425 = EDGE_CURVE('',#1378,#1411,#1426,.T.);
#1426 = LINE('',#1427,#1428);
#1427 = CARTESIAN_POINT('',(-11.49999999998,-0.1,-2.300000000007));
#1428 = VECTOR('',#1429,1.);
#1429 = DIRECTION('',(1.,0.,-2.628368902995E-16));
#1430 = PLANE('',#1431);
#1431 = AXIS2_PLACEMENT_3D('',#1432,#1433,#1434);
#1432 = CARTESIAN_POINT('',(-11.49999999998,-1.8,-2.300000000007));
#1433 = DIRECTION('',(2.628368902995E-16,-0.,1.));
#1434 = DIRECTION('',(1.,0.,-2.628368902995E-16));
#1435 = ADVANCED_FACE('',(#1436),#1463,.T.);
#1436 = FACE_BOUND('',#1437,.T.);
#1437 = EDGE_LOOP('',(#1438,#1448,#1455,#1456));
#1438 = ORIENTED_EDGE('',*,*,#1439,.F.);
#1439 = EDGE_CURVE('',#1440,#1442,#1444,.T.);
#1440 = VERTEX_POINT('',#1441);
#1441 = CARTESIAN_POINT('',(-7.244731810829,-1.6,-1.600000000007));
#1442 = VERTEX_POINT('',#1443);
#1443 = CARTESIAN_POINT('',(-7.244731810829,-0.1,-1.600000000007));
#1444 = LINE('',#1445,#1446);
#1445 = CARTESIAN_POINT('',(-7.244731810829,-1.8,-1.600000000007));
#1446 = VECTOR('',#1447,1.);
#1447 = DIRECTION('',(0.,1.,0.));
#1448 = ORIENTED_EDGE('',*,*,#1449,.T.);
#1449 = EDGE_CURVE('',#1440,#1409,#1450,.T.);
#1450 = CIRCLE('',#1451,1.001812366581);
#1451 = AXIS2_PLACEMENT_3D('',#1452,#1453,#1454);
#1452 = CARTESIAN_POINT('',(-8.199999999985,-1.6,-1.298187633426));
#1453 = DIRECTION('',(0.,1.,0.));
#1454 = DIRECTION('',(0.,-0.,1.));
#1455 = ORIENTED_EDGE('',*,*,#1408,.T.);
#1456 = ORIENTED_EDGE('',*,*,#1457,.T.);
#1457 = EDGE_CURVE('',#1411,#1442,#1458,.T.);
#1458 = CIRCLE('',#1459,1.001812366581);
#1459 = AXIS2_PLACEMENT_3D('',#1460,#1461,#1462);
#1460 = CARTESIAN_POINT('',(-8.199999999985,-0.1,-1.298187633426));
#1461 = DIRECTION('',(-0.,-1.,0.));
#1462 = DIRECTION('',(-0.,0.,-1.));
#1463 = CYLINDRICAL_SURFACE('',#1464,1.001812366581);
#1464 = AXIS2_PLACEMENT_3D('',#1465,#1466,#1467);
#1465 = CARTESIAN_POINT('',(-8.199999999985,-1.8,-1.298187633426));
#1466 = DIRECTION('',(0.,1.,0.));
#1467 = DIRECTION('',(0.,-0.,1.));
#1468 = ADVANCED_FACE('',(#1469),#1496,.F.);
#1469 = FACE_BOUND('',#1470,.F.);
#1470 = EDGE_LOOP('',(#1471,#1480,#1481,#1490));
#1471 = ORIENTED_EDGE('',*,*,#1472,.F.);
#1472 = EDGE_CURVE('',#1442,#1473,#1475,.T.);
#1473 = VERTEX_POINT('',#1474);
#1474 = CARTESIAN_POINT('',(-5.55,-0.1,-0.15));
#1475 = CIRCLE('',#1476,2.109392578673);
#1476 = AXIS2_PLACEMENT_3D('',#1477,#1478,#1479);
#1477 = CARTESIAN_POINT('',(-5.233341558455,-0.1,-2.235489027149));
#1478 = DIRECTION('',(0.,1.,0.));
#1479 = DIRECTION('',(0.,-0.,1.));
#1480 = ORIENTED_EDGE('',*,*,#1439,.F.);
#1481 = ORIENTED_EDGE('',*,*,#1482,.F.);
#1482 = EDGE_CURVE('',#1483,#1440,#1485,.T.);
#1483 = VERTEX_POINT('',#1484);
#1484 = CARTESIAN_POINT('',(-5.55,-1.6,-0.15));
#1485 = CIRCLE('',#1486,2.109392578673);
#1486 = AXIS2_PLACEMENT_3D('',#1487,#1488,#1489);
#1487 = CARTESIAN_POINT('',(-5.233341558455,-1.6,-2.235489027149));
#1488 = DIRECTION('',(0.,-1.,0.));
#1489 = DIRECTION('',(0.,0.,1.));
#1490 = ORIENTED_EDGE('',*,*,#1491,.T.);
#1491 = EDGE_CURVE('',#1483,#1473,#1492,.T.);
#1492 = LINE('',#1493,#1494);
#1493 = CARTESIAN_POINT('',(-5.55,-1.8,-0.15));
#1494 = VECTOR('',#1495,1.);
#1495 = DIRECTION('',(0.,1.,0.));
#1496 = CYLINDRICAL_SURFACE('',#1497,2.109392578673);
#1497 = AXIS2_PLACEMENT_3D('',#1498,#1499,#1500);
#1498 = CARTESIAN_POINT('',(-5.233341558455,-1.8,-2.235489027149));
#1499 = DIRECTION('',(0.,1.,0.));
#1500 = DIRECTION('',(0.,-0.,1.));
#1501 = ADVANCED_FACE('',(#1502),#1527,.T.);
#1502 = FACE_BOUND('',#1503,.T.);
#1503 = EDGE_LOOP('',(#1504,#1514,#1520,#1521));
#1504 = ORIENTED_EDGE('',*,*,#1505,.T.);
#1505 = EDGE_CURVE('',#1506,#1508,#1510,.T.);
#1506 = VERTEX_POINT('',#1507);
#1507 = CARTESIAN_POINT('',(-3.674264068712,-0.1,-0.15));
#1508 = VERTEX_POINT('',#1509);
#1509 = CARTESIAN_POINT('',(-3.674264068712,-1.6,-0.15));
#1510 = LINE('',#1511,#1512);
#1511 = CARTESIAN_POINT('',(-3.674264068712,-1.8,-0.15));
#1512 = VECTOR('',#1513,1.);
#1513 = DIRECTION('',(-0.,-1.,-0.));
#1514 = ORIENTED_EDGE('',*,*,#1515,.T.);
#1515 = EDGE_CURVE('',#1508,#1483,#1516,.T.);
#1516 = LINE('',#1517,#1518);
#1517 = CARTESIAN_POINT('',(-5.55,-1.6,-0.15));
#1518 = VECTOR('',#1519,1.);
#1519 = DIRECTION('',(-1.,0.,1.219727444046E-16));
#1520 = ORIENTED_EDGE('',*,*,#1491,.T.);
#1521 = ORIENTED_EDGE('',*,*,#1522,.F.);
#1522 = EDGE_CURVE('',#1506,#1473,#1523,.T.);
#1523 = LINE('',#1524,#1525);
#1524 = CARTESIAN_POINT('',(-3.55,-0.1,-0.15));
#1525 = VECTOR('',#1526,1.);
#1526 = DIRECTION('',(-1.,0.,1.219727444046E-16));
#1527 = PLANE('',#1528);
#1528 = AXIS2_PLACEMENT_3D('',#1529,#1530,#1531);
#1529 = CARTESIAN_POINT('',(-3.55,-1.8,-0.15));
#1530 = DIRECTION('',(-1.219727444046E-16,0.,-1.));
#1531 = DIRECTION('',(-1.,0.,1.219727444046E-16));
#1532 = ADVANCED_FACE('',(#1533),#1567,.T.);
#1533 = FACE_BOUND('',#1534,.T.);
#1534 = EDGE_LOOP('',(#1535,#1545,#1553,#1561));
#1535 = ORIENTED_EDGE('',*,*,#1536,.T.);
#1536 = EDGE_CURVE('',#1537,#1539,#1541,.T.);
#1537 = VERTEX_POINT('',#1538);
#1538 = CARTESIAN_POINT('',(-2.787867965644,-0.1,0.612132034356));
#1539 = VERTEX_POINT('',#1540);
#1540 = CARTESIAN_POINT('',(-2.787867965644,-1.6,0.612132034356));
#1541 = LINE('',#1542,#1543);
#1542 = CARTESIAN_POINT('',(-2.787867965644,-1.8,0.612132034356));
#1543 = VECTOR('',#1544,1.);
#1544 = DIRECTION('',(-0.,-1.,-0.));
#1545 = ORIENTED_EDGE('',*,*,#1546,.T.);
#1546 = EDGE_CURVE('',#1539,#1547,#1549,.T.);
#1547 = VERTEX_POINT('',#1548);
#1548 = CARTESIAN_POINT('',(-3.462132034356,-1.6,-6.213203435596E-02));
#1549 = LINE('',#1550,#1551);
#1550 = CARTESIAN_POINT('',(-3.462132034356,-1.6,-6.213203435596E-02));
#1551 = VECTOR('',#1552,1.);
#1552 = DIRECTION('',(-0.707106781187,0.,-0.707106781187));
#1553 = ORIENTED_EDGE('',*,*,#1554,.T.);
#1554 = EDGE_CURVE('',#1547,#1555,#1557,.T.);
#1555 = VERTEX_POINT('',#1556);
#1556 = CARTESIAN_POINT('',(-3.462132034356,-0.1,-6.213203435596E-02));
#1557 = LINE('',#1558,#1559);
#1558 = CARTESIAN_POINT('',(-3.462132034356,-1.8,-6.213203435596E-02));
#1559 = VECTOR('',#1560,1.);
#1560 = DIRECTION('',(0.,1.,0.));
#1561 = ORIENTED_EDGE('',*,*,#1562,.F.);
#1562 = EDGE_CURVE('',#1537,#1555,#1563,.T.);
#1563 = LINE('',#1564,#1565);
#1564 = CARTESIAN_POINT('',(-2.7,-0.1,0.7));
#1565 = VECTOR('',#1566,1.);
#1566 = DIRECTION('',(-0.707106781187,0.,-0.707106781187));
#1567 = PLANE('',#1568);
#1568 = AXIS2_PLACEMENT_3D('',#1569,#1570,#1571);
#1569 = CARTESIAN_POINT('',(-2.7,-1.8,0.7));
#1570 = DIRECTION('',(0.707106781187,0.,-0.707106781187));
#1571 = DIRECTION('',(-0.707106781187,0.,-0.707106781187));
#1572 = ADVANCED_FACE('',(#1573),#1607,.F.);
#1573 = FACE_BOUND('',#1574,.T.);
#1574 = EDGE_LOOP('',(#1575,#1585,#1593,#1601));
#1575 = ORIENTED_EDGE('',*,*,#1576,.T.);
#1576 = EDGE_CURVE('',#1577,#1579,#1581,.T.);
#1577 = VERTEX_POINT('',#1578);
#1578 = CARTESIAN_POINT('',(-3.462132034356,-0.1,4.462132034356));
#1579 = VERTEX_POINT('',#1580);
#1580 = CARTESIAN_POINT('',(-3.462132034356,-1.6,4.462132034356));
#1581 = LINE('',#1582,#1583);
#1582 = CARTESIAN_POINT('',(-3.462132034356,-1.8,4.462132034356));
#1583 = VECTOR('',#1584,1.);
#1584 = DIRECTION('',(-0.,-1.,-0.));
#1585 = ORIENTED_EDGE('',*,*,#1586,.T.);
#1586 = EDGE_CURVE('',#1579,#1587,#1589,.T.);
#1587 = VERTEX_POINT('',#1588);
#1588 = CARTESIAN_POINT('',(-2.787867965644,-1.6,3.787867965644));
#1589 = LINE('',#1590,#1591);
#1590 = CARTESIAN_POINT('',(-2.7,-1.6,3.7));
#1591 = VECTOR('',#1592,1.);
#1592 = DIRECTION('',(0.707106781187,-0.,-0.707106781187));
#1593 = ORIENTED_EDGE('',*,*,#1594,.T.);
#1594 = EDGE_CURVE('',#1587,#1595,#1597,.T.);
#1595 = VERTEX_POINT('',#1596);
#1596 = CARTESIAN_POINT('',(-2.787867965644,-0.1,3.787867965644));
#1597 = LINE('',#1598,#1599);
#1598 = CARTESIAN_POINT('',(-2.787867965644,-0.1,3.787867965644));
#1599 = VECTOR('',#1600,1.);
#1600 = DIRECTION('',(0.,1.,0.));
#1601 = ORIENTED_EDGE('',*,*,#1602,.T.);
#1602 = EDGE_CURVE('',#1595,#1577,#1603,.T.);
#1603 = LINE('',#1604,#1605);
#1604 = CARTESIAN_POINT('',(-2.7,-0.1,3.7));
#1605 = VECTOR('',#1606,1.);
#1606 = DIRECTION('',(-0.707106781187,0.,0.707106781187));
#1607 = PLANE('',#1608);
#1608 = AXIS2_PLACEMENT_3D('',#1609,#1610,#1611);
#1609 = CARTESIAN_POINT('',(-2.7,-1.8,3.7));
#1610 = DIRECTION('',(-0.707106781187,0.,-0.707106781187));
#1611 = DIRECTION('',(-0.707106781187,0.,0.707106781187));
#1612 = ADVANCED_FACE('',(#1613),#1647,.F.);
#1613 = FACE_BOUND('',#1614,.T.);
#1614 = EDGE_LOOP('',(#1615,#1625,#1633,#1641));
#1615 = ORIENTED_EDGE('',*,*,#1616,.T.);
#1616 = EDGE_CURVE('',#1617,#1619,#1621,.T.);
#1617 = VERTEX_POINT('',#1618);
#1618 = CARTESIAN_POINT('',(-6.425735931288,-0.1,4.55));
#1619 = VERTEX_POINT('',#1620);
#1620 = CARTESIAN_POINT('',(-6.425735931288,-1.6,4.55));
#1621 = LINE('',#1622,#1623);
#1622 = CARTESIAN_POINT('',(-6.425735931288,-1.8,4.55));
#1623 = VECTOR('',#1624,1.);
#1624 = DIRECTION('',(-0.,-1.,-0.));
#1625 = ORIENTED_EDGE('',*,*,#1626,.T.);
#1626 = EDGE_CURVE('',#1619,#1627,#1629,.T.);
#1627 = VERTEX_POINT('',#1628);
#1628 = CARTESIAN_POINT('',(-3.674264068712,-1.6,4.55));
#1629 = LINE('',#1630,#1631);
#1630 = CARTESIAN_POINT('',(-3.55,-1.6,4.55));
#1631 = VECTOR('',#1632,1.);
#1632 = DIRECTION('',(1.,-0.,-0.));
#1633 = ORIENTED_EDGE('',*,*,#1634,.T.);
#1634 = EDGE_CURVE('',#1627,#1635,#1637,.T.);
#1635 = VERTEX_POINT('',#1636);
#1636 = CARTESIAN_POINT('',(-3.674264068712,-0.1,4.55));
#1637 = LINE('',#1638,#1639);
#1638 = CARTESIAN_POINT('',(-3.674264068712,-1.8,4.55));
#1639 = VECTOR('',#1640,1.);
#1640 = DIRECTION('',(0.,1.,0.));
#1641 = ORIENTED_EDGE('',*,*,#1642,.T.);
#1642 = EDGE_CURVE('',#1635,#1617,#1643,.T.);
#1643 = LINE('',#1644,#1645);
#1644 = CARTESIAN_POINT('',(-3.55,-0.1,4.55));
#1645 = VECTOR('',#1646,1.);
#1646 = DIRECTION('',(-1.,0.,0.));
#1647 = PLANE('',#1648);
#1648 = AXIS2_PLACEMENT_3D('',#1649,#1650,#1651);
#1649 = CARTESIAN_POINT('',(-3.55,-1.8,4.55));
#1650 = DIRECTION('',(0.,0.,-1.));
#1651 = DIRECTION('',(-1.,0.,-0.));
#1652 = ADVANCED_FACE('',(#1653),#1687,.F.);
#1653 = FACE_BOUND('',#1654,.T.);
#1654 = EDGE_LOOP('',(#1655,#1665,#1673,#1681));
#1655 = ORIENTED_EDGE('',*,*,#1656,.T.);
#1656 = EDGE_CURVE('',#1657,#1659,#1661,.T.);
#1657 = VERTEX_POINT('',#1658);
#1658 = CARTESIAN_POINT('',(-7.312132034356,-0.1,3.787867965644));
#1659 = VERTEX_POINT('',#1660);
#1660 = CARTESIAN_POINT('',(-7.312132034356,-1.6,3.787867965644));
#1661 = LINE('',#1662,#1663);
#1662 = CARTESIAN_POINT('',(-7.312132034356,-1.8,3.787867965644));
#1663 = VECTOR('',#1664,1.);
#1664 = DIRECTION('',(-0.,-1.,-0.));
#1665 = ORIENTED_EDGE('',*,*,#1666,.T.);
#1666 = EDGE_CURVE('',#1659,#1667,#1669,.T.);
#1667 = VERTEX_POINT('',#1668);
#1668 = CARTESIAN_POINT('',(-6.637867965644,-1.6,4.462132034356));
#1669 = LINE('',#1670,#1671);
#1670 = CARTESIAN_POINT('',(-6.55,-1.6,4.55));
#1671 = VECTOR('',#1672,1.);
#1672 = DIRECTION('',(0.707106781187,-0.,0.707106781187));
#1673 = ORIENTED_EDGE('',*,*,#1674,.T.);
#1674 = EDGE_CURVE('',#1667,#1675,#1677,.T.);
#1675 = VERTEX_POINT('',#1676);
#1676 = CARTESIAN_POINT('',(-6.637867965644,-0.1,4.462132034356));
#1677 = LINE('',#1678,#1679);
#1678 = CARTESIAN_POINT('',(-6.637867965644,-1.8,4.462132034356));
#1679 = VECTOR('',#1680,1.);
#1680 = DIRECTION('',(0.,1.,0.));
#1681 = ORIENTED_EDGE('',*,*,#1682,.T.);
#1682 = EDGE_CURVE('',#1675,#1657,#1683,.T.);
#1683 = LINE('',#1684,#1685);
#1684 = CARTESIAN_POINT('',(-6.55,-0.1,4.55));
#1685 = VECTOR('',#1686,1.);
#1686 = DIRECTION('',(-0.707106781187,0.,-0.707106781187));
#1687 = PLANE('',#1688);
#1688 = AXIS2_PLACEMENT_3D('',#1689,#1690,#1691);
#1689 = CARTESIAN_POINT('',(-6.55,-1.8,4.55));
#1690 = DIRECTION('',(0.707106781187,0.,-0.707106781187));
#1691 = DIRECTION('',(-0.707106781187,0.,-0.707106781187));
#1692 = ADVANCED_FACE('',(#1693),#1727,.F.);
#1693 = FACE_BOUND('',#1694,.T.);
#1694 = EDGE_LOOP('',(#1695,#1705,#1713,#1721));
#1695 = ORIENTED_EDGE('',*,*,#1696,.F.);
#1696 = EDGE_CURVE('',#1697,#1699,#1701,.T.);
#1697 = VERTEX_POINT('',#1698);
#1698 = CARTESIAN_POINT('',(-7.4,-1.6,3.4));
#1699 = VERTEX_POINT('',#1700);
#1700 = CARTESIAN_POINT('',(-7.4,-0.1,3.4));
#1701 = LINE('',#1702,#1703);
#1702 = CARTESIAN_POINT('',(-7.4,-1.8,3.4));
#1703 = VECTOR('',#1704,1.);
#1704 = DIRECTION('',(0.,1.,0.));
#1705 = ORIENTED_EDGE('',*,*,#1706,.T.);
#1706 = EDGE_CURVE('',#1697,#1707,#1709,.T.);
#1707 = VERTEX_POINT('',#1708);
#1708 = CARTESIAN_POINT('',(-7.4,-1.6,3.575735931288));
#1709 = LINE('',#1710,#1711);
#1710 = CARTESIAN_POINT('',(-7.4,-1.6,3.7));
#1711 = VECTOR('',#1712,1.);
#1712 = DIRECTION('',(-1.734723475977E-14,-0.,1.));
#1713 = ORIENTED_EDGE('',*,*,#1714,.T.);
#1714 = EDGE_CURVE('',#1707,#1715,#1717,.T.);
#1715 = VERTEX_POINT('',#1716);
#1716 = CARTESIAN_POINT('',(-7.4,-0.1,3.575735931288));
#1717 = LINE('',#1718,#1719);
#1718 = CARTESIAN_POINT('',(-7.4,-1.8,3.575735931288));
#1719 = VECTOR('',#1720,1.);
#1720 = DIRECTION('',(0.,1.,0.));
#1721 = ORIENTED_EDGE('',*,*,#1722,.T.);
#1722 = EDGE_CURVE('',#1715,#1699,#1723,.T.);
#1723 = LINE('',#1724,#1725);
#1724 = CARTESIAN_POINT('',(-7.4,-0.1,3.7));
#1725 = VECTOR('',#1726,1.);
#1726 = DIRECTION('',(1.734723475977E-14,0.,-1.));
#1727 = PLANE('',#1728);
#1728 = AXIS2_PLACEMENT_3D('',#1729,#1730,#1731);
#1729 = CARTESIAN_POINT('',(-7.4,-1.8,3.7));
#1730 = DIRECTION('',(1.,-0.,1.734723475977E-14));
#1731 = DIRECTION('',(1.734723475977E-14,0.,-1.));
#1732 = ADVANCED_FACE('',(#1733),#1760,.F.);
#1733 = FACE_BOUND('',#1734,.F.);
#1734 = EDGE_LOOP('',(#1735,#1744,#1745,#1754));
#1735 = ORIENTED_EDGE('',*,*,#1736,.T.);
#1736 = EDGE_CURVE('',#1737,#1699,#1739,.T.);
#1737 = VERTEX_POINT('',#1738);
#1738 = CARTESIAN_POINT('',(-8.599999999985,-0.1,2.300000000007));
#1739 = CIRCLE('',#1740,1.20454545453);
#1740 = AXIS2_PLACEMENT_3D('',#1741,#1742,#1743);
#1741 = CARTESIAN_POINT('',(-8.599999999985,-0.1,3.504545454537));
#1742 = DIRECTION('',(-0.,-1.,0.));
#1743 = DIRECTION('',(-0.,0.,-1.));
#1744 = ORIENTED_EDGE('',*,*,#1696,.F.);
#1745 = ORIENTED_EDGE('',*,*,#1746,.F.);
#1746 = EDGE_CURVE('',#1747,#1697,#1749,.T.);
#1747 = VERTEX_POINT('',#1748);
#1748 = CARTESIAN_POINT('',(-8.599999999985,-1.6,2.300000000007));
#1749 = CIRCLE('',#1750,1.20454545453);
#1750 = AXIS2_PLACEMENT_3D('',#1751,#1752,#1753);
#1751 = CARTESIAN_POINT('',(-8.599999999985,-1.6,3.504545454537));
#1752 = DIRECTION('',(0.,-1.,0.));
#1753 = DIRECTION('',(0.,0.,1.));
#1754 = ORIENTED_EDGE('',*,*,#1755,.T.);
#1755 = EDGE_CURVE('',#1747,#1737,#1756,.T.);
#1756 = LINE('',#1757,#1758);
#1757 = CARTESIAN_POINT('',(-8.599999999985,-1.8,2.300000000007));
#1758 = VECTOR('',#1759,1.);
#1759 = DIRECTION('',(0.,1.,0.));
#1760 = CYLINDRICAL_SURFACE('',#1761,1.20454545453);
#1761 = AXIS2_PLACEMENT_3D('',#1762,#1763,#1764);
#1762 = CARTESIAN_POINT('',(-8.599999999985,-1.8,3.504545454537));
#1763 = DIRECTION('',(0.,1.,0.));
#1764 = DIRECTION('',(0.,-0.,1.));
#1765 = ADVANCED_FACE('',(#1766),#1782,.T.);
#1766 = FACE_BOUND('',#1767,.T.);
#1767 = EDGE_LOOP('',(#1768,#1769,#1775,#1776));
#1768 = ORIENTED_EDGE('',*,*,#1289,.F.);
#1769 = ORIENTED_EDGE('',*,*,#1770,.T.);
#1770 = EDGE_CURVE('',#1281,#1747,#1771,.T.);
#1771 = LINE('',#1772,#1773);
#1772 = CARTESIAN_POINT('',(-8.599999999985,-1.6,2.300000000007));
#1773 = VECTOR('',#1774,1.);
#1774 = DIRECTION('',(1.,-0.,0.));
#1775 = ORIENTED_EDGE('',*,*,#1755,.T.);
#1776 = ORIENTED_EDGE('',*,*,#1777,.F.);
#1777 = EDGE_CURVE('',#1290,#1737,#1778,.T.);
#1778 = LINE('',#1779,#1780);
#1779 = CARTESIAN_POINT('',(-11.49999999998,-0.1,2.300000000007));
#1780 = VECTOR('',#1781,1.);
#1781 = DIRECTION('',(1.,0.,0.));
#1782 = PLANE('',#1783);
#1783 = AXIS2_PLACEMENT_3D('',#1784,#1785,#1786);
#1784 = CARTESIAN_POINT('',(-11.49999999998,-1.8,2.300000000007));
#1785 = DIRECTION('',(0.,0.,1.));
#1786 = DIRECTION('',(1.,0.,-0.));
#1787 = ADVANCED_FACE('',(#1788,#1798,#1808,#1818,#1828,#1838,#1848,
    #1858),#1917,.T.);
#1788 = FACE_BOUND('',#1789,.T.);
#1789 = EDGE_LOOP('',(#1790,#1791));
#1790 = ORIENTED_EDGE('',*,*,#47,.F.);
#1791 = ORIENTED_EDGE('',*,*,#1792,.F.);
#1792 = EDGE_CURVE('',#50,#48,#1793,.T.);
#1793 = CIRCLE('',#1794,0.35);
#1794 = AXIS2_PLACEMENT_3D('',#1795,#1796,#1797);
#1795 = CARTESIAN_POINT('',(-11.59999999999,-0.1,1.600000000007));
#1796 = DIRECTION('',(0.,1.,0.));
#1797 = DIRECTION('',(0.,-0.,1.));
#1798 = FACE_BOUND('',#1799,.T.);
#1799 = EDGE_LOOP('',(#1800,#1801));
#1800 = ORIENTED_EDGE('',*,*,#91,.F.);
#1801 = ORIENTED_EDGE('',*,*,#1802,.F.);
#1802 = EDGE_CURVE('',#94,#92,#1803,.T.);
#1803 = CIRCLE('',#1804,0.35);
#1804 = AXIS2_PLACEMENT_3D('',#1805,#1806,#1807);
#1805 = CARTESIAN_POINT('',(-11.6,-0.1,-1.600000000007));
#1806 = DIRECTION('',(0.,1.,0.));
#1807 = DIRECTION('',(0.,-0.,1.));
#1808 = FACE_BOUND('',#1809,.T.);
#1809 = EDGE_LOOP('',(#1810,#1811));
#1810 = ORIENTED_EDGE('',*,*,#179,.F.);
#1811 = ORIENTED_EDGE('',*,*,#1812,.F.);
#1812 = EDGE_CURVE('',#182,#180,#1813,.T.);
#1813 = CIRCLE('',#1814,0.35);
#1814 = AXIS2_PLACEMENT_3D('',#1815,#1816,#1817);
#1815 = CARTESIAN_POINT('',(-3.4,-0.1,3.85));
#1816 = DIRECTION('',(0.,1.,-0.));
#1817 = DIRECTION('',(0.,0.,1.));
#1818 = FACE_BOUND('',#1819,.T.);
#1819 = EDGE_LOOP('',(#1820,#1821));
#1820 = ORIENTED_EDGE('',*,*,#223,.F.);
#1821 = ORIENTED_EDGE('',*,*,#1822,.F.);
#1822 = EDGE_CURVE('',#226,#224,#1823,.T.);
#1823 = CIRCLE('',#1824,0.35);
#1824 = AXIS2_PLACEMENT_3D('',#1825,#1826,#1827);
#1825 = CARTESIAN_POINT('',(-3.4,-0.1,0.55));
#1826 = DIRECTION('',(0.,1.,-0.));
#1827 = DIRECTION('',(0.,0.,1.));
#1828 = FACE_BOUND('',#1829,.T.);
#1829 = EDGE_LOOP('',(#1830,#1831));
#1830 = ORIENTED_EDGE('',*,*,#135,.F.);
#1831 = ORIENTED_EDGE('',*,*,#1832,.F.);
#1832 = EDGE_CURVE('',#138,#136,#1833,.T.);
#1833 = CIRCLE('',#1834,0.35);
#1834 = AXIS2_PLACEMENT_3D('',#1835,#1836,#1837);
#1835 = CARTESIAN_POINT('',(-7.5,-0.1,1.35));
#1836 = DIRECTION('',(0.,1.,-0.));
#1837 = DIRECTION('',(0.,0.,1.));
#1838 = FACE_BOUND('',#1839,.T.);
#1839 = EDGE_LOOP('',(#1840,#1847));
#1840 = ORIENTED_EDGE('',*,*,#1841,.F.);
#1841 = EDGE_CURVE('',#361,#353,#1842,.T.);
#1842 = CIRCLE('',#1843,1.45);
#1843 = AXIS2_PLACEMENT_3D('',#1844,#1845,#1846);
#1844 = CARTESIAN_POINT('',(-5.,-0.1,2.2));
#1845 = DIRECTION('',(0.,1.,0.));
#1846 = DIRECTION('',(0.,-0.,1.));
#1847 = ORIENTED_EDGE('',*,*,#360,.F.);
#1848 = FACE_BOUND('',#1849,.T.);
#1849 = EDGE_LOOP('',(#1850,#1857));
#1850 = ORIENTED_EDGE('',*,*,#1851,.F.);
#1851 = EDGE_CURVE('',#393,#385,#1852,.T.);
#1852 = CIRCLE('',#1853,1.45);
#1853 = AXIS2_PLACEMENT_3D('',#1854,#1855,#1856);
#1854 = CARTESIAN_POINT('',(-10.,-0.1,6.123233995737E-16));
#1855 = DIRECTION('',(0.,1.,0.));
#1856 = DIRECTION('',(0.,-0.,1.));
#1857 = ORIENTED_EDGE('',*,*,#392,.F.);
#1858 = FACE_BOUND('',#1859,.T.);
#1859 = EDGE_LOOP('',(#1860,#1861,#1868,#1869,#1870,#1871,#1872,#1873,
    #1874,#1875,#1876,#1877,#1878,#1885,#1886,#1893,#1894,#1901,#1902,
    #1909,#1910));
#1860 = ORIENTED_EDGE('',*,*,#1562,.T.);
#1861 = ORIENTED_EDGE('',*,*,#1862,.T.);
#1862 = EDGE_CURVE('',#1555,#1506,#1863,.T.);
#1863 = CIRCLE('',#1864,0.3);
#1864 = AXIS2_PLACEMENT_3D('',#1865,#1866,#1867);
#1865 = CARTESIAN_POINT('',(-3.674264068712,-0.1,0.15));
#1866 = DIRECTION('',(0.,1.,0.));
#1867 = DIRECTION('',(0.,-0.,1.));
#1868 = ORIENTED_EDGE('',*,*,#1522,.T.);
#1869 = ORIENTED_EDGE('',*,*,#1472,.F.);
#1870 = ORIENTED_EDGE('',*,*,#1457,.F.);
#1871 = ORIENTED_EDGE('',*,*,#1425,.F.);
#1872 = ORIENTED_EDGE('',*,*,#1393,.F.);
#1873 = ORIENTED_EDGE('',*,*,#1361,.F.);
#1874 = ORIENTED_EDGE('',*,*,#1297,.T.);
#1875 = ORIENTED_EDGE('',*,*,#1777,.T.);
#1876 = ORIENTED_EDGE('',*,*,#1736,.T.);
#1877 = ORIENTED_EDGE('',*,*,#1722,.F.);
#1878 = ORIENTED_EDGE('',*,*,#1879,.T.);
#1879 = EDGE_CURVE('',#1715,#1657,#1880,.T.);
#1880 = CIRCLE('',#1881,0.3);
#1881 = AXIS2_PLACEMENT_3D('',#1882,#1883,#1884);
#1882 = CARTESIAN_POINT('',(-7.1,-0.1,3.575735931288));
#1883 = DIRECTION('',(0.,1.,0.));
#1884 = DIRECTION('',(0.,-0.,1.));
#1885 = ORIENTED_EDGE('',*,*,#1682,.F.);
#1886 = ORIENTED_EDGE('',*,*,#1887,.T.);
#1887 = EDGE_CURVE('',#1675,#1617,#1888,.T.);
#1888 = CIRCLE('',#1889,0.3);
#1889 = AXIS2_PLACEMENT_3D('',#1890,#1891,#1892);
#1890 = CARTESIAN_POINT('',(-6.425735931288,-0.1,4.25));
#1891 = DIRECTION('',(0.,1.,0.));
#1892 = DIRECTION('',(0.,-0.,1.));
#1893 = ORIENTED_EDGE('',*,*,#1642,.F.);
#1894 = ORIENTED_EDGE('',*,*,#1895,.T.);
#1895 = EDGE_CURVE('',#1635,#1577,#1896,.T.);
#1896 = CIRCLE('',#1897,0.3);
#1897 = AXIS2_PLACEMENT_3D('',#1898,#1899,#1900);
#1898 = CARTESIAN_POINT('',(-3.674264068712,-0.1,4.25));
#1899 = DIRECTION('',(0.,1.,0.));
#1900 = DIRECTION('',(0.,-0.,1.));
#1901 = ORIENTED_EDGE('',*,*,#1602,.F.);
#1902 = ORIENTED_EDGE('',*,*,#1903,.T.);
#1903 = EDGE_CURVE('',#1595,#1225,#1904,.T.);
#1904 = CIRCLE('',#1905,0.3);
#1905 = AXIS2_PLACEMENT_3D('',#1906,#1907,#1908);
#1906 = CARTESIAN_POINT('',(-3.,-0.1,3.575735931288));
#1907 = DIRECTION('',(0.,1.,0.));
#1908 = DIRECTION('',(0.,-0.,1.));
#1909 = ORIENTED_EDGE('',*,*,#1224,.T.);
#1910 = ORIENTED_EDGE('',*,*,#1911,.T.);
#1911 = EDGE_CURVE('',#1217,#1537,#1912,.T.);
#1912 = CIRCLE('',#1913,0.3);
#1913 = AXIS2_PLACEMENT_3D('',#1914,#1915,#1916);
#1914 = CARTESIAN_POINT('',(-3.,-0.1,0.824264068712));
#1915 = DIRECTION('',(0.,1.,0.));
#1916 = DIRECTION('',(0.,-0.,1.));
#1917 = PLANE('',#1918);
#1918 = AXIS2_PLACEMENT_3D('',#1919,#1920,#1921);
#1919 = CARTESIAN_POINT('',(-11.49999999999,-0.1,1.5));
#1920 = DIRECTION('',(0.,1.,0.));
#1921 = DIRECTION('',(0.,-0.,1.));
#1922 = ADVANCED_FACE('',(#1923),#1935,.T.);
#1923 = FACE_BOUND('',#1924,.T.);
#1924 = EDGE_LOOP('',(#1925,#1926,#1933,#1934));
#1925 = ORIENTED_EDGE('',*,*,#384,.F.);
#1926 = ORIENTED_EDGE('',*,*,#1927,.T.);
#1927 = EDGE_CURVE('',#279,#287,#1928,.T.);
#1928 = CIRCLE('',#1929,1.45);
#1929 = AXIS2_PLACEMENT_3D('',#1930,#1931,#1932);
#1930 = CARTESIAN_POINT('',(-10.,0.75,6.123233995737E-16));
#1931 = DIRECTION('',(0.,-1.,0.));
#1932 = DIRECTION('',(0.,0.,1.));
#1933 = ORIENTED_EDGE('',*,*,#401,.T.);
#1934 = ORIENTED_EDGE('',*,*,#1851,.T.);
#1935 = CYLINDRICAL_SURFACE('',#1936,1.45);
#1936 = AXIS2_PLACEMENT_3D('',#1937,#1938,#1939);
#1937 = CARTESIAN_POINT('',(-10.,1.25,6.123233995737E-16));
#1938 = DIRECTION('',(-0.,-1.,-0.));
#1939 = DIRECTION('',(0.,0.,-1.));
#1940 = ADVANCED_FACE('',(#1941,#2011),#2021,.T.);
#1941 = FACE_BOUND('',#1942,.T.);
#1942 = EDGE_LOOP('',(#1943,#1953,#1962,#1970,#1979,#1987,#1996,#2004));
#1943 = ORIENTED_EDGE('',*,*,#1944,.T.);
#1944 = EDGE_CURVE('',#1945,#1947,#1949,.T.);
#1945 = VERTEX_POINT('',#1946);
#1946 = CARTESIAN_POINT('',(-9.,1.25,-0.15));
#1947 = VERTEX_POINT('',#1948);
#1948 = CARTESIAN_POINT('',(-9.,1.25,0.15));
#1949 = LINE('',#1950,#1951);
#1950 = CARTESIAN_POINT('',(-9.,1.25,0.15));
#1951 = VECTOR('',#1952,1.);
#1952 = DIRECTION('',(0.,0.,1.));
#1953 = ORIENTED_EDGE('',*,*,#1954,.T.);
#1954 = EDGE_CURVE('',#1947,#1955,#1957,.T.);
#1955 = VERTEX_POINT('',#1956);
#1956 = CARTESIAN_POINT('',(-9.5,1.25,0.65));
#1957 = CIRCLE('',#1958,0.5);
#1958 = AXIS2_PLACEMENT_3D('',#1959,#1960,#1961);
#1959 = CARTESIAN_POINT('',(-9.5,1.25,0.15));
#1960 = DIRECTION('',(-0.,-1.,0.));
#1961 = DIRECTION('',(5.20417042793E-14,-0.,1.));
#1962 = ORIENTED_EDGE('',*,*,#1963,.T.);
#1963 = EDGE_CURVE('',#1955,#1964,#1966,.T.);
#1964 = VERTEX_POINT('',#1965);
#1965 = CARTESIAN_POINT('',(-10.5,1.25,0.65));
#1966 = LINE('',#1967,#1968);
#1967 = CARTESIAN_POINT('',(-10.5,1.25,0.65));
#1968 = VECTOR('',#1969,1.);
#1969 = DIRECTION('',(-1.,0.,0.));
#1970 = ORIENTED_EDGE('',*,*,#1971,.T.);
#1971 = EDGE_CURVE('',#1964,#1972,#1974,.T.);
#1972 = VERTEX_POINT('',#1973);
#1973 = CARTESIAN_POINT('',(-11.,1.25,0.15));
#1974 = CIRCLE('',#1975,0.5);
#1975 = AXIS2_PLACEMENT_3D('',#1976,#1977,#1978);
#1976 = CARTESIAN_POINT('',(-10.5,1.25,0.15));
#1977 = DIRECTION('',(0.,-1.,0.));
#1978 = DIRECTION('',(0.,0.,1.));
#1979 = ORIENTED_EDGE('',*,*,#1980,.T.);
#1980 = EDGE_CURVE('',#1972,#1981,#1983,.T.);
#1981 = VERTEX_POINT('',#1982);
#1982 = CARTESIAN_POINT('',(-11.,1.25,-0.15));
#1983 = LINE('',#1984,#1985);
#1984 = CARTESIAN_POINT('',(-11.,1.25,-0.15));
#1985 = VECTOR('',#1986,1.);
#1986 = DIRECTION('',(0.,0.,-1.));
#1987 = ORIENTED_EDGE('',*,*,#1988,.T.);
#1988 = EDGE_CURVE('',#1981,#1989,#1991,.T.);
#1989 = VERTEX_POINT('',#1990);
#1990 = CARTESIAN_POINT('',(-10.5,1.25,-0.65));
#1991 = CIRCLE('',#1992,0.5);
#1992 = AXIS2_PLACEMENT_3D('',#1993,#1994,#1995);
#1993 = CARTESIAN_POINT('',(-10.5,1.25,-0.15));
#1994 = DIRECTION('',(0.,-1.,0.));
#1995 = DIRECTION('',(0.,0.,1.));
#1996 = ORIENTED_EDGE('',*,*,#1997,.T.);
#1997 = EDGE_CURVE('',#1989,#1998,#2000,.T.);
#1998 = VERTEX_POINT('',#1999);
#1999 = CARTESIAN_POINT('',(-9.5,1.25,-0.65));
#2000 = LINE('',#2001,#2002);
#2001 = CARTESIAN_POINT('',(-9.5,1.25,-0.65));
#2002 = VECTOR('',#2003,1.);
#2003 = DIRECTION('',(1.,0.,0.));
#2004 = ORIENTED_EDGE('',*,*,#2005,.T.);
#2005 = EDGE_CURVE('',#1998,#1945,#2006,.T.);
#2006 = CIRCLE('',#2007,0.5);
#2007 = AXIS2_PLACEMENT_3D('',#2008,#2009,#2010);
#2008 = CARTESIAN_POINT('',(-9.5,1.25,-0.15));
#2009 = DIRECTION('',(0.,-1.,0.));
#2010 = DIRECTION('',(0.,0.,1.));
#2011 = FACE_BOUND('',#2012,.T.);
#2012 = EDGE_LOOP('',(#2013,#2020));
#2013 = ORIENTED_EDGE('',*,*,#2014,.T.);
#2014 = EDGE_CURVE('',#270,#268,#2015,.T.);
#2015 = CIRCLE('',#2016,1.268014882867);
#2016 = AXIS2_PLACEMENT_3D('',#2017,#2018,#2019);
#2017 = CARTESIAN_POINT('',(-10.,1.25,6.123233995737E-16));
#2018 = DIRECTION('',(0.,1.,0.));
#2019 = DIRECTION('',(0.,-0.,1.));
#2020 = ORIENTED_EDGE('',*,*,#267,.T.);
#2021 = PLANE('',#2022);
#2022 = AXIS2_PLACEMENT_3D('',#2023,#2024,#2025);
#2023 = CARTESIAN_POINT('',(-10.,1.25,6.123233995737E-16));
#2024 = DIRECTION('',(0.,1.,0.));
#2025 = DIRECTION('',(0.,-0.,1.));
#2026 = ADVANCED_FACE('',(#2027),#2039,.T.);
#2027 = FACE_BOUND('',#2028,.T.);
#2028 = EDGE_LOOP('',(#2029,#2030,#2037,#2038));
#2029 = ORIENTED_EDGE('',*,*,#352,.F.);
#2030 = ORIENTED_EDGE('',*,*,#2031,.T.);
#2031 = EDGE_CURVE('',#321,#329,#2032,.T.);
#2032 = CIRCLE('',#2033,1.45);
#2033 = AXIS2_PLACEMENT_3D('',#2034,#2035,#2036);
#2034 = CARTESIAN_POINT('',(-5.,0.75,2.2));
#2035 = DIRECTION('',(0.,-1.,0.));
#2036 = DIRECTION('',(0.,0.,1.));
#2037 = ORIENTED_EDGE('',*,*,#369,.T.);
#2038 = ORIENTED_EDGE('',*,*,#1841,.T.);
#2039 = CYLINDRICAL_SURFACE('',#2040,1.45);
#2040 = AXIS2_PLACEMENT_3D('',#2041,#2042,#2043);
#2041 = CARTESIAN_POINT('',(-5.,1.25,2.2));
#2042 = DIRECTION('',(-0.,-1.,-0.));
#2043 = DIRECTION('',(0.,0.,-1.));
#2044 = ADVANCED_FACE('',(#2045,#2115),#2125,.T.);
#2045 = FACE_BOUND('',#2046,.T.);
#2046 = EDGE_LOOP('',(#2047,#2057,#2066,#2074,#2083,#2091,#2100,#2108));
#2047 = ORIENTED_EDGE('',*,*,#2048,.T.);
#2048 = EDGE_CURVE('',#2049,#2051,#2053,.T.);
#2049 = VERTEX_POINT('',#2050);
#2050 = CARTESIAN_POINT('',(-5.5,1.25,1.65));
#2051 = VERTEX_POINT('',#2052);
#2052 = CARTESIAN_POINT('',(-4.5,1.25,1.65));
#2053 = LINE('',#2054,#2055);
#2054 = CARTESIAN_POINT('',(-4.5,1.25,1.65));
#2055 = VECTOR('',#2056,1.);
#2056 = DIRECTION('',(1.,0.,0.));
#2057 = ORIENTED_EDGE('',*,*,#2058,.T.);
#2058 = EDGE_CURVE('',#2051,#2059,#2061,.T.);
#2059 = VERTEX_POINT('',#2060);
#2060 = CARTESIAN_POINT('',(-4.,1.25,2.15));
#2061 = CIRCLE('',#2062,0.5);
#2062 = AXIS2_PLACEMENT_3D('',#2063,#2064,#2065);
#2063 = CARTESIAN_POINT('',(-4.5,1.25,2.15));
#2064 = DIRECTION('',(0.,-1.,0.));
#2065 = DIRECTION('',(0.,0.,1.));
#2066 = ORIENTED_EDGE('',*,*,#2067,.T.);
#2067 = EDGE_CURVE('',#2059,#2068,#2070,.T.);
#2068 = VERTEX_POINT('',#2069);
#2069 = CARTESIAN_POINT('',(-4.,1.25,2.25));
#2070 = LINE('',#2071,#2072);
#2071 = CARTESIAN_POINT('',(-4.,1.25,2.25));
#2072 = VECTOR('',#2073,1.);
#2073 = DIRECTION('',(0.,0.,1.));
#2074 = ORIENTED_EDGE('',*,*,#2075,.T.);
#2075 = EDGE_CURVE('',#2068,#2076,#2078,.T.);
#2076 = VERTEX_POINT('',#2077);
#2077 = CARTESIAN_POINT('',(-4.5,1.25,2.75));
#2078 = CIRCLE('',#2079,0.5);
#2079 = AXIS2_PLACEMENT_3D('',#2080,#2081,#2082);
#2080 = CARTESIAN_POINT('',(-4.5,1.25,2.25));
#2081 = DIRECTION('',(0.,-1.,0.));
#2082 = DIRECTION('',(0.,0.,1.));
#2083 = ORIENTED_EDGE('',*,*,#2084,.T.);
#2084 = EDGE_CURVE('',#2076,#2085,#2087,.T.);
#2085 = VERTEX_POINT('',#2086);
#2086 = CARTESIAN_POINT('',(-5.5,1.25,2.75));
#2087 = LINE('',#2088,#2089);
#2088 = CARTESIAN_POINT('',(-5.5,1.25,2.75));
#2089 = VECTOR('',#2090,1.);
#2090 = DIRECTION('',(-1.,0.,0.));
#2091 = ORIENTED_EDGE('',*,*,#2092,.T.);
#2092 = EDGE_CURVE('',#2085,#2093,#2095,.T.);
#2093 = VERTEX_POINT('',#2094);
#2094 = CARTESIAN_POINT('',(-6.,1.25,2.25));
#2095 = CIRCLE('',#2096,0.5);
#2096 = AXIS2_PLACEMENT_3D('',#2097,#2098,#2099);
#2097 = CARTESIAN_POINT('',(-5.5,1.25,2.25));
#2098 = DIRECTION('',(0.,-1.,0.));
#2099 = DIRECTION('',(0.,0.,1.));
#2100 = ORIENTED_EDGE('',*,*,#2101,.T.);
#2101 = EDGE_CURVE('',#2093,#2102,#2104,.T.);
#2102 = VERTEX_POINT('',#2103);
#2103 = CARTESIAN_POINT('',(-6.,1.25,2.15));
#2104 = LINE('',#2105,#2106);
#2105 = CARTESIAN_POINT('',(-6.,1.25,2.15));
#2106 = VECTOR('',#2107,1.);
#2107 = DIRECTION('',(0.,0.,-1.));
#2108 = ORIENTED_EDGE('',*,*,#2109,.T.);
#2109 = EDGE_CURVE('',#2102,#2049,#2110,.T.);
#2110 = CIRCLE('',#2111,0.5);
#2111 = AXIS2_PLACEMENT_3D('',#2112,#2113,#2114);
#2112 = CARTESIAN_POINT('',(-5.5,1.25,2.15));
#2113 = DIRECTION('',(0.,-1.,0.));
#2114 = DIRECTION('',(0.,0.,1.));
#2115 = FACE_BOUND('',#2116,.T.);
#2116 = EDGE_LOOP('',(#2117,#2124));
#2117 = ORIENTED_EDGE('',*,*,#2118,.T.);
#2118 = EDGE_CURVE('',#312,#310,#2119,.T.);
#2119 = CIRCLE('',#2120,1.268014882867);
#2120 = AXIS2_PLACEMENT_3D('',#2121,#2122,#2123);
#2121 = CARTESIAN_POINT('',(-5.,1.25,2.2));
#2122 = DIRECTION('',(0.,1.,0.));
#2123 = DIRECTION('',(0.,-0.,1.));
#2124 = ORIENTED_EDGE('',*,*,#309,.T.);
#2125 = PLANE('',#2126);
#2126 = AXIS2_PLACEMENT_3D('',#2127,#2128,#2129);
#2127 = CARTESIAN_POINT('',(-5.,1.25,2.2));
#2128 = DIRECTION('',(0.,1.,0.));
#2129 = DIRECTION('',(0.,-0.,1.));
#2130 = ADVANCED_FACE('',(#2131),#2143,.T.);
#2131 = FACE_BOUND('',#2132,.T.);
#2132 = EDGE_LOOP('',(#2133,#2134,#2141,#2142));
#2133 = ORIENTED_EDGE('',*,*,#1554,.F.);
#2134 = ORIENTED_EDGE('',*,*,#2135,.T.);
#2135 = EDGE_CURVE('',#1547,#1508,#2136,.T.);
#2136 = CIRCLE('',#2137,0.3);
#2137 = AXIS2_PLACEMENT_3D('',#2138,#2139,#2140);
#2138 = CARTESIAN_POINT('',(-3.674264068712,-1.6,0.15));
#2139 = DIRECTION('',(0.,1.,0.));
#2140 = DIRECTION('',(0.,-0.,1.));
#2141 = ORIENTED_EDGE('',*,*,#1505,.F.);
#2142 = ORIENTED_EDGE('',*,*,#1862,.F.);
#2143 = CYLINDRICAL_SURFACE('',#2144,0.3);
#2144 = AXIS2_PLACEMENT_3D('',#2145,#2146,#2147);
#2145 = CARTESIAN_POINT('',(-3.674264068712,-1.8,0.15));
#2146 = DIRECTION('',(0.,1.,0.));
#2147 = DIRECTION('',(0.,-0.,1.));
#2148 = ADVANCED_FACE('',(#2149),#2161,.T.);
#2149 = FACE_BOUND('',#2150,.T.);
#2150 = EDGE_LOOP('',(#2151,#2152,#2159,#2160));
#2151 = ORIENTED_EDGE('',*,*,#1216,.F.);
#2152 = ORIENTED_EDGE('',*,*,#2153,.T.);
#2153 = EDGE_CURVE('',#1209,#1539,#2154,.T.);
#2154 = CIRCLE('',#2155,0.3);
#2155 = AXIS2_PLACEMENT_3D('',#2156,#2157,#2158);
#2156 = CARTESIAN_POINT('',(-3.,-1.6,0.824264068712));
#2157 = DIRECTION('',(0.,1.,0.));
#2158 = DIRECTION('',(0.,-0.,1.));
#2159 = ORIENTED_EDGE('',*,*,#1536,.F.);
#2160 = ORIENTED_EDGE('',*,*,#1911,.F.);
#2161 = CYLINDRICAL_SURFACE('',#2162,0.3);
#2162 = AXIS2_PLACEMENT_3D('',#2163,#2164,#2165);
#2163 = CARTESIAN_POINT('',(-3.,-1.8,0.824264068712));
#2164 = DIRECTION('',(0.,1.,0.));
#2165 = DIRECTION('',(0.,-0.,1.));
#2166 = ADVANCED_FACE('',(#2167),#2179,.T.);
#2167 = FACE_BOUND('',#2168,.T.);
#2168 = EDGE_LOOP('',(#2169,#2170,#2177,#2178));
#2169 = ORIENTED_EDGE('',*,*,#1594,.F.);
#2170 = ORIENTED_EDGE('',*,*,#2171,.T.);
#2171 = EDGE_CURVE('',#1587,#1233,#2172,.T.);
#2172 = CIRCLE('',#2173,0.3);
#2173 = AXIS2_PLACEMENT_3D('',#2174,#2175,#2176);
#2174 = CARTESIAN_POINT('',(-3.,-1.6,3.575735931288));
#2175 = DIRECTION('',(0.,1.,0.));
#2176 = DIRECTION('',(0.,-0.,1.));
#2177 = ORIENTED_EDGE('',*,*,#1232,.F.);
#2178 = ORIENTED_EDGE('',*,*,#1903,.F.);
#2179 = CYLINDRICAL_SURFACE('',#2180,0.3);
#2180 = AXIS2_PLACEMENT_3D('',#2181,#2182,#2183);
#2181 = CARTESIAN_POINT('',(-3.,-1.8,3.575735931288));
#2182 = DIRECTION('',(0.,-1.,0.));
#2183 = DIRECTION('',(0.,0.,-1.));
#2184 = ADVANCED_FACE('',(#2185),#2197,.T.);
#2185 = FACE_BOUND('',#2186,.T.);
#2186 = EDGE_LOOP('',(#2187,#2188,#2195,#2196));
#2187 = ORIENTED_EDGE('',*,*,#1634,.F.);
#2188 = ORIENTED_EDGE('',*,*,#2189,.T.);
#2189 = EDGE_CURVE('',#1627,#1579,#2190,.T.);
#2190 = CIRCLE('',#2191,0.3);
#2191 = AXIS2_PLACEMENT_3D('',#2192,#2193,#2194);
#2192 = CARTESIAN_POINT('',(-3.674264068712,-1.6,4.25));
#2193 = DIRECTION('',(0.,1.,0.));
#2194 = DIRECTION('',(0.,-0.,1.));
#2195 = ORIENTED_EDGE('',*,*,#1576,.F.);
#2196 = ORIENTED_EDGE('',*,*,#1895,.F.);
#2197 = CYLINDRICAL_SURFACE('',#2198,0.3);
#2198 = AXIS2_PLACEMENT_3D('',#2199,#2200,#2201);
#2199 = CARTESIAN_POINT('',(-3.674264068712,-1.8,4.25));
#2200 = DIRECTION('',(0.,1.,0.));
#2201 = DIRECTION('',(0.,-0.,1.));
#2202 = ADVANCED_FACE('',(#2203),#2215,.T.);
#2203 = FACE_BOUND('',#2204,.T.);
#2204 = EDGE_LOOP('',(#2205,#2206,#2213,#2214));
#2205 = ORIENTED_EDGE('',*,*,#1674,.F.);
#2206 = ORIENTED_EDGE('',*,*,#2207,.T.);
#2207 = EDGE_CURVE('',#1667,#1619,#2208,.T.);
#2208 = CIRCLE('',#2209,0.3);
#2209 = AXIS2_PLACEMENT_3D('',#2210,#2211,#2212);
#2210 = CARTESIAN_POINT('',(-6.425735931288,-1.6,4.25));
#2211 = DIRECTION('',(0.,1.,0.));
#2212 = DIRECTION('',(0.,-0.,1.));
#2213 = ORIENTED_EDGE('',*,*,#1616,.F.);
#2214 = ORIENTED_EDGE('',*,*,#1887,.F.);
#2215 = CYLINDRICAL_SURFACE('',#2216,0.3);
#2216 = AXIS2_PLACEMENT_3D('',#2217,#2218,#2219);
#2217 = CARTESIAN_POINT('',(-6.425735931288,-1.8,4.25));
#2218 = DIRECTION('',(0.,1.,0.));
#2219 = DIRECTION('',(0.,-0.,1.));
#2220 = ADVANCED_FACE('',(#2221),#2233,.T.);
#2221 = FACE_BOUND('',#2222,.T.);
#2222 = EDGE_LOOP('',(#2223,#2224,#2231,#2232));
#2223 = ORIENTED_EDGE('',*,*,#1714,.F.);
#2224 = ORIENTED_EDGE('',*,*,#2225,.T.);
#2225 = EDGE_CURVE('',#1707,#1659,#2226,.T.);
#2226 = CIRCLE('',#2227,0.3);
#2227 = AXIS2_PLACEMENT_3D('',#2228,#2229,#2230);
#2228 = CARTESIAN_POINT('',(-7.1,-1.6,3.575735931288));
#2229 = DIRECTION('',(0.,1.,0.));
#2230 = DIRECTION('',(0.,-0.,1.));
#2231 = ORIENTED_EDGE('',*,*,#1656,.F.);
#2232 = ORIENTED_EDGE('',*,*,#1879,.F.);
#2233 = CYLINDRICAL_SURFACE('',#2234,0.3);
#2234 = AXIS2_PLACEMENT_3D('',#2235,#2236,#2237);
#2235 = CARTESIAN_POINT('',(-7.1,-1.8,3.575735931288));
#2236 = DIRECTION('',(0.,1.,0.));
#2237 = DIRECTION('',(0.,-0.,1.));
#2238 = ADVANCED_FACE('',(#2239),#2245,.T.);
#2239 = FACE_BOUND('',#2240,.T.);
#2240 = EDGE_LOOP('',(#2241,#2242,#2243,#2244));
#2241 = ORIENTED_EDGE('',*,*,#320,.F.);
#2242 = ORIENTED_EDGE('',*,*,#2118,.F.);
#2243 = ORIENTED_EDGE('',*,*,#337,.T.);
#2244 = ORIENTED_EDGE('',*,*,#2031,.F.);
#2245 = CONICAL_SURFACE('',#2246,1.268014882867,0.349065850399);
#2246 = AXIS2_PLACEMENT_3D('',#2247,#2248,#2249);
#2247 = CARTESIAN_POINT('',(-5.,1.25,2.2));
#2248 = DIRECTION('',(0.,-1.,0.));
#2249 = DIRECTION('',(0.,0.,-1.));
#2250 = ADVANCED_FACE('',(#2251),#2257,.T.);
#2251 = FACE_BOUND('',#2252,.T.);
#2252 = EDGE_LOOP('',(#2253,#2254,#2255,#2256));
#2253 = ORIENTED_EDGE('',*,*,#278,.F.);
#2254 = ORIENTED_EDGE('',*,*,#2014,.F.);
#2255 = ORIENTED_EDGE('',*,*,#295,.T.);
#2256 = ORIENTED_EDGE('',*,*,#1927,.F.);
#2257 = CONICAL_SURFACE('',#2258,1.268014882867,0.349065850399);
#2258 = AXIS2_PLACEMENT_3D('',#2259,#2260,#2261);
#2259 = CARTESIAN_POINT('',(-10.,1.25,6.123233995737E-16));
#2260 = DIRECTION('',(0.,-1.,0.));
#2261 = DIRECTION('',(0.,0.,-1.));
#2262 = ADVANCED_FACE('',(#2263),#2273,.T.);
#2263 = FACE_BOUND('',#2264,.T.);
#2264 = EDGE_LOOP('',(#2265,#2266));
#2265 = ORIENTED_EDGE('',*,*,#155,.T.);
#2266 = ORIENTED_EDGE('',*,*,#2267,.T.);
#2267 = EDGE_CURVE('',#147,#156,#2268,.T.);
#2268 = CIRCLE('',#2269,0.25);
#2269 = AXIS2_PLACEMENT_3D('',#2270,#2271,#2272);
#2270 = CARTESIAN_POINT('',(-7.5,0.,1.35));
#2271 = DIRECTION('',(0.,1.,-0.));
#2272 = DIRECTION('',(0.,0.,1.));
#2273 = PLANE('',#2274);
#2274 = AXIS2_PLACEMENT_3D('',#2275,#2276,#2277);
#2275 = CARTESIAN_POINT('',(0.,0.,0.));
#2276 = DIRECTION('',(0.,1.,-0.));
#2277 = DIRECTION('',(0.,0.,1.));
#2278 = ADVANCED_FACE('',(#2279),#2289,.T.);
#2279 = FACE_BOUND('',#2280,.T.);
#2280 = EDGE_LOOP('',(#2281,#2282));
#2281 = ORIENTED_EDGE('',*,*,#243,.T.);
#2282 = ORIENTED_EDGE('',*,*,#2283,.T.);
#2283 = EDGE_CURVE('',#235,#244,#2284,.T.);
#2284 = CIRCLE('',#2285,0.25);
#2285 = AXIS2_PLACEMENT_3D('',#2286,#2287,#2288);
#2286 = CARTESIAN_POINT('',(-3.4,0.,0.55));
#2287 = DIRECTION('',(0.,1.,-0.));
#2288 = DIRECTION('',(0.,0.,1.));
#2289 = PLANE('',#2290);
#2290 = AXIS2_PLACEMENT_3D('',#2291,#2292,#2293);
#2291 = CARTESIAN_POINT('',(0.,0.,0.));
#2292 = DIRECTION('',(0.,1.,-0.));
#2293 = DIRECTION('',(0.,0.,1.));
#2294 = ADVANCED_FACE('',(#2295),#2305,.T.);
#2295 = FACE_BOUND('',#2296,.T.);
#2296 = EDGE_LOOP('',(#2297,#2298));
#2297 = ORIENTED_EDGE('',*,*,#199,.T.);
#2298 = ORIENTED_EDGE('',*,*,#2299,.T.);
#2299 = EDGE_CURVE('',#191,#200,#2300,.T.);
#2300 = CIRCLE('',#2301,0.25);
#2301 = AXIS2_PLACEMENT_3D('',#2302,#2303,#2304);
#2302 = CARTESIAN_POINT('',(-3.4,0.,3.85));
#2303 = DIRECTION('',(0.,1.,-0.));
#2304 = DIRECTION('',(0.,0.,1.));
#2305 = PLANE('',#2306);
#2306 = AXIS2_PLACEMENT_3D('',#2307,#2308,#2309);
#2307 = CARTESIAN_POINT('',(0.,0.,0.));
#2308 = DIRECTION('',(0.,1.,-0.));
#2309 = DIRECTION('',(0.,0.,1.));
#2310 = ADVANCED_FACE('',(#2311),#2321,.T.);
#2311 = FACE_BOUND('',#2312,.T.);
#2312 = EDGE_LOOP('',(#2313,#2314));
#2313 = ORIENTED_EDGE('',*,*,#111,.T.);
#2314 = ORIENTED_EDGE('',*,*,#2315,.T.);
#2315 = EDGE_CURVE('',#103,#112,#2316,.T.);
#2316 = CIRCLE('',#2317,0.25);
#2317 = AXIS2_PLACEMENT_3D('',#2318,#2319,#2320);
#2318 = CARTESIAN_POINT('',(-11.6,0.,-1.600000000007));
#2319 = DIRECTION('',(0.,1.,0.));
#2320 = DIRECTION('',(0.,-0.,1.));
#2321 = PLANE('',#2322);
#2322 = AXIS2_PLACEMENT_3D('',#2323,#2324,#2325);
#2323 = CARTESIAN_POINT('',(-11.6,0.,-1.600000000007));
#2324 = DIRECTION('',(0.,1.,0.));
#2325 = DIRECTION('',(0.,-0.,1.));
#2326 = ADVANCED_FACE('',(#2327),#2337,.T.);
#2327 = FACE_BOUND('',#2328,.T.);
#2328 = EDGE_LOOP('',(#2329,#2330));
#2329 = ORIENTED_EDGE('',*,*,#67,.T.);
#2330 = ORIENTED_EDGE('',*,*,#2331,.T.);
#2331 = EDGE_CURVE('',#59,#68,#2332,.T.);
#2332 = CIRCLE('',#2333,0.25);
#2333 = AXIS2_PLACEMENT_3D('',#2334,#2335,#2336);
#2334 = CARTESIAN_POINT('',(-11.59999999999,0.,1.600000000007));
#2335 = DIRECTION('',(0.,1.,0.));
#2336 = DIRECTION('',(0.,-0.,1.));
#2337 = PLANE('',#2338);
#2338 = AXIS2_PLACEMENT_3D('',#2339,#2340,#2341);
#2339 = CARTESIAN_POINT('',(-11.59999999999,0.,1.600000000007));
#2340 = DIRECTION('',(0.,1.,0.));
#2341 = DIRECTION('',(0.,-0.,1.));
#2342 = ADVANCED_FACE('',(#2343),#2349,.T.);
#2343 = FACE_BOUND('',#2344,.T.);
#2344 = EDGE_LOOP('',(#2345,#2346,#2347,#2348));
#2345 = ORIENTED_EDGE('',*,*,#234,.F.);
#2346 = ORIENTED_EDGE('',*,*,#1822,.T.);
#2347 = ORIENTED_EDGE('',*,*,#252,.T.);
#2348 = ORIENTED_EDGE('',*,*,#2283,.F.);
#2349 = TOROIDAL_SURFACE('',#2350,0.25,0.1);
#2350 = AXIS2_PLACEMENT_3D('',#2351,#2352,#2353);
#2351 = CARTESIAN_POINT('',(-3.4,-0.1,0.55));
#2352 = DIRECTION('',(0.,1.,-0.));
#2353 = DIRECTION('',(0.,0.,1.));
#2354 = ADVANCED_FACE('',(#2355),#2361,.T.);
#2355 = FACE_BOUND('',#2356,.T.);
#2356 = EDGE_LOOP('',(#2357,#2358,#2359,#2360));
#2357 = ORIENTED_EDGE('',*,*,#190,.F.);
#2358 = ORIENTED_EDGE('',*,*,#1812,.T.);
#2359 = ORIENTED_EDGE('',*,*,#208,.T.);
#2360 = ORIENTED_EDGE('',*,*,#2299,.F.);
#2361 = TOROIDAL_SURFACE('',#2362,0.25,0.1);
#2362 = AXIS2_PLACEMENT_3D('',#2363,#2364,#2365);
#2363 = CARTESIAN_POINT('',(-3.4,-0.1,3.85));
#2364 = DIRECTION('',(0.,1.,-0.));
#2365 = DIRECTION('',(0.,0.,1.));
#2366 = ADVANCED_FACE('',(#2367),#2373,.T.);
#2367 = FACE_BOUND('',#2368,.T.);
#2368 = EDGE_LOOP('',(#2369,#2370,#2371,#2372));
#2369 = ORIENTED_EDGE('',*,*,#146,.F.);
#2370 = ORIENTED_EDGE('',*,*,#1832,.T.);
#2371 = ORIENTED_EDGE('',*,*,#164,.T.);
#2372 = ORIENTED_EDGE('',*,*,#2267,.F.);
#2373 = TOROIDAL_SURFACE('',#2374,0.25,0.1);
#2374 = AXIS2_PLACEMENT_3D('',#2375,#2376,#2377);
#2375 = CARTESIAN_POINT('',(-7.5,-0.1,1.35));
#2376 = DIRECTION('',(0.,1.,-0.));
#2377 = DIRECTION('',(0.,0.,1.));
#2378 = ADVANCED_FACE('',(#2379),#2385,.T.);
#2379 = FACE_BOUND('',#2380,.T.);
#2380 = EDGE_LOOP('',(#2381,#2382,#2383,#2384));
#2381 = ORIENTED_EDGE('',*,*,#102,.F.);
#2382 = ORIENTED_EDGE('',*,*,#1802,.T.);
#2383 = ORIENTED_EDGE('',*,*,#120,.T.);
#2384 = ORIENTED_EDGE('',*,*,#2315,.F.);
#2385 = TOROIDAL_SURFACE('',#2386,0.25,0.1);
#2386 = AXIS2_PLACEMENT_3D('',#2387,#2388,#2389);
#2387 = CARTESIAN_POINT('',(-11.6,-0.1,-1.600000000007));
#2388 = DIRECTION('',(0.,1.,0.));
#2389 = DIRECTION('',(0.,-0.,1.));
#2390 = ADVANCED_FACE('',(#2391),#2397,.T.);
#2391 = FACE_BOUND('',#2392,.T.);
#2392 = EDGE_LOOP('',(#2393,#2394,#2395,#2396));
#2393 = ORIENTED_EDGE('',*,*,#58,.F.);
#2394 = ORIENTED_EDGE('',*,*,#1792,.T.);
#2395 = ORIENTED_EDGE('',*,*,#76,.T.);
#2396 = ORIENTED_EDGE('',*,*,#2331,.F.);
#2397 = TOROIDAL_SURFACE('',#2398,0.25,0.1);
#2398 = AXIS2_PLACEMENT_3D('',#2399,#2400,#2401);
#2399 = CARTESIAN_POINT('',(-11.59999999999,-0.1,1.600000000007));
#2400 = DIRECTION('',(0.,1.,0.));
#2401 = DIRECTION('',(0.,-0.,1.));
#2402 = ADVANCED_FACE('',(#2403),#2451,.F.);
#2403 = FACE_BOUND('',#2404,.T.);
#2404 = EDGE_LOOP('',(#2405,#2415,#2423,#2431,#2437,#2438,#2444,#2445));
#2405 = ORIENTED_EDGE('',*,*,#2406,.T.);
#2406 = EDGE_CURVE('',#2407,#2409,#2411,.T.);
#2407 = VERTEX_POINT('',#2408);
#2408 = CARTESIAN_POINT('',(-5.6,0.6,3.249999999998));
#2409 = VERTEX_POINT('',#2410);
#2410 = CARTESIAN_POINT('',(-5.6,-1.6,3.249999999998));
#2411 = LINE('',#2412,#2413);
#2412 = CARTESIAN_POINT('',(-5.6,0.6,3.249999999998));
#2413 = VECTOR('',#2414,1.);
#2414 = DIRECTION('',(-0.,-1.,-0.));
#2415 = ORIENTED_EDGE('',*,*,#2416,.T.);
#2416 = EDGE_CURVE('',#2409,#2417,#2419,.T.);
#2417 = VERTEX_POINT('',#2418);
#2418 = CARTESIAN_POINT('',(-5.6,-1.6,1.149999999998));
#2419 = LINE('',#2420,#2421);
#2420 = CARTESIAN_POINT('',(-5.6,-1.6,2.15));
#2421 = VECTOR('',#2422,1.);
#2422 = DIRECTION('',(0.,0.,-1.));
#2423 = ORIENTED_EDGE('',*,*,#2424,.F.);
#2424 = EDGE_CURVE('',#2425,#2417,#2427,.T.);
#2425 = VERTEX_POINT('',#2426);
#2426 = CARTESIAN_POINT('',(-5.6,0.6,1.149999999998));
#2427 = LINE('',#2428,#2429);
#2428 = CARTESIAN_POINT('',(-5.6,0.6,1.149999999998));
#2429 = VECTOR('',#2430,1.);
#2430 = DIRECTION('',(-0.,-1.,-0.));
#2431 = ORIENTED_EDGE('',*,*,#2432,.T.);
#2432 = EDGE_CURVE('',#2425,#731,#2433,.T.);
#2433 = LINE('',#2434,#2435);
#2434 = CARTESIAN_POINT('',(-5.6,0.6,0.));
#2435 = VECTOR('',#2436,1.);
#2436 = DIRECTION('',(0.,0.,1.));
#2437 = ORIENTED_EDGE('',*,*,#730,.T.);
#2438 = ORIENTED_EDGE('',*,*,#2439,.T.);
#2439 = EDGE_CURVE('',#733,#933,#2440,.T.);
#2440 = LINE('',#2441,#2442);
#2441 = CARTESIAN_POINT('',(-5.6,0.85,2.25));
#2442 = VECTOR('',#2443,1.);
#2443 = DIRECTION('',(0.,-0.,1.));
#2444 = ORIENTED_EDGE('',*,*,#941,.F.);
#2445 = ORIENTED_EDGE('',*,*,#2446,.T.);
#2446 = EDGE_CURVE('',#942,#2407,#2447,.T.);
#2447 = LINE('',#2448,#2449);
#2448 = CARTESIAN_POINT('',(-5.6,0.6,0.));
#2449 = VECTOR('',#2450,1.);
#2450 = DIRECTION('',(0.,0.,1.));
#2451 = PLANE('',#2452);
#2452 = AXIS2_PLACEMENT_3D('',#2453,#2454,#2455);
#2453 = CARTESIAN_POINT('',(-5.6,-1.8,2.15));
#2454 = DIRECTION('',(-1.,0.,0.));
#2455 = DIRECTION('',(0.,0.,1.));
#2456 = ADVANCED_FACE('',(#2457),#2505,.F.);
#2457 = FACE_BOUND('',#2458,.T.);
#2458 = EDGE_LOOP('',(#2459,#2469,#2477,#2485,#2491,#2492,#2498,#2499));
#2459 = ORIENTED_EDGE('',*,*,#2460,.T.);
#2460 = EDGE_CURVE('',#2461,#2463,#2465,.T.);
#2461 = VERTEX_POINT('',#2462);
#2462 = CARTESIAN_POINT('',(-9.4,0.6,-1.049999999996));
#2463 = VERTEX_POINT('',#2464);
#2464 = CARTESIAN_POINT('',(-9.4,-1.6,-1.049999999996));
#2465 = LINE('',#2466,#2467);
#2466 = CARTESIAN_POINT('',(-9.4,0.6,-1.049999999996));
#2467 = VECTOR('',#2468,1.);
#2468 = DIRECTION('',(-0.,-1.,-0.));
#2469 = ORIENTED_EDGE('',*,*,#2470,.T.);
#2470 = EDGE_CURVE('',#2463,#2471,#2473,.T.);
#2471 = VERTEX_POINT('',#2472);
#2472 = CARTESIAN_POINT('',(-9.4,-1.6,1.05));
#2473 = LINE('',#2474,#2475);
#2474 = CARTESIAN_POINT('',(-9.4,-1.6,-0.15));
#2475 = VECTOR('',#2476,1.);
#2476 = DIRECTION('',(0.,0.,1.));
#2477 = ORIENTED_EDGE('',*,*,#2478,.F.);
#2478 = EDGE_CURVE('',#2479,#2471,#2481,.T.);
#2479 = VERTEX_POINT('',#2480);
#2480 = CARTESIAN_POINT('',(-9.4,0.6,1.05));
#2481 = LINE('',#2482,#2483);
#2482 = CARTESIAN_POINT('',(-9.4,0.6,1.05));
#2483 = VECTOR('',#2484,1.);
#2484 = DIRECTION('',(-0.,-1.,-0.));
#2485 = ORIENTED_EDGE('',*,*,#2486,.F.);
#2486 = EDGE_CURVE('',#1135,#2479,#2487,.T.);
#2487 = LINE('',#2488,#2489);
#2488 = CARTESIAN_POINT('',(-9.4,0.6,0.));
#2489 = VECTOR('',#2490,1.);
#2490 = DIRECTION('',(0.,0.,1.));
#2491 = ORIENTED_EDGE('',*,*,#1134,.T.);
#2492 = ORIENTED_EDGE('',*,*,#2493,.T.);
#2493 = EDGE_CURVE('',#1137,#1103,#2494,.T.);
#2494 = LINE('',#2495,#2496);
#2495 = CARTESIAN_POINT('',(-9.4,0.85,-0.15));
#2496 = VECTOR('',#2497,1.);
#2497 = DIRECTION('',(0.,0.,-1.));
#2498 = ORIENTED_EDGE('',*,*,#1111,.F.);
#2499 = ORIENTED_EDGE('',*,*,#2500,.F.);
#2500 = EDGE_CURVE('',#2461,#1112,#2501,.T.);
#2501 = LINE('',#2502,#2503);
#2502 = CARTESIAN_POINT('',(-9.4,0.6,0.));
#2503 = VECTOR('',#2504,1.);
#2504 = DIRECTION('',(0.,0.,1.));
#2505 = PLANE('',#2506);
#2506 = AXIS2_PLACEMENT_3D('',#2507,#2508,#2509);
#2507 = CARTESIAN_POINT('',(-9.4,-1.8,-0.15));
#2508 = DIRECTION('',(1.,0.,-0.));
#2509 = DIRECTION('',(-0.,0.,-1.));
#2510 = ADVANCED_FACE('',(#2511),#2527,.F.);
#2511 = FACE_BOUND('',#2512,.F.);
#2512 = EDGE_LOOP('',(#2513,#2514,#2520,#2521));
#2513 = ORIENTED_EDGE('',*,*,#932,.T.);
#2514 = ORIENTED_EDGE('',*,*,#2515,.T.);
#2515 = EDGE_CURVE('',#909,#2085,#2516,.T.);
#2516 = LINE('',#2517,#2518);
#2517 = CARTESIAN_POINT('',(-5.5,0.85,2.35));
#2518 = VECTOR('',#2519,1.);
#2519 = DIRECTION('',(0.,0.707106781187,0.707106781187));
#2520 = ORIENTED_EDGE('',*,*,#2092,.T.);
#2521 = ORIENTED_EDGE('',*,*,#2522,.T.);
#2522 = EDGE_CURVE('',#2093,#933,#2523,.T.);
#2523 = LINE('',#2524,#2525);
#2524 = CARTESIAN_POINT('',(-6.,1.25,2.25));
#2525 = VECTOR('',#2526,1.);
#2526 = DIRECTION('',(0.707106781187,-0.707106781187,6.133173666734E-15)
  );
#2527 = CONICAL_SURFACE('',#2528,1.E-01,0.785398163397);
#2528 = AXIS2_PLACEMENT_3D('',#2529,#2530,#2531);
#2529 = CARTESIAN_POINT('',(-5.5,0.85,2.25));
#2530 = DIRECTION('',(0.,1.,0.));
#2531 = DIRECTION('',(0.,-0.,1.));
#2532 = ADVANCED_FACE('',(#2533),#2544,.T.);
#2533 = FACE_BOUND('',#2534,.T.);
#2534 = EDGE_LOOP('',(#2535,#2536,#2537,#2543));
#2535 = ORIENTED_EDGE('',*,*,#2515,.T.);
#2536 = ORIENTED_EDGE('',*,*,#2084,.F.);
#2537 = ORIENTED_EDGE('',*,*,#2538,.F.);
#2538 = EDGE_CURVE('',#869,#2076,#2539,.T.);
#2539 = LINE('',#2540,#2541);
#2540 = CARTESIAN_POINT('',(-4.5,0.85,2.35));
#2541 = VECTOR('',#2542,1.);
#2542 = DIRECTION('',(0.,0.707106781187,0.707106781187));
#2543 = ORIENTED_EDGE('',*,*,#916,.F.);
#2544 = PLANE('',#2545);
#2545 = AXIS2_PLACEMENT_3D('',#2546,#2547,#2548);
#2546 = CARTESIAN_POINT('',(-4.5,0.85,2.35));
#2547 = DIRECTION('',(0.,0.707106781187,-0.707106781187));
#2548 = DIRECTION('',(-1.,0.,0.));
#2549 = ADVANCED_FACE('',(#2550),#2561,.T.);
#2550 = FACE_BOUND('',#2551,.T.);
#2551 = EDGE_LOOP('',(#2552,#2553,#2554,#2560));
#2552 = ORIENTED_EDGE('',*,*,#2522,.T.);
#2553 = ORIENTED_EDGE('',*,*,#2439,.F.);
#2554 = ORIENTED_EDGE('',*,*,#2555,.F.);
#2555 = EDGE_CURVE('',#2102,#733,#2556,.T.);
#2556 = LINE('',#2557,#2558);
#2557 = CARTESIAN_POINT('',(-6.,1.25,2.15));
#2558 = VECTOR('',#2559,1.);
#2559 = DIRECTION('',(0.707106781187,-0.707106781187,0.));
#2560 = ORIENTED_EDGE('',*,*,#2101,.F.);
#2561 = PLANE('',#2562);
#2562 = AXIS2_PLACEMENT_3D('',#2563,#2564,#2565);
#2563 = CARTESIAN_POINT('',(-5.6,0.85,2.15));
#2564 = DIRECTION('',(0.707106781187,0.707106781187,0.));
#2565 = DIRECTION('',(0.,0.,-1.));
#2566 = ADVANCED_FACE('',(#2567),#2578,.F.);
#2567 = FACE_BOUND('',#2568,.F.);
#2568 = EDGE_LOOP('',(#2569,#2570,#2576,#2577));
#2569 = ORIENTED_EDGE('',*,*,#868,.T.);
#2570 = ORIENTED_EDGE('',*,*,#2571,.T.);
#2571 = EDGE_CURVE('',#845,#2068,#2572,.T.);
#2572 = LINE('',#2573,#2574);
#2573 = CARTESIAN_POINT('',(-4.4,0.85,2.25));
#2574 = VECTOR('',#2575,1.);
#2575 = DIRECTION('',(0.707106781187,0.707106781187,0.));
#2576 = ORIENTED_EDGE('',*,*,#2075,.T.);
#2577 = ORIENTED_EDGE('',*,*,#2538,.F.);
#2578 = CONICAL_SURFACE('',#2579,1.E-01,0.785398163397);
#2579 = AXIS2_PLACEMENT_3D('',#2580,#2581,#2582);
#2580 = CARTESIAN_POINT('',(-4.5,0.85,2.25));
#2581 = DIRECTION('',(0.,1.,0.));
#2582 = DIRECTION('',(0.,-0.,1.));
#2583 = ADVANCED_FACE('',(#2584),#2595,.F.);
#2584 = FACE_BOUND('',#2585,.F.);
#2585 = EDGE_LOOP('',(#2586,#2587,#2593,#2594));
#2586 = ORIENTED_EDGE('',*,*,#2109,.T.);
#2587 = ORIENTED_EDGE('',*,*,#2588,.T.);
#2588 = EDGE_CURVE('',#2049,#741,#2589,.T.);
#2589 = LINE('',#2590,#2591);
#2590 = CARTESIAN_POINT('',(-5.5,1.25,1.65));
#2591 = VECTOR('',#2592,1.);
#2592 = DIRECTION('',(-6.133173666734E-15,-0.707106781187,0.707106781187
    ));
#2593 = ORIENTED_EDGE('',*,*,#740,.T.);
#2594 = ORIENTED_EDGE('',*,*,#2555,.F.);
#2595 = CONICAL_SURFACE('',#2596,1.E-01,0.785398163397);
#2596 = AXIS2_PLACEMENT_3D('',#2597,#2598,#2599);
#2597 = CARTESIAN_POINT('',(-5.5,0.85,2.15));
#2598 = DIRECTION('',(0.,1.,0.));
#2599 = DIRECTION('',(0.,-0.,1.));
#2600 = ADVANCED_FACE('',(#2601),#2612,.T.);
#2601 = FACE_BOUND('',#2602,.T.);
#2602 = EDGE_LOOP('',(#2603,#2604,#2605,#2611));
#2603 = ORIENTED_EDGE('',*,*,#2571,.T.);
#2604 = ORIENTED_EDGE('',*,*,#2067,.F.);
#2605 = ORIENTED_EDGE('',*,*,#2606,.F.);
#2606 = EDGE_CURVE('',#805,#2059,#2607,.T.);
#2607 = LINE('',#2608,#2609);
#2608 = CARTESIAN_POINT('',(-4.4,0.85,2.15));
#2609 = VECTOR('',#2610,1.);
#2610 = DIRECTION('',(0.707106781187,0.707106781187,-3.066586833367E-15)
  );
#2611 = ORIENTED_EDGE('',*,*,#852,.F.);
#2612 = PLANE('',#2613);
#2613 = AXIS2_PLACEMENT_3D('',#2614,#2615,#2616);
#2614 = CARTESIAN_POINT('',(-4.4,0.85,2.15));
#2615 = DIRECTION('',(-0.707106781187,0.707106781187,0.));
#2616 = DIRECTION('',(0.,0.,1.));
#2617 = ADVANCED_FACE('',(#2618),#2629,.T.);
#2618 = FACE_BOUND('',#2619,.T.);
#2619 = EDGE_LOOP('',(#2620,#2621,#2622,#2628));
#2620 = ORIENTED_EDGE('',*,*,#2588,.T.);
#2621 = ORIENTED_EDGE('',*,*,#788,.F.);
#2622 = ORIENTED_EDGE('',*,*,#2623,.F.);
#2623 = EDGE_CURVE('',#2051,#781,#2624,.T.);
#2624 = LINE('',#2625,#2626);
#2625 = CARTESIAN_POINT('',(-4.5,1.25,1.65));
#2626 = VECTOR('',#2627,1.);
#2627 = DIRECTION('',(0.,-0.707106781187,0.707106781187));
#2628 = ORIENTED_EDGE('',*,*,#2048,.F.);
#2629 = PLANE('',#2630);
#2630 = AXIS2_PLACEMENT_3D('',#2631,#2632,#2633);
#2631 = CARTESIAN_POINT('',(-5.5,0.85,2.05));
#2632 = DIRECTION('',(0.,0.707106781187,0.707106781187));
#2633 = DIRECTION('',(1.,-0.,0.));
#2634 = ADVANCED_FACE('',(#2635),#2641,.F.);
#2635 = FACE_BOUND('',#2636,.F.);
#2636 = EDGE_LOOP('',(#2637,#2638,#2639,#2640));
#2637 = ORIENTED_EDGE('',*,*,#804,.T.);
#2638 = ORIENTED_EDGE('',*,*,#2623,.F.);
#2639 = ORIENTED_EDGE('',*,*,#2058,.T.);
#2640 = ORIENTED_EDGE('',*,*,#2606,.F.);
#2641 = CONICAL_SURFACE('',#2642,1.E-01,0.785398163397);
#2642 = AXIS2_PLACEMENT_3D('',#2643,#2644,#2645);
#2643 = CARTESIAN_POINT('',(-4.5,0.85,2.15));
#2644 = DIRECTION('',(0.,1.,0.));
#2645 = DIRECTION('',(0.,-0.,1.));
#2646 = ADVANCED_FACE('',(#2647),#2663,.F.);
#2647 = FACE_BOUND('',#2648,.F.);
#2648 = EDGE_LOOP('',(#2649,#2650,#2656,#2657));
#2649 = ORIENTED_EDGE('',*,*,#1038,.T.);
#2650 = ORIENTED_EDGE('',*,*,#2651,.T.);
#2651 = EDGE_CURVE('',#1015,#1981,#2652,.T.);
#2652 = LINE('',#2653,#2654);
#2653 = CARTESIAN_POINT('',(-10.6,0.85,-0.15));
#2654 = VECTOR('',#2655,1.);
#2655 = DIRECTION('',(-0.707106781187,0.707106781187,0.));
#2656 = ORIENTED_EDGE('',*,*,#1988,.T.);
#2657 = ORIENTED_EDGE('',*,*,#2658,.T.);
#2658 = EDGE_CURVE('',#1989,#1039,#2659,.T.);
#2659 = LINE('',#2660,#2661);
#2660 = CARTESIAN_POINT('',(-10.5,1.25,-0.65));
#2661 = VECTOR('',#2662,1.);
#2662 = DIRECTION('',(-1.226634733347E-14,-0.707106781187,0.707106781187
    ));
#2663 = CONICAL_SURFACE('',#2664,1.E-01,0.785398163397);
#2664 = AXIS2_PLACEMENT_3D('',#2665,#2666,#2667);
#2665 = CARTESIAN_POINT('',(-10.5,0.85,-0.15));
#2666 = DIRECTION('',(0.,1.,0.));
#2667 = DIRECTION('',(0.,-0.,1.));
#2668 = ADVANCED_FACE('',(#2669),#2680,.T.);
#2669 = FACE_BOUND('',#2670,.T.);
#2670 = EDGE_LOOP('',(#2671,#2672,#2673,#2679));
#2671 = ORIENTED_EDGE('',*,*,#2651,.T.);
#2672 = ORIENTED_EDGE('',*,*,#1980,.F.);
#2673 = ORIENTED_EDGE('',*,*,#2674,.F.);
#2674 = EDGE_CURVE('',#975,#1972,#2675,.T.);
#2675 = LINE('',#2676,#2677);
#2676 = CARTESIAN_POINT('',(-10.6,0.85,0.15));
#2677 = VECTOR('',#2678,1.);
#2678 = DIRECTION('',(-0.707106781187,0.707106781187,-4.983203604221E-15
    ));
#2679 = ORIENTED_EDGE('',*,*,#1022,.F.);
#2680 = PLANE('',#2681);
#2681 = AXIS2_PLACEMENT_3D('',#2682,#2683,#2684);
#2682 = CARTESIAN_POINT('',(-10.6,0.85,0.15));
#2683 = DIRECTION('',(0.707106781187,0.707106781187,0.));
#2684 = DIRECTION('',(0.,0.,-1.));
#2685 = ADVANCED_FACE('',(#2686),#2697,.T.);
#2686 = FACE_BOUND('',#2687,.T.);
#2687 = EDGE_LOOP('',(#2688,#2689,#2690,#2696));
#2688 = ORIENTED_EDGE('',*,*,#2658,.T.);
#2689 = ORIENTED_EDGE('',*,*,#1086,.F.);
#2690 = ORIENTED_EDGE('',*,*,#2691,.F.);
#2691 = EDGE_CURVE('',#1998,#1079,#2692,.T.);
#2692 = LINE('',#2693,#2694);
#2693 = CARTESIAN_POINT('',(-9.5,1.25,-0.65));
#2694 = VECTOR('',#2695,1.);
#2695 = DIRECTION('',(1.226634733347E-14,-0.707106781187,0.707106781187)
  );
#2696 = ORIENTED_EDGE('',*,*,#1997,.F.);
#2697 = PLANE('',#2698);
#2698 = AXIS2_PLACEMENT_3D('',#2699,#2700,#2701);
#2699 = CARTESIAN_POINT('',(-10.5,0.85,-0.25));
#2700 = DIRECTION('',(0.,0.707106781187,0.707106781187));
#2701 = DIRECTION('',(1.,-0.,0.));
#2702 = ADVANCED_FACE('',(#2703),#2714,.F.);
#2703 = FACE_BOUND('',#2704,.F.);
#2704 = EDGE_LOOP('',(#2705,#2706,#2712,#2713));
#2705 = ORIENTED_EDGE('',*,*,#974,.T.);
#2706 = ORIENTED_EDGE('',*,*,#2707,.T.);
#2707 = EDGE_CURVE('',#967,#1964,#2708,.T.);
#2708 = LINE('',#2709,#2710);
#2709 = CARTESIAN_POINT('',(-10.5,0.85,0.25));
#2710 = VECTOR('',#2711,1.);
#2711 = DIRECTION('',(0.,0.707106781187,0.707106781187));
#2712 = ORIENTED_EDGE('',*,*,#1971,.T.);
#2713 = ORIENTED_EDGE('',*,*,#2674,.F.);
#2714 = CONICAL_SURFACE('',#2715,1.E-01,0.785398163397);
#2715 = AXIS2_PLACEMENT_3D('',#2716,#2717,#2718);
#2716 = CARTESIAN_POINT('',(-10.5,0.85,0.15));
#2717 = DIRECTION('',(0.,1.,0.));
#2718 = DIRECTION('',(0.,-0.,1.));
#2719 = ADVANCED_FACE('',(#2720),#2731,.F.);
#2720 = FACE_BOUND('',#2721,.F.);
#2721 = EDGE_LOOP('',(#2722,#2723,#2729,#2730));
#2722 = ORIENTED_EDGE('',*,*,#2005,.T.);
#2723 = ORIENTED_EDGE('',*,*,#2724,.T.);
#2724 = EDGE_CURVE('',#1945,#1103,#2725,.T.);
#2725 = LINE('',#2726,#2727);
#2726 = CARTESIAN_POINT('',(-9.,1.25,-0.15));
#2727 = VECTOR('',#2728,1.);
#2728 = DIRECTION('',(-0.707106781187,-0.707106781187,0.));
#2729 = ORIENTED_EDGE('',*,*,#1102,.T.);
#2730 = ORIENTED_EDGE('',*,*,#2691,.F.);
#2731 = CONICAL_SURFACE('',#2732,1.E-01,0.785398163397);
#2732 = AXIS2_PLACEMENT_3D('',#2733,#2734,#2735);
#2733 = CARTESIAN_POINT('',(-9.5,0.85,-0.15));
#2734 = DIRECTION('',(0.,1.,0.));
#2735 = DIRECTION('',(0.,-0.,1.));
#2736 = ADVANCED_FACE('',(#2737),#2748,.T.);
#2737 = FACE_BOUND('',#2738,.T.);
#2738 = EDGE_LOOP('',(#2739,#2740,#2741,#2747));
#2739 = ORIENTED_EDGE('',*,*,#2707,.T.);
#2740 = ORIENTED_EDGE('',*,*,#1963,.F.);
#2741 = ORIENTED_EDGE('',*,*,#2742,.F.);
#2742 = EDGE_CURVE('',#1145,#1955,#2743,.T.);
#2743 = LINE('',#2744,#2745);
#2744 = CARTESIAN_POINT('',(-9.5,0.85,0.25));
#2745 = VECTOR('',#2746,1.);
#2746 = DIRECTION('',(-1.226634733347E-14,0.707106781187,0.707106781187)
  );
#2747 = ORIENTED_EDGE('',*,*,#1183,.F.);
#2748 = PLANE('',#2749);
#2749 = AXIS2_PLACEMENT_3D('',#2750,#2751,#2752);
#2750 = CARTESIAN_POINT('',(-9.5,0.85,0.25));
#2751 = DIRECTION('',(0.,0.707106781187,-0.707106781187));
#2752 = DIRECTION('',(-1.,0.,0.));
#2753 = ADVANCED_FACE('',(#2754),#2765,.T.);
#2754 = FACE_BOUND('',#2755,.T.);
#2755 = EDGE_LOOP('',(#2756,#2757,#2758,#2764));
#2756 = ORIENTED_EDGE('',*,*,#2724,.T.);
#2757 = ORIENTED_EDGE('',*,*,#2493,.F.);
#2758 = ORIENTED_EDGE('',*,*,#2759,.F.);
#2759 = EDGE_CURVE('',#1947,#1137,#2760,.T.);
#2760 = LINE('',#2761,#2762);
#2761 = CARTESIAN_POINT('',(-9.,1.25,0.15));
#2762 = VECTOR('',#2763,1.);
#2763 = DIRECTION('',(-0.707106781187,-0.707106781187,4.983203604221E-15
    ));
#2764 = ORIENTED_EDGE('',*,*,#1944,.F.);
#2765 = PLANE('',#2766);
#2766 = AXIS2_PLACEMENT_3D('',#2767,#2768,#2769);
#2767 = CARTESIAN_POINT('',(-9.4,0.85,-0.15));
#2768 = DIRECTION('',(-0.707106781187,0.707106781187,0.));
#2769 = DIRECTION('',(0.,0.,1.));
#2770 = ADVANCED_FACE('',(#2771),#2777,.F.);
#2771 = FACE_BOUND('',#2772,.F.);
#2772 = EDGE_LOOP('',(#2773,#2774,#2775,#2776));
#2773 = ORIENTED_EDGE('',*,*,#1144,.T.);
#2774 = ORIENTED_EDGE('',*,*,#2759,.F.);
#2775 = ORIENTED_EDGE('',*,*,#1954,.T.);
#2776 = ORIENTED_EDGE('',*,*,#2742,.F.);
#2777 = CONICAL_SURFACE('',#2778,1.E-01,0.785398163397);
#2778 = AXIS2_PLACEMENT_3D('',#2779,#2780,#2781);
#2779 = CARTESIAN_POINT('',(-9.5,0.85,0.15));
#2780 = DIRECTION('',(0.,1.,0.));
#2781 = DIRECTION('',(0.,-0.,1.));
#2782 = ADVANCED_FACE('',(#2783),#2808,.F.);
#2783 = FACE_BOUND('',#2784,.T.);
#2784 = EDGE_LOOP('',(#2785,#2786,#2794,#2802));
#2785 = ORIENTED_EDGE('',*,*,#1330,.T.);
#2786 = ORIENTED_EDGE('',*,*,#2787,.T.);
#2787 = EDGE_CURVE('',#1323,#2788,#2790,.T.);
#2788 = VERTEX_POINT('',#2789);
#2789 = CARTESIAN_POINT('',(-10.8,-1.6,-0.85));
#2790 = LINE('',#2791,#2792);
#2791 = CARTESIAN_POINT('',(0.,-1.6,-0.85));
#2792 = VECTOR('',#2793,1.);
#2793 = DIRECTION('',(1.,0.,0.));
#2794 = ORIENTED_EDGE('',*,*,#2795,.F.);
#2795 = EDGE_CURVE('',#2796,#2788,#2798,.T.);
#2796 = VERTEX_POINT('',#2797);
#2797 = CARTESIAN_POINT('',(-10.8,-0.6,-0.85));
#2798 = LINE('',#2799,#2800);
#2799 = CARTESIAN_POINT('',(-10.8,-0.6,-0.85));
#2800 = VECTOR('',#2801,1.);
#2801 = DIRECTION('',(-0.,-1.,-0.));
#2802 = ORIENTED_EDGE('',*,*,#2803,.F.);
#2803 = EDGE_CURVE('',#1331,#2796,#2804,.T.);
#2804 = LINE('',#2805,#2806);
#2805 = CARTESIAN_POINT('',(0.,-0.6,-0.85));
#2806 = VECTOR('',#2807,1.);
#2807 = DIRECTION('',(1.,0.,0.));
#2808 = PLANE('',#2809);
#2809 = AXIS2_PLACEMENT_3D('',#2810,#2811,#2812);
#2810 = CARTESIAN_POINT('',(0.,-0.6,-0.85));
#2811 = DIRECTION('',(0.,0.,-1.));
#2812 = DIRECTION('',(-1.,0.,-0.));
#2813 = ADVANCED_FACE('',(#2814),#2839,.F.);
#2814 = FACE_BOUND('',#2815,.T.);
#2815 = EDGE_LOOP('',(#2816,#2826,#2832,#2833));
#2816 = ORIENTED_EDGE('',*,*,#2817,.T.);
#2817 = EDGE_CURVE('',#2818,#2820,#2822,.T.);
#2818 = VERTEX_POINT('',#2819);
#2819 = CARTESIAN_POINT('',(-10.8,-0.6,0.85));
#2820 = VERTEX_POINT('',#2821);
#2821 = CARTESIAN_POINT('',(-10.8,-1.6,0.85));
#2822 = LINE('',#2823,#2824);
#2823 = CARTESIAN_POINT('',(-10.8,-0.6,0.85));
#2824 = VECTOR('',#2825,1.);
#2825 = DIRECTION('',(-0.,-1.,-0.));
#2826 = ORIENTED_EDGE('',*,*,#2827,.T.);
#2827 = EDGE_CURVE('',#2820,#1347,#2828,.T.);
#2828 = LINE('',#2829,#2830);
#2829 = CARTESIAN_POINT('',(-6.143812310697E-17,-1.6,0.85));
#2830 = VECTOR('',#2831,1.);
#2831 = DIRECTION('',(-1.,0.,-7.228014483173E-17));
#2832 = ORIENTED_EDGE('',*,*,#1346,.F.);
#2833 = ORIENTED_EDGE('',*,*,#2834,.F.);
#2834 = EDGE_CURVE('',#2818,#1339,#2835,.T.);
#2835 = LINE('',#2836,#2837);
#2836 = CARTESIAN_POINT('',(-6.143812310697E-17,-0.6,0.85));
#2837 = VECTOR('',#2838,1.);
#2838 = DIRECTION('',(-1.,0.,-7.228014483173E-17));
#2839 = PLANE('',#2840);
#2840 = AXIS2_PLACEMENT_3D('',#2841,#2842,#2843);
#2841 = CARTESIAN_POINT('',(-6.143812310697E-17,-0.6,0.85));
#2842 = DIRECTION('',(-7.228014483173E-17,0.,1.));
#2843 = DIRECTION('',(1.,0.,7.228014483173E-17));
#2844 = ADVANCED_FACE('',(#2845),#2856,.T.);
#2845 = FACE_BOUND('',#2846,.T.);
#2846 = EDGE_LOOP('',(#2847,#2848,#2854,#2855));
#2847 = ORIENTED_EDGE('',*,*,#2803,.T.);
#2848 = ORIENTED_EDGE('',*,*,#2849,.T.);
#2849 = EDGE_CURVE('',#2796,#2818,#2850,.T.);
#2850 = LINE('',#2851,#2852);
#2851 = CARTESIAN_POINT('',(-10.8,-0.6,0.));
#2852 = VECTOR('',#2853,1.);
#2853 = DIRECTION('',(0.,0.,1.));
#2854 = ORIENTED_EDGE('',*,*,#2834,.T.);
#2855 = ORIENTED_EDGE('',*,*,#1338,.T.);
#2856 = PLANE('',#2857);
#2857 = AXIS2_PLACEMENT_3D('',#2858,#2859,#2860);
#2858 = CARTESIAN_POINT('',(0.,-0.6,0.));
#2859 = DIRECTION('',(0.,-1.,0.));
#2860 = DIRECTION('',(0.,-0.,-1.));
#2861 = ADVANCED_FACE('',(#2862),#2887,.T.);
#2862 = FACE_BOUND('',#2863,.T.);
#2863 = EDGE_LOOP('',(#2864,#2865,#2873,#2881));
#2864 = ORIENTED_EDGE('',*,*,#1248,.T.);
#2865 = ORIENTED_EDGE('',*,*,#2866,.T.);
#2866 = EDGE_CURVE('',#1241,#2867,#2869,.T.);
#2867 = VERTEX_POINT('',#2868);
#2868 = CARTESIAN_POINT('',(-4.2,-1.6,3.049999999998));
#2869 = LINE('',#2870,#2871);
#2870 = CARTESIAN_POINT('',(-4.2,-1.6,3.049999999998));
#2871 = VECTOR('',#2872,1.);
#2872 = DIRECTION('',(-1.,0.,-1.485790657181E-12));
#2873 = ORIENTED_EDGE('',*,*,#2874,.F.);
#2874 = EDGE_CURVE('',#2875,#2867,#2877,.T.);
#2875 = VERTEX_POINT('',#2876);
#2876 = CARTESIAN_POINT('',(-4.2,-0.6,3.05));
#2877 = LINE('',#2878,#2879);
#2878 = CARTESIAN_POINT('',(-4.2,-0.6,3.049999999998));
#2879 = VECTOR('',#2880,1.);
#2880 = DIRECTION('',(-0.,-1.,-0.));
#2881 = ORIENTED_EDGE('',*,*,#2882,.T.);
#2882 = EDGE_CURVE('',#2875,#1249,#2883,.T.);
#2883 = LINE('',#2884,#2885);
#2884 = CARTESIAN_POINT('',(-4.531661504409E-12,-0.6,3.050000000004));
#2885 = VECTOR('',#2886,1.);
#2886 = DIRECTION('',(1.,0.,1.485790657181E-12));
#2887 = PLANE('',#2888);
#2888 = AXIS2_PLACEMENT_3D('',#2889,#2890,#2891);
#2889 = CARTESIAN_POINT('',(-4.531661504409E-12,-0.6,3.050000000004));
#2890 = DIRECTION('',(1.485790657181E-12,0.,-1.));
#2891 = DIRECTION('',(-1.,0.,-1.485790657181E-12));
#2892 = ADVANCED_FACE('',(#2893),#2918,.T.);
#2893 = FACE_BOUND('',#2894,.T.);
#2894 = EDGE_LOOP('',(#2895,#2905,#2911,#2912));
#2895 = ORIENTED_EDGE('',*,*,#2896,.T.);
#2896 = EDGE_CURVE('',#2897,#2899,#2901,.T.);
#2897 = VERTEX_POINT('',#2898);
#2898 = CARTESIAN_POINT('',(-4.2,-0.6,1.35));
#2899 = VERTEX_POINT('',#2900);
#2900 = CARTESIAN_POINT('',(-4.2,-1.6,1.35));
#2901 = LINE('',#2902,#2903);
#2902 = CARTESIAN_POINT('',(-4.2,-0.6,1.35));
#2903 = VECTOR('',#2904,1.);
#2904 = DIRECTION('',(-0.,-1.,-0.));
#2905 = ORIENTED_EDGE('',*,*,#2906,.T.);
#2906 = EDGE_CURVE('',#2899,#1201,#2907,.T.);
#2907 = LINE('',#2908,#2909);
#2908 = CARTESIAN_POINT('',(-2.7,-1.6,1.35));
#2909 = VECTOR('',#2910,1.);
#2910 = DIRECTION('',(1.,0.,1.445602896645E-16));
#2911 = ORIENTED_EDGE('',*,*,#1198,.F.);
#2912 = ORIENTED_EDGE('',*,*,#2913,.T.);
#2913 = EDGE_CURVE('',#1199,#2897,#2914,.T.);
#2914 = LINE('',#2915,#2916);
#2915 = CARTESIAN_POINT('',(-1.95156391047E-16,-0.6,1.35));
#2916 = VECTOR('',#2917,1.);
#2917 = DIRECTION('',(-1.,0.,-1.445602896645E-16));
#2918 = PLANE('',#2919);
#2919 = AXIS2_PLACEMENT_3D('',#2920,#2921,#2922);
#2920 = CARTESIAN_POINT('',(-1.95156391047E-16,-0.6,1.35));
#2921 = DIRECTION('',(-1.445602896645E-16,0.,1.));
#2922 = DIRECTION('',(1.,0.,1.445602896645E-16));
#2923 = ADVANCED_FACE('',(#2924),#2935,.T.);
#2924 = FACE_BOUND('',#2925,.T.);
#2925 = EDGE_LOOP('',(#2926,#2932,#2933,#2934));
#2926 = ORIENTED_EDGE('',*,*,#2927,.F.);
#2927 = EDGE_CURVE('',#2897,#2875,#2928,.T.);
#2928 = LINE('',#2929,#2930);
#2929 = CARTESIAN_POINT('',(-4.2,-0.6,0.));
#2930 = VECTOR('',#2931,1.);
#2931 = DIRECTION('',(0.,0.,1.));
#2932 = ORIENTED_EDGE('',*,*,#2913,.F.);
#2933 = ORIENTED_EDGE('',*,*,#1256,.T.);
#2934 = ORIENTED_EDGE('',*,*,#2882,.F.);
#2935 = PLANE('',#2936);
#2936 = AXIS2_PLACEMENT_3D('',#2937,#2938,#2939);
#2937 = CARTESIAN_POINT('',(0.,-0.6,0.));
#2938 = DIRECTION('',(0.,-1.,0.));
#2939 = DIRECTION('',(0.,-0.,-1.));
#2940 = ADVANCED_FACE('',(#2941),#2966,.T.);
#2941 = FACE_BOUND('',#2942,.T.);
#2942 = EDGE_LOOP('',(#2943,#2944,#2952,#2960));
#2943 = ORIENTED_EDGE('',*,*,#2424,.T.);
#2944 = ORIENTED_EDGE('',*,*,#2945,.T.);
#2945 = EDGE_CURVE('',#2417,#2946,#2948,.T.);
#2946 = VERTEX_POINT('',#2947);
#2947 = CARTESIAN_POINT('',(-4.2,-1.6,1.15));
#2948 = LINE('',#2949,#2950);
#2949 = CARTESIAN_POINT('',(-4.2,-1.6,1.15));
#2950 = VECTOR('',#2951,1.);
#2951 = DIRECTION('',(1.,0.,1.591763675233E-12));
#2952 = ORIENTED_EDGE('',*,*,#2953,.F.);
#2953 = EDGE_CURVE('',#2954,#2946,#2956,.T.);
#2954 = VERTEX_POINT('',#2955);
#2955 = CARTESIAN_POINT('',(-4.2,0.6,1.15));
#2956 = LINE('',#2957,#2958);
#2957 = CARTESIAN_POINT('',(-4.2,0.6,1.15));
#2958 = VECTOR('',#2959,1.);
#2959 = DIRECTION('',(-0.,-1.,-0.));
#2960 = ORIENTED_EDGE('',*,*,#2961,.T.);
#2961 = EDGE_CURVE('',#2954,#2425,#2962,.T.);
#2962 = LINE('',#2963,#2964);
#2963 = CARTESIAN_POINT('',(-1.830528226529E-12,0.6,1.150000000007));
#2964 = VECTOR('',#2965,1.);
#2965 = DIRECTION('',(-1.,0.,-1.591763675233E-12));
#2966 = PLANE('',#2967);
#2967 = AXIS2_PLACEMENT_3D('',#2968,#2969,#2970);
#2968 = CARTESIAN_POINT('',(-1.830528226529E-12,0.6,1.150000000007));
#2969 = DIRECTION('',(-1.591763675233E-12,0.,1.));
#2970 = DIRECTION('',(1.,0.,1.591763675233E-12));
#2971 = ADVANCED_FACE('',(#2972),#2997,.T.);
#2972 = FACE_BOUND('',#2973,.T.);
#2973 = EDGE_LOOP('',(#2974,#2984,#2990,#2991));
#2974 = ORIENTED_EDGE('',*,*,#2975,.T.);
#2975 = EDGE_CURVE('',#2976,#2978,#2980,.T.);
#2976 = VERTEX_POINT('',#2977);
#2977 = CARTESIAN_POINT('',(-4.2,0.6,3.249999999998));
#2978 = VERTEX_POINT('',#2979);
#2979 = CARTESIAN_POINT('',(-4.2,-1.6,3.249999999998));
#2980 = LINE('',#2981,#2982);
#2981 = CARTESIAN_POINT('',(-4.2,0.6,3.249999999998));
#2982 = VECTOR('',#2983,1.);
#2983 = DIRECTION('',(-0.,-1.,-0.));
#2984 = ORIENTED_EDGE('',*,*,#2985,.T.);
#2985 = EDGE_CURVE('',#2978,#2409,#2986,.T.);
#2986 = LINE('',#2987,#2988);
#2987 = CARTESIAN_POINT('',(-5.6,-1.6,3.249999999998));
#2988 = VECTOR('',#2989,1.);
#2989 = DIRECTION('',(-1.,0.,0.));
#2990 = ORIENTED_EDGE('',*,*,#2406,.F.);
#2991 = ORIENTED_EDGE('',*,*,#2992,.T.);
#2992 = EDGE_CURVE('',#2407,#2976,#2993,.T.);
#2993 = LINE('',#2994,#2995);
#2994 = CARTESIAN_POINT('',(0.,0.6,3.249999999998));
#2995 = VECTOR('',#2996,1.);
#2996 = DIRECTION('',(1.,0.,0.));
#2997 = PLANE('',#2998);
#2998 = AXIS2_PLACEMENT_3D('',#2999,#3000,#3001);
#2999 = CARTESIAN_POINT('',(0.,0.6,3.249999999998));
#3000 = DIRECTION('',(0.,0.,-1.));
#3001 = DIRECTION('',(-1.,0.,-0.));
#3002 = ADVANCED_FACE('',(#3003),#3028,.F.);
#3003 = FACE_BOUND('',#3004,.T.);
#3004 = EDGE_LOOP('',(#3005,#3006,#3012,#3013,#3014,#3015,#3021,#3022));
#3005 = ORIENTED_EDGE('',*,*,#2953,.T.);
#3006 = ORIENTED_EDGE('',*,*,#3007,.T.);
#3007 = EDGE_CURVE('',#2946,#2899,#3008,.T.);
#3008 = LINE('',#3009,#3010);
#3009 = CARTESIAN_POINT('',(-4.2,-1.6,0.));
#3010 = VECTOR('',#3011,1.);
#3011 = DIRECTION('',(0.,0.,1.));
#3012 = ORIENTED_EDGE('',*,*,#2896,.F.);
#3013 = ORIENTED_EDGE('',*,*,#2927,.T.);
#3014 = ORIENTED_EDGE('',*,*,#2874,.T.);
#3015 = ORIENTED_EDGE('',*,*,#3016,.T.);
#3016 = EDGE_CURVE('',#2867,#2978,#3017,.T.);
#3017 = LINE('',#3018,#3019);
#3018 = CARTESIAN_POINT('',(-4.2,-1.6,0.));
#3019 = VECTOR('',#3020,1.);
#3020 = DIRECTION('',(0.,0.,1.));
#3021 = ORIENTED_EDGE('',*,*,#2975,.F.);
#3022 = ORIENTED_EDGE('',*,*,#3023,.F.);
#3023 = EDGE_CURVE('',#2954,#2976,#3024,.T.);
#3024 = LINE('',#3025,#3026);
#3025 = CARTESIAN_POINT('',(-4.2,0.6,0.));
#3026 = VECTOR('',#3027,1.);
#3027 = DIRECTION('',(0.,0.,1.));
#3028 = PLANE('',#3029);
#3029 = AXIS2_PLACEMENT_3D('',#3030,#3031,#3032);
#3030 = CARTESIAN_POINT('',(-4.2,0.6,0.));
#3031 = DIRECTION('',(1.,0.,0.));
#3032 = DIRECTION('',(0.,0.,-1.));
#3033 = ADVANCED_FACE('',(#3034),#3048,.T.);
#3034 = FACE_BOUND('',#3035,.T.);
#3035 = EDGE_LOOP('',(#3036,#3037,#3038,#3039,#3040,#3041,#3042,#3043,
    #3044,#3045,#3046,#3047));
#3036 = ORIENTED_EDGE('',*,*,#2961,.F.);
#3037 = ORIENTED_EDGE('',*,*,#3023,.T.);
#3038 = ORIENTED_EDGE('',*,*,#2992,.F.);
#3039 = ORIENTED_EDGE('',*,*,#2446,.F.);
#3040 = ORIENTED_EDGE('',*,*,#949,.T.);
#3041 = ORIENTED_EDGE('',*,*,#900,.T.);
#3042 = ORIENTED_EDGE('',*,*,#885,.T.);
#3043 = ORIENTED_EDGE('',*,*,#836,.T.);
#3044 = ORIENTED_EDGE('',*,*,#821,.T.);
#3045 = ORIENTED_EDGE('',*,*,#772,.T.);
#3046 = ORIENTED_EDGE('',*,*,#757,.T.);
#3047 = ORIENTED_EDGE('',*,*,#2432,.F.);
#3048 = PLANE('',#3049);
#3049 = AXIS2_PLACEMENT_3D('',#3050,#3051,#3052);
#3050 = CARTESIAN_POINT('',(0.,0.6,0.));
#3051 = DIRECTION('',(0.,-1.,0.));
#3052 = DIRECTION('',(0.,-0.,-1.));
#3053 = ADVANCED_FACE('',(#3054),#3097,.T.);
#3054 = FACE_BOUND('',#3055,.T.);
#3055 = EDGE_LOOP('',(#3056,#3057,#3065,#3073,#3081,#3089,#3095,#3096));
#3056 = ORIENTED_EDGE('',*,*,#2795,.T.);
#3057 = ORIENTED_EDGE('',*,*,#3058,.T.);
#3058 = EDGE_CURVE('',#2788,#3059,#3061,.T.);
#3059 = VERTEX_POINT('',#3060);
#3060 = CARTESIAN_POINT('',(-10.8,-1.6,-1.049999999996));
#3061 = LINE('',#3062,#3063);
#3062 = CARTESIAN_POINT('',(-10.8,-1.6,-1.049999999996));
#3063 = VECTOR('',#3064,1.);
#3064 = DIRECTION('',(0.,0.,-1.));
#3065 = ORIENTED_EDGE('',*,*,#3066,.F.);
#3066 = EDGE_CURVE('',#3067,#3059,#3069,.T.);
#3067 = VERTEX_POINT('',#3068);
#3068 = CARTESIAN_POINT('',(-10.8,0.6,-1.049999999996));
#3069 = LINE('',#3070,#3071);
#3070 = CARTESIAN_POINT('',(-10.8,0.6,-1.049999999996));
#3071 = VECTOR('',#3072,1.);
#3072 = DIRECTION('',(-0.,-1.,-0.));
#3073 = ORIENTED_EDGE('',*,*,#3074,.T.);
#3074 = EDGE_CURVE('',#3067,#3075,#3077,.T.);
#3075 = VERTEX_POINT('',#3076);
#3076 = CARTESIAN_POINT('',(-10.8,0.6,1.05));
#3077 = LINE('',#3078,#3079);
#3078 = CARTESIAN_POINT('',(-10.8,0.6,0.));
#3079 = VECTOR('',#3080,1.);
#3080 = DIRECTION('',(0.,0.,1.));
#3081 = ORIENTED_EDGE('',*,*,#3082,.T.);
#3082 = EDGE_CURVE('',#3075,#3083,#3085,.T.);
#3083 = VERTEX_POINT('',#3084);
#3084 = CARTESIAN_POINT('',(-10.8,-1.6,1.05));
#3085 = LINE('',#3086,#3087);
#3086 = CARTESIAN_POINT('',(-10.8,0.6,1.05));
#3087 = VECTOR('',#3088,1.);
#3088 = DIRECTION('',(-0.,-1.,-0.));
#3089 = ORIENTED_EDGE('',*,*,#3090,.T.);
#3090 = EDGE_CURVE('',#3083,#2820,#3091,.T.);
#3091 = LINE('',#3092,#3093);
#3092 = CARTESIAN_POINT('',(-10.8,-1.6,0.85));
#3093 = VECTOR('',#3094,1.);
#3094 = DIRECTION('',(0.,0.,-1.));
#3095 = ORIENTED_EDGE('',*,*,#2817,.F.);
#3096 = ORIENTED_EDGE('',*,*,#2849,.F.);
#3097 = PLANE('',#3098);
#3098 = AXIS2_PLACEMENT_3D('',#3099,#3100,#3101);
#3099 = CARTESIAN_POINT('',(-10.8,0.6,0.));
#3100 = DIRECTION('',(1.,0.,0.));
#3101 = DIRECTION('',(0.,0.,-1.));
#3102 = ADVANCED_FACE('',(#3103),#3119,.F.);
#3103 = FACE_BOUND('',#3104,.T.);
#3104 = EDGE_LOOP('',(#3105,#3106,#3112,#3113));
#3105 = ORIENTED_EDGE('',*,*,#2478,.T.);
#3106 = ORIENTED_EDGE('',*,*,#3107,.T.);
#3107 = EDGE_CURVE('',#2471,#3083,#3108,.T.);
#3108 = LINE('',#3109,#3110);
#3109 = CARTESIAN_POINT('',(0.,-1.6,1.05));
#3110 = VECTOR('',#3111,1.);
#3111 = DIRECTION('',(-1.,0.,0.));
#3112 = ORIENTED_EDGE('',*,*,#3082,.F.);
#3113 = ORIENTED_EDGE('',*,*,#3114,.F.);
#3114 = EDGE_CURVE('',#2479,#3075,#3115,.T.);
#3115 = LINE('',#3116,#3117);
#3116 = CARTESIAN_POINT('',(0.,0.6,1.05));
#3117 = VECTOR('',#3118,1.);
#3118 = DIRECTION('',(-1.,0.,0.));
#3119 = PLANE('',#3120);
#3120 = AXIS2_PLACEMENT_3D('',#3121,#3122,#3123);
#3121 = CARTESIAN_POINT('',(0.,0.6,1.05));
#3122 = DIRECTION('',(0.,-0.,1.));
#3123 = DIRECTION('',(1.,0.,0.));
#3124 = ADVANCED_FACE('',(#3125),#3141,.F.);
#3125 = FACE_BOUND('',#3126,.T.);
#3126 = EDGE_LOOP('',(#3127,#3128,#3134,#3135));
#3127 = ORIENTED_EDGE('',*,*,#3066,.T.);
#3128 = ORIENTED_EDGE('',*,*,#3129,.T.);
#3129 = EDGE_CURVE('',#3059,#2463,#3130,.T.);
#3130 = LINE('',#3131,#3132);
#3131 = CARTESIAN_POINT('',(0.,-1.6,-1.049999999996));
#3132 = VECTOR('',#3133,1.);
#3133 = DIRECTION('',(1.,0.,0.));
#3134 = ORIENTED_EDGE('',*,*,#2460,.F.);
#3135 = ORIENTED_EDGE('',*,*,#3136,.F.);
#3136 = EDGE_CURVE('',#3067,#2461,#3137,.T.);
#3137 = LINE('',#3138,#3139);
#3138 = CARTESIAN_POINT('',(0.,0.6,-1.049999999996));
#3139 = VECTOR('',#3140,1.);
#3140 = DIRECTION('',(1.,0.,0.));
#3141 = PLANE('',#3142);
#3142 = AXIS2_PLACEMENT_3D('',#3143,#3144,#3145);
#3143 = CARTESIAN_POINT('',(0.,0.6,-1.049999999996));
#3144 = DIRECTION('',(0.,0.,-1.));
#3145 = DIRECTION('',(-1.,0.,-0.));
#3146 = ADVANCED_FACE('',(#3147),#3161,.T.);
#3147 = FACE_BOUND('',#3148,.T.);
#3148 = EDGE_LOOP('',(#3149,#3150,#3151,#3152,#3153,#3154,#3155,#3156,
    #3157,#3158,#3159,#3160));
#3149 = ORIENTED_EDGE('',*,*,#3074,.F.);
#3150 = ORIENTED_EDGE('',*,*,#3136,.T.);
#3151 = ORIENTED_EDGE('',*,*,#2500,.T.);
#3152 = ORIENTED_EDGE('',*,*,#1119,.T.);
#3153 = ORIENTED_EDGE('',*,*,#1070,.T.);
#3154 = ORIENTED_EDGE('',*,*,#1055,.T.);
#3155 = ORIENTED_EDGE('',*,*,#1006,.T.);
#3156 = ORIENTED_EDGE('',*,*,#991,.T.);
#3157 = ORIENTED_EDGE('',*,*,#1176,.T.);
#3158 = ORIENTED_EDGE('',*,*,#1161,.T.);
#3159 = ORIENTED_EDGE('',*,*,#2486,.T.);
#3160 = ORIENTED_EDGE('',*,*,#3114,.T.);
#3161 = PLANE('',#3162);
#3162 = AXIS2_PLACEMENT_3D('',#3163,#3164,#3165);
#3163 = CARTESIAN_POINT('',(0.,0.6,0.));
#3164 = DIRECTION('',(0.,-1.,0.));
#3165 = DIRECTION('',(0.,-0.,-1.));
#3166 = ADVANCED_FACE('',(#3167),#3184,.T.);
#3167 = FACE_BOUND('',#3168,.T.);
#3168 = EDGE_LOOP('',(#3169,#3170,#3177,#3178));
#3169 = ORIENTED_EDGE('',*,*,#2866,.F.);
#3170 = ORIENTED_EDGE('',*,*,#3171,.T.);
#3171 = EDGE_CURVE('',#1241,#559,#3172,.T.);
#3172 = ( BOUNDED_CURVE() B_SPLINE_CURVE(3,(#3173,#3174,#3175,#3176),
.UNSPECIFIED.,.F.,.F.) B_SPLINE_CURVE_WITH_KNOTS((4,4),(4.712388980386,
6.28318530718),.PIECEWISE_BEZIER_KNOTS.) CURVE() 
GEOMETRIC_REPRESENTATION_ITEM() RATIONAL_B_SPLINE_CURVE((1.,
0.804737854125,0.804737854125,1.)) REPRESENTATION_ITEM('') );
#3173 = CARTESIAN_POINT('',(-2.7,-1.6,3.05));
#3174 = CARTESIAN_POINT('',(-2.7,-1.717157287525,3.167157287525));
#3175 = CARTESIAN_POINT('',(-2.782842712474,-1.8,3.25));
#3176 = CARTESIAN_POINT('',(-2.9,-1.8,3.25));
#3177 = ORIENTED_EDGE('',*,*,#558,.F.);
#3178 = ORIENTED_EDGE('',*,*,#3179,.F.);
#3179 = EDGE_CURVE('',#2867,#551,#3180,.T.);
#3180 = LINE('',#3181,#3182);
#3181 = CARTESIAN_POINT('',(-6.5,0.7,0.749999999995));
#3182 = VECTOR('',#3183,1.);
#3183 = DIRECTION('',(0.577350269189,-0.577350269189,0.57735026919));
#3184 = PLANE('',#3185);
#3185 = AXIS2_PLACEMENT_3D('',#3186,#3187,#3188);
#3186 = CARTESIAN_POINT('',(-11.49999999999,-1.8,3.249999999987));
#3187 = DIRECTION('',(1.050612649116E-12,-0.707106781187,-0.707106781187
    ));
#3188 = DIRECTION('',(-1.,-1.508221635179E-28,-1.485790657181E-12));
#3189 = ADVANCED_FACE('',(#3190),#3201,.F.);
#3190 = FACE_BOUND('',#3191,.T.);
#3191 = EDGE_LOOP('',(#3192,#3193,#3194,#3200));
#3192 = ORIENTED_EDGE('',*,*,#3179,.T.);
#3193 = ORIENTED_EDGE('',*,*,#550,.F.);
#3194 = ORIENTED_EDGE('',*,*,#3195,.F.);
#3195 = EDGE_CURVE('',#2978,#543,#3196,.T.);
#3196 = LINE('',#3197,#3198);
#3197 = CARTESIAN_POINT('',(-6.499999999998,0.699999999998,0.95));
#3198 = VECTOR('',#3199,1.);
#3199 = DIRECTION('',(0.57735026919,-0.57735026919,0.57735026919));
#3200 = ORIENTED_EDGE('',*,*,#3016,.F.);
#3201 = PLANE('',#3202);
#3202 = AXIS2_PLACEMENT_3D('',#3203,#3204,#3205);
#3203 = CARTESIAN_POINT('',(-4.2,-1.6,0.));
#3204 = DIRECTION('',(0.707106781187,0.707106781187,-0.));
#3205 = DIRECTION('',(0.,0.,1.));
#3206 = ADVANCED_FACE('',(#3207),#3218,.T.);
#3207 = FACE_BOUND('',#3208,.T.);
#3208 = EDGE_LOOP('',(#3209,#3210,#3211,#3217));
#3209 = ORIENTED_EDGE('',*,*,#3195,.T.);
#3210 = ORIENTED_EDGE('',*,*,#542,.F.);
#3211 = ORIENTED_EDGE('',*,*,#3212,.F.);
#3212 = EDGE_CURVE('',#2409,#535,#3213,.T.);
#3213 = LINE('',#3214,#3215);
#3214 = CARTESIAN_POINT('',(-5.150000000001,-1.150000000001,
    2.799999999999));
#3215 = VECTOR('',#3216,1.);
#3216 = DIRECTION('',(-0.57735026919,-0.57735026919,0.57735026919));
#3217 = ORIENTED_EDGE('',*,*,#2985,.F.);
#3218 = PLANE('',#3219);
#3219 = AXIS2_PLACEMENT_3D('',#3220,#3221,#3222);
#3220 = CARTESIAN_POINT('',(-11.49999999999,-1.8,3.449999999998));
#3221 = DIRECTION('',(-0.,-0.707106781187,-0.707106781187));
#3222 = DIRECTION('',(-1.,0.,0.));
#3223 = ADVANCED_FACE('',(#3224),#3235,.F.);
#3224 = FACE_BOUND('',#3225,.T.);
#3225 = EDGE_LOOP('',(#3226,#3227,#3228,#3234));
#3226 = ORIENTED_EDGE('',*,*,#3212,.T.);
#3227 = ORIENTED_EDGE('',*,*,#534,.F.);
#3228 = ORIENTED_EDGE('',*,*,#3229,.F.);
#3229 = EDGE_CURVE('',#2417,#527,#3230,.T.);
#3230 = LINE('',#3231,#3232);
#3231 = CARTESIAN_POINT('',(-7.699999999998,-3.699999999998,
    -0.950000000004));
#3232 = VECTOR('',#3233,1.);
#3233 = DIRECTION('',(-0.577350269189,-0.577350269189,-0.57735026919));
#3234 = ORIENTED_EDGE('',*,*,#2416,.F.);
#3235 = PLANE('',#3236);
#3236 = AXIS2_PLACEMENT_3D('',#3237,#3238,#3239);
#3237 = CARTESIAN_POINT('',(-5.8,-1.8,1.5));
#3238 = DIRECTION('',(-0.707106781187,0.707106781187,0.));
#3239 = DIRECTION('',(0.,0.,1.));
#3240 = ADVANCED_FACE('',(#3241),#3252,.T.);
#3241 = FACE_BOUND('',#3242,.T.);
#3242 = EDGE_LOOP('',(#3243,#3244,#3245,#3251));
#3243 = ORIENTED_EDGE('',*,*,#3229,.T.);
#3244 = ORIENTED_EDGE('',*,*,#526,.F.);
#3245 = ORIENTED_EDGE('',*,*,#3246,.F.);
#3246 = EDGE_CURVE('',#2946,#519,#3247,.T.);
#3247 = LINE('',#3248,#3249);
#3248 = CARTESIAN_POINT('',(-3.816666666667,-1.983333333333,
    0.766666666667));
#3249 = VECTOR('',#3250,1.);
#3250 = DIRECTION('',(0.57735026919,-0.57735026919,-0.577350269189));
#3251 = ORIENTED_EDGE('',*,*,#2945,.F.);
#3252 = PLANE('',#3253);
#3253 = AXIS2_PLACEMENT_3D('',#3254,#3255,#3256);
#3254 = CARTESIAN_POINT('',(-11.49999999999,-1.8,0.949999999988));
#3255 = DIRECTION('',(-1.125546888804E-12,-0.707106781187,0.707106781187
    ));
#3256 = DIRECTION('',(1.,-1.612340519458E-28,1.591763675233E-12));
#3257 = ADVANCED_FACE('',(#3258),#3269,.F.);
#3258 = FACE_BOUND('',#3259,.T.);
#3259 = EDGE_LOOP('',(#3260,#3261,#3262,#3268));
#3260 = ORIENTED_EDGE('',*,*,#3246,.T.);
#3261 = ORIENTED_EDGE('',*,*,#518,.F.);
#3262 = ORIENTED_EDGE('',*,*,#3263,.F.);
#3263 = EDGE_CURVE('',#2899,#511,#3264,.T.);
#3264 = LINE('',#3265,#3266);
#3265 = CARTESIAN_POINT('',(-3.75,-2.05,0.9));
#3266 = VECTOR('',#3267,1.);
#3267 = DIRECTION('',(0.57735026919,-0.57735026919,-0.57735026919));
#3268 = ORIENTED_EDGE('',*,*,#3007,.F.);
#3269 = PLANE('',#3270);
#3270 = AXIS2_PLACEMENT_3D('',#3271,#3272,#3273);
#3271 = CARTESIAN_POINT('',(-4.2,-1.6,0.));
#3272 = DIRECTION('',(0.707106781187,0.707106781187,-0.));
#3273 = DIRECTION('',(0.,0.,1.));
#3274 = ADVANCED_FACE('',(#3275),#3287,.T.);
#3275 = FACE_BOUND('',#3276,.T.);
#3276 = EDGE_LOOP('',(#3277,#3278,#3285,#3286));
#3277 = ORIENTED_EDGE('',*,*,#510,.F.);
#3278 = ORIENTED_EDGE('',*,*,#3279,.T.);
#3279 = EDGE_CURVE('',#503,#1201,#3280,.T.);
#3280 = ( BOUNDED_CURVE() B_SPLINE_CURVE(3,(#3281,#3282,#3283,#3284),
.UNSPECIFIED.,.F.,.F.) B_SPLINE_CURVE_WITH_KNOTS((4,4),(3.14159265359,
4.712388980385),.PIECEWISE_BEZIER_KNOTS.) CURVE() 
GEOMETRIC_REPRESENTATION_ITEM() RATIONAL_B_SPLINE_CURVE((1.,
0.804737854124,0.804737854124,1.)) REPRESENTATION_ITEM('') );
#3281 = CARTESIAN_POINT('',(-2.9,-1.8,1.15));
#3282 = CARTESIAN_POINT('',(-2.782842712475,-1.8,1.15));
#3283 = CARTESIAN_POINT('',(-2.7,-1.717157287525,1.232842712475));
#3284 = CARTESIAN_POINT('',(-2.7,-1.6,1.35));
#3285 = ORIENTED_EDGE('',*,*,#2906,.F.);
#3286 = ORIENTED_EDGE('',*,*,#3263,.T.);
#3287 = PLANE('',#3288);
#3288 = AXIS2_PLACEMENT_3D('',#3289,#3290,#3291);
#3289 = CARTESIAN_POINT('',(-11.49999999999,-1.8,1.15));
#3290 = DIRECTION('',(-1.02219561112E-16,-0.707106781187,0.707106781187)
  );
#3291 = DIRECTION('',(1.,-2.057812501685E-33,1.445602896645E-16));
#3292 = ADVANCED_FACE('',(#3293),#3310,.F.);
#3293 = FACE_BOUND('',#3294,.T.);
#3294 = EDGE_LOOP('',(#3295,#3296,#3303,#3304));
#3295 = ORIENTED_EDGE('',*,*,#676,.F.);
#3296 = ORIENTED_EDGE('',*,*,#3297,.T.);
#3297 = EDGE_CURVE('',#669,#1347,#3298,.T.);
#3298 = ( BOUNDED_CURVE() B_SPLINE_CURVE(3,(#3299,#3300,#3301,#3302),
.UNSPECIFIED.,.F.,.F.) B_SPLINE_CURVE_WITH_KNOTS((4,4),(3.14159265359,
4.712388980385),.PIECEWISE_BEZIER_KNOTS.) CURVE() 
GEOMETRIC_REPRESENTATION_ITEM() RATIONAL_B_SPLINE_CURVE((1.,
0.804737854124,0.804737854124,1.)) REPRESENTATION_ITEM('') );
#3299 = CARTESIAN_POINT('',(-12.1,-1.8,1.05));
#3300 = CARTESIAN_POINT('',(-12.21715728752,-1.8,1.05));
#3301 = CARTESIAN_POINT('',(-12.3,-1.717157287525,0.967157287525));
#3302 = CARTESIAN_POINT('',(-12.3,-1.6,0.85));
#3303 = ORIENTED_EDGE('',*,*,#2827,.F.);
#3304 = ORIENTED_EDGE('',*,*,#3305,.F.);
#3305 = EDGE_CURVE('',#677,#2820,#3306,.T.);
#3306 = LINE('',#3307,#3308);
#3307 = CARTESIAN_POINT('',(-7.2,2.,-2.75));
#3308 = VECTOR('',#3309,1.);
#3309 = DIRECTION('',(0.57735026919,0.57735026919,-0.57735026919));
#3310 = PLANE('',#3311);
#3311 = AXIS2_PLACEMENT_3D('',#3312,#3313,#3314);
#3312 = CARTESIAN_POINT('',(-6.143812310697E-17,-1.6,0.85));
#3313 = DIRECTION('',(-5.110978055566E-17,0.707106781187,0.707106781187)
  );
#3314 = DIRECTION('',(-1.,-2.246438965967E-33,-7.228014483173E-17));
#3315 = ADVANCED_FACE('',(#3316),#3327,.T.);
#3316 = FACE_BOUND('',#3317,.T.);
#3317 = EDGE_LOOP('',(#3318,#3319,#3320,#3326));
#3318 = ORIENTED_EDGE('',*,*,#3305,.T.);
#3319 = ORIENTED_EDGE('',*,*,#3090,.F.);
#3320 = ORIENTED_EDGE('',*,*,#3321,.F.);
#3321 = EDGE_CURVE('',#685,#3083,#3322,.T.);
#3322 = LINE('',#3323,#3324);
#3323 = CARTESIAN_POINT('',(-7.2,2.,-2.55));
#3324 = VECTOR('',#3325,1.);
#3325 = DIRECTION('',(0.57735026919,0.57735026919,-0.57735026919));
#3326 = ORIENTED_EDGE('',*,*,#684,.F.);
#3327 = PLANE('',#3328);
#3328 = AXIS2_PLACEMENT_3D('',#3329,#3330,#3331);
#3329 = CARTESIAN_POINT('',(-11.,-1.8,1.5));
#3330 = DIRECTION('',(0.707106781187,-0.707106781187,0.));
#3331 = DIRECTION('',(0.,0.,-1.));
#3332 = ADVANCED_FACE('',(#3333),#3344,.F.);
#3333 = FACE_BOUND('',#3334,.T.);
#3334 = EDGE_LOOP('',(#3335,#3336,#3337,#3343));
#3335 = ORIENTED_EDGE('',*,*,#3321,.T.);
#3336 = ORIENTED_EDGE('',*,*,#3107,.F.);
#3337 = ORIENTED_EDGE('',*,*,#3338,.F.);
#3338 = EDGE_CURVE('',#693,#2471,#3339,.T.);
#3339 = LINE('',#3340,#3341);
#3340 = CARTESIAN_POINT('',(-9.116666666667,-1.883333333333,
    1.333333333333));
#3341 = VECTOR('',#3342,1.);
#3342 = DIRECTION('',(-0.57735026919,0.57735026919,-0.57735026919));
#3343 = ORIENTED_EDGE('',*,*,#692,.F.);
#3344 = PLANE('',#3345);
#3345 = AXIS2_PLACEMENT_3D('',#3346,#3347,#3348);
#3346 = CARTESIAN_POINT('',(0.,-1.6,1.05));
#3347 = DIRECTION('',(0.,0.707106781187,0.707106781187));
#3348 = DIRECTION('',(-1.,0.,0.));
#3349 = ADVANCED_FACE('',(#3350),#3361,.F.);
#3350 = FACE_BOUND('',#3351,.T.);
#3351 = EDGE_LOOP('',(#3352,#3353,#3354,#3360));
#3352 = ORIENTED_EDGE('',*,*,#3338,.T.);
#3353 = ORIENTED_EDGE('',*,*,#2470,.F.);
#3354 = ORIENTED_EDGE('',*,*,#3355,.F.);
#3355 = EDGE_CURVE('',#701,#2463,#3356,.T.);
#3356 = LINE('',#3357,#3358);
#3357 = CARTESIAN_POINT('',(-6.266666666667,-4.733333333333,
    -4.183333333329));
#3358 = VECTOR('',#3359,1.);
#3359 = DIRECTION('',(-0.57735026919,0.57735026919,0.57735026919));
#3360 = ORIENTED_EDGE('',*,*,#700,.F.);
#3361 = PLANE('',#3362);
#3362 = AXIS2_PLACEMENT_3D('',#3363,#3364,#3365);
#3363 = CARTESIAN_POINT('',(-9.2,-1.8,1.5));
#3364 = DIRECTION('',(0.707106781187,0.707106781187,0.));
#3365 = DIRECTION('',(0.,0.,-1.));
#3366 = ADVANCED_FACE('',(#3367),#3378,.F.);
#3367 = FACE_BOUND('',#3368,.T.);
#3368 = EDGE_LOOP('',(#3369,#3370,#3371,#3377));
#3369 = ORIENTED_EDGE('',*,*,#3355,.T.);
#3370 = ORIENTED_EDGE('',*,*,#3129,.F.);
#3371 = ORIENTED_EDGE('',*,*,#3372,.F.);
#3372 = EDGE_CURVE('',#709,#3059,#3373,.T.);
#3373 = LINE('',#3374,#3375);
#3374 = CARTESIAN_POINT('',(-10.08333333333,-0.883333333335,
    -0.333333333331));
#3375 = VECTOR('',#3376,1.);
#3376 = DIRECTION('',(0.57735026919,0.57735026919,0.57735026919));
#3377 = ORIENTED_EDGE('',*,*,#708,.F.);
#3378 = PLANE('',#3379);
#3379 = AXIS2_PLACEMENT_3D('',#3380,#3381,#3382);
#3380 = CARTESIAN_POINT('',(0.,-1.6,-1.049999999996));
#3381 = DIRECTION('',(0.,0.707106781187,-0.707106781187));
#3382 = DIRECTION('',(1.,-0.,0.));
#3383 = ADVANCED_FACE('',(#3384),#3395,.T.);
#3384 = FACE_BOUND('',#3385,.T.);
#3385 = EDGE_LOOP('',(#3386,#3387,#3388,#3394));
#3386 = ORIENTED_EDGE('',*,*,#3372,.T.);
#3387 = ORIENTED_EDGE('',*,*,#3058,.F.);
#3388 = ORIENTED_EDGE('',*,*,#3389,.F.);
#3389 = EDGE_CURVE('',#416,#2788,#3390,.T.);
#3390 = LINE('',#3391,#3392);
#3391 = CARTESIAN_POINT('',(-10.15,-0.95,-0.2));
#3392 = VECTOR('',#3393,1.);
#3393 = DIRECTION('',(0.57735026919,0.57735026919,0.57735026919));
#3394 = ORIENTED_EDGE('',*,*,#716,.F.);
#3395 = PLANE('',#3396);
#3396 = AXIS2_PLACEMENT_3D('',#3397,#3398,#3399);
#3397 = CARTESIAN_POINT('',(-11.,-1.8,1.5));
#3398 = DIRECTION('',(0.707106781187,-0.707106781187,0.));
#3399 = DIRECTION('',(0.,0.,-1.));
#3400 = ADVANCED_FACE('',(#3401),#3413,.F.);
#3401 = FACE_BOUND('',#3402,.T.);
#3402 = EDGE_LOOP('',(#3403,#3404,#3411,#3412));
#3403 = ORIENTED_EDGE('',*,*,#2787,.F.);
#3404 = ORIENTED_EDGE('',*,*,#3405,.T.);
#3405 = EDGE_CURVE('',#1323,#418,#3406,.T.);
#3406 = ( BOUNDED_CURVE() B_SPLINE_CURVE(3,(#3407,#3408,#3409,#3410),
.UNSPECIFIED.,.F.,.F.) B_SPLINE_CURVE_WITH_KNOTS((4,4),(4.712388980385,
6.28318530718),.PIECEWISE_BEZIER_KNOTS.) CURVE() 
GEOMETRIC_REPRESENTATION_ITEM() RATIONAL_B_SPLINE_CURVE((1.,
0.804737854124,0.804737854124,1.)) REPRESENTATION_ITEM('') );
#3407 = CARTESIAN_POINT('',(-12.3,-1.6,-0.85));
#3408 = CARTESIAN_POINT('',(-12.3,-1.717157287525,-0.967157287525));
#3409 = CARTESIAN_POINT('',(-12.21715728752,-1.8,-1.05));
#3410 = CARTESIAN_POINT('',(-12.1,-1.8,-1.05));
#3411 = ORIENTED_EDGE('',*,*,#415,.F.);
#3412 = ORIENTED_EDGE('',*,*,#3389,.T.);
#3413 = PLANE('',#3414);
#3414 = AXIS2_PLACEMENT_3D('',#3415,#3416,#3417);
#3415 = CARTESIAN_POINT('',(0.,-1.6,-0.85));
#3416 = DIRECTION('',(0.,0.707106781187,-0.707106781187));
#3417 = DIRECTION('',(1.,-0.,0.));
#3418 = ADVANCED_FACE('',(#3419),#3431,.T.);
#3419 = FACE_BOUND('',#3420,.T.);
#3420 = EDGE_LOOP('',(#3421,#3422,#3423,#3430));
#3421 = ORIENTED_EDGE('',*,*,#3279,.F.);
#3422 = ORIENTED_EDGE('',*,*,#502,.F.);
#3423 = ORIENTED_EDGE('',*,*,#3424,.F.);
#3424 = EDGE_CURVE('',#1209,#494,#3425,.T.);
#3425 = CIRCLE('',#3426,0.2);
#3426 = AXIS2_PLACEMENT_3D('',#3427,#3428,#3429);
#3427 = CARTESIAN_POINT('',(-2.9,-1.6,0.824264068712));
#3428 = DIRECTION('',(0.,0.,-1.));
#3429 = DIRECTION('',(-1.,0.,0.));
#3430 = ORIENTED_EDGE('',*,*,#1208,.F.);
#3431 = CYLINDRICAL_SURFACE('',#3432,0.2);
#3432 = AXIS2_PLACEMENT_3D('',#3433,#3434,#3435);
#3433 = CARTESIAN_POINT('',(-2.9,-1.6,3.7));
#3434 = DIRECTION('',(1.445602896647E-16,-0.,1.));
#3435 = DIRECTION('',(1.,0.,-1.445602896647E-16));
#3436 = ADVANCED_FACE('',(#3437),#3449,.T.);
#3437 = FACE_BOUND('',#3438,.T.);
#3438 = EDGE_LOOP('',(#3439,#3440,#3441,#3448));
#3439 = ORIENTED_EDGE('',*,*,#3424,.T.);
#3440 = ORIENTED_EDGE('',*,*,#493,.F.);
#3441 = ORIENTED_EDGE('',*,*,#3442,.F.);
#3442 = EDGE_CURVE('',#1539,#486,#3443,.T.);
#3443 = CIRCLE('',#3444,0.2);
#3444 = AXIS2_PLACEMENT_3D('',#3445,#3446,#3447);
#3445 = CARTESIAN_POINT('',(-2.929289321881,-1.6,0.753553390593));
#3446 = DIRECTION('',(-0.707106781187,-3.833233541708E-16,
    -0.707106781187));
#3447 = DIRECTION('',(-0.707106781187,-1.431447431166E-31,0.707106781187
    ));
#3448 = ORIENTED_EDGE('',*,*,#2153,.F.);
#3449 = SURFACE_OF_REVOLUTION('',#3450,#3458);
#3450 = B_SPLINE_CURVE_WITH_KNOTS('',6,(#3451,#3452,#3453,#3454,#3455,
    #3456,#3457),.UNSPECIFIED.,.F.,.F.,(7,7),(4.712388980385,
    6.28318530718),.PIECEWISE_BEZIER_KNOTS.);
#3451 = CARTESIAN_POINT('',(-3.,-1.8,0.924264068712));
#3452 = CARTESIAN_POINT('',(-3.,-1.8,0.976623946272));
#3453 = CARTESIAN_POINT('',(-3.,-1.783554462796,1.028979368853));
#3454 = CARTESIAN_POINT('',(-3.,-1.750638029928,1.07490209864));
#3455 = CARTESIAN_POINT('',(-3.,-1.704715300141,1.107818531508));
#3456 = CARTESIAN_POINT('',(-3.,-1.65235987756,1.124264068712));
#3457 = CARTESIAN_POINT('',(-3.,-1.6,1.124264068712));
#3458 = AXIS1_PLACEMENT('',#3459,#3460);
#3459 = CARTESIAN_POINT('',(-3.,-1.6,0.824264068712));
#3460 = DIRECTION('',(0.,1.,0.));
#3461 = ADVANCED_FACE('',(#3462),#3474,.T.);
#3462 = FACE_BOUND('',#3463,.T.);
#3463 = EDGE_LOOP('',(#3464,#3465,#3466,#3473));
#3464 = ORIENTED_EDGE('',*,*,#3442,.T.);
#3465 = ORIENTED_EDGE('',*,*,#485,.F.);
#3466 = ORIENTED_EDGE('',*,*,#3467,.F.);
#3467 = EDGE_CURVE('',#1547,#477,#3468,.T.);
#3468 = CIRCLE('',#3469,0.2);
#3469 = AXIS2_PLACEMENT_3D('',#3470,#3471,#3472);
#3470 = CARTESIAN_POINT('',(-3.603553390593,-1.6,7.928932188135E-02));
#3471 = DIRECTION('',(-0.707106781187,-2.874925156281E-16,
    -0.707106781187));
#3472 = DIRECTION('',(-0.707106781187,1.462535051246E-31,0.707106781187)
  );
#3473 = ORIENTED_EDGE('',*,*,#1546,.F.);
#3474 = CYLINDRICAL_SURFACE('',#3475,0.2);
#3475 = AXIS2_PLACEMENT_3D('',#3476,#3477,#3478);
#3476 = CARTESIAN_POINT('',(-2.841421356237,-1.6,0.841421356237));
#3477 = DIRECTION('',(0.707106781187,-0.,0.707106781187));
#3478 = DIRECTION('',(0.707106781187,0.,-0.707106781187));
#3479 = ADVANCED_FACE('',(#3480),#3492,.T.);
#3480 = FACE_BOUND('',#3481,.T.);
#3481 = EDGE_LOOP('',(#3482,#3483,#3484,#3491));
#3482 = ORIENTED_EDGE('',*,*,#3467,.T.);
#3483 = ORIENTED_EDGE('',*,*,#476,.F.);
#3484 = ORIENTED_EDGE('',*,*,#3485,.F.);
#3485 = EDGE_CURVE('',#1508,#469,#3486,.T.);
#3486 = CIRCLE('',#3487,0.2);
#3487 = AXIS2_PLACEMENT_3D('',#3488,#3489,#3490);
#3488 = CARTESIAN_POINT('',(-3.674264068712,-1.6,5.E-02));
#3489 = DIRECTION('',(-1.,0.,-0.));
#3490 = DIRECTION('',(-0.,0.,1.));
#3491 = ORIENTED_EDGE('',*,*,#2135,.F.);
#3492 = SURFACE_OF_REVOLUTION('',#3493,#3501);
#3493 = B_SPLINE_CURVE_WITH_KNOTS('',6,(#3494,#3495,#3496,#3497,#3498,
    #3499,#3500),.UNSPECIFIED.,.F.,.F.,(7,7),(4.712388980385,
    6.28318530718),.PIECEWISE_BEZIER_KNOTS.);
#3494 = CARTESIAN_POINT('',(-3.674264068712,-1.8,0.25));
#3495 = CARTESIAN_POINT('',(-3.674264068712,-1.8,0.30235987756));
#3496 = CARTESIAN_POINT('',(-3.674264068712,-1.783554462796,
    0.354715300141));
#3497 = CARTESIAN_POINT('',(-3.674264068712,-1.750638029928,
    0.400638029928));
#3498 = CARTESIAN_POINT('',(-3.674264068712,-1.704715300141,
    0.433554462796));
#3499 = CARTESIAN_POINT('',(-3.674264068712,-1.65235987756,0.45));
#3500 = CARTESIAN_POINT('',(-3.674264068712,-1.6,0.45));
#3501 = AXIS1_PLACEMENT('',#3502,#3503);
#3502 = CARTESIAN_POINT('',(-3.674264068712,-1.6,0.15));
#3503 = DIRECTION('',(0.,1.,0.));
#3504 = ADVANCED_FACE('',(#3505),#3519,.T.);
#3505 = FACE_BOUND('',#3506,.T.);
#3506 = EDGE_LOOP('',(#3507,#3508,#3509,#3518));
#3507 = ORIENTED_EDGE('',*,*,#3485,.T.);
#3508 = ORIENTED_EDGE('',*,*,#468,.F.);
#3509 = ORIENTED_EDGE('',*,*,#3510,.F.);
#3510 = EDGE_CURVE('',#1483,#460,#3511,.T.);
#3511 = B_SPLINE_CURVE_WITH_KNOTS('',3,(#3512,#3513,#3514,#3515,#3516,
    #3517),.UNSPECIFIED.,.F.,.F.,(4,2,4),(0.,1.564402184996E-04,
    3.128804369993E-04),.UNSPECIFIED.);
#3512 = CARTESIAN_POINT('',(-5.55,-1.6,-0.15));
#3513 = CARTESIAN_POINT('',(-5.55,-1.652898445877,-0.15));
#3514 = CARTESIAN_POINT('',(-5.551648440588,-1.704606553087,
    -0.128263545167));
#3515 = CARTESIAN_POINT('',(-5.557142319212,-1.778341226236,
    -5.447406141597E-02));
#3516 = CARTESIAN_POINT('',(-5.560998585955,-1.8,-2.020381244717E-03));
#3517 = CARTESIAN_POINT('',(-5.564753672312,-1.8,5.E-02));
#3518 = ORIENTED_EDGE('',*,*,#1515,.F.);
#3519 = CYLINDRICAL_SURFACE('',#3520,0.2);
#3520 = AXIS2_PLACEMENT_3D('',#3521,#3522,#3523);
#3521 = CARTESIAN_POINT('',(-3.55,-1.6,5.E-02));
#3522 = DIRECTION('',(1.,0.,-1.219727444046E-16));
#3523 = DIRECTION('',(-1.219727444046E-16,-0.,-1.));
#3524 = ADVANCED_FACE('',(#3525),#3537,.T.);
#3525 = FACE_BOUND('',#3526,.T.);
#3526 = EDGE_LOOP('',(#3527,#3528,#3529,#3536));
#3527 = ORIENTED_EDGE('',*,*,#3510,.T.);
#3528 = ORIENTED_EDGE('',*,*,#459,.F.);
#3529 = ORIENTED_EDGE('',*,*,#3530,.F.);
#3530 = EDGE_CURVE('',#1440,#451,#3531,.T.);
#3531 = CIRCLE('',#3532,0.2);
#3532 = AXIS2_PLACEMENT_3D('',#3533,#3534,#3535);
#3533 = CARTESIAN_POINT('',(-7.435439815845,-1.6,-1.539746727708));
#3534 = DIRECTION('',(-0.301266361495,-2.067660333489E-15,
    -0.953540025081));
#3535 = DIRECTION('',(-0.953540025081,-1.753645099281E-31,0.301266361495
    ));
#3536 = ORIENTED_EDGE('',*,*,#1482,.F.);
#3537 = TOROIDAL_SURFACE('',#3538,2.309392578673,0.2);
#3538 = AXIS2_PLACEMENT_3D('',#3539,#3540,#3541);
#3539 = CARTESIAN_POINT('',(-5.233341558455,-1.6,-2.235489027149));
#3540 = DIRECTION('',(0.,1.,0.));
#3541 = DIRECTION('',(0.,-0.,1.));
#3542 = ADVANCED_FACE('',(#3543),#3555,.T.);
#3543 = FACE_BOUND('',#3544,.T.);
#3544 = EDGE_LOOP('',(#3545,#3546,#3547,#3554));
#3545 = ORIENTED_EDGE('',*,*,#3530,.T.);
#3546 = ORIENTED_EDGE('',*,*,#450,.F.);
#3547 = ORIENTED_EDGE('',*,*,#3548,.F.);
#3548 = EDGE_CURVE('',#1409,#443,#3549,.T.);
#3549 = CIRCLE('',#3550,0.2);
#3550 = AXIS2_PLACEMENT_3D('',#3551,#3552,#3553);
#3551 = CARTESIAN_POINT('',(-8.199999999985,-1.6,-2.100000000007));
#3552 = DIRECTION('',(-1.,0.,-0.));
#3553 = DIRECTION('',(-0.,0.,1.));
#3554 = ORIENTED_EDGE('',*,*,#1449,.F.);
#3555 = TOROIDAL_SURFACE('',#3556,0.801812366581,0.2);
#3556 = AXIS2_PLACEMENT_3D('',#3557,#3558,#3559);
#3557 = CARTESIAN_POINT('',(-8.199999999985,-1.6,-1.298187633426));
#3558 = DIRECTION('',(0.,1.,0.));
#3559 = DIRECTION('',(0.,-0.,1.));
#3560 = ADVANCED_FACE('',(#3561),#3573,.T.);
#3561 = FACE_BOUND('',#3562,.T.);
#3562 = EDGE_LOOP('',(#3563,#3564,#3565,#3572));
#3563 = ORIENTED_EDGE('',*,*,#3548,.T.);
#3564 = ORIENTED_EDGE('',*,*,#442,.F.);
#3565 = ORIENTED_EDGE('',*,*,#3566,.F.);
#3566 = EDGE_CURVE('',#1376,#434,#3567,.T.);
#3567 = CIRCLE('',#3568,0.2);
#3568 = AXIS2_PLACEMENT_3D('',#3569,#3570,#3571);
#3569 = CARTESIAN_POINT('',(-11.49999999998,-1.6,-2.100000000007));
#3570 = DIRECTION('',(-1.,1.008741701281E-11,0.));
#3571 = DIRECTION('',(-1.008741701281E-11,-1.,0.));
#3572 = ORIENTED_EDGE('',*,*,#1418,.F.);
#3573 = CYLINDRICAL_SURFACE('',#3574,0.2);
#3574 = AXIS2_PLACEMENT_3D('',#3575,#3576,#3577);
#3575 = CARTESIAN_POINT('',(-11.49999999999,-1.6,-2.100000000007));
#3576 = DIRECTION('',(1.,0.,-2.628368902995E-16));
#3577 = DIRECTION('',(-2.628368902995E-16,-0.,-1.));
#3578 = ADVANCED_FACE('',(#3579),#3591,.T.);
#3579 = FACE_BOUND('',#3580,.T.);
#3580 = EDGE_LOOP('',(#3581,#3582,#3583,#3590));
#3581 = ORIENTED_EDGE('',*,*,#3566,.T.);
#3582 = ORIENTED_EDGE('',*,*,#433,.F.);
#3583 = ORIENTED_EDGE('',*,*,#3584,.F.);
#3584 = EDGE_CURVE('',#1313,#426,#3585,.T.);
#3585 = CIRCLE('',#3586,0.2);
#3586 = AXIS2_PLACEMENT_3D('',#3587,#3588,#3589);
#3587 = CARTESIAN_POINT('',(-12.1,-1.6,-1.5));
#3588 = DIRECTION('',(0.,0.,1.));
#3589 = DIRECTION('',(1.,0.,-0.));
#3590 = ORIENTED_EDGE('',*,*,#1385,.F.);
#3591 = TOROIDAL_SURFACE('',#3592,0.600000000007,0.2);
#3592 = AXIS2_PLACEMENT_3D('',#3593,#3594,#3595);
#3593 = CARTESIAN_POINT('',(-11.49999999999,-1.6,-1.5));
#3594 = DIRECTION('',(0.,1.,0.));
#3595 = DIRECTION('',(0.,-0.,1.));
#3596 = ADVANCED_FACE('',(#3597),#3603,.T.);
#3597 = FACE_BOUND('',#3598,.T.);
#3598 = EDGE_LOOP('',(#3599,#3600,#3601,#3602));
#3599 = ORIENTED_EDGE('',*,*,#3405,.F.);
#3600 = ORIENTED_EDGE('',*,*,#1322,.F.);
#3601 = ORIENTED_EDGE('',*,*,#3584,.T.);
#3602 = ORIENTED_EDGE('',*,*,#425,.F.);
#3603 = CYLINDRICAL_SURFACE('',#3604,0.2);
#3604 = AXIS2_PLACEMENT_3D('',#3605,#3606,#3607);
#3605 = CARTESIAN_POINT('',(-12.1,-1.6,1.5));
#3606 = DIRECTION('',(0.,0.,-1.));
#3607 = DIRECTION('',(-1.,0.,0.));
#3608 = ADVANCED_FACE('',(#3609),#3621,.T.);
#3609 = FACE_BOUND('',#3610,.T.);
#3610 = EDGE_LOOP('',(#3611,#3612,#3613,#3620));
#3611 = ORIENTED_EDGE('',*,*,#3297,.F.);
#3612 = ORIENTED_EDGE('',*,*,#668,.F.);
#3613 = ORIENTED_EDGE('',*,*,#3614,.F.);
#3614 = EDGE_CURVE('',#1271,#660,#3615,.T.);
#3615 = CIRCLE('',#3616,0.2);
#3616 = AXIS2_PLACEMENT_3D('',#3617,#3618,#3619);
#3617 = CARTESIAN_POINT('',(-12.1,-1.6,1.5));
#3618 = DIRECTION('',(0.,0.,1.));
#3619 = DIRECTION('',(1.,0.,-0.));
#3620 = ORIENTED_EDGE('',*,*,#1354,.F.);
#3621 = CYLINDRICAL_SURFACE('',#3622,0.2);
#3622 = AXIS2_PLACEMENT_3D('',#3623,#3624,#3625);
#3623 = CARTESIAN_POINT('',(-12.1,-1.6,1.5));
#3624 = DIRECTION('',(0.,0.,-1.));
#3625 = DIRECTION('',(-1.,0.,0.));
#3626 = ADVANCED_FACE('',(#3627),#3639,.T.);
#3627 = FACE_BOUND('',#3628,.T.);
#3628 = EDGE_LOOP('',(#3629,#3630,#3631,#3638));
#3629 = ORIENTED_EDGE('',*,*,#3614,.T.);
#3630 = ORIENTED_EDGE('',*,*,#659,.F.);
#3631 = ORIENTED_EDGE('',*,*,#3632,.F.);
#3632 = EDGE_CURVE('',#1281,#652,#3633,.T.);
#3633 = CIRCLE('',#3634,0.2);
#3634 = AXIS2_PLACEMENT_3D('',#3635,#3636,#3637);
#3635 = CARTESIAN_POINT('',(-11.49999999998,-1.6,2.100000000007));
#3636 = DIRECTION('',(1.,1.008741701281E-11,-1.008741701281E-11));
#3637 = DIRECTION('',(-1.008741701281E-11,3.743058774803E-39,-1.));
#3638 = ORIENTED_EDGE('',*,*,#1280,.F.);
#3639 = TOROIDAL_SURFACE('',#3640,0.600000000007,0.2);
#3640 = AXIS2_PLACEMENT_3D('',#3641,#3642,#3643);
#3641 = CARTESIAN_POINT('',(-11.49999999999,-1.6,1.5));
#3642 = DIRECTION('',(0.,1.,0.));
#3643 = DIRECTION('',(0.,-0.,1.));
#3644 = ADVANCED_FACE('',(#3645),#3657,.T.);
#3645 = FACE_BOUND('',#3646,.T.);
#3646 = EDGE_LOOP('',(#3647,#3648,#3649,#3656));
#3647 = ORIENTED_EDGE('',*,*,#3632,.T.);
#3648 = ORIENTED_EDGE('',*,*,#651,.F.);
#3649 = ORIENTED_EDGE('',*,*,#3650,.F.);
#3650 = EDGE_CURVE('',#1747,#643,#3651,.T.);
#3651 = CIRCLE('',#3652,0.2);
#3652 = AXIS2_PLACEMENT_3D('',#3653,#3654,#3655);
#3653 = CARTESIAN_POINT('',(-8.599999999985,-1.6,2.100000000007));
#3654 = DIRECTION('',(1.,0.,0.));
#3655 = DIRECTION('',(0.,-0.,-1.));
#3656 = ORIENTED_EDGE('',*,*,#1770,.F.);
#3657 = CYLINDRICAL_SURFACE('',#3658,0.2);
#3658 = AXIS2_PLACEMENT_3D('',#3659,#3660,#3661);
#3659 = CARTESIAN_POINT('',(-11.49999999998,-1.6,2.100000000007));
#3660 = DIRECTION('',(-1.,0.,0.));
#3661 = DIRECTION('',(0.,0.,1.));
#3662 = ADVANCED_FACE('',(#3663),#3677,.T.);
#3663 = FACE_BOUND('',#3664,.T.);
#3664 = EDGE_LOOP('',(#3665,#3666,#3667,#3676));
#3665 = ORIENTED_EDGE('',*,*,#3650,.T.);
#3666 = ORIENTED_EDGE('',*,*,#642,.F.);
#3667 = ORIENTED_EDGE('',*,*,#3668,.F.);
#3668 = EDGE_CURVE('',#1697,#635,#3669,.T.);
#3669 = B_SPLINE_CURVE_WITH_KNOTS('',3,(#3670,#3671,#3672,#3673,#3674,
    #3675),.UNSPECIFIED.,.F.,.F.,(4,2,4),(2.168404344971E-19,
    1.563052009577E-04,3.126104019153E-04),.UNSPECIFIED.);
#3670 = CARTESIAN_POINT('',(-7.4,-1.6,3.4));
#3671 = CARTESIAN_POINT('',(-7.4,-1.65285219529,3.4));
#3672 = CARTESIAN_POINT('',(-7.378311677254,-1.704528131148,
    3.399049620657));
#3673 = CARTESIAN_POINT('',(-7.304542168347,-1.778303447762,
    3.395917636437));
#3674 = CARTESIAN_POINT('',(-7.252075568052,-1.8,3.393738928251));
#3675 = CARTESIAN_POINT('',(-7.2,-1.8,3.391638705923));
#3676 = ORIENTED_EDGE('',*,*,#1746,.F.);
#3677 = TOROIDAL_SURFACE('',#3678,1.40454545453,0.2);
#3678 = AXIS2_PLACEMENT_3D('',#3679,#3680,#3681);
#3679 = CARTESIAN_POINT('',(-8.599999999985,-1.6,3.504545454537));
#3680 = DIRECTION('',(0.,1.,0.));
#3681 = DIRECTION('',(0.,-0.,1.));
#3682 = ADVANCED_FACE('',(#3683),#3695,.T.);
#3683 = FACE_BOUND('',#3684,.T.);
#3684 = EDGE_LOOP('',(#3685,#3686,#3687,#3694));
#3685 = ORIENTED_EDGE('',*,*,#3668,.T.);
#3686 = ORIENTED_EDGE('',*,*,#634,.F.);
#3687 = ORIENTED_EDGE('',*,*,#3688,.F.);
#3688 = EDGE_CURVE('',#1707,#626,#3689,.T.);
#3689 = CIRCLE('',#3690,0.2);
#3690 = AXIS2_PLACEMENT_3D('',#3691,#3692,#3693);
#3691 = CARTESIAN_POINT('',(-7.2,-1.6,3.575735931288));
#3692 = DIRECTION('',(-1.734723475977E-14,0.,1.));
#3693 = DIRECTION('',(1.,0.,1.734723475977E-14));
#3694 = ORIENTED_EDGE('',*,*,#1706,.F.);
#3695 = CYLINDRICAL_SURFACE('',#3696,0.2);
#3696 = AXIS2_PLACEMENT_3D('',#3697,#3698,#3699);
#3697 = CARTESIAN_POINT('',(-7.2,-1.6,1.5));
#3698 = DIRECTION('',(1.734723475977E-14,0.,-1.));
#3699 = DIRECTION('',(-1.,0.,-1.734723475977E-14));
#3700 = ADVANCED_FACE('',(#3701),#3713,.T.);
#3701 = FACE_BOUND('',#3702,.T.);
#3702 = EDGE_LOOP('',(#3703,#3704,#3705,#3712));
#3703 = ORIENTED_EDGE('',*,*,#3688,.T.);
#3704 = ORIENTED_EDGE('',*,*,#625,.F.);
#3705 = ORIENTED_EDGE('',*,*,#3706,.F.);
#3706 = EDGE_CURVE('',#1659,#618,#3707,.T.);
#3707 = CIRCLE('',#3708,0.2);
#3708 = AXIS2_PLACEMENT_3D('',#3709,#3710,#3711);
#3709 = CARTESIAN_POINT('',(-7.170710678119,-1.6,3.646446609407));
#3710 = DIRECTION('',(0.707106781187,1.533293416683E-15,0.707106781187)
  );
#3711 = DIRECTION('',(0.707106781187,8.636892949648E-33,-0.707106781187)
  );
#3712 = ORIENTED_EDGE('',*,*,#2225,.F.);
#3713 = SURFACE_OF_REVOLUTION('',#3714,#3722);
#3714 = B_SPLINE_CURVE_WITH_KNOTS('',6,(#3715,#3716,#3717,#3718,#3719,
    #3720,#3721),.UNSPECIFIED.,.F.,.F.,(7,7),(4.712388980385,
    6.28318530718),.PIECEWISE_BEZIER_KNOTS.);
#3715 = CARTESIAN_POINT('',(-7.1,-1.8,3.675735931288));
#3716 = CARTESIAN_POINT('',(-7.1,-1.8,3.728095808848));
#3717 = CARTESIAN_POINT('',(-7.1,-1.783554462796,3.780451231429));
#3718 = CARTESIAN_POINT('',(-7.1,-1.750638029928,3.826373961216));
#3719 = CARTESIAN_POINT('',(-7.1,-1.704715300141,3.859290394084));
#3720 = CARTESIAN_POINT('',(-7.1,-1.65235987756,3.875735931288));
#3721 = CARTESIAN_POINT('',(-7.1,-1.6,3.875735931288));
#3722 = AXIS1_PLACEMENT('',#3723,#3724);
#3723 = CARTESIAN_POINT('',(-7.1,-1.6,3.575735931288));
#3724 = DIRECTION('',(0.,1.,0.));
#3725 = ADVANCED_FACE('',(#3726),#3738,.T.);
#3726 = FACE_BOUND('',#3727,.T.);
#3727 = EDGE_LOOP('',(#3728,#3729,#3730,#3737));
#3728 = ORIENTED_EDGE('',*,*,#3706,.T.);
#3729 = ORIENTED_EDGE('',*,*,#617,.F.);
#3730 = ORIENTED_EDGE('',*,*,#3731,.F.);
#3731 = EDGE_CURVE('',#1667,#609,#3732,.T.);
#3732 = CIRCLE('',#3733,0.2);
#3733 = AXIS2_PLACEMENT_3D('',#3734,#3735,#3736);
#3734 = CARTESIAN_POINT('',(-6.496446609407,-1.6,4.320710678119));
#3735 = DIRECTION('',(0.707106781187,0.,0.707106781187));
#3736 = DIRECTION('',(0.707106781187,0.,-0.707106781187));
#3737 = ORIENTED_EDGE('',*,*,#1666,.F.);
#3738 = CYLINDRICAL_SURFACE('',#3739,0.2);
#3739 = AXIS2_PLACEMENT_3D('',#3740,#3741,#3742);
#3740 = CARTESIAN_POINT('',(-10.40857864375,-1.6,0.408578643766));
#3741 = DIRECTION('',(-0.707106781187,0.,-0.707106781187));
#3742 = DIRECTION('',(-0.707106781187,0.,0.707106781187));
#3743 = ADVANCED_FACE('',(#3744),#3756,.T.);
#3744 = FACE_BOUND('',#3745,.T.);
#3745 = EDGE_LOOP('',(#3746,#3747,#3748,#3755));
#3746 = ORIENTED_EDGE('',*,*,#3731,.T.);
#3747 = ORIENTED_EDGE('',*,*,#608,.F.);
#3748 = ORIENTED_EDGE('',*,*,#3749,.F.);
#3749 = EDGE_CURVE('',#1619,#601,#3750,.T.);
#3750 = CIRCLE('',#3751,0.2);
#3751 = AXIS2_PLACEMENT_3D('',#3752,#3753,#3754);
#3752 = CARTESIAN_POINT('',(-6.425735931288,-1.6,4.35));
#3753 = DIRECTION('',(1.,0.,0.));
#3754 = DIRECTION('',(0.,-0.,-1.));
#3755 = ORIENTED_EDGE('',*,*,#2207,.F.);
#3756 = SURFACE_OF_REVOLUTION('',#3757,#3765);
#3757 = B_SPLINE_CURVE_WITH_KNOTS('',6,(#3758,#3759,#3760,#3761,#3762,
    #3763,#3764),.UNSPECIFIED.,.F.,.F.,(7,7),(4.712388980385,
    6.28318530718),.PIECEWISE_BEZIER_KNOTS.);
#3758 = CARTESIAN_POINT('',(-6.425735931288,-1.8,4.35));
#3759 = CARTESIAN_POINT('',(-6.425735931288,-1.8,4.40235987756));
#3760 = CARTESIAN_POINT('',(-6.425735931288,-1.783554462796,
    4.454715300141));
#3761 = CARTESIAN_POINT('',(-6.425735931288,-1.750638029928,
    4.500638029928));
#3762 = CARTESIAN_POINT('',(-6.425735931288,-1.704715300141,
    4.533554462796));
#3763 = CARTESIAN_POINT('',(-6.425735931288,-1.65235987756,4.55));
#3764 = CARTESIAN_POINT('',(-6.425735931288,-1.6,4.55));
#3765 = AXIS1_PLACEMENT('',#3766,#3767);
#3766 = CARTESIAN_POINT('',(-6.425735931288,-1.6,4.25));
#3767 = DIRECTION('',(0.,1.,0.));
#3768 = ADVANCED_FACE('',(#3769),#3781,.T.);
#3769 = FACE_BOUND('',#3770,.T.);
#3770 = EDGE_LOOP('',(#3771,#3772,#3773,#3780));
#3771 = ORIENTED_EDGE('',*,*,#3749,.T.);
#3772 = ORIENTED_EDGE('',*,*,#600,.F.);
#3773 = ORIENTED_EDGE('',*,*,#3774,.F.);
#3774 = EDGE_CURVE('',#1627,#592,#3775,.T.);
#3775 = CIRCLE('',#3776,0.2);
#3776 = AXIS2_PLACEMENT_3D('',#3777,#3778,#3779);
#3777 = CARTESIAN_POINT('',(-3.674264068712,-1.6,4.35));
#3778 = DIRECTION('',(1.,0.,0.));
#3779 = DIRECTION('',(0.,-0.,-1.));
#3780 = ORIENTED_EDGE('',*,*,#1626,.F.);
#3781 = CYLINDRICAL_SURFACE('',#3782,0.2);
#3782 = AXIS2_PLACEMENT_3D('',#3783,#3784,#3785);
#3783 = CARTESIAN_POINT('',(-11.49999999999,-1.6,4.35));
#3784 = DIRECTION('',(-1.,0.,0.));
#3785 = DIRECTION('',(0.,0.,1.));
#3786 = ADVANCED_FACE('',(#3787),#3799,.T.);
#3787 = FACE_BOUND('',#3788,.T.);
#3788 = EDGE_LOOP('',(#3789,#3790,#3791,#3798));
#3789 = ORIENTED_EDGE('',*,*,#3774,.T.);
#3790 = ORIENTED_EDGE('',*,*,#591,.F.);
#3791 = ORIENTED_EDGE('',*,*,#3792,.F.);
#3792 = EDGE_CURVE('',#1579,#584,#3793,.T.);
#3793 = CIRCLE('',#3794,0.2);
#3794 = AXIS2_PLACEMENT_3D('',#3795,#3796,#3797);
#3795 = CARTESIAN_POINT('',(-3.603553390593,-1.6,4.320710678119));
#3796 = DIRECTION('',(0.707106781187,1.533293416683E-15,-0.707106781187)
  );
#3797 = DIRECTION('',(-0.707106781187,-3.516476995105E-32,
    -0.707106781187));
#3798 = ORIENTED_EDGE('',*,*,#2189,.F.);
#3799 = SURFACE_OF_REVOLUTION('',#3800,#3808);
#3800 = B_SPLINE_CURVE_WITH_KNOTS('',6,(#3801,#3802,#3803,#3804,#3805,
    #3806,#3807),.UNSPECIFIED.,.F.,.F.,(7,7),(4.712388980385,
    6.28318530718),.PIECEWISE_BEZIER_KNOTS.);
#3801 = CARTESIAN_POINT('',(-3.674264068712,-1.8,4.35));
#3802 = CARTESIAN_POINT('',(-3.674264068712,-1.8,4.40235987756));
#3803 = CARTESIAN_POINT('',(-3.674264068712,-1.783554462796,
    4.454715300141));
#3804 = CARTESIAN_POINT('',(-3.674264068712,-1.750638029928,
    4.500638029928));
#3805 = CARTESIAN_POINT('',(-3.674264068712,-1.704715300141,
    4.533554462796));
#3806 = CARTESIAN_POINT('',(-3.674264068712,-1.65235987756,4.55));
#3807 = CARTESIAN_POINT('',(-3.674264068712,-1.6,4.55));
#3808 = AXIS1_PLACEMENT('',#3809,#3810);
#3809 = CARTESIAN_POINT('',(-3.674264068712,-1.6,4.25));
#3810 = DIRECTION('',(0.,1.,0.));
#3811 = ADVANCED_FACE('',(#3812),#3824,.T.);
#3812 = FACE_BOUND('',#3813,.T.);
#3813 = EDGE_LOOP('',(#3814,#3815,#3816,#3823));
#3814 = ORIENTED_EDGE('',*,*,#3792,.T.);
#3815 = ORIENTED_EDGE('',*,*,#583,.F.);
#3816 = ORIENTED_EDGE('',*,*,#3817,.F.);
#3817 = EDGE_CURVE('',#1587,#575,#3818,.T.);
#3818 = CIRCLE('',#3819,0.2);
#3819 = AXIS2_PLACEMENT_3D('',#3820,#3821,#3822);
#3820 = CARTESIAN_POINT('',(-2.929289321881,-1.6,3.646446609407));
#3821 = DIRECTION('',(0.707106781187,2.821186441973E-29,-0.707106781187)
  );
#3822 = DIRECTION('',(-0.707106781187,-5.119626523057E-46,
    -0.707106781187));
#3823 = ORIENTED_EDGE('',*,*,#1586,.F.);
#3824 = CYLINDRICAL_SURFACE('',#3825,0.2);
#3825 = AXIS2_PLACEMENT_3D('',#3826,#3827,#3828);
#3826 = CARTESIAN_POINT('',(-6.141421356234,-1.6,6.858578643759));
#3827 = DIRECTION('',(-0.707106781187,0.,0.707106781187));
#3828 = DIRECTION('',(0.707106781187,0.,0.707106781187));
#3829 = ADVANCED_FACE('',(#3830),#3842,.T.);
#3830 = FACE_BOUND('',#3831,.T.);
#3831 = EDGE_LOOP('',(#3832,#3833,#3834,#3841));
#3832 = ORIENTED_EDGE('',*,*,#3817,.T.);
#3833 = ORIENTED_EDGE('',*,*,#574,.F.);
#3834 = ORIENTED_EDGE('',*,*,#3835,.F.);
#3835 = EDGE_CURVE('',#1233,#567,#3836,.T.);
#3836 = CIRCLE('',#3837,0.2);
#3837 = AXIS2_PLACEMENT_3D('',#3838,#3839,#3840);
#3838 = CARTESIAN_POINT('',(-2.9,-1.6,3.575735931288));
#3839 = DIRECTION('',(0.,0.,-1.));
#3840 = DIRECTION('',(-1.,0.,0.));
#3841 = ORIENTED_EDGE('',*,*,#2171,.F.);
#3842 = SURFACE_OF_REVOLUTION('',#3843,#3851);
#3843 = B_SPLINE_CURVE_WITH_KNOTS('',6,(#3844,#3845,#3846,#3847,#3848,
    #3849,#3850),.UNSPECIFIED.,.F.,.F.,(7,7),(4.712388980385,
    6.28318530718),.PIECEWISE_BEZIER_KNOTS.);
#3844 = CARTESIAN_POINT('',(-3.,-1.8,3.675735931288));
#3845 = CARTESIAN_POINT('',(-3.,-1.8,3.728095808848));
#3846 = CARTESIAN_POINT('',(-3.,-1.783554462796,3.780451231429));
#3847 = CARTESIAN_POINT('',(-3.,-1.750638029928,3.826373961216));
#3848 = CARTESIAN_POINT('',(-3.,-1.704715300141,3.859290394084));
#3849 = CARTESIAN_POINT('',(-3.,-1.65235987756,3.875735931288));
#3850 = CARTESIAN_POINT('',(-3.,-1.6,3.875735931288));
#3851 = AXIS1_PLACEMENT('',#3852,#3853);
#3852 = CARTESIAN_POINT('',(-3.,-1.6,3.575735931288));
#3853 = DIRECTION('',(0.,1.,0.));
#3854 = ADVANCED_FACE('',(#3855),#3861,.T.);
#3855 = FACE_BOUND('',#3856,.T.);
#3856 = EDGE_LOOP('',(#3857,#3858,#3859,#3860));
#3857 = ORIENTED_EDGE('',*,*,#3835,.T.);
#3858 = ORIENTED_EDGE('',*,*,#566,.F.);
#3859 = ORIENTED_EDGE('',*,*,#3171,.F.);
#3860 = ORIENTED_EDGE('',*,*,#1240,.F.);
#3861 = CYLINDRICAL_SURFACE('',#3862,0.2);
#3862 = AXIS2_PLACEMENT_3D('',#3863,#3864,#3865);
#3863 = CARTESIAN_POINT('',(-2.9,-1.6,3.7));
#3864 = DIRECTION('',(1.445602896647E-16,-0.,1.));
#3865 = DIRECTION('',(1.,0.,-1.445602896647E-16));
#3866 = ( GEOMETRIC_REPRESENTATION_CONTEXT(3) 
GLOBAL_UNCERTAINTY_ASSIGNED_CONTEXT((#3870)) 
GLOBAL_UNIT_ASSIGNED_CONTEXT((#3867,#3868,#3869)) REPRESENTATION_CONTEXT
('Context #1','3D Context with UNIT and UNCERTAINTY') );
#3867 = ( LENGTH_UNIT() NAMED_UNIT(*) SI_UNIT(.MILLI.,.METRE.) );
#3868 = ( NAMED_UNIT(*) PLANE_ANGLE_UNIT() SI_UNIT($,.RADIAN.) );
#3869 = ( NAMED_UNIT(*) SI_UNIT($,.STERADIAN.) SOLID_ANGLE_UNIT() );
#3870 = UNCERTAINTY_MEASURE_WITH_UNIT(LENGTH_MEASURE(5.E-06),#3867,
  'distance_accuracy_value','confusion accuracy');
#3871 = CONTEXT_DEPENDENT_SHAPE_REPRESENTATION(#3872,#3874);
#3872 = ( REPRESENTATION_RELATIONSHIP('','',#40,#10) 
REPRESENTATION_RELATIONSHIP_WITH_TRANSFORMATION(#3873) 
SHAPE_REPRESENTATION_RELATIONSHIP() );
#3873 = ITEM_DEFINED_TRANSFORMATION('','',#11,#15);
#3874 = PRODUCT_DEFINITION_SHAPE('Placement','Placement of an item',
  #3875);
#3875 = NEXT_ASSEMBLY_USAGE_OCCURRENCE('1','socket001','',#5,#35,$);
#3876 = PRODUCT_RELATED_PRODUCT_CATEGORY('part',$,(#37));
#3877 = SHAPE_DEFINITION_REPRESENTATION(#3878,#3884);
#3878 = PRODUCT_DEFINITION_SHAPE('','',#3879);
#3879 = PRODUCT_DEFINITION('design','',#3880,#3883);
#3880 = PRODUCT_DEFINITION_FORMATION('','',#3881);
#3881 = PRODUCT('pin002','pin002','',(#3882));
#3882 = PRODUCT_CONTEXT('',#2,'mechanical');
#3883 = PRODUCT_DEFINITION_CONTEXT('part definition',#2,'design');
#3884 = ADVANCED_BREP_SHAPE_REPRESENTATION('',(#11,#3885),#6781);
#3885 = MANIFOLD_SOLID_BREP('',#3886);
#3886 = CLOSED_SHELL('',(#3887,#3933,#3979,#4025,#4071,#4111,#4142,#4173
    ,#4195,#4241,#4285,#4317,#4353,#4377,#4410,#4442,#4478,#4512,#4548,
    #4570,#4596,#4622,#4662,#4692,#4722,#4762,#4793,#4824,#4841,#4853,
    #4905,#4922,#4974,#4991,#5024,#5057,#5074,#5091,#5131,#5153,#5165,
    #5196,#5227,#5260,#5291,#5324,#5346,#5363,#5394,#5428,#5446,#5474,
    #5486,#5532,#5564,#5600,#5634,#5670,#5701,#5725,#5759,#5795,#5827,
    #5865,#5891,#5917,#5957,#5988,#6019,#6059,#6087,#6115,#6127,#6144,
    #6177,#6194,#6227,#6244,#6298,#6352,#6369,#6386,#6417,#6434,#6465,
    #6498,#6529,#6562,#6593,#6615,#6627,#6658,#6689,#6723,#6741,#6769));
#3887 = ADVANCED_FACE('',(#3888),#3928,.F.);
#3888 = FACE_BOUND('',#3889,.F.);
#3889 = EDGE_LOOP('',(#3890,#3900,#3911,#3919));
#3890 = ORIENTED_EDGE('',*,*,#3891,.T.);
#3891 = EDGE_CURVE('',#3892,#3894,#3896,.T.);
#3892 = VERTEX_POINT('',#3893);
#3893 = CARTESIAN_POINT('',(-2.756255668237,-2.089491193792,-0.7));
#3894 = VERTEX_POINT('',#3895);
#3895 = CARTESIAN_POINT('',(-1.793744331763,-2.089491193792,-0.7));
#3896 = LINE('',#3897,#3898);
#3897 = CARTESIAN_POINT('',(0.1,-2.089491193792,-0.7));
#3898 = VECTOR('',#3899,1.);
#3899 = DIRECTION('',(1.,0.,0.));
#3900 = ORIENTED_EDGE('',*,*,#3901,.F.);
#3901 = EDGE_CURVE('',#3902,#3894,#3904,.T.);
#3902 = VERTEX_POINT('',#3903);
#3903 = CARTESIAN_POINT('',(-1.831536721371,-2.289491193792,-0.5));
#3904 = B_SPLINE_CURVE_WITH_KNOTS('',3,(#3905,#3906,#3907,#3908,#3909,
    #3910),.UNSPECIFIED.,.F.,.F.,(4,2,4),(0.5,0.75,1.),.UNSPECIFIED.);
#3905 = CARTESIAN_POINT('',(-1.831536721371,-2.289491193792,-0.5));
#3906 = CARTESIAN_POINT('',(-1.82523798977,-2.289491193792,
    -0.55235987756));
#3907 = CARTESIAN_POINT('',(-1.818939258168,-2.267936574514,
    -0.604397331753));
#3908 = CARTESIAN_POINT('',(-1.806341794966,-2.193888525544,
    -0.678445380722));
#3909 = CARTESIAN_POINT('',(-1.800043063364,-2.141851071351,-0.7));
#3910 = CARTESIAN_POINT('',(-1.793744331763,-2.089491193792,-0.7));
#3911 = ORIENTED_EDGE('',*,*,#3912,.F.);
#3912 = EDGE_CURVE('',#3913,#3902,#3915,.T.);
#3913 = VERTEX_POINT('',#3914);
#3914 = CARTESIAN_POINT('',(-2.718463278629,-2.289491193792,-0.5));
#3915 = LINE('',#3916,#3917);
#3916 = CARTESIAN_POINT('',(-3.577043357832,-2.289491193792,-0.5));
#3917 = VECTOR('',#3918,1.);
#3918 = DIRECTION('',(1.,0.,0.));
#3919 = ORIENTED_EDGE('',*,*,#3920,.F.);
#3920 = EDGE_CURVE('',#3892,#3913,#3921,.T.);
#3921 = B_SPLINE_CURVE_WITH_KNOTS('',3,(#3922,#3923,#3924,#3925,#3926,
    #3927),.UNSPECIFIED.,.F.,.F.,(4,2,4),(0.,0.25,0.5),.UNSPECIFIED.);
#3922 = CARTESIAN_POINT('',(-2.756255668237,-2.089491193792,-0.7));
#3923 = CARTESIAN_POINT('',(-2.749956936636,-2.141851071351,-0.7));
#3924 = CARTESIAN_POINT('',(-2.743658205034,-2.193888525544,
    -0.678445380722));
#3925 = CARTESIAN_POINT('',(-2.731060741832,-2.267936574514,
    -0.604397331753));
#3926 = CARTESIAN_POINT('',(-2.72476201023,-2.289491193792,
    -0.55235987756));
#3927 = CARTESIAN_POINT('',(-2.718463278629,-2.289491193792,-0.5));
#3928 = CYLINDRICAL_SURFACE('',#3929,0.2);
#3929 = AXIS2_PLACEMENT_3D('',#3930,#3931,#3932);
#3930 = CARTESIAN_POINT('',(-3.577043357832,-2.089491193792,-0.5));
#3931 = DIRECTION('',(1.,0.,0.));
#3932 = DIRECTION('',(0.,-1.,3.252606517457E-15));
#3933 = ADVANCED_FACE('',(#3934),#3974,.T.);
#3934 = FACE_BOUND('',#3935,.T.);
#3935 = EDGE_LOOP('',(#3936,#3949,#3957,#3968));
#3936 = ORIENTED_EDGE('',*,*,#3937,.F.);
#3937 = EDGE_CURVE('',#3938,#3940,#3942,.T.);
#3938 = VERTEX_POINT('',#3939);
#3939 = CARTESIAN_POINT('',(-2.718463278629,-2.439491193792,-0.5));
#3940 = VERTEX_POINT('',#3941);
#3941 = CARTESIAN_POINT('',(-2.680670889021,-2.089491193792,-0.15));
#3942 = B_SPLINE_CURVE_WITH_KNOTS('',3,(#3943,#3944,#3945,#3946,#3947,
    #3948),.UNSPECIFIED.,.F.,.F.,(4,2,4),(0.5,0.75,1.),.UNSPECIFIED.);
#3943 = CARTESIAN_POINT('',(-2.718463278629,-2.439491193792,-0.5));
#3944 = CARTESIAN_POINT('',(-2.712164547027,-2.439491193791,
    -0.40837021427));
#3945 = CARTESIAN_POINT('',(-2.705865815426,-2.401770610055,
    -0.317304669433));
#3946 = CARTESIAN_POINT('',(-2.693268352223,-2.272186524359,
    -0.187720583737));
#3947 = CARTESIAN_POINT('',(-2.686987228922,-2.181377133443,-0.15));
#3948 = CARTESIAN_POINT('',(-2.680670889021,-2.089491193792,-0.15));
#3949 = ORIENTED_EDGE('',*,*,#3950,.T.);
#3950 = EDGE_CURVE('',#3938,#3951,#3953,.T.);
#3951 = VERTEX_POINT('',#3952);
#3952 = CARTESIAN_POINT('',(-1.831536721371,-2.439491193792,-0.5));
#3953 = LINE('',#3954,#3955);
#3954 = CARTESIAN_POINT('',(-3.577043357832,-2.439491193792,-0.5));
#3955 = VECTOR('',#3956,1.);
#3956 = DIRECTION('',(1.,0.,0.));
#3957 = ORIENTED_EDGE('',*,*,#3958,.F.);
#3958 = EDGE_CURVE('',#3959,#3951,#3961,.T.);
#3959 = VERTEX_POINT('',#3960);
#3960 = CARTESIAN_POINT('',(-1.869329110979,-2.089491193792,-0.15));
#3961 = B_SPLINE_CURVE_WITH_KNOTS('',3,(#3962,#3963,#3964,#3965,#3966,
    #3967),.UNSPECIFIED.,.F.,.F.,(4,2,4),(0.,0.25,0.5),.UNSPECIFIED.);
#3962 = CARTESIAN_POINT('',(-1.869329110979,-2.089491193792,-0.15));
#3963 = CARTESIAN_POINT('',(-1.863012771078,-2.181377133443,-0.15));
#3964 = CARTESIAN_POINT('',(-1.856731647777,-2.272186524359,
    -0.187720583737));
#3965 = CARTESIAN_POINT('',(-1.844134184574,-2.401770610055,
    -0.317304669433));
#3966 = CARTESIAN_POINT('',(-1.837835452973,-2.439491193792,
    -0.408370214271));
#3967 = CARTESIAN_POINT('',(-1.831536721371,-2.439491193792,-0.5));
#3968 = ORIENTED_EDGE('',*,*,#3969,.F.);
#3969 = EDGE_CURVE('',#3940,#3959,#3970,.T.);
#3970 = LINE('',#3971,#3972);
#3971 = CARTESIAN_POINT('',(0.1,-2.089491193792,-0.15));
#3972 = VECTOR('',#3973,1.);
#3973 = DIRECTION('',(1.,0.,0.));
#3974 = CYLINDRICAL_SURFACE('',#3975,0.35);
#3975 = AXIS2_PLACEMENT_3D('',#3976,#3977,#3978);
#3976 = CARTESIAN_POINT('',(-3.577043357832,-2.089491193792,-0.5));
#3977 = DIRECTION('',(1.,0.,0.));
#3978 = DIRECTION('',(0.,-1.,3.407492542097E-15));
#3979 = ADVANCED_FACE('',(#3980),#4020,.F.);
#3980 = FACE_BOUND('',#3981,.F.);
#3981 = EDGE_LOOP('',(#3982,#3992,#4003,#4011));
#3982 = ORIENTED_EDGE('',*,*,#3983,.F.);
#3983 = EDGE_CURVE('',#3984,#3986,#3988,.T.);
#3984 = VERTEX_POINT('',#3985);
#3985 = CARTESIAN_POINT('',(-2.756255668237,-2.089491193792,0.7));
#3986 = VERTEX_POINT('',#3987);
#3987 = CARTESIAN_POINT('',(-1.793744331763,-2.089491193792,0.7));
#3988 = LINE('',#3989,#3990);
#3989 = CARTESIAN_POINT('',(0.1,-2.089491193792,0.7));
#3990 = VECTOR('',#3991,1.);
#3991 = DIRECTION('',(1.,0.,0.));
#3992 = ORIENTED_EDGE('',*,*,#3993,.F.);
#3993 = EDGE_CURVE('',#3994,#3984,#3996,.T.);
#3994 = VERTEX_POINT('',#3995);
#3995 = CARTESIAN_POINT('',(-2.718463278629,-2.289491193792,0.5));
#3996 = B_SPLINE_CURVE_WITH_KNOTS('',3,(#3997,#3998,#3999,#4000,#4001,
    #4002),.UNSPECIFIED.,.F.,.F.,(4,2,4),(0.5,0.75,1.),.UNSPECIFIED.);
#3997 = CARTESIAN_POINT('',(-2.718463278629,-2.289491193792,0.5));
#3998 = CARTESIAN_POINT('',(-2.72476201023,-2.289491193792,0.55235987756
    ));
#3999 = CARTESIAN_POINT('',(-2.731060741832,-2.267936574514,
    0.604397331753));
#4000 = CARTESIAN_POINT('',(-2.743658205034,-2.193888525544,
    0.678445380722));
#4001 = CARTESIAN_POINT('',(-2.749956936636,-2.141851071351,0.7));
#4002 = CARTESIAN_POINT('',(-2.756255668237,-2.089491193792,0.7));
#4003 = ORIENTED_EDGE('',*,*,#4004,.F.);
#4004 = EDGE_CURVE('',#4005,#3994,#4007,.T.);
#4005 = VERTEX_POINT('',#4006);
#4006 = CARTESIAN_POINT('',(-1.831536721371,-2.289491193792,0.5));
#4007 = LINE('',#4008,#4009);
#4008 = CARTESIAN_POINT('',(-0.972956642168,-2.289491193792,0.5));
#4009 = VECTOR('',#4010,1.);
#4010 = DIRECTION('',(-1.,0.,0.));
#4011 = ORIENTED_EDGE('',*,*,#4012,.F.);
#4012 = EDGE_CURVE('',#3986,#4005,#4013,.T.);
#4013 = B_SPLINE_CURVE_WITH_KNOTS('',3,(#4014,#4015,#4016,#4017,#4018,
    #4019),.UNSPECIFIED.,.F.,.F.,(4,2,4),(0.,0.25,0.5),.UNSPECIFIED.);
#4014 = CARTESIAN_POINT('',(-1.793744331763,-2.089491193792,0.7));
#4015 = CARTESIAN_POINT('',(-1.800043063364,-2.141851071351,0.7));
#4016 = CARTESIAN_POINT('',(-1.806341794966,-2.193888525544,
    0.678445380722));
#4017 = CARTESIAN_POINT('',(-1.818939258168,-2.267936574514,
    0.604397331753));
#4018 = CARTESIAN_POINT('',(-1.82523798977,-2.289491193792,0.55235987756
    ));
#4019 = CARTESIAN_POINT('',(-1.831536721371,-2.289491193792,0.5));
#4020 = CYLINDRICAL_SURFACE('',#4021,0.2);
#4021 = AXIS2_PLACEMENT_3D('',#4022,#4023,#4024);
#4022 = CARTESIAN_POINT('',(-0.972956642168,-2.089491193792,0.5));
#4023 = DIRECTION('',(-1.,0.,0.));
#4024 = DIRECTION('',(-0.,-1.,-3.252606517457E-15));
#4025 = ADVANCED_FACE('',(#4026),#4066,.T.);
#4026 = FACE_BOUND('',#4027,.T.);
#4027 = EDGE_LOOP('',(#4028,#4041,#4049,#4060));
#4028 = ORIENTED_EDGE('',*,*,#4029,.F.);
#4029 = EDGE_CURVE('',#4030,#4032,#4034,.T.);
#4030 = VERTEX_POINT('',#4031);
#4031 = CARTESIAN_POINT('',(-1.831536721371,-2.439491193792,0.5));
#4032 = VERTEX_POINT('',#4033);
#4033 = CARTESIAN_POINT('',(-1.869329110979,-2.089491193792,0.15));
#4034 = B_SPLINE_CURVE_WITH_KNOTS('',3,(#4035,#4036,#4037,#4038,#4039,
    #4040),.UNSPECIFIED.,.F.,.F.,(4,2,4),(0.5,0.75,1.),.UNSPECIFIED.);
#4035 = CARTESIAN_POINT('',(-1.831536721371,-2.439491193792,0.5));
#4036 = CARTESIAN_POINT('',(-1.837835452973,-2.439491193791,
    0.40837021427));
#4037 = CARTESIAN_POINT('',(-1.844134184574,-2.401770610055,
    0.317304669433));
#4038 = CARTESIAN_POINT('',(-1.856731647777,-2.272186524359,
    0.187720583737));
#4039 = CARTESIAN_POINT('',(-1.863012771078,-2.181377133443,0.15));
#4040 = CARTESIAN_POINT('',(-1.869329110979,-2.089491193792,0.15));
#4041 = ORIENTED_EDGE('',*,*,#4042,.T.);
#4042 = EDGE_CURVE('',#4030,#4043,#4045,.T.);
#4043 = VERTEX_POINT('',#4044);
#4044 = CARTESIAN_POINT('',(-2.718463278629,-2.439491193792,0.5));
#4045 = LINE('',#4046,#4047);
#4046 = CARTESIAN_POINT('',(-0.972956642168,-2.439491193792,0.5));
#4047 = VECTOR('',#4048,1.);
#4048 = DIRECTION('',(-1.,0.,0.));
#4049 = ORIENTED_EDGE('',*,*,#4050,.F.);
#4050 = EDGE_CURVE('',#4051,#4043,#4053,.T.);
#4051 = VERTEX_POINT('',#4052);
#4052 = CARTESIAN_POINT('',(-2.680670889021,-2.089491193792,0.15));
#4053 = B_SPLINE_CURVE_WITH_KNOTS('',3,(#4054,#4055,#4056,#4057,#4058,
    #4059),.UNSPECIFIED.,.F.,.F.,(4,2,4),(0.,0.25,0.5),.UNSPECIFIED.);
#4054 = CARTESIAN_POINT('',(-2.680670889021,-2.089491193792,0.15));
#4055 = CARTESIAN_POINT('',(-2.686987228922,-2.181377133443,0.15));
#4056 = CARTESIAN_POINT('',(-2.693268352223,-2.272186524359,
    0.187720583737));
#4057 = CARTESIAN_POINT('',(-2.705865815426,-2.401770610055,
    0.317304669433));
#4058 = CARTESIAN_POINT('',(-2.712164547027,-2.439491193791,
    0.40837021427));
#4059 = CARTESIAN_POINT('',(-2.718463278629,-2.439491193792,0.5));
#4060 = ORIENTED_EDGE('',*,*,#4061,.T.);
#4061 = EDGE_CURVE('',#4051,#4032,#4062,.T.);
#4062 = LINE('',#4063,#4064);
#4063 = CARTESIAN_POINT('',(0.1,-2.089491193792,0.15));
#4064 = VECTOR('',#4065,1.);
#4065 = DIRECTION('',(1.,0.,0.));
#4066 = CYLINDRICAL_SURFACE('',#4067,0.35);
#4067 = AXIS2_PLACEMENT_3D('',#4068,#4069,#4070);
#4068 = CARTESIAN_POINT('',(-0.972956642168,-2.089491193792,0.5));
#4069 = DIRECTION('',(-1.,0.,0.));
#4070 = DIRECTION('',(-0.,-1.,-3.407492542097E-15));
#4071 = ADVANCED_FACE('',(#4072),#4106,.F.);
#4072 = FACE_BOUND('',#4073,.T.);
#4073 = EDGE_LOOP('',(#4074,#4084,#4092,#4100));
#4074 = ORIENTED_EDGE('',*,*,#4075,.T.);
#4075 = EDGE_CURVE('',#4076,#4078,#4080,.T.);
#4076 = VERTEX_POINT('',#4077);
#4077 = CARTESIAN_POINT('',(0.3,0.,0.45));
#4078 = VERTEX_POINT('',#4079);
#4079 = CARTESIAN_POINT('',(0.3,0.,-0.45));
#4080 = LINE('',#4081,#4082);
#4081 = CARTESIAN_POINT('',(0.3,0.,0.5));
#4082 = VECTOR('',#4083,1.);
#4083 = DIRECTION('',(0.,0.,-1.));
#4084 = ORIENTED_EDGE('',*,*,#4085,.T.);
#4085 = EDGE_CURVE('',#4078,#4086,#4088,.T.);
#4086 = VERTEX_POINT('',#4087);
#4087 = CARTESIAN_POINT('',(-1.6,0.,-0.45));
#4088 = LINE('',#4089,#4090);
#4089 = CARTESIAN_POINT('',(0.1,0.,-0.45));
#4090 = VECTOR('',#4091,1.);
#4091 = DIRECTION('',(-1.,0.,0.));
#4092 = ORIENTED_EDGE('',*,*,#4093,.T.);
#4093 = EDGE_CURVE('',#4086,#4094,#4096,.T.);
#4094 = VERTEX_POINT('',#4095);
#4095 = CARTESIAN_POINT('',(-1.6,0.,0.45));
#4096 = LINE('',#4097,#4098);
#4097 = CARTESIAN_POINT('',(-1.6,0.,0.6));
#4098 = VECTOR('',#4099,1.);
#4099 = DIRECTION('',(-2.168404344971E-15,0.,1.));
#4100 = ORIENTED_EDGE('',*,*,#4101,.F.);
#4101 = EDGE_CURVE('',#4076,#4094,#4102,.T.);
#4102 = LINE('',#4103,#4104);
#4103 = CARTESIAN_POINT('',(0.1,0.,0.45));
#4104 = VECTOR('',#4105,1.);
#4105 = DIRECTION('',(-1.,0.,0.));
#4106 = PLANE('',#4107);
#4107 = AXIS2_PLACEMENT_3D('',#4108,#4109,#4110);
#4108 = CARTESIAN_POINT('',(0.1,0.,-0.6));
#4109 = DIRECTION('',(0.,-1.,0.));
#4110 = DIRECTION('',(0.,-0.,-1.));
#4111 = ADVANCED_FACE('',(#4112),#4137,.T.);
#4112 = FACE_BOUND('',#4113,.T.);
#4113 = EDGE_LOOP('',(#4114,#4122,#4130,#4136));
#4114 = ORIENTED_EDGE('',*,*,#4115,.F.);
#4115 = EDGE_CURVE('',#4116,#4086,#4118,.T.);
#4116 = VERTEX_POINT('',#4117);
#4117 = CARTESIAN_POINT('',(-1.6,-0.15,-0.45));
#4118 = LINE('',#4119,#4120);
#4119 = CARTESIAN_POINT('',(-1.6,-0.15,-0.45));
#4120 = VECTOR('',#4121,1.);
#4121 = DIRECTION('',(1.327764720163E-31,1.,-6.123233995737E-17));
#4122 = ORIENTED_EDGE('',*,*,#4123,.T.);
#4123 = EDGE_CURVE('',#4116,#4124,#4126,.T.);
#4124 = VERTEX_POINT('',#4125);
#4125 = CARTESIAN_POINT('',(-1.6,-0.15,0.45));
#4126 = LINE('',#4127,#4128);
#4127 = CARTESIAN_POINT('',(-1.6,-0.15,-0.6));
#4128 = VECTOR('',#4129,1.);
#4129 = DIRECTION('',(2.168404344971E-15,-0.,1.));
#4130 = ORIENTED_EDGE('',*,*,#4131,.T.);
#4131 = EDGE_CURVE('',#4124,#4094,#4132,.T.);
#4132 = LINE('',#4133,#4134);
#4133 = CARTESIAN_POINT('',(-1.6,-0.15,0.45));
#4134 = VECTOR('',#4135,1.);
#4135 = DIRECTION('',(1.327764720163E-31,1.,-6.123233995737E-17));
#4136 = ORIENTED_EDGE('',*,*,#4093,.F.);
#4137 = PLANE('',#4138);
#4138 = AXIS2_PLACEMENT_3D('',#4139,#4140,#4141);
#4139 = CARTESIAN_POINT('',(-1.6,-0.15,0.6));
#4140 = DIRECTION('',(-1.,0.,-2.168404344971E-15));
#4141 = DIRECTION('',(-2.168404344971E-15,0.,1.));
#4142 = ADVANCED_FACE('',(#4143),#4168,.T.);
#4143 = FACE_BOUND('',#4144,.T.);
#4144 = EDGE_LOOP('',(#4145,#4153,#4154,#4162));
#4145 = ORIENTED_EDGE('',*,*,#4146,.F.);
#4146 = EDGE_CURVE('',#4078,#4147,#4149,.T.);
#4147 = VERTEX_POINT('',#4148);
#4148 = CARTESIAN_POINT('',(0.3,-0.15,-0.45));
#4149 = LINE('',#4150,#4151);
#4150 = CARTESIAN_POINT('',(0.3,-0.15,-0.45));
#4151 = VECTOR('',#4152,1.);
#4152 = DIRECTION('',(-0.,-1.,6.123233995737E-17));
#4153 = ORIENTED_EDGE('',*,*,#4075,.F.);
#4154 = ORIENTED_EDGE('',*,*,#4155,.T.);
#4155 = EDGE_CURVE('',#4076,#4156,#4158,.T.);
#4156 = VERTEX_POINT('',#4157);
#4157 = CARTESIAN_POINT('',(0.3,-0.15,0.45));
#4158 = LINE('',#4159,#4160);
#4159 = CARTESIAN_POINT('',(0.3,-0.15,0.45));
#4160 = VECTOR('',#4161,1.);
#4161 = DIRECTION('',(-0.,-1.,6.123233995737E-17));
#4162 = ORIENTED_EDGE('',*,*,#4163,.T.);
#4163 = EDGE_CURVE('',#4156,#4147,#4164,.T.);
#4164 = LINE('',#4165,#4166);
#4165 = CARTESIAN_POINT('',(0.3,-0.15,0.5));
#4166 = VECTOR('',#4167,1.);
#4167 = DIRECTION('',(0.,0.,-1.));
#4168 = PLANE('',#4169);
#4169 = AXIS2_PLACEMENT_3D('',#4170,#4171,#4172);
#4170 = CARTESIAN_POINT('',(0.3,-0.15,0.5));
#4171 = DIRECTION('',(1.,-0.,0.));
#4172 = DIRECTION('',(0.,0.,-1.));
#4173 = ADVANCED_FACE('',(#4174),#4190,.T.);
#4174 = FACE_BOUND('',#4175,.T.);
#4175 = EDGE_LOOP('',(#4176,#4182,#4183,#4189));
#4176 = ORIENTED_EDGE('',*,*,#4177,.F.);
#4177 = EDGE_CURVE('',#4147,#4116,#4178,.T.);
#4178 = LINE('',#4179,#4180);
#4179 = CARTESIAN_POINT('',(0.1,-0.15,-0.45));
#4180 = VECTOR('',#4181,1.);
#4181 = DIRECTION('',(-1.,0.,0.));
#4182 = ORIENTED_EDGE('',*,*,#4163,.F.);
#4183 = ORIENTED_EDGE('',*,*,#4184,.T.);
#4184 = EDGE_CURVE('',#4156,#4124,#4185,.T.);
#4185 = LINE('',#4186,#4187);
#4186 = CARTESIAN_POINT('',(0.1,-0.15,0.45));
#4187 = VECTOR('',#4188,1.);
#4188 = DIRECTION('',(-1.,0.,0.));
#4189 = ORIENTED_EDGE('',*,*,#4123,.F.);
#4190 = PLANE('',#4191);
#4191 = AXIS2_PLACEMENT_3D('',#4192,#4193,#4194);
#4192 = CARTESIAN_POINT('',(0.1,-0.15,-0.6));
#4193 = DIRECTION('',(0.,-1.,0.));
#4194 = DIRECTION('',(0.,-0.,-1.));
#4195 = ADVANCED_FACE('',(#4196),#4232,.F.);
#4196 = FACE_BOUND('',#4197,.F.);
#4197 = EDGE_LOOP('',(#4198,#4209,#4216,#4225));
#4198 = ORIENTED_EDGE('',*,*,#4199,.T.);
#4199 = EDGE_CURVE('',#4200,#4202,#4204,.T.);
#4200 = VERTEX_POINT('',#4201);
#4201 = CARTESIAN_POINT('',(1.55,-0.353723201033,0.695679583762));
#4202 = VERTEX_POINT('',#4203);
#4203 = CARTESIAN_POINT('',(1.693325527575,-0.4,0.7));
#4204 = B_SPLINE_CURVE_WITH_KNOTS('',3,(#4205,#4206,#4207,#4208),
  .UNSPECIFIED.,.F.,.F.,(4,4),(0.,1.),.PIECEWISE_BEZIER_KNOTS.);
#4205 = CARTESIAN_POINT('',(1.55,-0.353723201033,0.695679583762));
#4206 = CARTESIAN_POINT('',(1.597775175858,-0.368970153159,
    0.698551536439));
#4207 = CARTESIAN_POINT('',(1.645550351716,-0.384484921485,0.7));
#4208 = CARTESIAN_POINT('',(1.693325527575,-0.4,0.7));
#4209 = ORIENTED_EDGE('',*,*,#4210,.F.);
#4210 = EDGE_CURVE('',#4211,#4202,#4213,.T.);
#4211 = VERTEX_POINT('',#4212);
#4212 = CARTESIAN_POINT('',(1.693325527575,-0.4,0.85));
#4213 = B_SPLINE_CURVE_WITH_KNOTS('',1,(#4214,#4215),.UNSPECIFIED.,.F.,
  .F.,(2,2),(0.,1.),.PIECEWISE_BEZIER_KNOTS.);
#4214 = CARTESIAN_POINT('',(1.693325527575,-0.4,0.85));
#4215 = CARTESIAN_POINT('',(1.693325527575,-0.4,0.7));
#4216 = ORIENTED_EDGE('',*,*,#4217,.F.);
#4217 = EDGE_CURVE('',#4218,#4211,#4220,.T.);
#4218 = VERTEX_POINT('',#4219);
#4219 = CARTESIAN_POINT('',(1.55,-0.325957121653,0.843087334019));
#4220 = B_SPLINE_CURVE_WITH_KNOTS('',3,(#4221,#4222,#4223,#4224),
  .UNSPECIFIED.,.F.,.F.,(4,4),(0.,1.),.PIECEWISE_BEZIER_KNOTS.);
#4221 = CARTESIAN_POINT('',(1.55,-0.325957121653,0.843087334019));
#4222 = CARTESIAN_POINT('',(1.597775545966,-0.35035243404,0.847682493901
    ));
#4223 = CARTESIAN_POINT('',(1.645549981609,-0.375175682067,0.85));
#4224 = CARTESIAN_POINT('',(1.693325527575,-0.4,0.85));
#4225 = ORIENTED_EDGE('',*,*,#4226,.T.);
#4226 = EDGE_CURVE('',#4218,#4200,#4227,.T.);
#4227 = B_SPLINE_CURVE_WITH_KNOTS('',3,(#4228,#4229,#4230,#4231),
  .UNSPECIFIED.,.F.,.F.,(4,4),(0.,1.),.PIECEWISE_BEZIER_KNOTS.);
#4228 = CARTESIAN_POINT('',(1.55,-0.325957121653,0.843087334019));
#4229 = CARTESIAN_POINT('',(1.55,-0.335212481446,0.793951417266));
#4230 = CARTESIAN_POINT('',(1.55,-0.34446784124,0.744815500514));
#4231 = CARTESIAN_POINT('',(1.55,-0.353723201033,0.695679583762));
#4232 = B_SPLINE_SURFACE_WITH_KNOTS('',1,3,(
    (#4233,#4234,#4235,#4236)
    ,(#4237,#4238,#4239,#4240
    )),.UNSPECIFIED.,.F.,.F.,.F.,(2,2),(4,4),(0.,1.),(0.,1.),
  .PIECEWISE_BEZIER_KNOTS.);
#4233 = CARTESIAN_POINT('',(1.55,-0.325957121653,0.843087334019));
#4234 = CARTESIAN_POINT('',(1.597775545966,-0.35035243404,0.847682493901
    ));
#4235 = CARTESIAN_POINT('',(1.645549981609,-0.375175682067,0.85));
#4236 = CARTESIAN_POINT('',(1.693325527575,-0.4,0.85));
#4237 = CARTESIAN_POINT('',(1.55,-0.353723201033,0.695679583762));
#4238 = CARTESIAN_POINT('',(1.597775342958,-0.368970206487,
    0.698551546484));
#4239 = CARTESIAN_POINT('',(1.645550184617,-0.384484867219,0.7));
#4240 = CARTESIAN_POINT('',(1.693325527575,-0.4,0.7));
#4241 = ADVANCED_FACE('',(#4242),#4276,.F.);
#4242 = FACE_BOUND('',#4243,.F.);
#4243 = EDGE_LOOP('',(#4244,#4255,#4262,#4271));
#4244 = ORIENTED_EDGE('',*,*,#4245,.T.);
#4245 = EDGE_CURVE('',#4246,#4248,#4250,.T.);
#4246 = VERTEX_POINT('',#4247);
#4247 = CARTESIAN_POINT('',(-2.663977241855,-0.4,0.7));
#4248 = VERTEX_POINT('',#4249);
#4249 = CARTESIAN_POINT('',(-2.6,-0.391917711479,0.69986931907));
#4250 = B_SPLINE_CURVE_WITH_KNOTS('',3,(#4251,#4252,#4253,#4254),
  .UNSPECIFIED.,.F.,.F.,(4,4),(0.,1.),.PIECEWISE_BEZIER_KNOTS.);
#4251 = CARTESIAN_POINT('',(-2.663977241855,-0.4,0.7));
#4252 = CARTESIAN_POINT('',(-2.642945968647,-0.395281238138,0.7));
#4253 = CARTESIAN_POINT('',(-2.621620221361,-0.392587730588,
    0.699890991549));
#4254 = CARTESIAN_POINT('',(-2.6,-0.391917711479,0.69986931907));
#4255 = ORIENTED_EDGE('',*,*,#4256,.F.);
#4256 = EDGE_CURVE('',#4257,#4248,#4259,.T.);
#4257 = VERTEX_POINT('',#4258);
#4258 = CARTESIAN_POINT('',(-2.6,-0.387068338367,0.849790910511));
#4259 = B_SPLINE_CURVE_WITH_KNOTS('',1,(#4260,#4261),.UNSPECIFIED.,.F.,
  .F.,(2,2),(0.,1.),.PIECEWISE_BEZIER_KNOTS.);
#4260 = CARTESIAN_POINT('',(-2.6,-0.387068338367,0.849790910511));
#4261 = CARTESIAN_POINT('',(-2.6,-0.391917711479,0.69986931907));
#4262 = ORIENTED_EDGE('',*,*,#4263,.F.);
#4263 = EDGE_CURVE('',#4264,#4257,#4266,.T.);
#4264 = VERTEX_POINT('',#4265);
#4265 = CARTESIAN_POINT('',(-2.663977241855,-0.4,0.85));
#4266 = B_SPLINE_CURVE_WITH_KNOTS('',3,(#4267,#4268,#4269,#4270),
  .UNSPECIFIED.,.F.,.F.,(4,4),(0.,1.),.PIECEWISE_BEZIER_KNOTS.);
#4267 = CARTESIAN_POINT('',(-2.663977241855,-0.4,0.85));
#4268 = CARTESIAN_POINT('',(-2.6429457645,-0.392449907735,0.85));
#4269 = CARTESIAN_POINT('',(-2.621620336388,-0.388140374645,
    0.849825586663));
#4270 = CARTESIAN_POINT('',(-2.6,-0.387068338367,0.849790910511));
#4271 = ORIENTED_EDGE('',*,*,#4272,.F.);
#4272 = EDGE_CURVE('',#4246,#4264,#4273,.T.);
#4273 = B_SPLINE_CURVE_WITH_KNOTS('',1,(#4274,#4275),.UNSPECIFIED.,.F.,
  .F.,(2,2),(0.,1.),.PIECEWISE_BEZIER_KNOTS.);
#4274 = CARTESIAN_POINT('',(-2.663977241855,-0.4,0.7));
#4275 = CARTESIAN_POINT('',(-2.663977241855,-0.4,0.85));
#4276 = B_SPLINE_SURFACE_WITH_KNOTS('',1,3,(
    (#4277,#4278,#4279,#4280)
    ,(#4281,#4282,#4283,#4284
    )),.UNSPECIFIED.,.F.,.F.,.F.,(2,2),(4,4),(0.,1.),(0.,1.),
  .PIECEWISE_BEZIER_KNOTS.);
#4277 = CARTESIAN_POINT('',(-2.663977241855,-0.4,0.85));
#4278 = CARTESIAN_POINT('',(-2.6429457645,-0.392449907735,0.85));
#4279 = CARTESIAN_POINT('',(-2.621620336388,-0.388140374645,
    0.849825586663));
#4280 = CARTESIAN_POINT('',(-2.6,-0.387068338367,0.849790910511));
#4281 = CARTESIAN_POINT('',(-2.663977241855,-0.4,0.7));
#4282 = CARTESIAN_POINT('',(-2.642945877509,-0.39528121769,0.7));
#4283 = CARTESIAN_POINT('',(-2.62162027432,-0.392587732229,
    0.699890991602));
#4284 = CARTESIAN_POINT('',(-2.6,-0.391917711479,0.69986931907));
#4285 = ADVANCED_FACE('',(#4286),#4312,.F.);
#4286 = FACE_BOUND('',#4287,.T.);
#4287 = EDGE_LOOP('',(#4288,#4289,#4297,#4306));
#4288 = ORIENTED_EDGE('',*,*,#4256,.F.);
#4289 = ORIENTED_EDGE('',*,*,#4290,.T.);
#4290 = EDGE_CURVE('',#4257,#4291,#4293,.T.);
#4291 = VERTEX_POINT('',#4292);
#4292 = CARTESIAN_POINT('',(-1.75,-0.387068338367,0.849790910511));
#4293 = LINE('',#4294,#4295);
#4294 = CARTESIAN_POINT('',(3.739670450694,-0.387068338367,
    0.849790910511));
#4295 = VECTOR('',#4296,1.);
#4296 = DIRECTION('',(1.,-0.,-0.));
#4297 = ORIENTED_EDGE('',*,*,#4298,.T.);
#4298 = EDGE_CURVE('',#4291,#4299,#4301,.T.);
#4299 = VERTEX_POINT('',#4300);
#4300 = CARTESIAN_POINT('',(-1.75,-0.391917711479,0.69986931907));
#4301 = B_SPLINE_CURVE_WITH_KNOTS('',3,(#4302,#4303,#4304,#4305),
  .UNSPECIFIED.,.F.,.F.,(4,4),(0.,1.),.PIECEWISE_BEZIER_KNOTS.);
#4302 = CARTESIAN_POINT('',(-1.75,-0.387068338367,0.849790910511));
#4303 = CARTESIAN_POINT('',(-1.75,-0.388684796071,0.799817046697));
#4304 = CARTESIAN_POINT('',(-1.75,-0.390301253775,0.749843182883));
#4305 = CARTESIAN_POINT('',(-1.75,-0.391917711479,0.69986931907));
#4306 = ORIENTED_EDGE('',*,*,#4307,.F.);
#4307 = EDGE_CURVE('',#4248,#4299,#4308,.T.);
#4308 = LINE('',#4309,#4310);
#4309 = CARTESIAN_POINT('',(-1.75,-0.391917711479,0.69986931907));
#4310 = VECTOR('',#4311,1.);
#4311 = DIRECTION('',(1.,-0.,-0.));
#4312 = PLANE('',#4313);
#4313 = AXIS2_PLACEMENT_3D('',#4314,#4315,#4316);
#4314 = CARTESIAN_POINT('',(-2.175,-0.391917711479,0.69986931907));
#4315 = DIRECTION('',(0.,-0.999477276278,3.232915408336E-02));
#4316 = DIRECTION('',(1.,0.,0.));
#4317 = ADVANCED_FACE('',(#4318),#4344,.F.);
#4318 = FACE_BOUND('',#4319,.F.);
#4319 = EDGE_LOOP('',(#4320,#4329,#4336,#4343));
#4320 = ORIENTED_EDGE('',*,*,#4321,.T.);
#4321 = EDGE_CURVE('',#4299,#4322,#4324,.T.);
#4322 = VERTEX_POINT('',#4323);
#4323 = CARTESIAN_POINT('',(-1.6,-0.281490038729,0.670125848277));
#4324 = B_SPLINE_CURVE_WITH_KNOTS('',3,(#4325,#4326,#4327,#4328),
  .UNSPECIFIED.,.F.,.F.,(4,4),(0.,1.),.PIECEWISE_BEZIER_KNOTS.);
#4325 = CARTESIAN_POINT('',(-1.75,-0.391917711479,0.69986931907));
#4326 = CARTESIAN_POINT('',(-1.7,-0.353476277776,0.698625890066));
#4327 = CARTESIAN_POINT('',(-1.65,-0.315355553849,0.688358150011));
#4328 = CARTESIAN_POINT('',(-1.6,-0.281490038729,0.670125848277));
#4329 = ORIENTED_EDGE('',*,*,#4330,.F.);
#4330 = EDGE_CURVE('',#4331,#4322,#4333,.T.);
#4331 = VERTEX_POINT('',#4332);
#4332 = CARTESIAN_POINT('',(-1.6,-0.210384061967,0.802201357243));
#4333 = B_SPLINE_CURVE_WITH_KNOTS('',1,(#4334,#4335),.UNSPECIFIED.,.F.,
  .F.,(2,2),(0.,1.),.PIECEWISE_BEZIER_KNOTS.);
#4334 = CARTESIAN_POINT('',(-1.6,-0.210384061967,0.802201357243));
#4335 = CARTESIAN_POINT('',(-1.6,-0.281490038729,0.670125848277));
#4336 = ORIENTED_EDGE('',*,*,#4337,.F.);
#4337 = EDGE_CURVE('',#4291,#4331,#4338,.T.);
#4338 = B_SPLINE_CURVE_WITH_KNOTS('',3,(#4339,#4340,#4341,#4342),
  .UNSPECIFIED.,.F.,.F.,(4,4),(0.,1.),.PIECEWISE_BEZIER_KNOTS.);
#4339 = CARTESIAN_POINT('',(-1.75,-0.387068338367,0.849790910511));
#4340 = CARTESIAN_POINT('',(-1.699965148201,-0.325519172342,
    0.847800037363));
#4341 = CARTESIAN_POINT('',(-1.650034851799,-0.26460665493,0.83139337373
    ));
#4342 = CARTESIAN_POINT('',(-1.6,-0.210384061967,0.802201357243));
#4343 = ORIENTED_EDGE('',*,*,#4298,.T.);
#4344 = B_SPLINE_SURFACE_WITH_KNOTS('',1,3,(
    (#4345,#4346,#4347,#4348)
    ,(#4349,#4350,#4351,#4352
    )),.UNSPECIFIED.,.F.,.F.,.F.,(2,2),(4,4),(0.,1.),(0.,1.),
  .PIECEWISE_BEZIER_KNOTS.);
#4345 = CARTESIAN_POINT('',(-1.75,-0.387068338367,0.849790910511));
#4346 = CARTESIAN_POINT('',(-1.699965148201,-0.325519172342,
    0.847800037363));
#4347 = CARTESIAN_POINT('',(-1.650034851799,-0.26460665493,0.83139337373
    ));
#4348 = CARTESIAN_POINT('',(-1.6,-0.210384061967,0.802201357243));
#4349 = CARTESIAN_POINT('',(-1.75,-0.391917711479,0.69986931907));
#4350 = CARTESIAN_POINT('',(-1.699977089626,-0.353458663623,
    0.698625320318));
#4351 = CARTESIAN_POINT('',(-1.650022910374,-0.315371071282,
    0.688366504188));
#4352 = CARTESIAN_POINT('',(-1.6,-0.281490038729,0.670125848277));
#4353 = ADVANCED_FACE('',(#4354),#4372,.F.);
#4354 = FACE_BOUND('',#4355,.T.);
#4355 = EDGE_LOOP('',(#4356,#4357,#4364,#4365));
#4356 = ORIENTED_EDGE('',*,*,#4330,.F.);
#4357 = ORIENTED_EDGE('',*,*,#4358,.T.);
#4358 = EDGE_CURVE('',#4331,#4094,#4359,.T.);
#4359 = CIRCLE('',#4360,0.4);
#4360 = AXIS2_PLACEMENT_3D('',#4361,#4362,#4363);
#4361 = CARTESIAN_POINT('',(-1.6,-0.4,0.45));
#4362 = DIRECTION('',(-1.,0.,0.));
#4363 = DIRECTION('',(0.,0.,1.));
#4364 = ORIENTED_EDGE('',*,*,#4131,.F.);
#4365 = ORIENTED_EDGE('',*,*,#4366,.F.);
#4366 = EDGE_CURVE('',#4322,#4124,#4367,.T.);
#4367 = CIRCLE('',#4368,0.25);
#4368 = AXIS2_PLACEMENT_3D('',#4369,#4370,#4371);
#4369 = CARTESIAN_POINT('',(-1.6,-0.4,0.45));
#4370 = DIRECTION('',(-1.,0.,-0.));
#4371 = DIRECTION('',(0.,0.,-1.));
#4372 = PLANE('',#4373);
#4373 = AXIS2_PLACEMENT_3D('',#4374,#4375,#4376);
#4374 = CARTESIAN_POINT('',(-1.6,-0.4,0.45));
#4375 = DIRECTION('',(1.,-0.,0.));
#4376 = DIRECTION('',(0.,0.,-1.));
#4377 = ADVANCED_FACE('',(#4378),#4405,.F.);
#4378 = FACE_BOUND('',#4379,.T.);
#4379 = EDGE_LOOP('',(#4380,#4381,#4390,#4398));
#4380 = ORIENTED_EDGE('',*,*,#4155,.F.);
#4381 = ORIENTED_EDGE('',*,*,#4382,.T.);
#4382 = EDGE_CURVE('',#4076,#4383,#4385,.T.);
#4383 = VERTEX_POINT('',#4384);
#4384 = CARTESIAN_POINT('',(0.3,-4.72439843256E-03,0.511295993389));
#4385 = CIRCLE('',#4386,0.4);
#4386 = AXIS2_PLACEMENT_3D('',#4387,#4388,#4389);
#4387 = CARTESIAN_POINT('',(0.3,-0.4,0.45));
#4388 = DIRECTION('',(1.,0.,-0.));
#4389 = DIRECTION('',(0.,1.328147661295E-14,1.));
#4390 = ORIENTED_EDGE('',*,*,#4391,.T.);
#4391 = EDGE_CURVE('',#4383,#4392,#4394,.T.);
#4392 = VERTEX_POINT('',#4393);
#4393 = CARTESIAN_POINT('',(0.3,-0.15295274902,0.488309995868));
#4394 = LINE('',#4395,#4396);
#4395 = CARTESIAN_POINT('',(0.3,-0.15295274902,0.488309995868));
#4396 = VECTOR('',#4397,1.);
#4397 = DIRECTION('',(-0.,-0.988189003919,-0.153239983472));
#4398 = ORIENTED_EDGE('',*,*,#4399,.F.);
#4399 = EDGE_CURVE('',#4156,#4392,#4400,.T.);
#4400 = CIRCLE('',#4401,0.25);
#4401 = AXIS2_PLACEMENT_3D('',#4402,#4403,#4404);
#4402 = CARTESIAN_POINT('',(0.3,-0.4,0.45));
#4403 = DIRECTION('',(1.,0.,-0.));
#4404 = DIRECTION('',(0.,0.,1.));
#4405 = PLANE('',#4406);
#4406 = AXIS2_PLACEMENT_3D('',#4407,#4408,#4409);
#4407 = CARTESIAN_POINT('',(0.3,-0.4,0.45));
#4408 = DIRECTION('',(-1.,0.,0.));
#4409 = DIRECTION('',(0.,0.,1.));
#4410 = ADVANCED_FACE('',(#4411),#4437,.F.);
#4411 = FACE_BOUND('',#4412,.T.);
#4412 = EDGE_LOOP('',(#4413,#4414,#4422,#4431));
#4413 = ORIENTED_EDGE('',*,*,#4391,.F.);
#4414 = ORIENTED_EDGE('',*,*,#4415,.T.);
#4415 = EDGE_CURVE('',#4383,#4416,#4418,.T.);
#4416 = VERTEX_POINT('',#4417);
#4417 = CARTESIAN_POINT('',(1.E-01,-4.72439843256E-03,0.511295993389));
#4418 = LINE('',#4419,#4420);
#4419 = CARTESIAN_POINT('',(3.739670450694,-4.72439843256E-03,
    0.511295993389));
#4420 = VECTOR('',#4421,1.);
#4421 = DIRECTION('',(-1.,0.,0.));
#4422 = ORIENTED_EDGE('',*,*,#4423,.T.);
#4423 = EDGE_CURVE('',#4416,#4424,#4426,.T.);
#4424 = VERTEX_POINT('',#4425);
#4425 = CARTESIAN_POINT('',(1.E-01,-0.15295274902,0.488309995868));
#4426 = B_SPLINE_CURVE_WITH_KNOTS('',3,(#4427,#4428,#4429,#4430),
  .UNSPECIFIED.,.F.,.F.,(4,4),(0.,1.),.PIECEWISE_BEZIER_KNOTS.);
#4427 = CARTESIAN_POINT('',(1.E-01,-4.72439843256E-03,0.511295993389));
#4428 = CARTESIAN_POINT('',(1.E-01,-5.413384862849E-02,0.503633994215));
#4429 = CARTESIAN_POINT('',(1.E-01,-0.103543298824,0.495971995041));
#4430 = CARTESIAN_POINT('',(1.E-01,-0.15295274902,0.488309995868));
#4431 = ORIENTED_EDGE('',*,*,#4432,.F.);
#4432 = EDGE_CURVE('',#4392,#4424,#4433,.T.);
#4433 = LINE('',#4434,#4435);
#4434 = CARTESIAN_POINT('',(1.E-01,-0.15295274902,0.488309995868));
#4435 = VECTOR('',#4436,1.);
#4436 = DIRECTION('',(-1.,-2.710505431214E-16,1.084202172486E-15));
#4437 = PLANE('',#4438);
#4438 = AXIS2_PLACEMENT_3D('',#4439,#4440,#4441);
#4439 = CARTESIAN_POINT('',(0.2,-0.15295274902,0.488309995868));
#4440 = DIRECTION('',(-1.112932445623E-15,0.153239983472,-0.988189003919
    ));
#4441 = DIRECTION('',(-1.,-2.710505431214E-16,1.084202172486E-15));
#4442 = ADVANCED_FACE('',(#4443),#4469,.F.);
#4443 = FACE_BOUND('',#4444,.F.);
#4444 = EDGE_LOOP('',(#4445,#4454,#4461,#4468));
#4445 = ORIENTED_EDGE('',*,*,#4446,.T.);
#4446 = EDGE_CURVE('',#4424,#4447,#4449,.T.);
#4447 = VERTEX_POINT('',#4448);
#4448 = CARTESIAN_POINT('',(0.,-0.176157889927,0.561331530836));
#4449 = B_SPLINE_CURVE_WITH_KNOTS('',3,(#4450,#4451,#4452,#4453),
  .UNSPECIFIED.,.F.,.F.,(4,4),(0.,1.),.PIECEWISE_BEZIER_KNOTS.);
#4450 = CARTESIAN_POINT('',(1.E-01,-0.15295274902,0.488309995868));
#4451 = CARTESIAN_POINT('',(6.666666666667E-02,-0.156881979366,
    0.513648175456));
#4452 = CARTESIAN_POINT('',(3.333333333333E-02,-0.16473927138,
    0.5383733657));
#4453 = CARTESIAN_POINT('',(0.,-0.176157889927,0.561331530836));
#4454 = ORIENTED_EDGE('',*,*,#4455,.F.);
#4455 = EDGE_CURVE('',#4456,#4447,#4458,.T.);
#4456 = VERTEX_POINT('',#4457);
#4457 = CARTESIAN_POINT('',(0.,-4.185262388385E-02,0.628130449337));
#4458 = B_SPLINE_CURVE_WITH_KNOTS('',1,(#4459,#4460),.UNSPECIFIED.,.F.,
  .F.,(2,2),(0.,1.),.PIECEWISE_BEZIER_KNOTS.);
#4459 = CARTESIAN_POINT('',(0.,-4.185262388385E-02,0.628130449337));
#4460 = CARTESIAN_POINT('',(0.,-0.176157889927,0.561331530836));
#4461 = ORIENTED_EDGE('',*,*,#4462,.F.);
#4462 = EDGE_CURVE('',#4416,#4456,#4463,.T.);
#4463 = B_SPLINE_CURVE_WITH_KNOTS('',3,(#4464,#4465,#4466,#4467),
  .UNSPECIFIED.,.F.,.F.,(4,4),(0.,1.),.PIECEWISE_BEZIER_KNOTS.);
#4464 = CARTESIAN_POINT('',(1.E-01,-4.72439843256E-03,0.511295993389));
#4465 = CARTESIAN_POINT('',(6.666159959391E-02,-1.101212265065E-02,
    0.551843243468));
#4466 = CARTESIAN_POINT('',(3.333840040609E-02,-2.358005697762E-02,
    0.591391801247));
#4467 = CARTESIAN_POINT('',(0.,-4.185262388385E-02,0.628130449337));
#4468 = ORIENTED_EDGE('',*,*,#4423,.T.);
#4469 = B_SPLINE_SURFACE_WITH_KNOTS('',1,3,(
    (#4470,#4471,#4472,#4473)
    ,(#4474,#4475,#4476,#4477
    )),.UNSPECIFIED.,.F.,.F.,.F.,(2,2),(4,4),(0.,1.),(0.,1.),
  .PIECEWISE_BEZIER_KNOTS.);
#4470 = CARTESIAN_POINT('',(1.E-01,-4.72439843256E-03,0.511295993389));
#4471 = CARTESIAN_POINT('',(6.666159959391E-02,-1.101212265065E-02,
    0.551843243468));
#4472 = CARTESIAN_POINT('',(3.333840040609E-02,-2.358005697762E-02,
    0.591391801247));
#4473 = CARTESIAN_POINT('',(0.,-4.185262388385E-02,0.628130449337));
#4474 = CARTESIAN_POINT('',(1.E-01,-0.15295274902,0.488309995868));
#4475 = CARTESIAN_POINT('',(6.666344241391E-02,-0.156882359431,
    0.513650626356));
#4476 = CARTESIAN_POINT('',(3.333655758609E-02,-0.164738166885,
    0.538371145012));
#4477 = CARTESIAN_POINT('',(0.,-0.176157889927,0.561331530836));
#4478 = ADVANCED_FACE('',(#4479),#4507,.F.);
#4479 = FACE_BOUND('',#4480,.T.);
#4480 = EDGE_LOOP('',(#4481,#4482,#4491,#4500));
#4481 = ORIENTED_EDGE('',*,*,#4455,.F.);
#4482 = ORIENTED_EDGE('',*,*,#4483,.T.);
#4483 = EDGE_CURVE('',#4456,#4484,#4486,.T.);
#4484 = VERTEX_POINT('',#4485);
#4485 = CARTESIAN_POINT('',(0.,-0.210384061967,0.802201357243));
#4486 = CIRCLE('',#4487,0.4);
#4487 = AXIS2_PLACEMENT_3D('',#4488,#4489,#4490);
#4488 = CARTESIAN_POINT('',(0.,-0.4,0.45));
#4489 = DIRECTION('',(1.,0.,-0.));
#4490 = DIRECTION('',(0.,-5.285485590867E-15,1.));
#4491 = ORIENTED_EDGE('',*,*,#4492,.T.);
#4492 = EDGE_CURVE('',#4484,#4493,#4495,.T.);
#4493 = VERTEX_POINT('',#4494);
#4494 = CARTESIAN_POINT('',(0.,-0.281490038729,0.670125848277));
#4495 = B_SPLINE_CURVE_WITH_KNOTS('',3,(#4496,#4497,#4498,#4499),
  .UNSPECIFIED.,.F.,.F.,(4,4),(0.,1.),.PIECEWISE_BEZIER_KNOTS.);
#4496 = CARTESIAN_POINT('',(0.,-0.210384061967,0.802201357243));
#4497 = CARTESIAN_POINT('',(0.,-0.234086054221,0.758176187588));
#4498 = CARTESIAN_POINT('',(0.,-0.257788046475,0.714151017932));
#4499 = CARTESIAN_POINT('',(0.,-0.281490038729,0.670125848277));
#4500 = ORIENTED_EDGE('',*,*,#4501,.F.);
#4501 = EDGE_CURVE('',#4447,#4493,#4502,.T.);
#4502 = CIRCLE('',#4503,0.25);
#4503 = AXIS2_PLACEMENT_3D('',#4504,#4505,#4506);
#4504 = CARTESIAN_POINT('',(0.,-0.4,0.45));
#4505 = DIRECTION('',(1.,0.,-0.));
#4506 = DIRECTION('',(0.,0.,1.));
#4507 = PLANE('',#4508);
#4508 = AXIS2_PLACEMENT_3D('',#4509,#4510,#4511);
#4509 = CARTESIAN_POINT('',(0.,-0.4,0.45));
#4510 = DIRECTION('',(-1.,0.,0.));
#4511 = DIRECTION('',(0.,0.,1.));
#4512 = ADVANCED_FACE('',(#4513),#4539,.F.);
#4513 = FACE_BOUND('',#4514,.F.);
#4514 = EDGE_LOOP('',(#4515,#4524,#4531,#4538));
#4515 = ORIENTED_EDGE('',*,*,#4516,.T.);
#4516 = EDGE_CURVE('',#4493,#4517,#4519,.T.);
#4517 = VERTEX_POINT('',#4518);
#4518 = CARTESIAN_POINT('',(1.E-01,-0.353723201033,0.695679583762));
#4519 = B_SPLINE_CURVE_WITH_KNOTS('',3,(#4520,#4521,#4522,#4523),
  .UNSPECIFIED.,.F.,.F.,(4,4),(0.,1.),.PIECEWISE_BEZIER_KNOTS.);
#4520 = CARTESIAN_POINT('',(0.,-0.281490038729,0.670125848277));
#4521 = CARTESIAN_POINT('',(3.333333333333E-02,-0.304067048809,
    0.6822807161));
#4522 = CARTESIAN_POINT('',(6.666666666667E-02,-0.328525295006,
    0.690933245406));
#4523 = CARTESIAN_POINT('',(1.E-01,-0.353723201033,0.695679583762));
#4524 = ORIENTED_EDGE('',*,*,#4525,.F.);
#4525 = EDGE_CURVE('',#4526,#4517,#4528,.T.);
#4526 = VERTEX_POINT('',#4527);
#4527 = CARTESIAN_POINT('',(1.E-01,-0.325957121653,0.843087334019));
#4528 = B_SPLINE_CURVE_WITH_KNOTS('',1,(#4529,#4530),.UNSPECIFIED.,.F.,
  .F.,(2,2),(0.,1.),.PIECEWISE_BEZIER_KNOTS.);
#4529 = CARTESIAN_POINT('',(1.E-01,-0.325957121653,0.843087334019));
#4530 = CARTESIAN_POINT('',(1.E-01,-0.353723201033,0.695679583762));
#4531 = ORIENTED_EDGE('',*,*,#4532,.F.);
#4532 = EDGE_CURVE('',#4484,#4526,#4533,.T.);
#4533 = B_SPLINE_CURVE_WITH_KNOTS('',3,(#4534,#4535,#4536,#4537),
  .UNSPECIFIED.,.F.,.F.,(4,4),(0.,1.),.PIECEWISE_BEZIER_KNOTS.);
#4534 = CARTESIAN_POINT('',(0.,-0.210384061967,0.802201357243));
#4535 = CARTESIAN_POINT('',(3.333840040609E-02,-0.246512769264,
    0.82165210206));
#4536 = CARTESIAN_POINT('',(6.666159959391E-02,-0.285634343388,
    0.835492038248));
#4537 = CARTESIAN_POINT('',(1.E-01,-0.325957121653,0.843087334019));
#4538 = ORIENTED_EDGE('',*,*,#4492,.T.);
#4539 = B_SPLINE_SURFACE_WITH_KNOTS('',1,3,(
    (#4540,#4541,#4542,#4543)
    ,(#4544,#4545,#4546,#4547
    )),.UNSPECIFIED.,.F.,.F.,.F.,(2,2),(4,4),(0.,1.),(0.,1.),
  .PIECEWISE_BEZIER_KNOTS.);
#4540 = CARTESIAN_POINT('',(0.,-0.210384061967,0.802201357243));
#4541 = CARTESIAN_POINT('',(3.333840040609E-02,-0.246512769264,
    0.82165210206));
#4542 = CARTESIAN_POINT('',(6.666159959391E-02,-0.285634343388,
    0.835492038248));
#4543 = CARTESIAN_POINT('',(1.E-01,-0.325957121653,0.843087334019));
#4544 = CARTESIAN_POINT('',(0.,-0.281490038729,0.670125848277));
#4545 = CARTESIAN_POINT('',(3.333655758609E-02,-0.304069232629,
    0.682281891811));
#4546 = CARTESIAN_POINT('',(6.666344241391E-02,-0.328522857674,
    0.690932786304));
#4547 = CARTESIAN_POINT('',(1.E-01,-0.353723201033,0.695679583762));
#4548 = ADVANCED_FACE('',(#4549),#4565,.F.);
#4549 = FACE_BOUND('',#4550,.T.);
#4550 = EDGE_LOOP('',(#4551,#4557,#4558,#4564));
#4551 = ORIENTED_EDGE('',*,*,#4552,.T.);
#4552 = EDGE_CURVE('',#4526,#4218,#4553,.T.);
#4553 = LINE('',#4554,#4555);
#4554 = CARTESIAN_POINT('',(3.739670450694,-0.325957121653,
    0.843087334019));
#4555 = VECTOR('',#4556,1.);
#4556 = DIRECTION('',(1.,-0.,-0.));
#4557 = ORIENTED_EDGE('',*,*,#4226,.T.);
#4558 = ORIENTED_EDGE('',*,*,#4559,.F.);
#4559 = EDGE_CURVE('',#4517,#4200,#4560,.T.);
#4560 = LINE('',#4561,#4562);
#4561 = CARTESIAN_POINT('',(1.55,-0.353723201033,0.695679583762));
#4562 = VECTOR('',#4563,1.);
#4563 = DIRECTION('',(1.,-3.738628180984E-17,-0.));
#4564 = ORIENTED_EDGE('',*,*,#4525,.F.);
#4565 = PLANE('',#4566);
#4566 = AXIS2_PLACEMENT_3D('',#4567,#4568,#4569);
#4567 = CARTESIAN_POINT('',(0.825,-0.353723201033,0.695679583762));
#4568 = DIRECTION('',(-3.674018461377E-17,-0.982718335047,0.185107195868
    ));
#4569 = DIRECTION('',(1.,-3.738628180984E-17,-1.894341195892E-34));
#4570 = ADVANCED_FACE('',(#4571),#4591,.F.);
#4571 = FACE_BOUND('',#4572,.F.);
#4572 = EDGE_LOOP('',(#4573,#4574,#4575,#4576,#4577,#4578,#4579,#4580,
    #4581,#4582,#4588,#4589,#4590));
#4573 = ORIENTED_EDGE('',*,*,#4501,.F.);
#4574 = ORIENTED_EDGE('',*,*,#4446,.F.);
#4575 = ORIENTED_EDGE('',*,*,#4432,.F.);
#4576 = ORIENTED_EDGE('',*,*,#4399,.F.);
#4577 = ORIENTED_EDGE('',*,*,#4184,.T.);
#4578 = ORIENTED_EDGE('',*,*,#4366,.F.);
#4579 = ORIENTED_EDGE('',*,*,#4321,.F.);
#4580 = ORIENTED_EDGE('',*,*,#4307,.F.);
#4581 = ORIENTED_EDGE('',*,*,#4245,.F.);
#4582 = ORIENTED_EDGE('',*,*,#4583,.F.);
#4583 = EDGE_CURVE('',#4202,#4246,#4584,.T.);
#4584 = LINE('',#4585,#4586);
#4585 = CARTESIAN_POINT('',(0.1,-0.4,0.7));
#4586 = VECTOR('',#4587,1.);
#4587 = DIRECTION('',(-1.,-0.,0.));
#4588 = ORIENTED_EDGE('',*,*,#4199,.F.);
#4589 = ORIENTED_EDGE('',*,*,#4559,.F.);
#4590 = ORIENTED_EDGE('',*,*,#4516,.F.);
#4591 = CYLINDRICAL_SURFACE('',#4592,0.25);
#4592 = AXIS2_PLACEMENT_3D('',#4593,#4594,#4595);
#4593 = CARTESIAN_POINT('',(3.739670450694,-0.4,0.45));
#4594 = DIRECTION('',(-1.,0.,0.));
#4595 = DIRECTION('',(0.,0.,1.));
#4596 = ADVANCED_FACE('',(#4597),#4617,.T.);
#4597 = FACE_BOUND('',#4598,.T.);
#4598 = EDGE_LOOP('',(#4599,#4600,#4601,#4602,#4603,#4604,#4605,#4606,
    #4607,#4608,#4609,#4615,#4616));
#4599 = ORIENTED_EDGE('',*,*,#4532,.F.);
#4600 = ORIENTED_EDGE('',*,*,#4483,.F.);
#4601 = ORIENTED_EDGE('',*,*,#4462,.F.);
#4602 = ORIENTED_EDGE('',*,*,#4415,.F.);
#4603 = ORIENTED_EDGE('',*,*,#4382,.F.);
#4604 = ORIENTED_EDGE('',*,*,#4101,.T.);
#4605 = ORIENTED_EDGE('',*,*,#4358,.F.);
#4606 = ORIENTED_EDGE('',*,*,#4337,.F.);
#4607 = ORIENTED_EDGE('',*,*,#4290,.F.);
#4608 = ORIENTED_EDGE('',*,*,#4263,.F.);
#4609 = ORIENTED_EDGE('',*,*,#4610,.F.);
#4610 = EDGE_CURVE('',#4211,#4264,#4611,.T.);
#4611 = LINE('',#4612,#4613);
#4612 = CARTESIAN_POINT('',(0.1,-0.4,0.85));
#4613 = VECTOR('',#4614,1.);
#4614 = DIRECTION('',(-1.,-0.,0.));
#4615 = ORIENTED_EDGE('',*,*,#4217,.F.);
#4616 = ORIENTED_EDGE('',*,*,#4552,.F.);
#4617 = CYLINDRICAL_SURFACE('',#4618,0.4);
#4618 = AXIS2_PLACEMENT_3D('',#4619,#4620,#4621);
#4619 = CARTESIAN_POINT('',(3.739670450694,-0.4,0.45));
#4620 = DIRECTION('',(-1.,0.,0.));
#4621 = DIRECTION('',(0.,0.,1.));
#4622 = ADVANCED_FACE('',(#4623),#4657,.T.);
#4623 = FACE_BOUND('',#4624,.T.);
#4624 = EDGE_LOOP('',(#4625,#4635,#4643,#4651));
#4625 = ORIENTED_EDGE('',*,*,#4626,.F.);
#4626 = EDGE_CURVE('',#4627,#4629,#4631,.T.);
#4627 = VERTEX_POINT('',#4628);
#4628 = CARTESIAN_POINT('',(-2.675,-2.024672635684,0.15));
#4629 = VERTEX_POINT('',#4630);
#4630 = CARTESIAN_POINT('',(-1.875,-2.024672635684,0.15));
#4631 = LINE('',#4632,#4633);
#4632 = CARTESIAN_POINT('',(-2.675,-2.024672635684,0.15));
#4633 = VECTOR('',#4634,1.);
#4634 = DIRECTION('',(1.,0.,0.));
#4635 = ORIENTED_EDGE('',*,*,#4636,.F.);
#4636 = EDGE_CURVE('',#4637,#4627,#4639,.T.);
#4637 = VERTEX_POINT('',#4638);
#4638 = CARTESIAN_POINT('',(-2.675,-2.024672635684,0.3));
#4639 = LINE('',#4640,#4641);
#4640 = CARTESIAN_POINT('',(-2.675,-2.024672635684,0.3));
#4641 = VECTOR('',#4642,1.);
#4642 = DIRECTION('',(0.,1.047444401653E-14,-1.));
#4643 = ORIENTED_EDGE('',*,*,#4644,.T.);
#4644 = EDGE_CURVE('',#4637,#4645,#4647,.T.);
#4645 = VERTEX_POINT('',#4646);
#4646 = CARTESIAN_POINT('',(-1.875,-2.024672635684,0.3));
#4647 = LINE('',#4648,#4649);
#4648 = CARTESIAN_POINT('',(-2.675,-2.024672635684,0.3));
#4649 = VECTOR('',#4650,1.);
#4650 = DIRECTION('',(1.,0.,0.));
#4651 = ORIENTED_EDGE('',*,*,#4652,.T.);
#4652 = EDGE_CURVE('',#4645,#4629,#4653,.T.);
#4653 = LINE('',#4654,#4655);
#4654 = CARTESIAN_POINT('',(-1.875,-2.024672635684,0.3));
#4655 = VECTOR('',#4656,1.);
#4656 = DIRECTION('',(0.,1.047444401653E-14,-1.));
#4657 = PLANE('',#4658);
#4658 = AXIS2_PLACEMENT_3D('',#4659,#4660,#4661);
#4659 = CARTESIAN_POINT('',(-2.675,-2.024672635684,0.3));
#4660 = DIRECTION('',(-0.,1.,1.047444401653E-14));
#4661 = DIRECTION('',(1.,0.,0.));
#4662 = ADVANCED_FACE('',(#4663),#4687,.T.);
#4663 = FACE_BOUND('',#4664,.T.);
#4664 = EDGE_LOOP('',(#4665,#4671,#4680,#4686));
#4665 = ORIENTED_EDGE('',*,*,#4666,.F.);
#4666 = EDGE_CURVE('',#4051,#4627,#4667,.T.);
#4667 = LINE('',#4668,#4669);
#4668 = CARTESIAN_POINT('',(-2.8,-3.453429173529,0.15));
#4669 = VECTOR('',#4670,1.);
#4670 = DIRECTION('',(8.715574274766E-02,0.996194698092,
    1.043458559473E-14));
#4671 = ORIENTED_EDGE('',*,*,#4672,.T.);
#4672 = EDGE_CURVE('',#4051,#4673,#4675,.T.);
#4673 = VERTEX_POINT('',#4674);
#4674 = CARTESIAN_POINT('',(-2.680670889021,-2.089491193792,0.3));
#4675 = B_SPLINE_CURVE_WITH_KNOTS('',3,(#4676,#4677,#4678,#4679),
  .UNSPECIFIED.,.F.,.F.,(4,4),(0.,1.),.PIECEWISE_BEZIER_KNOTS.);
#4676 = CARTESIAN_POINT('',(-2.680670889021,-2.089491193792,0.15));
#4677 = CARTESIAN_POINT('',(-2.680670889021,-2.089491193792,0.2));
#4678 = CARTESIAN_POINT('',(-2.680670889021,-2.089491193792,0.25));
#4679 = CARTESIAN_POINT('',(-2.680670889021,-2.089491193792,0.3));
#4680 = ORIENTED_EDGE('',*,*,#4681,.T.);
#4681 = EDGE_CURVE('',#4673,#4637,#4682,.T.);
#4682 = LINE('',#4683,#4684);
#4683 = CARTESIAN_POINT('',(-2.8,-3.453429173529,0.3));
#4684 = VECTOR('',#4685,1.);
#4685 = DIRECTION('',(8.715574274766E-02,0.996194698092,
    1.043458559473E-14));
#4686 = ORIENTED_EDGE('',*,*,#4636,.T.);
#4687 = PLANE('',#4688);
#4688 = AXIS2_PLACEMENT_3D('',#4689,#4690,#4691);
#4689 = CARTESIAN_POINT('',(-2.8,-3.453429173529,0.3));
#4690 = DIRECTION('',(-0.996194698092,8.715574274766E-02,
    9.129079481294E-16));
#4691 = DIRECTION('',(8.715574274766E-02,0.996194698092,
    1.043458559473E-14));
#4692 = ADVANCED_FACE('',(#4693),#4717,.T.);
#4693 = FACE_BOUND('',#4694,.T.);
#4694 = EDGE_LOOP('',(#4695,#4703,#4710,#4716));
#4695 = ORIENTED_EDGE('',*,*,#4696,.T.);
#4696 = EDGE_CURVE('',#4645,#4697,#4699,.T.);
#4697 = VERTEX_POINT('',#4698);
#4698 = CARTESIAN_POINT('',(-1.869329110979,-2.089491193792,0.3));
#4699 = LINE('',#4700,#4701);
#4700 = CARTESIAN_POINT('',(-1.75,-3.453429173529,0.3));
#4701 = VECTOR('',#4702,1.);
#4702 = DIRECTION('',(8.715574274766E-02,-0.996194698092,
    -1.043458559473E-14));
#4703 = ORIENTED_EDGE('',*,*,#4704,.T.);
#4704 = EDGE_CURVE('',#4697,#4032,#4705,.T.);
#4705 = B_SPLINE_CURVE_WITH_KNOTS('',3,(#4706,#4707,#4708,#4709),
  .UNSPECIFIED.,.F.,.F.,(4,4),(0.,1.),.PIECEWISE_BEZIER_KNOTS.);
#4706 = CARTESIAN_POINT('',(-1.869329110979,-2.089491193792,0.3));
#4707 = CARTESIAN_POINT('',(-1.869329110979,-2.089491193792,0.25));
#4708 = CARTESIAN_POINT('',(-1.869329110979,-2.089491193792,0.2));
#4709 = CARTESIAN_POINT('',(-1.869329110979,-2.089491193792,0.15));
#4710 = ORIENTED_EDGE('',*,*,#4711,.F.);
#4711 = EDGE_CURVE('',#4629,#4032,#4712,.T.);
#4712 = LINE('',#4713,#4714);
#4713 = CARTESIAN_POINT('',(-1.75,-3.453429173529,0.15));
#4714 = VECTOR('',#4715,1.);
#4715 = DIRECTION('',(8.715574274766E-02,-0.996194698092,
    -1.043458559473E-14));
#4716 = ORIENTED_EDGE('',*,*,#4652,.F.);
#4717 = PLANE('',#4718);
#4718 = AXIS2_PLACEMENT_3D('',#4719,#4720,#4721);
#4719 = CARTESIAN_POINT('',(-1.75,-3.453429173529,0.3));
#4720 = DIRECTION('',(0.996194698092,8.715574274766E-02,
    9.129079481294E-16));
#4721 = DIRECTION('',(8.715574274766E-02,-0.996194698092,
    -1.043458559473E-14));
#4722 = ADVANCED_FACE('',(#4723),#4757,.T.);
#4723 = FACE_BOUND('',#4724,.T.);
#4724 = EDGE_LOOP('',(#4725,#4735,#4743,#4751));
#4725 = ORIENTED_EDGE('',*,*,#4726,.F.);
#4726 = EDGE_CURVE('',#4727,#4729,#4731,.T.);
#4727 = VERTEX_POINT('',#4728);
#4728 = CARTESIAN_POINT('',(0.15,-1.989491193792,3.904862254808E-02));
#4729 = VERTEX_POINT('',#4730);
#4730 = CARTESIAN_POINT('',(1.75,-1.989491193792,3.904862254808E-02));
#4731 = LINE('',#4732,#4733);
#4732 = CARTESIAN_POINT('',(1.75,-1.989491193792,3.904862254808E-02));
#4733 = VECTOR('',#4734,1.);
#4734 = DIRECTION('',(1.,0.,0.));
#4735 = ORIENTED_EDGE('',*,*,#4736,.F.);
#4736 = EDGE_CURVE('',#4737,#4727,#4739,.T.);
#4737 = VERTEX_POINT('',#4738);
#4738 = CARTESIAN_POINT('',(0.15,-1.839491193792,3.904862254809E-02));
#4739 = LINE('',#4740,#4741);
#4740 = CARTESIAN_POINT('',(0.15,-1.839491193792,3.904862254809E-02));
#4741 = VECTOR('',#4742,1.);
#4742 = DIRECTION('',(0.,-1.,-6.982962677686E-15));
#4743 = ORIENTED_EDGE('',*,*,#4744,.T.);
#4744 = EDGE_CURVE('',#4737,#4745,#4747,.T.);
#4745 = VERTEX_POINT('',#4746);
#4746 = CARTESIAN_POINT('',(1.75,-1.839491193792,3.904862254809E-02));
#4747 = LINE('',#4748,#4749);
#4748 = CARTESIAN_POINT('',(1.75,-1.839491193792,3.904862254809E-02));
#4749 = VECTOR('',#4750,1.);
#4750 = DIRECTION('',(1.,0.,0.));
#4751 = ORIENTED_EDGE('',*,*,#4752,.T.);
#4752 = EDGE_CURVE('',#4745,#4729,#4753,.T.);
#4753 = LINE('',#4754,#4755);
#4754 = CARTESIAN_POINT('',(1.75,-1.839491193792,3.904862254809E-02));
#4755 = VECTOR('',#4756,1.);
#4756 = DIRECTION('',(0.,-1.,-6.982962677686E-15));
#4757 = PLANE('',#4758);
#4758 = AXIS2_PLACEMENT_3D('',#4759,#4760,#4761);
#4759 = CARTESIAN_POINT('',(1.75,-1.839491193792,3.904862254809E-02));
#4760 = DIRECTION('',(0.,6.982962677686E-15,-1.));
#4761 = DIRECTION('',(1.,0.,0.));
#4762 = ADVANCED_FACE('',(#4763),#4788,.T.);
#4763 = FACE_BOUND('',#4764,.T.);
#4764 = EDGE_LOOP('',(#4765,#4775,#4781,#4782));
#4765 = ORIENTED_EDGE('',*,*,#4766,.F.);
#4766 = EDGE_CURVE('',#4767,#4769,#4771,.T.);
#4767 = VERTEX_POINT('',#4768);
#4768 = CARTESIAN_POINT('',(0.15,-1.839491193792,0.4));
#4769 = VERTEX_POINT('',#4770);
#4770 = CARTESIAN_POINT('',(0.15,-1.989491193792,0.4));
#4771 = LINE('',#4772,#4773);
#4772 = CARTESIAN_POINT('',(0.15,-1.839491193792,0.4));
#4773 = VECTOR('',#4774,1.);
#4774 = DIRECTION('',(-4.717058874263E-32,-1.,-6.921730337729E-15));
#4775 = ORIENTED_EDGE('',*,*,#4776,.T.);
#4776 = EDGE_CURVE('',#4767,#4737,#4777,.T.);
#4777 = LINE('',#4778,#4779);
#4778 = CARTESIAN_POINT('',(0.15,-1.839491193792,0.989048622548));
#4779 = VECTOR('',#4780,1.);
#4780 = DIRECTION('',(0.,6.982962677686E-15,-1.));
#4781 = ORIENTED_EDGE('',*,*,#4736,.T.);
#4782 = ORIENTED_EDGE('',*,*,#4783,.F.);
#4783 = EDGE_CURVE('',#4769,#4727,#4784,.T.);
#4784 = LINE('',#4785,#4786);
#4785 = CARTESIAN_POINT('',(0.15,-1.989491193792,3.904862254808E-02));
#4786 = VECTOR('',#4787,1.);
#4787 = DIRECTION('',(7.703541751871E-16,6.982962677686E-15,-1.));
#4788 = PLANE('',#4789);
#4789 = AXIS2_PLACEMENT_3D('',#4790,#4791,#4792);
#4790 = CARTESIAN_POINT('',(0.15,-1.839491193792,3.904862254809E-02));
#4791 = DIRECTION('',(-1.,5.379354453931E-30,-7.703541751871E-16));
#4792 = DIRECTION('',(7.703541751871E-16,6.982962677686E-15,-1.));
#4793 = ADVANCED_FACE('',(#4794),#4819,.T.);
#4794 = FACE_BOUND('',#4795,.T.);
#4795 = EDGE_LOOP('',(#4796,#4806,#4812,#4813));
#4796 = ORIENTED_EDGE('',*,*,#4797,.F.);
#4797 = EDGE_CURVE('',#4798,#4800,#4802,.T.);
#4798 = VERTEX_POINT('',#4799);
#4799 = CARTESIAN_POINT('',(1.75,-1.989491193792,0.4));
#4800 = VERTEX_POINT('',#4801);
#4801 = CARTESIAN_POINT('',(1.75,-1.839491193792,0.4));
#4802 = LINE('',#4803,#4804);
#4803 = CARTESIAN_POINT('',(1.75,-1.839491193792,0.4));
#4804 = VECTOR('',#4805,1.);
#4805 = DIRECTION('',(0.,1.,6.921730337729E-15));
#4806 = ORIENTED_EDGE('',*,*,#4807,.F.);
#4807 = EDGE_CURVE('',#4729,#4798,#4808,.T.);
#4808 = LINE('',#4809,#4810);
#4809 = CARTESIAN_POINT('',(1.75,-1.989491193792,1.989048622548));
#4810 = VECTOR('',#4811,1.);
#4811 = DIRECTION('',(0.,-6.982962677686E-15,1.));
#4812 = ORIENTED_EDGE('',*,*,#4752,.F.);
#4813 = ORIENTED_EDGE('',*,*,#4814,.T.);
#4814 = EDGE_CURVE('',#4745,#4800,#4815,.T.);
#4815 = LINE('',#4816,#4817);
#4816 = CARTESIAN_POINT('',(1.75,-1.839491193792,0.989048622548));
#4817 = VECTOR('',#4818,1.);
#4818 = DIRECTION('',(2.282530889443E-16,-6.982962677686E-15,1.));
#4819 = PLANE('',#4820);
#4820 = AXIS2_PLACEMENT_3D('',#4821,#4822,#4823);
#4821 = CARTESIAN_POINT('',(1.75,-1.839491193792,1.989048622548));
#4822 = DIRECTION('',(1.,0.,0.));
#4823 = DIRECTION('',(0.,-6.982962677686E-15,1.));
#4824 = ADVANCED_FACE('',(#4825),#4836,.F.);
#4825 = FACE_BOUND('',#4826,.T.);
#4826 = EDGE_LOOP('',(#4827,#4828,#4834,#4835));
#4827 = ORIENTED_EDGE('',*,*,#4807,.T.);
#4828 = ORIENTED_EDGE('',*,*,#4829,.T.);
#4829 = EDGE_CURVE('',#4798,#4769,#4830,.T.);
#4830 = LINE('',#4831,#4832);
#4831 = CARTESIAN_POINT('',(0.1,-1.989491193792,0.4));
#4832 = VECTOR('',#4833,1.);
#4833 = DIRECTION('',(-1.,0.,-0.));
#4834 = ORIENTED_EDGE('',*,*,#4783,.T.);
#4835 = ORIENTED_EDGE('',*,*,#4726,.T.);
#4836 = PLANE('',#4837);
#4837 = AXIS2_PLACEMENT_3D('',#4838,#4839,#4840);
#4838 = CARTESIAN_POINT('',(0.1,-1.989491193792,3.689048622548));
#4839 = DIRECTION('',(0.,1.,6.982962677686E-15));
#4840 = DIRECTION('',(0.,-6.982962677686E-15,1.));
#4841 = ADVANCED_FACE('',(#4842),#4848,.F.);
#4842 = FACE_BOUND('',#4843,.T.);
#4843 = EDGE_LOOP('',(#4844,#4845,#4846,#4847));
#4844 = ORIENTED_EDGE('',*,*,#4061,.F.);
#4845 = ORIENTED_EDGE('',*,*,#4666,.T.);
#4846 = ORIENTED_EDGE('',*,*,#4626,.T.);
#4847 = ORIENTED_EDGE('',*,*,#4711,.T.);
#4848 = PLANE('',#4849);
#4849 = AXIS2_PLACEMENT_3D('',#4850,#4851,#4852);
#4850 = CARTESIAN_POINT('',(0.1,-6.203429173529,0.15));
#4851 = DIRECTION('',(0.,-1.047444401653E-14,1.));
#4852 = DIRECTION('',(0.,-1.,-1.047444401653E-14));
#4853 = ADVANCED_FACE('',(#4854),#4884,.F.);
#4854 = FACE_BOUND('',#4855,.F.);
#4855 = EDGE_LOOP('',(#4856,#4865,#4866,#4873,#4882,#4883));
#4856 = ORIENTED_EDGE('',*,*,#4857,.T.);
#4857 = EDGE_CURVE('',#4673,#3994,#4858,.T.);
#4858 = B_SPLINE_CURVE_WITH_KNOTS('',3,(#4859,#4860,#4861,#4862,#4863,
    #4864),.UNSPECIFIED.,.F.,.F.,(4,2,4),(0.,0.25,0.5),.UNSPECIFIED.);
#4859 = CARTESIAN_POINT('',(-2.680670889021,-2.089491193792,0.3));
#4860 = CARTESIAN_POINT('',(-2.686969620622,-2.141851071351,0.3));
#4861 = CARTESIAN_POINT('',(-2.693268352223,-2.193888525544,
    0.321554619278));
#4862 = CARTESIAN_POINT('',(-2.705865815426,-2.267936574514,
    0.395602668247));
#4863 = CARTESIAN_POINT('',(-2.712164547027,-2.289491193792,
    0.44764012244));
#4864 = CARTESIAN_POINT('',(-2.718463278629,-2.289491193792,0.5));
#4865 = ORIENTED_EDGE('',*,*,#3993,.T.);
#4866 = ORIENTED_EDGE('',*,*,#4867,.F.);
#4867 = EDGE_CURVE('',#4868,#3984,#4870,.T.);
#4868 = VERTEX_POINT('',#4869);
#4869 = CARTESIAN_POINT('',(-2.756255668237,-2.089491193792,0.85));
#4870 = B_SPLINE_CURVE_WITH_KNOTS('',1,(#4871,#4872),.UNSPECIFIED.,.F.,
  .F.,(2,2),(0.,1.),.PIECEWISE_BEZIER_KNOTS.);
#4871 = CARTESIAN_POINT('',(-2.756255668237,-2.089491193792,0.85));
#4872 = CARTESIAN_POINT('',(-2.756255668237,-2.089491193792,0.7));
#4873 = ORIENTED_EDGE('',*,*,#4874,.F.);
#4874 = EDGE_CURVE('',#4043,#4868,#4875,.T.);
#4875 = B_SPLINE_CURVE_WITH_KNOTS('',3,(#4876,#4877,#4878,#4879,#4880,
    #4881),.UNSPECIFIED.,.F.,.F.,(4,2,4),(0.5,0.75,1.),.UNSPECIFIED.);
#4876 = CARTESIAN_POINT('',(-2.718463278629,-2.439491193792,0.5));
#4877 = CARTESIAN_POINT('',(-2.72476201023,-2.439491193792,
    0.591629785729));
#4878 = CARTESIAN_POINT('',(-2.731060741832,-2.401770610055,
    0.682695330567));
#4879 = CARTESIAN_POINT('',(-2.743658205034,-2.272186524359,
    0.812279416263));
#4880 = CARTESIAN_POINT('',(-2.749939328335,-2.181377133443,0.85));
#4881 = CARTESIAN_POINT('',(-2.756255668237,-2.089491193792,0.85));
#4882 = ORIENTED_EDGE('',*,*,#4050,.F.);
#4883 = ORIENTED_EDGE('',*,*,#4672,.T.);
#4884 = B_SPLINE_SURFACE_WITH_KNOTS('',1,3,(
    (#4885,#4886,#4887,#4888,#4889,#4890,#4891,#4892,#4893,#4894)
    ,(#4895,#4896,#4897,#4898,#4899,#4900,#4901,#4902,#4903,#4904
  )),.UNSPECIFIED.,.F.,.F.,.F.,(2,2),(4,2,2,2,4),(0.,1.),(0.,0.25,0.5,
    0.75,1.),.UNSPECIFIED.);
#4885 = CARTESIAN_POINT('',(-2.680670889021,-2.089491193792,0.15));
#4886 = CARTESIAN_POINT('',(-2.686987228922,-2.181377133443,0.15));
#4887 = CARTESIAN_POINT('',(-2.693268352223,-2.272186524359,
    0.187720583737));
#4888 = CARTESIAN_POINT('',(-2.705865815426,-2.401770610055,
    0.317304669433));
#4889 = CARTESIAN_POINT('',(-2.712164547027,-2.439491193792,
    0.40837021427));
#4890 = CARTESIAN_POINT('',(-2.72476201023,-2.439491193792,0.59162978573
    ));
#4891 = CARTESIAN_POINT('',(-2.731060741832,-2.401770610055,
    0.682695330567));
#4892 = CARTESIAN_POINT('',(-2.743658205034,-2.272186524359,
    0.812279416263));
#4893 = CARTESIAN_POINT('',(-2.749939328335,-2.181377133443,0.85));
#4894 = CARTESIAN_POINT('',(-2.756255668237,-2.089491193792,0.85));
#4895 = CARTESIAN_POINT('',(-2.680670889021,-2.089491193792,0.3));
#4896 = CARTESIAN_POINT('',(-2.68698705976,-2.141996038811,0.3));
#4897 = CARTESIAN_POINT('',(-2.693268352223,-2.193888525544,
    0.321554619278));
#4898 = CARTESIAN_POINT('',(-2.705865815426,-2.267936574514,
    0.395602668247));
#4899 = CARTESIAN_POINT('',(-2.712164547027,-2.289491193792,
    0.44764012244));
#4900 = CARTESIAN_POINT('',(-2.72476201023,-2.289491193792,0.55235987756
    ));
#4901 = CARTESIAN_POINT('',(-2.731060741832,-2.267936574514,
    0.604397331753));
#4902 = CARTESIAN_POINT('',(-2.743658205034,-2.193888525544,
    0.678445380722));
#4903 = CARTESIAN_POINT('',(-2.749939497498,-2.141996038811,0.7));
#4904 = CARTESIAN_POINT('',(-2.756255668237,-2.089491193792,0.7));
#4905 = ADVANCED_FACE('',(#4906),#4917,.T.);
#4906 = FACE_BOUND('',#4907,.T.);
#4907 = EDGE_LOOP('',(#4908,#4909,#4915,#4916));
#4908 = ORIENTED_EDGE('',*,*,#4681,.F.);
#4909 = ORIENTED_EDGE('',*,*,#4910,.T.);
#4910 = EDGE_CURVE('',#4673,#4697,#4911,.T.);
#4911 = LINE('',#4912,#4913);
#4912 = CARTESIAN_POINT('',(0.1,-2.089491193792,0.3));
#4913 = VECTOR('',#4914,1.);
#4914 = DIRECTION('',(1.,0.,0.));
#4915 = ORIENTED_EDGE('',*,*,#4696,.F.);
#4916 = ORIENTED_EDGE('',*,*,#4644,.F.);
#4917 = PLANE('',#4918);
#4918 = AXIS2_PLACEMENT_3D('',#4919,#4920,#4921);
#4919 = CARTESIAN_POINT('',(0.1,-6.203429173529,0.3));
#4920 = DIRECTION('',(0.,-1.047444401653E-14,1.));
#4921 = DIRECTION('',(0.,-1.,-1.047444401653E-14));
#4922 = ADVANCED_FACE('',(#4923),#4953,.F.);
#4923 = FACE_BOUND('',#4924,.F.);
#4924 = EDGE_LOOP('',(#4925,#4932,#4933,#4942,#4943,#4944));
#4925 = ORIENTED_EDGE('',*,*,#4926,.F.);
#4926 = EDGE_CURVE('',#3986,#4927,#4929,.T.);
#4927 = VERTEX_POINT('',#4928);
#4928 = CARTESIAN_POINT('',(-1.793744331763,-2.089491193792,0.85));
#4929 = B_SPLINE_CURVE_WITH_KNOTS('',1,(#4930,#4931),.UNSPECIFIED.,.F.,
  .F.,(2,2),(0.,1.),.PIECEWISE_BEZIER_KNOTS.);
#4930 = CARTESIAN_POINT('',(-1.793744331763,-2.089491193792,0.7));
#4931 = CARTESIAN_POINT('',(-1.793744331763,-2.089491193792,0.85));
#4932 = ORIENTED_EDGE('',*,*,#4012,.T.);
#4933 = ORIENTED_EDGE('',*,*,#4934,.T.);
#4934 = EDGE_CURVE('',#4005,#4697,#4935,.T.);
#4935 = B_SPLINE_CURVE_WITH_KNOTS('',3,(#4936,#4937,#4938,#4939,#4940,
    #4941),.UNSPECIFIED.,.F.,.F.,(4,2,4),(0.5,0.75,1.),.UNSPECIFIED.);
#4936 = CARTESIAN_POINT('',(-1.831536721371,-2.289491193792,0.5));
#4937 = CARTESIAN_POINT('',(-1.837835452973,-2.289491193792,
    0.44764012244));
#4938 = CARTESIAN_POINT('',(-1.844134184574,-2.267936574514,
    0.395602668247));
#4939 = CARTESIAN_POINT('',(-1.856731647777,-2.193888525544,
    0.321554619278));
#4940 = CARTESIAN_POINT('',(-1.863030379378,-2.141851071351,0.3));
#4941 = CARTESIAN_POINT('',(-1.869329110979,-2.089491193792,0.3));
#4942 = ORIENTED_EDGE('',*,*,#4704,.T.);
#4943 = ORIENTED_EDGE('',*,*,#4029,.F.);
#4944 = ORIENTED_EDGE('',*,*,#4945,.F.);
#4945 = EDGE_CURVE('',#4927,#4030,#4946,.T.);
#4946 = B_SPLINE_CURVE_WITH_KNOTS('',3,(#4947,#4948,#4949,#4950,#4951,
    #4952),.UNSPECIFIED.,.F.,.F.,(4,2,4),(0.,0.25,0.5),.UNSPECIFIED.);
#4947 = CARTESIAN_POINT('',(-1.793744331763,-2.089491193792,0.85));
#4948 = CARTESIAN_POINT('',(-1.800060671665,-2.181377133443,0.85));
#4949 = CARTESIAN_POINT('',(-1.806341794966,-2.272186524359,
    0.812279416263));
#4950 = CARTESIAN_POINT('',(-1.818939258168,-2.401770610055,
    0.682695330567));
#4951 = CARTESIAN_POINT('',(-1.82523798977,-2.439491193792,
    0.591629785729));
#4952 = CARTESIAN_POINT('',(-1.831536721371,-2.439491193792,0.5));
#4953 = B_SPLINE_SURFACE_WITH_KNOTS('',1,3,(
    (#4954,#4955,#4956,#4957,#4958,#4959,#4960,#4961,#4962,#4963)
    ,(#4964,#4965,#4966,#4967,#4968,#4969,#4970,#4971,#4972,#4973
  )),.UNSPECIFIED.,.F.,.F.,.F.,(2,2),(4,2,2,2,4),(0.,1.),(0.,0.25,0.5,
    0.75,1.),.UNSPECIFIED.);
#4954 = CARTESIAN_POINT('',(-1.793744331763,-2.089491193792,0.85));
#4955 = CARTESIAN_POINT('',(-1.800060671665,-2.181377133443,0.85));
#4956 = CARTESIAN_POINT('',(-1.806341794966,-2.272186524359,
    0.812279416263));
#4957 = CARTESIAN_POINT('',(-1.818939258168,-2.401770610055,
    0.682695330567));
#4958 = CARTESIAN_POINT('',(-1.82523798977,-2.439491193792,0.59162978573
    ));
#4959 = CARTESIAN_POINT('',(-1.837835452973,-2.439491193792,
    0.40837021427));
#4960 = CARTESIAN_POINT('',(-1.844134184574,-2.401770610055,
    0.317304669433));
#4961 = CARTESIAN_POINT('',(-1.856731647777,-2.272186524359,
    0.187720583737));
#4962 = CARTESIAN_POINT('',(-1.863012771078,-2.181377133443,0.15));
#4963 = CARTESIAN_POINT('',(-1.869329110979,-2.089491193792,0.15));
#4964 = CARTESIAN_POINT('',(-1.793744331763,-2.089491193792,0.7));
#4965 = CARTESIAN_POINT('',(-1.800060502502,-2.141996038811,0.7));
#4966 = CARTESIAN_POINT('',(-1.806341794966,-2.193888525544,
    0.678445380722));
#4967 = CARTESIAN_POINT('',(-1.818939258168,-2.267936574514,
    0.604397331753));
#4968 = CARTESIAN_POINT('',(-1.82523798977,-2.289491193792,0.55235987756
    ));
#4969 = CARTESIAN_POINT('',(-1.837835452973,-2.289491193792,
    0.44764012244));
#4970 = CARTESIAN_POINT('',(-1.844134184574,-2.267936574514,
    0.395602668247));
#4971 = CARTESIAN_POINT('',(-1.856731647777,-2.193888525544,
    0.321554619278));
#4972 = CARTESIAN_POINT('',(-1.86301294024,-2.141996038811,0.3));
#4973 = CARTESIAN_POINT('',(-1.869329110979,-2.089491193792,0.3));
#4974 = ADVANCED_FACE('',(#4975),#4986,.T.);
#4975 = FACE_BOUND('',#4976,.T.);
#4976 = EDGE_LOOP('',(#4977,#4983,#4984,#4985));
#4977 = ORIENTED_EDGE('',*,*,#4978,.F.);
#4978 = EDGE_CURVE('',#4800,#4767,#4979,.T.);
#4979 = LINE('',#4980,#4981);
#4980 = CARTESIAN_POINT('',(0.1,-1.839491193792,0.4));
#4981 = VECTOR('',#4982,1.);
#4982 = DIRECTION('',(-1.,0.,-0.));
#4983 = ORIENTED_EDGE('',*,*,#4814,.F.);
#4984 = ORIENTED_EDGE('',*,*,#4744,.F.);
#4985 = ORIENTED_EDGE('',*,*,#4776,.F.);
#4986 = PLANE('',#4987);
#4987 = AXIS2_PLACEMENT_3D('',#4988,#4989,#4990);
#4988 = CARTESIAN_POINT('',(0.1,-1.839491193792,3.689048622548));
#4989 = DIRECTION('',(0.,1.,6.982962677686E-15));
#4990 = DIRECTION('',(0.,-6.982962677686E-15,1.));
#4991 = ADVANCED_FACE('',(#4992),#5019,.F.);
#4992 = FACE_BOUND('',#4993,.T.);
#4993 = EDGE_LOOP('',(#4994,#4995,#5004,#5012));
#4994 = ORIENTED_EDGE('',*,*,#4766,.T.);
#4995 = ORIENTED_EDGE('',*,*,#4996,.T.);
#4996 = EDGE_CURVE('',#4769,#4997,#4999,.T.);
#4997 = VERTEX_POINT('',#4998);
#4998 = CARTESIAN_POINT('',(0.15,-1.539491193792,0.85));
#4999 = CIRCLE('',#5000,0.45);
#5000 = AXIS2_PLACEMENT_3D('',#5001,#5002,#5003);
#5001 = CARTESIAN_POINT('',(0.15,-1.539491193792,0.4));
#5002 = DIRECTION('',(-1.,-0.,0.));
#5003 = DIRECTION('',(0.,-1.,-3.493540333564E-15));
#5004 = ORIENTED_EDGE('',*,*,#5005,.F.);
#5005 = EDGE_CURVE('',#5006,#4997,#5008,.T.);
#5006 = VERTEX_POINT('',#5007);
#5007 = CARTESIAN_POINT('',(0.15,-1.539491193792,0.7));
#5008 = LINE('',#5009,#5010);
#5009 = CARTESIAN_POINT('',(0.15,-1.539491193792,0.7));
#5010 = VECTOR('',#5011,1.);
#5011 = DIRECTION('',(-4.717058874263E-32,-3.430248998886E-15,1.));
#5012 = ORIENTED_EDGE('',*,*,#5013,.F.);
#5013 = EDGE_CURVE('',#4767,#5006,#5014,.T.);
#5014 = CIRCLE('',#5015,0.3);
#5015 = AXIS2_PLACEMENT_3D('',#5016,#5017,#5018);
#5016 = CARTESIAN_POINT('',(0.15,-1.539491193792,0.4));
#5017 = DIRECTION('',(-1.,0.,0.));
#5018 = DIRECTION('',(0.,1.,3.433306879537E-15));
#5019 = PLANE('',#5020);
#5020 = AXIS2_PLACEMENT_3D('',#5021,#5022,#5023);
#5021 = CARTESIAN_POINT('',(0.15,-1.539491193792,0.4));
#5022 = DIRECTION('',(1.,0.,-0.));
#5023 = DIRECTION('',(0.,1.,3.491481338843E-15));
#5024 = ADVANCED_FACE('',(#5025),#5052,.F.);
#5025 = FACE_BOUND('',#5026,.T.);
#5026 = EDGE_LOOP('',(#5027,#5037,#5044,#5045));
#5027 = ORIENTED_EDGE('',*,*,#5028,.F.);
#5028 = EDGE_CURVE('',#5029,#5031,#5033,.T.);
#5029 = VERTEX_POINT('',#5030);
#5030 = CARTESIAN_POINT('',(1.75,-1.539491193792,0.85));
#5031 = VERTEX_POINT('',#5032);
#5032 = CARTESIAN_POINT('',(1.75,-1.539491193792,0.7));
#5033 = LINE('',#5034,#5035);
#5034 = CARTESIAN_POINT('',(1.75,-1.539491193792,0.7));
#5035 = VECTOR('',#5036,1.);
#5036 = DIRECTION('',(0.,3.430248998886E-15,-1.));
#5037 = ORIENTED_EDGE('',*,*,#5038,.T.);
#5038 = EDGE_CURVE('',#5029,#4798,#5039,.T.);
#5039 = CIRCLE('',#5040,0.45);
#5040 = AXIS2_PLACEMENT_3D('',#5041,#5042,#5043);
#5041 = CARTESIAN_POINT('',(1.75,-1.539491193792,0.4));
#5042 = DIRECTION('',(1.,0.,0.));
#5043 = DIRECTION('',(0.,-1.,6.264279218805E-15));
#5044 = ORIENTED_EDGE('',*,*,#4797,.T.);
#5045 = ORIENTED_EDGE('',*,*,#5046,.F.);
#5046 = EDGE_CURVE('',#5031,#4800,#5047,.T.);
#5047 = CIRCLE('',#5048,0.3);
#5048 = AXIS2_PLACEMENT_3D('',#5049,#5050,#5051);
#5049 = CARTESIAN_POINT('',(1.75,-1.539491193792,0.4));
#5050 = DIRECTION('',(1.,0.,0.));
#5051 = DIRECTION('',(0.,-1.,-3.433306879537E-15));
#5052 = PLANE('',#5053);
#5053 = AXIS2_PLACEMENT_3D('',#5054,#5055,#5056);
#5054 = CARTESIAN_POINT('',(1.75,-1.539491193792,0.4));
#5055 = DIRECTION('',(-1.,-0.,0.));
#5056 = DIRECTION('',(0.,-1.,-3.491481338843E-15));
#5057 = ADVANCED_FACE('',(#5058),#5069,.T.);
#5058 = FACE_BOUND('',#5059,.T.);
#5059 = EDGE_LOOP('',(#5060,#5061,#5062,#5063));
#5060 = ORIENTED_EDGE('',*,*,#4996,.F.);
#5061 = ORIENTED_EDGE('',*,*,#4829,.F.);
#5062 = ORIENTED_EDGE('',*,*,#5038,.F.);
#5063 = ORIENTED_EDGE('',*,*,#5064,.T.);
#5064 = EDGE_CURVE('',#5029,#4997,#5065,.T.);
#5065 = LINE('',#5066,#5067);
#5066 = CARTESIAN_POINT('',(0.1,-1.539491193792,0.85));
#5067 = VECTOR('',#5068,1.);
#5068 = DIRECTION('',(-1.,-0.,0.));
#5069 = CYLINDRICAL_SURFACE('',#5070,0.45);
#5070 = AXIS2_PLACEMENT_3D('',#5071,#5072,#5073);
#5071 = CARTESIAN_POINT('',(2.661571873958,-1.539491193792,0.4));
#5072 = DIRECTION('',(-1.,-0.,0.));
#5073 = DIRECTION('',(0.,-1.,-3.493540333564E-15));
#5074 = ADVANCED_FACE('',(#5075),#5086,.T.);
#5075 = FACE_BOUND('',#5076,.T.);
#5076 = EDGE_LOOP('',(#5077,#5078,#5079,#5085));
#5077 = ORIENTED_EDGE('',*,*,#4042,.F.);
#5078 = ORIENTED_EDGE('',*,*,#4945,.F.);
#5079 = ORIENTED_EDGE('',*,*,#5080,.F.);
#5080 = EDGE_CURVE('',#4868,#4927,#5081,.T.);
#5081 = LINE('',#5082,#5083);
#5082 = CARTESIAN_POINT('',(0.1,-2.089491193792,0.85));
#5083 = VECTOR('',#5084,1.);
#5084 = DIRECTION('',(1.,0.,0.));
#5085 = ORIENTED_EDGE('',*,*,#4874,.F.);
#5086 = CYLINDRICAL_SURFACE('',#5087,0.35);
#5087 = AXIS2_PLACEMENT_3D('',#5088,#5089,#5090);
#5088 = CARTESIAN_POINT('',(-0.972956642168,-2.089491193792,0.5));
#5089 = DIRECTION('',(-1.,0.,0.));
#5090 = DIRECTION('',(-0.,-1.,-3.407492542097E-15));
#5091 = ADVANCED_FACE('',(#5092),#5126,.T.);
#5092 = FACE_BOUND('',#5093,.T.);
#5093 = EDGE_LOOP('',(#5094,#5104,#5112,#5120));
#5094 = ORIENTED_EDGE('',*,*,#5095,.F.);
#5095 = EDGE_CURVE('',#5096,#5098,#5100,.T.);
#5096 = VERTEX_POINT('',#5097);
#5097 = CARTESIAN_POINT('',(-2.8,-0.589491193792,0.85));
#5098 = VERTEX_POINT('',#5099);
#5099 = CARTESIAN_POINT('',(-2.8,-1.589491193792,0.85));
#5100 = LINE('',#5101,#5102);
#5101 = CARTESIAN_POINT('',(-2.8,-0.589491193792,0.85));
#5102 = VECTOR('',#5103,1.);
#5103 = DIRECTION('',(0.,-1.,-3.491481338843E-15));
#5104 = ORIENTED_EDGE('',*,*,#5105,.F.);
#5105 = EDGE_CURVE('',#5106,#5096,#5108,.T.);
#5106 = VERTEX_POINT('',#5107);
#5107 = CARTESIAN_POINT('',(-2.8,-0.589491193792,0.7));
#5108 = LINE('',#5109,#5110);
#5109 = CARTESIAN_POINT('',(-2.8,-0.589491193792,0.7));
#5110 = VECTOR('',#5111,1.);
#5111 = DIRECTION('',(0.,-3.491481338843E-15,1.));
#5112 = ORIENTED_EDGE('',*,*,#5113,.T.);
#5113 = EDGE_CURVE('',#5106,#5114,#5116,.T.);
#5114 = VERTEX_POINT('',#5115);
#5115 = CARTESIAN_POINT('',(-2.8,-1.589491193792,0.7));
#5116 = LINE('',#5117,#5118);
#5117 = CARTESIAN_POINT('',(-2.8,-0.589491193792,0.7));
#5118 = VECTOR('',#5119,1.);
#5119 = DIRECTION('',(0.,-1.,-3.491481338843E-15));
#5120 = ORIENTED_EDGE('',*,*,#5121,.T.);
#5121 = EDGE_CURVE('',#5114,#5098,#5122,.T.);
#5122 = LINE('',#5123,#5124);
#5123 = CARTESIAN_POINT('',(-2.8,-1.589491193792,0.7));
#5124 = VECTOR('',#5125,1.);
#5125 = DIRECTION('',(0.,-3.491481338843E-15,1.));
#5126 = PLANE('',#5127);
#5127 = AXIS2_PLACEMENT_3D('',#5128,#5129,#5130);
#5128 = CARTESIAN_POINT('',(-2.8,-0.589491193792,0.7));
#5129 = DIRECTION('',(-1.,-0.,0.));
#5130 = DIRECTION('',(0.,-1.,-3.491481338843E-15));
#5131 = ADVANCED_FACE('',(#5132),#5148,.T.);
#5132 = FACE_BOUND('',#5133,.T.);
#5133 = EDGE_LOOP('',(#5134,#5135,#5141,#5142));
#5134 = ORIENTED_EDGE('',*,*,#4867,.F.);
#5135 = ORIENTED_EDGE('',*,*,#5136,.F.);
#5136 = EDGE_CURVE('',#5098,#4868,#5137,.T.);
#5137 = LINE('',#5138,#5139);
#5138 = CARTESIAN_POINT('',(-2.8,-1.589491193792,0.85));
#5139 = VECTOR('',#5140,1.);
#5140 = DIRECTION('',(8.715574274766E-02,-0.996194698092,
    -3.478195198242E-15));
#5141 = ORIENTED_EDGE('',*,*,#5121,.F.);
#5142 = ORIENTED_EDGE('',*,*,#5143,.T.);
#5143 = EDGE_CURVE('',#5114,#3984,#5144,.T.);
#5144 = LINE('',#5145,#5146);
#5145 = CARTESIAN_POINT('',(-2.8,-1.589491193792,0.7));
#5146 = VECTOR('',#5147,1.);
#5147 = DIRECTION('',(8.715574274766E-02,-0.996194698092,
    -3.478195198242E-15));
#5148 = PLANE('',#5149);
#5149 = AXIS2_PLACEMENT_3D('',#5150,#5151,#5152);
#5150 = CARTESIAN_POINT('',(-2.8,-1.589491193792,0.7));
#5151 = DIRECTION('',(-0.996194698092,-8.715574274766E-02,
    -3.043026493765E-16));
#5152 = DIRECTION('',(8.715574274766E-02,-0.996194698092,
    -3.478195198242E-15));
#5153 = ADVANCED_FACE('',(#5154),#5160,.F.);
#5154 = FACE_BOUND('',#5155,.F.);
#5155 = EDGE_LOOP('',(#5156,#5157,#5158,#5159));
#5156 = ORIENTED_EDGE('',*,*,#4857,.F.);
#5157 = ORIENTED_EDGE('',*,*,#4910,.T.);
#5158 = ORIENTED_EDGE('',*,*,#4934,.F.);
#5159 = ORIENTED_EDGE('',*,*,#4004,.T.);
#5160 = CYLINDRICAL_SURFACE('',#5161,0.2);
#5161 = AXIS2_PLACEMENT_3D('',#5162,#5163,#5164);
#5162 = CARTESIAN_POINT('',(-0.972956642168,-2.089491193792,0.5));
#5163 = DIRECTION('',(-1.,0.,0.));
#5164 = DIRECTION('',(-0.,-1.,-3.252606517457E-15));
#5165 = ADVANCED_FACE('',(#5166),#5191,.T.);
#5166 = FACE_BOUND('',#5167,.T.);
#5167 = EDGE_LOOP('',(#5168,#5169,#5177,#5185));
#5168 = ORIENTED_EDGE('',*,*,#4926,.F.);
#5169 = ORIENTED_EDGE('',*,*,#5170,.T.);
#5170 = EDGE_CURVE('',#3986,#5171,#5173,.T.);
#5171 = VERTEX_POINT('',#5172);
#5172 = CARTESIAN_POINT('',(-1.75,-1.589491193792,0.7));
#5173 = LINE('',#5174,#5175);
#5174 = CARTESIAN_POINT('',(-1.75,-1.589491193792,0.7));
#5175 = VECTOR('',#5176,1.);
#5176 = DIRECTION('',(8.715574274766E-02,0.996194698092,
    3.478195198242E-15));
#5177 = ORIENTED_EDGE('',*,*,#5178,.T.);
#5178 = EDGE_CURVE('',#5171,#5179,#5181,.T.);
#5179 = VERTEX_POINT('',#5180);
#5180 = CARTESIAN_POINT('',(-1.75,-1.589491193792,0.85));
#5181 = LINE('',#5182,#5183);
#5182 = CARTESIAN_POINT('',(-1.75,-1.589491193792,0.7));
#5183 = VECTOR('',#5184,1.);
#5184 = DIRECTION('',(0.,-3.491481338843E-15,1.));
#5185 = ORIENTED_EDGE('',*,*,#5186,.F.);
#5186 = EDGE_CURVE('',#4927,#5179,#5187,.T.);
#5187 = LINE('',#5188,#5189);
#5188 = CARTESIAN_POINT('',(-1.75,-1.589491193792,0.85));
#5189 = VECTOR('',#5190,1.);
#5190 = DIRECTION('',(8.715574274766E-02,0.996194698092,
    3.478195198242E-15));
#5191 = PLANE('',#5192);
#5192 = AXIS2_PLACEMENT_3D('',#5193,#5194,#5195);
#5193 = CARTESIAN_POINT('',(-1.75,-1.589491193792,0.7));
#5194 = DIRECTION('',(0.996194698092,-8.715574274766E-02,
    -3.043026493765E-16));
#5195 = DIRECTION('',(8.715574274766E-02,0.996194698092,
    3.478195198242E-15));
#5196 = ADVANCED_FACE('',(#5197),#5222,.T.);
#5197 = FACE_BOUND('',#5198,.T.);
#5198 = EDGE_LOOP('',(#5199,#5207,#5208,#5216));
#5199 = ORIENTED_EDGE('',*,*,#5200,.F.);
#5200 = EDGE_CURVE('',#5179,#5201,#5203,.T.);
#5201 = VERTEX_POINT('',#5202);
#5202 = CARTESIAN_POINT('',(-1.75,-1.339491193792,0.85));
#5203 = LINE('',#5204,#5205);
#5204 = CARTESIAN_POINT('',(-1.75,-1.339491193792,0.85));
#5205 = VECTOR('',#5206,1.);
#5206 = DIRECTION('',(1.734723475977E-15,1.,3.491481338843E-15));
#5207 = ORIENTED_EDGE('',*,*,#5178,.F.);
#5208 = ORIENTED_EDGE('',*,*,#5209,.T.);
#5209 = EDGE_CURVE('',#5171,#5210,#5212,.T.);
#5210 = VERTEX_POINT('',#5211);
#5211 = CARTESIAN_POINT('',(-1.75,-1.339491193792,0.7));
#5212 = LINE('',#5213,#5214);
#5213 = CARTESIAN_POINT('',(-1.75,-1.339491193792,0.7));
#5214 = VECTOR('',#5215,1.);
#5215 = DIRECTION('',(1.734723475977E-15,1.,3.491481338843E-15));
#5216 = ORIENTED_EDGE('',*,*,#5217,.T.);
#5217 = EDGE_CURVE('',#5210,#5201,#5218,.T.);
#5218 = LINE('',#5219,#5220);
#5219 = CARTESIAN_POINT('',(-1.75,-1.339491193792,0.7));
#5220 = VECTOR('',#5221,1.);
#5221 = DIRECTION('',(0.,-3.491481338843E-15,1.));
#5222 = PLANE('',#5223);
#5223 = AXIS2_PLACEMENT_3D('',#5224,#5225,#5226);
#5224 = CARTESIAN_POINT('',(-1.75,-1.339491193792,0.7));
#5225 = DIRECTION('',(1.,-1.734723475977E-15,-6.056754644426E-30));
#5226 = DIRECTION('',(1.734723475977E-15,1.,3.491481338843E-15));
#5227 = ADVANCED_FACE('',(#5228),#5255,.F.);
#5228 = FACE_BOUND('',#5229,.F.);
#5229 = EDGE_LOOP('',(#5230,#5240,#5247,#5248));
#5230 = ORIENTED_EDGE('',*,*,#5231,.F.);
#5231 = EDGE_CURVE('',#5232,#5234,#5236,.T.);
#5232 = VERTEX_POINT('',#5233);
#5233 = CARTESIAN_POINT('',(-1.6,-1.189491193792,0.7));
#5234 = VERTEX_POINT('',#5235);
#5235 = CARTESIAN_POINT('',(-1.6,-1.189491193792,0.85));
#5236 = LINE('',#5237,#5238);
#5237 = CARTESIAN_POINT('',(-1.6,-1.189491193792,0.7));
#5238 = VECTOR('',#5239,1.);
#5239 = DIRECTION('',(0.,-3.491481338843E-15,1.));
#5240 = ORIENTED_EDGE('',*,*,#5241,.F.);
#5241 = EDGE_CURVE('',#5210,#5232,#5242,.T.);
#5242 = CIRCLE('',#5243,0.15);
#5243 = AXIS2_PLACEMENT_3D('',#5244,#5245,#5246);
#5244 = CARTESIAN_POINT('',(-1.6,-1.339491193792,0.7));
#5245 = DIRECTION('',(0.,3.491481338843E-15,-1.));
#5246 = DIRECTION('',(0.,1.,3.491481338843E-15));
#5247 = ORIENTED_EDGE('',*,*,#5217,.T.);
#5248 = ORIENTED_EDGE('',*,*,#5249,.T.);
#5249 = EDGE_CURVE('',#5201,#5234,#5250,.T.);
#5250 = CIRCLE('',#5251,0.15);
#5251 = AXIS2_PLACEMENT_3D('',#5252,#5253,#5254);
#5252 = CARTESIAN_POINT('',(-1.6,-1.339491193792,0.85));
#5253 = DIRECTION('',(0.,3.491481338843E-15,-1.));
#5254 = DIRECTION('',(0.,1.,3.491481338843E-15));
#5255 = CYLINDRICAL_SURFACE('',#5256,0.15);
#5256 = AXIS2_PLACEMENT_3D('',#5257,#5258,#5259);
#5257 = CARTESIAN_POINT('',(-1.6,-1.339491193792,0.7));
#5258 = DIRECTION('',(0.,-3.491481338843E-15,1.));
#5259 = DIRECTION('',(0.,-1.,-3.491481338843E-15));
#5260 = ADVANCED_FACE('',(#5261),#5286,.T.);
#5261 = FACE_BOUND('',#5262,.T.);
#5262 = EDGE_LOOP('',(#5263,#5271,#5272,#5280));
#5263 = ORIENTED_EDGE('',*,*,#5264,.F.);
#5264 = EDGE_CURVE('',#5234,#5265,#5267,.T.);
#5265 = VERTEX_POINT('',#5266);
#5266 = CARTESIAN_POINT('',(0.,-1.189491193792,0.85));
#5267 = LINE('',#5268,#5269);
#5268 = CARTESIAN_POINT('',(-2.168404344971E-16,-1.189491193792,0.85));
#5269 = VECTOR('',#5270,1.);
#5270 = DIRECTION('',(1.,0.,0.));
#5271 = ORIENTED_EDGE('',*,*,#5231,.F.);
#5272 = ORIENTED_EDGE('',*,*,#5273,.T.);
#5273 = EDGE_CURVE('',#5232,#5274,#5276,.T.);
#5274 = VERTEX_POINT('',#5275);
#5275 = CARTESIAN_POINT('',(0.,-1.189491193792,0.7));
#5276 = LINE('',#5277,#5278);
#5277 = CARTESIAN_POINT('',(-2.168404344971E-16,-1.189491193792,0.7));
#5278 = VECTOR('',#5279,1.);
#5279 = DIRECTION('',(1.,0.,0.));
#5280 = ORIENTED_EDGE('',*,*,#5281,.T.);
#5281 = EDGE_CURVE('',#5274,#5265,#5282,.T.);
#5282 = LINE('',#5283,#5284);
#5283 = CARTESIAN_POINT('',(-2.168404344971E-16,-1.189491193792,0.7));
#5284 = VECTOR('',#5285,1.);
#5285 = DIRECTION('',(0.,-3.491481338843E-15,1.));
#5286 = PLANE('',#5287);
#5287 = AXIS2_PLACEMENT_3D('',#5288,#5289,#5290);
#5288 = CARTESIAN_POINT('',(-2.168404344971E-16,-1.189491193792,0.7));
#5289 = DIRECTION('',(0.,-1.,-3.491481338843E-15));
#5290 = DIRECTION('',(1.,0.,0.));
#5291 = ADVANCED_FACE('',(#5292),#5319,.F.);
#5292 = FACE_BOUND('',#5293,.F.);
#5293 = EDGE_LOOP('',(#5294,#5304,#5311,#5312));
#5294 = ORIENTED_EDGE('',*,*,#5295,.F.);
#5295 = EDGE_CURVE('',#5296,#5298,#5300,.T.);
#5296 = VERTEX_POINT('',#5297);
#5297 = CARTESIAN_POINT('',(0.15,-1.339491193792,0.7));
#5298 = VERTEX_POINT('',#5299);
#5299 = CARTESIAN_POINT('',(0.15,-1.339491193792,0.85));
#5300 = LINE('',#5301,#5302);
#5301 = CARTESIAN_POINT('',(0.15,-1.339491193792,0.7));
#5302 = VECTOR('',#5303,1.);
#5303 = DIRECTION('',(0.,-3.491481338843E-15,1.));
#5304 = ORIENTED_EDGE('',*,*,#5305,.F.);
#5305 = EDGE_CURVE('',#5274,#5296,#5306,.T.);
#5306 = CIRCLE('',#5307,0.15);
#5307 = AXIS2_PLACEMENT_3D('',#5308,#5309,#5310);
#5308 = CARTESIAN_POINT('',(-2.168404344971E-16,-1.339491193792,0.7));
#5309 = DIRECTION('',(-0.,3.491481338843E-15,-1.));
#5310 = DIRECTION('',(0.,-1.,-3.491481338843E-15));
#5311 = ORIENTED_EDGE('',*,*,#5281,.T.);
#5312 = ORIENTED_EDGE('',*,*,#5313,.T.);
#5313 = EDGE_CURVE('',#5265,#5298,#5314,.T.);
#5314 = CIRCLE('',#5315,0.15);
#5315 = AXIS2_PLACEMENT_3D('',#5316,#5317,#5318);
#5316 = CARTESIAN_POINT('',(-2.168404344971E-16,-1.339491193792,0.85));
#5317 = DIRECTION('',(-0.,3.491481338843E-15,-1.));
#5318 = DIRECTION('',(0.,-1.,-3.491481338843E-15));
#5319 = CYLINDRICAL_SURFACE('',#5320,0.15);
#5320 = AXIS2_PLACEMENT_3D('',#5321,#5322,#5323);
#5321 = CARTESIAN_POINT('',(-2.168404344971E-16,-1.339491193792,0.7));
#5322 = DIRECTION('',(0.,-3.491481338843E-15,1.));
#5323 = DIRECTION('',(0.,-1.,-3.491481338843E-15));
#5324 = ADVANCED_FACE('',(#5325),#5341,.T.);
#5325 = FACE_BOUND('',#5326,.T.);
#5326 = EDGE_LOOP('',(#5327,#5333,#5334,#5340));
#5327 = ORIENTED_EDGE('',*,*,#5328,.T.);
#5328 = EDGE_CURVE('',#5296,#5006,#5329,.T.);
#5329 = LINE('',#5330,#5331);
#5330 = CARTESIAN_POINT('',(0.15,-1.539491193792,0.7));
#5331 = VECTOR('',#5332,1.);
#5332 = DIRECTION('',(0.,-1.,-3.491481338843E-15));
#5333 = ORIENTED_EDGE('',*,*,#5005,.T.);
#5334 = ORIENTED_EDGE('',*,*,#5335,.F.);
#5335 = EDGE_CURVE('',#5298,#4997,#5336,.T.);
#5336 = LINE('',#5337,#5338);
#5337 = CARTESIAN_POINT('',(0.15,-2.489491193792,0.85));
#5338 = VECTOR('',#5339,1.);
#5339 = DIRECTION('',(7.703541751871E-16,-1.,-3.491481338843E-15));
#5340 = ORIENTED_EDGE('',*,*,#5295,.F.);
#5341 = PLANE('',#5342);
#5342 = AXIS2_PLACEMENT_3D('',#5343,#5344,#5345);
#5343 = CARTESIAN_POINT('',(0.15,-2.489491193792,0.7));
#5344 = DIRECTION('',(-1.,-7.703541751871E-16,-2.689677226966E-30));
#5345 = DIRECTION('',(7.703541751871E-16,-1.,-3.491481338843E-15));
#5346 = ADVANCED_FACE('',(#5347),#5358,.F.);
#5347 = FACE_BOUND('',#5348,.F.);
#5348 = EDGE_LOOP('',(#5349,#5350,#5351,#5357));
#5349 = ORIENTED_EDGE('',*,*,#4978,.F.);
#5350 = ORIENTED_EDGE('',*,*,#5046,.F.);
#5351 = ORIENTED_EDGE('',*,*,#5352,.T.);
#5352 = EDGE_CURVE('',#5031,#5006,#5353,.T.);
#5353 = LINE('',#5354,#5355);
#5354 = CARTESIAN_POINT('',(0.1,-1.539491193792,0.7));
#5355 = VECTOR('',#5356,1.);
#5356 = DIRECTION('',(-1.,-0.,0.));
#5357 = ORIENTED_EDGE('',*,*,#5013,.F.);
#5358 = CYLINDRICAL_SURFACE('',#5359,0.3);
#5359 = AXIS2_PLACEMENT_3D('',#5360,#5361,#5362);
#5360 = CARTESIAN_POINT('',(2.661571873958,-1.539491193792,0.4));
#5361 = DIRECTION('',(-1.,-0.,0.));
#5362 = DIRECTION('',(0.,-1.,-3.433306879537E-15));
#5363 = ADVANCED_FACE('',(#5364),#5389,.T.);
#5364 = FACE_BOUND('',#5365,.T.);
#5365 = EDGE_LOOP('',(#5366,#5374,#5375,#5383));
#5366 = ORIENTED_EDGE('',*,*,#5367,.F.);
#5367 = EDGE_CURVE('',#5029,#5368,#5370,.T.);
#5368 = VERTEX_POINT('',#5369);
#5369 = CARTESIAN_POINT('',(1.75,-0.539491193792,0.85));
#5370 = LINE('',#5371,#5372);
#5371 = CARTESIAN_POINT('',(1.75,-0.539491193792,0.85));
#5372 = VECTOR('',#5373,1.);
#5373 = DIRECTION('',(-0.,1.,3.491481338843E-15));
#5374 = ORIENTED_EDGE('',*,*,#5028,.T.);
#5375 = ORIENTED_EDGE('',*,*,#5376,.T.);
#5376 = EDGE_CURVE('',#5031,#5377,#5379,.T.);
#5377 = VERTEX_POINT('',#5378);
#5378 = CARTESIAN_POINT('',(1.75,-0.539491193792,0.7));
#5379 = LINE('',#5380,#5381);
#5380 = CARTESIAN_POINT('',(1.75,-1.539491193792,0.7));
#5381 = VECTOR('',#5382,1.);
#5382 = DIRECTION('',(2.282530889443E-16,1.,3.491481338843E-15));
#5383 = ORIENTED_EDGE('',*,*,#5384,.T.);
#5384 = EDGE_CURVE('',#5377,#5368,#5385,.T.);
#5385 = LINE('',#5386,#5387);
#5386 = CARTESIAN_POINT('',(1.75,-0.539491193792,0.7));
#5387 = VECTOR('',#5388,1.);
#5388 = DIRECTION('',(0.,-3.491481338843E-15,1.));
#5389 = PLANE('',#5390);
#5390 = AXIS2_PLACEMENT_3D('',#5391,#5392,#5393);
#5391 = CARTESIAN_POINT('',(1.75,-0.539491193792,0.7));
#5392 = DIRECTION('',(1.,0.,-0.));
#5393 = DIRECTION('',(0.,1.,3.491481338843E-15));
#5394 = ADVANCED_FACE('',(#5395),#5423,.T.);
#5395 = FACE_BOUND('',#5396,.T.);
#5396 = EDGE_LOOP('',(#5397,#5398,#5405,#5406,#5407,#5408,#5409,#5410,
    #5411,#5412,#5413,#5414,#5415,#5416));
#5397 = ORIENTED_EDGE('',*,*,#4583,.F.);
#5398 = ORIENTED_EDGE('',*,*,#5399,.F.);
#5399 = EDGE_CURVE('',#5377,#4202,#5400,.T.);
#5400 = CIRCLE('',#5401,0.2);
#5401 = AXIS2_PLACEMENT_3D('',#5402,#5403,#5404);
#5402 = CARTESIAN_POINT('',(1.55,-0.539491193792,0.7));
#5403 = DIRECTION('',(0.,-3.491481338843E-15,1.));
#5404 = DIRECTION('',(0.,1.,3.491481338843E-15));
#5405 = ORIENTED_EDGE('',*,*,#5376,.F.);
#5406 = ORIENTED_EDGE('',*,*,#5352,.T.);
#5407 = ORIENTED_EDGE('',*,*,#5328,.F.);
#5408 = ORIENTED_EDGE('',*,*,#5305,.F.);
#5409 = ORIENTED_EDGE('',*,*,#5273,.F.);
#5410 = ORIENTED_EDGE('',*,*,#5241,.F.);
#5411 = ORIENTED_EDGE('',*,*,#5209,.F.);
#5412 = ORIENTED_EDGE('',*,*,#5170,.F.);
#5413 = ORIENTED_EDGE('',*,*,#3983,.F.);
#5414 = ORIENTED_EDGE('',*,*,#5143,.F.);
#5415 = ORIENTED_EDGE('',*,*,#5113,.F.);
#5416 = ORIENTED_EDGE('',*,*,#5417,.F.);
#5417 = EDGE_CURVE('',#4246,#5106,#5418,.T.);
#5418 = CIRCLE('',#5419,0.2);
#5419 = AXIS2_PLACEMENT_3D('',#5420,#5421,#5422);
#5420 = CARTESIAN_POINT('',(-2.6,-0.589491193792,0.7));
#5421 = DIRECTION('',(0.,-3.491481338843E-15,1.));
#5422 = DIRECTION('',(0.,-1.,-3.491481338843E-15));
#5423 = PLANE('',#5424);
#5424 = AXIS2_PLACEMENT_3D('',#5425,#5426,#5427);
#5425 = CARTESIAN_POINT('',(0.1,1.160508806208,0.7));
#5426 = DIRECTION('',(0.,3.491481338843E-15,-1.));
#5427 = DIRECTION('',(0.,1.,3.491481338843E-15));
#5428 = ADVANCED_FACE('',(#5429),#5441,.T.);
#5429 = FACE_BOUND('',#5430,.T.);
#5430 = EDGE_LOOP('',(#5431,#5432,#5439,#5440));
#5431 = ORIENTED_EDGE('',*,*,#4210,.F.);
#5432 = ORIENTED_EDGE('',*,*,#5433,.F.);
#5433 = EDGE_CURVE('',#5368,#4211,#5434,.T.);
#5434 = CIRCLE('',#5435,0.2);
#5435 = AXIS2_PLACEMENT_3D('',#5436,#5437,#5438);
#5436 = CARTESIAN_POINT('',(1.55,-0.539491193792,0.85));
#5437 = DIRECTION('',(0.,-3.491481338843E-15,1.));
#5438 = DIRECTION('',(0.,1.,3.491481338843E-15));
#5439 = ORIENTED_EDGE('',*,*,#5384,.F.);
#5440 = ORIENTED_EDGE('',*,*,#5399,.T.);
#5441 = CYLINDRICAL_SURFACE('',#5442,0.2);
#5442 = AXIS2_PLACEMENT_3D('',#5443,#5444,#5445);
#5443 = CARTESIAN_POINT('',(1.55,-0.539491193792,0.7));
#5444 = DIRECTION('',(0.,-3.491481338843E-15,1.));
#5445 = DIRECTION('',(0.,-1.,-3.491481338843E-15));
#5446 = ADVANCED_FACE('',(#5447),#5469,.F.);
#5447 = FACE_BOUND('',#5448,.T.);
#5448 = EDGE_LOOP('',(#5449,#5450,#5451,#5458,#5459,#5460,#5461,#5462,
    #5463,#5464,#5465,#5466,#5467,#5468));
#5449 = ORIENTED_EDGE('',*,*,#5433,.T.);
#5450 = ORIENTED_EDGE('',*,*,#4610,.T.);
#5451 = ORIENTED_EDGE('',*,*,#5452,.T.);
#5452 = EDGE_CURVE('',#4264,#5096,#5453,.T.);
#5453 = CIRCLE('',#5454,0.2);
#5454 = AXIS2_PLACEMENT_3D('',#5455,#5456,#5457);
#5455 = CARTESIAN_POINT('',(-2.6,-0.589491193792,0.85));
#5456 = DIRECTION('',(0.,-3.491481338843E-15,1.));
#5457 = DIRECTION('',(0.,-1.,-3.491481338843E-15));
#5458 = ORIENTED_EDGE('',*,*,#5095,.T.);
#5459 = ORIENTED_EDGE('',*,*,#5136,.T.);
#5460 = ORIENTED_EDGE('',*,*,#5080,.T.);
#5461 = ORIENTED_EDGE('',*,*,#5186,.T.);
#5462 = ORIENTED_EDGE('',*,*,#5200,.T.);
#5463 = ORIENTED_EDGE('',*,*,#5249,.T.);
#5464 = ORIENTED_EDGE('',*,*,#5264,.T.);
#5465 = ORIENTED_EDGE('',*,*,#5313,.T.);
#5466 = ORIENTED_EDGE('',*,*,#5335,.T.);
#5467 = ORIENTED_EDGE('',*,*,#5064,.F.);
#5468 = ORIENTED_EDGE('',*,*,#5367,.T.);
#5469 = PLANE('',#5470);
#5470 = AXIS2_PLACEMENT_3D('',#5471,#5472,#5473);
#5471 = CARTESIAN_POINT('',(0.1,1.160508806208,0.85));
#5472 = DIRECTION('',(0.,3.491481338843E-15,-1.));
#5473 = DIRECTION('',(0.,1.,3.491481338843E-15));
#5474 = ADVANCED_FACE('',(#5475),#5481,.T.);
#5475 = FACE_BOUND('',#5476,.T.);
#5476 = EDGE_LOOP('',(#5477,#5478,#5479,#5480));
#5477 = ORIENTED_EDGE('',*,*,#4272,.F.);
#5478 = ORIENTED_EDGE('',*,*,#5417,.T.);
#5479 = ORIENTED_EDGE('',*,*,#5105,.T.);
#5480 = ORIENTED_EDGE('',*,*,#5452,.F.);
#5481 = CYLINDRICAL_SURFACE('',#5482,0.2);
#5482 = AXIS2_PLACEMENT_3D('',#5483,#5484,#5485);
#5483 = CARTESIAN_POINT('',(-2.6,-0.589491193792,0.7));
#5484 = DIRECTION('',(0.,-3.491481338843E-15,1.));
#5485 = DIRECTION('',(0.,-1.,-3.491481338843E-15));
#5486 = ADVANCED_FACE('',(#5487),#5523,.F.);
#5487 = FACE_BOUND('',#5488,.F.);
#5488 = EDGE_LOOP('',(#5489,#5500,#5507,#5516));
#5489 = ORIENTED_EDGE('',*,*,#5490,.T.);
#5490 = EDGE_CURVE('',#5491,#5493,#5495,.T.);
#5491 = VERTEX_POINT('',#5492);
#5492 = CARTESIAN_POINT('',(1.693325527575,-0.4,-0.7));
#5493 = VERTEX_POINT('',#5494);
#5494 = CARTESIAN_POINT('',(1.55,-0.353723201033,-0.695679583762));
#5495 = B_SPLINE_CURVE_WITH_KNOTS('',3,(#5496,#5497,#5498,#5499),
  .UNSPECIFIED.,.F.,.F.,(4,4),(0.,1.),.PIECEWISE_BEZIER_KNOTS.);
#5496 = CARTESIAN_POINT('',(1.693325527575,-0.4,-0.7));
#5497 = CARTESIAN_POINT('',(1.645550351716,-0.384484921485,-0.7));
#5498 = CARTESIAN_POINT('',(1.597775175858,-0.368970153159,
    -0.698551536439));
#5499 = CARTESIAN_POINT('',(1.55,-0.353723201033,-0.695679583762));
#5500 = ORIENTED_EDGE('',*,*,#5501,.F.);
#5501 = EDGE_CURVE('',#5502,#5493,#5504,.T.);
#5502 = VERTEX_POINT('',#5503);
#5503 = CARTESIAN_POINT('',(1.55,-0.325957121653,-0.843087334019));
#5504 = B_SPLINE_CURVE_WITH_KNOTS('',1,(#5505,#5506),.UNSPECIFIED.,.F.,
  .F.,(2,2),(0.,1.),.PIECEWISE_BEZIER_KNOTS.);
#5505 = CARTESIAN_POINT('',(1.55,-0.325957121653,-0.843087334019));
#5506 = CARTESIAN_POINT('',(1.55,-0.353723201033,-0.695679583762));
#5507 = ORIENTED_EDGE('',*,*,#5508,.F.);
#5508 = EDGE_CURVE('',#5509,#5502,#5511,.T.);
#5509 = VERTEX_POINT('',#5510);
#5510 = CARTESIAN_POINT('',(1.693325527575,-0.4,-0.85));
#5511 = B_SPLINE_CURVE_WITH_KNOTS('',3,(#5512,#5513,#5514,#5515),
  .UNSPECIFIED.,.F.,.F.,(4,4),(0.,1.),.PIECEWISE_BEZIER_KNOTS.);
#5512 = CARTESIAN_POINT('',(1.693325527575,-0.4,-0.85));
#5513 = CARTESIAN_POINT('',(1.645549981609,-0.375175682067,-0.85));
#5514 = CARTESIAN_POINT('',(1.597775545966,-0.35035243404,
    -0.847682493901));
#5515 = CARTESIAN_POINT('',(1.55,-0.325957121653,-0.843087334019));
#5516 = ORIENTED_EDGE('',*,*,#5517,.T.);
#5517 = EDGE_CURVE('',#5509,#5491,#5518,.T.);
#5518 = B_SPLINE_CURVE_WITH_KNOTS('',3,(#5519,#5520,#5521,#5522),
  .UNSPECIFIED.,.F.,.F.,(4,4),(0.,1.),.PIECEWISE_BEZIER_KNOTS.);
#5519 = CARTESIAN_POINT('',(1.693325527575,-0.4,-0.85));
#5520 = CARTESIAN_POINT('',(1.693325527575,-0.4,-0.8));
#5521 = CARTESIAN_POINT('',(1.693325527575,-0.4,-0.75));
#5522 = CARTESIAN_POINT('',(1.693325527575,-0.4,-0.7));
#5523 = B_SPLINE_SURFACE_WITH_KNOTS('',1,3,(
    (#5524,#5525,#5526,#5527)
    ,(#5528,#5529,#5530,#5531
    )),.UNSPECIFIED.,.F.,.F.,.F.,(2,2),(4,4),(0.,1.),(0.,1.),
  .PIECEWISE_BEZIER_KNOTS.);
#5524 = CARTESIAN_POINT('',(1.693325527575,-0.4,-0.85));
#5525 = CARTESIAN_POINT('',(1.645549981609,-0.375175682067,-0.85));
#5526 = CARTESIAN_POINT('',(1.597775545966,-0.35035243404,
    -0.847682493901));
#5527 = CARTESIAN_POINT('',(1.55,-0.325957121653,-0.843087334019));
#5528 = CARTESIAN_POINT('',(1.693325527575,-0.4,-0.7));
#5529 = CARTESIAN_POINT('',(1.645550184617,-0.384484867219,-0.7));
#5530 = CARTESIAN_POINT('',(1.597775342958,-0.368970206487,
    -0.698551546484));
#5531 = CARTESIAN_POINT('',(1.55,-0.353723201033,-0.695679583762));
#5532 = ADVANCED_FACE('',(#5533),#5559,.F.);
#5533 = FACE_BOUND('',#5534,.T.);
#5534 = EDGE_LOOP('',(#5535,#5536,#5544,#5553));
#5535 = ORIENTED_EDGE('',*,*,#5501,.F.);
#5536 = ORIENTED_EDGE('',*,*,#5537,.T.);
#5537 = EDGE_CURVE('',#5502,#5538,#5540,.T.);
#5538 = VERTEX_POINT('',#5539);
#5539 = CARTESIAN_POINT('',(1.E-01,-0.325957121653,-0.843087334019));
#5540 = LINE('',#5541,#5542);
#5541 = CARTESIAN_POINT('',(-5.039670450694,-0.325957121653,
    -0.843087334019));
#5542 = VECTOR('',#5543,1.);
#5543 = DIRECTION('',(-1.,0.,0.));
#5544 = ORIENTED_EDGE('',*,*,#5545,.T.);
#5545 = EDGE_CURVE('',#5538,#5546,#5548,.T.);
#5546 = VERTEX_POINT('',#5547);
#5547 = CARTESIAN_POINT('',(1.E-01,-0.353723201033,-0.695679583762));
#5548 = B_SPLINE_CURVE_WITH_KNOTS('',3,(#5549,#5550,#5551,#5552),
  .UNSPECIFIED.,.F.,.F.,(4,4),(0.,1.),.PIECEWISE_BEZIER_KNOTS.);
#5549 = CARTESIAN_POINT('',(1.E-01,-0.325957121653,-0.843087334019));
#5550 = CARTESIAN_POINT('',(1.E-01,-0.335212481446,-0.793951417266));
#5551 = CARTESIAN_POINT('',(1.E-01,-0.34446784124,-0.744815500514));
#5552 = CARTESIAN_POINT('',(1.E-01,-0.353723201033,-0.695679583762));
#5553 = ORIENTED_EDGE('',*,*,#5554,.F.);
#5554 = EDGE_CURVE('',#5493,#5546,#5555,.T.);
#5555 = LINE('',#5556,#5557);
#5556 = CARTESIAN_POINT('',(1.E-01,-0.353723201033,-0.695679583762));
#5557 = VECTOR('',#5558,1.);
#5558 = DIRECTION('',(-1.,-7.477256361969E-17,-0.));
#5559 = PLANE('',#5560);
#5560 = AXIS2_PLACEMENT_3D('',#5561,#5562,#5563);
#5561 = CARTESIAN_POINT('',(0.825,-0.353723201033,-0.695679583762));
#5562 = DIRECTION('',(7.348036922755E-17,-0.982718335047,-0.185107195868
    ));
#5563 = DIRECTION('',(-1.,-7.477256361969E-17,-1.694705348345E-33));
#5564 = ADVANCED_FACE('',(#5565),#5591,.F.);
#5565 = FACE_BOUND('',#5566,.F.);
#5566 = EDGE_LOOP('',(#5567,#5576,#5583,#5590));
#5567 = ORIENTED_EDGE('',*,*,#5568,.T.);
#5568 = EDGE_CURVE('',#5546,#5569,#5571,.T.);
#5569 = VERTEX_POINT('',#5570);
#5570 = CARTESIAN_POINT('',(0.,-0.281490038729,-0.670125848277));
#5571 = B_SPLINE_CURVE_WITH_KNOTS('',3,(#5572,#5573,#5574,#5575),
  .UNSPECIFIED.,.F.,.F.,(4,4),(0.,1.),.PIECEWISE_BEZIER_KNOTS.);
#5572 = CARTESIAN_POINT('',(1.E-01,-0.353723201033,-0.695679583762));
#5573 = CARTESIAN_POINT('',(6.666666666667E-02,-0.328525295006,
    -0.690933245406));
#5574 = CARTESIAN_POINT('',(3.333333333333E-02,-0.304067048809,
    -0.6822807161));
#5575 = CARTESIAN_POINT('',(0.,-0.281490038729,-0.670125848277));
#5576 = ORIENTED_EDGE('',*,*,#5577,.F.);
#5577 = EDGE_CURVE('',#5578,#5569,#5580,.T.);
#5578 = VERTEX_POINT('',#5579);
#5579 = CARTESIAN_POINT('',(0.,-0.210384061967,-0.802201357243));
#5580 = B_SPLINE_CURVE_WITH_KNOTS('',1,(#5581,#5582),.UNSPECIFIED.,.F.,
  .F.,(2,2),(0.,1.),.PIECEWISE_BEZIER_KNOTS.);
#5581 = CARTESIAN_POINT('',(0.,-0.210384061967,-0.802201357243));
#5582 = CARTESIAN_POINT('',(0.,-0.281490038729,-0.670125848277));
#5583 = ORIENTED_EDGE('',*,*,#5584,.F.);
#5584 = EDGE_CURVE('',#5538,#5578,#5585,.T.);
#5585 = B_SPLINE_CURVE_WITH_KNOTS('',3,(#5586,#5587,#5588,#5589),
  .UNSPECIFIED.,.F.,.F.,(4,4),(0.,1.),.PIECEWISE_BEZIER_KNOTS.);
#5586 = CARTESIAN_POINT('',(1.E-01,-0.325957121653,-0.843087334019));
#5587 = CARTESIAN_POINT('',(6.666159959391E-02,-0.285634343388,
    -0.835492038248));
#5588 = CARTESIAN_POINT('',(3.333840040609E-02,-0.246512769264,
    -0.82165210206));
#5589 = CARTESIAN_POINT('',(0.,-0.210384061967,-0.802201357243));
#5590 = ORIENTED_EDGE('',*,*,#5545,.T.);
#5591 = B_SPLINE_SURFACE_WITH_KNOTS('',1,3,(
    (#5592,#5593,#5594,#5595)
    ,(#5596,#5597,#5598,#5599
    )),.UNSPECIFIED.,.F.,.F.,.F.,(2,2),(4,4),(0.,1.),(0.,1.),
  .PIECEWISE_BEZIER_KNOTS.);
#5592 = CARTESIAN_POINT('',(1.E-01,-0.325957121653,-0.843087334019));
#5593 = CARTESIAN_POINT('',(6.666159959391E-02,-0.285634343388,
    -0.835492038248));
#5594 = CARTESIAN_POINT('',(3.333840040609E-02,-0.246512769264,
    -0.82165210206));
#5595 = CARTESIAN_POINT('',(0.,-0.210384061967,-0.802201357243));
#5596 = CARTESIAN_POINT('',(1.E-01,-0.353723201033,-0.695679583762));
#5597 = CARTESIAN_POINT('',(6.666344241391E-02,-0.328522857674,
    -0.690932786304));
#5598 = CARTESIAN_POINT('',(3.333655758609E-02,-0.304069232629,
    -0.682281891811));
#5599 = CARTESIAN_POINT('',(0.,-0.281490038729,-0.670125848277));
#5600 = ADVANCED_FACE('',(#5601),#5629,.F.);
#5601 = FACE_BOUND('',#5602,.T.);
#5602 = EDGE_LOOP('',(#5603,#5604,#5613,#5622));
#5603 = ORIENTED_EDGE('',*,*,#5577,.F.);
#5604 = ORIENTED_EDGE('',*,*,#5605,.T.);
#5605 = EDGE_CURVE('',#5578,#5606,#5608,.T.);
#5606 = VERTEX_POINT('',#5607);
#5607 = CARTESIAN_POINT('',(0.,-4.185262388385E-02,-0.628130449337));
#5608 = CIRCLE('',#5609,0.4);
#5609 = AXIS2_PLACEMENT_3D('',#5610,#5611,#5612);
#5610 = CARTESIAN_POINT('',(0.,-0.4,-0.45));
#5611 = DIRECTION('',(1.,-0.,0.));
#5612 = DIRECTION('',(0.,0.,-1.));
#5613 = ORIENTED_EDGE('',*,*,#5614,.T.);
#5614 = EDGE_CURVE('',#5606,#5615,#5617,.T.);
#5615 = VERTEX_POINT('',#5616);
#5616 = CARTESIAN_POINT('',(0.,-0.176157889927,-0.561331530836));
#5617 = B_SPLINE_CURVE_WITH_KNOTS('',3,(#5618,#5619,#5620,#5621),
  .UNSPECIFIED.,.F.,.F.,(4,4),(0.,1.),.PIECEWISE_BEZIER_KNOTS.);
#5618 = CARTESIAN_POINT('',(0.,-4.185262388385E-02,-0.628130449337));
#5619 = CARTESIAN_POINT('',(0.,-8.662104589837E-02,-0.60586414317));
#5620 = CARTESIAN_POINT('',(0.,-0.131389467913,-0.583597837003));
#5621 = CARTESIAN_POINT('',(0.,-0.176157889927,-0.561331530836));
#5622 = ORIENTED_EDGE('',*,*,#5623,.F.);
#5623 = EDGE_CURVE('',#5569,#5615,#5624,.T.);
#5624 = CIRCLE('',#5625,0.25);
#5625 = AXIS2_PLACEMENT_3D('',#5626,#5627,#5628);
#5626 = CARTESIAN_POINT('',(0.,-0.4,-0.45));
#5627 = DIRECTION('',(1.,0.,-0.));
#5628 = DIRECTION('',(0.,0.,1.));
#5629 = PLANE('',#5630);
#5630 = AXIS2_PLACEMENT_3D('',#5631,#5632,#5633);
#5631 = CARTESIAN_POINT('',(0.,-0.4,-0.45));
#5632 = DIRECTION('',(-1.,0.,0.));
#5633 = DIRECTION('',(0.,0.,1.));
#5634 = ADVANCED_FACE('',(#5635),#5661,.F.);
#5635 = FACE_BOUND('',#5636,.F.);
#5636 = EDGE_LOOP('',(#5637,#5646,#5653,#5660));
#5637 = ORIENTED_EDGE('',*,*,#5638,.T.);
#5638 = EDGE_CURVE('',#5615,#5639,#5641,.T.);
#5639 = VERTEX_POINT('',#5640);
#5640 = CARTESIAN_POINT('',(0.1,-0.15295274902,-0.488309995868));
#5641 = B_SPLINE_CURVE_WITH_KNOTS('',3,(#5642,#5643,#5644,#5645),
  .UNSPECIFIED.,.F.,.F.,(4,4),(0.,1.),.PIECEWISE_BEZIER_KNOTS.);
#5642 = CARTESIAN_POINT('',(0.,-0.176157889927,-0.561331530836));
#5643 = CARTESIAN_POINT('',(3.333333333333E-02,-0.16473927138,
    -0.5383733657));
#5644 = CARTESIAN_POINT('',(6.666666666667E-02,-0.156881979366,
    -0.513648175456));
#5645 = CARTESIAN_POINT('',(0.1,-0.15295274902,-0.488309995868));
#5646 = ORIENTED_EDGE('',*,*,#5647,.F.);
#5647 = EDGE_CURVE('',#5648,#5639,#5650,.T.);
#5648 = VERTEX_POINT('',#5649);
#5649 = CARTESIAN_POINT('',(0.1,-4.72439843256E-03,-0.511295993389));
#5650 = B_SPLINE_CURVE_WITH_KNOTS('',1,(#5651,#5652),.UNSPECIFIED.,.F.,
  .F.,(2,2),(0.,1.),.PIECEWISE_BEZIER_KNOTS.);
#5651 = CARTESIAN_POINT('',(0.1,-4.72439843256E-03,-0.511295993389));
#5652 = CARTESIAN_POINT('',(0.1,-0.15295274902,-0.488309995868));
#5653 = ORIENTED_EDGE('',*,*,#5654,.F.);
#5654 = EDGE_CURVE('',#5606,#5648,#5655,.T.);
#5655 = B_SPLINE_CURVE_WITH_KNOTS('',3,(#5656,#5657,#5658,#5659),
  .UNSPECIFIED.,.F.,.F.,(4,4),(0.,1.),.PIECEWISE_BEZIER_KNOTS.);
#5656 = CARTESIAN_POINT('',(0.,-4.185262388385E-02,-0.628130449337));
#5657 = CARTESIAN_POINT('',(3.333840040609E-02,-2.358005697762E-02,
    -0.591391801247));
#5658 = CARTESIAN_POINT('',(6.666159959391E-02,-1.101212265065E-02,
    -0.551843243468));
#5659 = CARTESIAN_POINT('',(0.1,-4.72439843256E-03,-0.511295993389));
#5660 = ORIENTED_EDGE('',*,*,#5614,.T.);
#5661 = B_SPLINE_SURFACE_WITH_KNOTS('',1,3,(
    (#5662,#5663,#5664,#5665)
    ,(#5666,#5667,#5668,#5669
    )),.UNSPECIFIED.,.F.,.F.,.F.,(2,2),(4,4),(0.,1.),(0.,1.),
  .PIECEWISE_BEZIER_KNOTS.);
#5662 = CARTESIAN_POINT('',(0.,-4.185262388385E-02,-0.628130449337));
#5663 = CARTESIAN_POINT('',(3.333840040609E-02,-2.358005697762E-02,
    -0.591391801247));
#5664 = CARTESIAN_POINT('',(6.666159959391E-02,-1.101212265065E-02,
    -0.551843243468));
#5665 = CARTESIAN_POINT('',(0.1,-4.724398432559E-03,-0.511295993389));
#5666 = CARTESIAN_POINT('',(0.,-0.176157889927,-0.561331530836));
#5667 = CARTESIAN_POINT('',(3.333655758609E-02,-0.164738166885,
    -0.538371145012));
#5668 = CARTESIAN_POINT('',(6.666344241391E-02,-0.156882359431,
    -0.513650626356));
#5669 = CARTESIAN_POINT('',(0.1,-0.15295274902,-0.488309995868));
#5670 = ADVANCED_FACE('',(#5671),#5696,.F.);
#5671 = FACE_BOUND('',#5672,.T.);
#5672 = EDGE_LOOP('',(#5673,#5674,#5682,#5690));
#5673 = ORIENTED_EDGE('',*,*,#5647,.F.);
#5674 = ORIENTED_EDGE('',*,*,#5675,.T.);
#5675 = EDGE_CURVE('',#5648,#5676,#5678,.T.);
#5676 = VERTEX_POINT('',#5677);
#5677 = CARTESIAN_POINT('',(0.3,-4.72439843256E-03,-0.511295993389));
#5678 = LINE('',#5679,#5680);
#5679 = CARTESIAN_POINT('',(-5.039670450694,-4.72439843256E-03,
    -0.511295993389));
#5680 = VECTOR('',#5681,1.);
#5681 = DIRECTION('',(1.,-0.,-0.));
#5682 = ORIENTED_EDGE('',*,*,#5683,.T.);
#5683 = EDGE_CURVE('',#5676,#5684,#5686,.T.);
#5684 = VERTEX_POINT('',#5685);
#5685 = CARTESIAN_POINT('',(0.3,-0.15295274902,-0.488309995868));
#5686 = LINE('',#5687,#5688);
#5687 = CARTESIAN_POINT('',(0.3,-0.15295274902,-0.488309995868));
#5688 = VECTOR('',#5689,1.);
#5689 = DIRECTION('',(-0.,-0.988189003919,0.153239983472));
#5690 = ORIENTED_EDGE('',*,*,#5691,.F.);
#5691 = EDGE_CURVE('',#5639,#5684,#5692,.T.);
#5692 = LINE('',#5693,#5694);
#5693 = CARTESIAN_POINT('',(0.3,-0.15295274902,-0.488309995868));
#5694 = VECTOR('',#5695,1.);
#5695 = DIRECTION('',(1.,-0.,-0.));
#5696 = PLANE('',#5697);
#5697 = AXIS2_PLACEMENT_3D('',#5698,#5699,#5700);
#5698 = CARTESIAN_POINT('',(0.2,-0.15295274902,-0.488309995868));
#5699 = DIRECTION('',(0.,0.153239983472,0.988189003919));
#5700 = DIRECTION('',(1.,0.,-0.));
#5701 = ADVANCED_FACE('',(#5702),#5720,.F.);
#5702 = FACE_BOUND('',#5703,.T.);
#5703 = EDGE_LOOP('',(#5704,#5705,#5712,#5713));
#5704 = ORIENTED_EDGE('',*,*,#5683,.F.);
#5705 = ORIENTED_EDGE('',*,*,#5706,.T.);
#5706 = EDGE_CURVE('',#5676,#4078,#5707,.T.);
#5707 = CIRCLE('',#5708,0.4);
#5708 = AXIS2_PLACEMENT_3D('',#5709,#5710,#5711);
#5709 = CARTESIAN_POINT('',(0.3,-0.4,-0.45));
#5710 = DIRECTION('',(1.,-0.,0.));
#5711 = DIRECTION('',(0.,0.,-1.));
#5712 = ORIENTED_EDGE('',*,*,#4146,.T.);
#5713 = ORIENTED_EDGE('',*,*,#5714,.F.);
#5714 = EDGE_CURVE('',#5684,#4147,#5715,.T.);
#5715 = CIRCLE('',#5716,0.25);
#5716 = AXIS2_PLACEMENT_3D('',#5717,#5718,#5719);
#5717 = CARTESIAN_POINT('',(0.3,-0.4,-0.45));
#5718 = DIRECTION('',(1.,0.,-0.));
#5719 = DIRECTION('',(0.,0.,1.));
#5720 = PLANE('',#5721);
#5721 = AXIS2_PLACEMENT_3D('',#5722,#5723,#5724);
#5722 = CARTESIAN_POINT('',(0.3,-0.4,-0.45));
#5723 = DIRECTION('',(-1.,0.,0.));
#5724 = DIRECTION('',(0.,0.,1.));
#5725 = ADVANCED_FACE('',(#5726),#5754,.F.);
#5726 = FACE_BOUND('',#5727,.T.);
#5727 = EDGE_LOOP('',(#5728,#5729,#5738,#5747));
#5728 = ORIENTED_EDGE('',*,*,#4115,.T.);
#5729 = ORIENTED_EDGE('',*,*,#5730,.T.);
#5730 = EDGE_CURVE('',#4086,#5731,#5733,.T.);
#5731 = VERTEX_POINT('',#5732);
#5732 = CARTESIAN_POINT('',(-1.6,-0.210384061967,-0.802201357243));
#5733 = CIRCLE('',#5734,0.4);
#5734 = AXIS2_PLACEMENT_3D('',#5735,#5736,#5737);
#5735 = CARTESIAN_POINT('',(-1.6,-0.4,-0.45));
#5736 = DIRECTION('',(-1.,0.,0.));
#5737 = DIRECTION('',(-0.,-2.710505431214E-15,-1.));
#5738 = ORIENTED_EDGE('',*,*,#5739,.T.);
#5739 = EDGE_CURVE('',#5731,#5740,#5742,.T.);
#5740 = VERTEX_POINT('',#5741);
#5741 = CARTESIAN_POINT('',(-1.6,-0.281490038729,-0.670125848277));
#5742 = B_SPLINE_CURVE_WITH_KNOTS('',3,(#5743,#5744,#5745,#5746),
  .UNSPECIFIED.,.F.,.F.,(4,4),(0.,1.),.PIECEWISE_BEZIER_KNOTS.);
#5743 = CARTESIAN_POINT('',(-1.6,-0.210384061967,-0.802201357243));
#5744 = CARTESIAN_POINT('',(-1.6,-0.234086054221,-0.758176187588));
#5745 = CARTESIAN_POINT('',(-1.6,-0.257788046475,-0.714151017932));
#5746 = CARTESIAN_POINT('',(-1.6,-0.281490038729,-0.670125848277));
#5747 = ORIENTED_EDGE('',*,*,#5748,.F.);
#5748 = EDGE_CURVE('',#4116,#5740,#5749,.T.);
#5749 = CIRCLE('',#5750,0.25);
#5750 = AXIS2_PLACEMENT_3D('',#5751,#5752,#5753);
#5751 = CARTESIAN_POINT('',(-1.6,-0.4,-0.45));
#5752 = DIRECTION('',(-1.,-0.,-0.));
#5753 = DIRECTION('',(0.,0.,-1.));
#5754 = PLANE('',#5755);
#5755 = AXIS2_PLACEMENT_3D('',#5756,#5757,#5758);
#5756 = CARTESIAN_POINT('',(-1.6,-0.4,-0.45));
#5757 = DIRECTION('',(1.,0.,0.));
#5758 = DIRECTION('',(0.,0.,-1.));
#5759 = ADVANCED_FACE('',(#5760),#5786,.F.);
#5760 = FACE_BOUND('',#5761,.F.);
#5761 = EDGE_LOOP('',(#5762,#5771,#5778,#5785));
#5762 = ORIENTED_EDGE('',*,*,#5763,.T.);
#5763 = EDGE_CURVE('',#5740,#5764,#5766,.T.);
#5764 = VERTEX_POINT('',#5765);
#5765 = CARTESIAN_POINT('',(-1.75,-0.391917711479,-0.69986931907));
#5766 = B_SPLINE_CURVE_WITH_KNOTS('',3,(#5767,#5768,#5769,#5770),
  .UNSPECIFIED.,.F.,.F.,(4,4),(0.,1.),.PIECEWISE_BEZIER_KNOTS.);
#5767 = CARTESIAN_POINT('',(-1.6,-0.281490038729,-0.670125848277));
#5768 = CARTESIAN_POINT('',(-1.65,-0.315355553849,-0.688358150011));
#5769 = CARTESIAN_POINT('',(-1.7,-0.353476277776,-0.698625890066));
#5770 = CARTESIAN_POINT('',(-1.75,-0.391917711479,-0.69986931907));
#5771 = ORIENTED_EDGE('',*,*,#5772,.F.);
#5772 = EDGE_CURVE('',#5773,#5764,#5775,.T.);
#5773 = VERTEX_POINT('',#5774);
#5774 = CARTESIAN_POINT('',(-1.75,-0.387068338367,-0.849790910511));
#5775 = B_SPLINE_CURVE_WITH_KNOTS('',1,(#5776,#5777),.UNSPECIFIED.,.F.,
  .F.,(2,2),(0.,1.),.PIECEWISE_BEZIER_KNOTS.);
#5776 = CARTESIAN_POINT('',(-1.75,-0.387068338367,-0.849790910511));
#5777 = CARTESIAN_POINT('',(-1.75,-0.391917711479,-0.69986931907));
#5778 = ORIENTED_EDGE('',*,*,#5779,.F.);
#5779 = EDGE_CURVE('',#5731,#5773,#5780,.T.);
#5780 = B_SPLINE_CURVE_WITH_KNOTS('',3,(#5781,#5782,#5783,#5784),
  .UNSPECIFIED.,.F.,.F.,(4,4),(0.,1.),.PIECEWISE_BEZIER_KNOTS.);
#5781 = CARTESIAN_POINT('',(-1.6,-0.210384061967,-0.802201357243));
#5782 = CARTESIAN_POINT('',(-1.650034851799,-0.26460665493,
    -0.83139337373));
#5783 = CARTESIAN_POINT('',(-1.699965148201,-0.325519172342,
    -0.847800037363));
#5784 = CARTESIAN_POINT('',(-1.75,-0.387068338367,-0.849790910511));
#5785 = ORIENTED_EDGE('',*,*,#5739,.T.);
#5786 = B_SPLINE_SURFACE_WITH_KNOTS('',1,3,(
    (#5787,#5788,#5789,#5790)
    ,(#5791,#5792,#5793,#5794
    )),.UNSPECIFIED.,.F.,.F.,.F.,(2,2),(4,4),(0.,1.),(0.,1.),
  .PIECEWISE_BEZIER_KNOTS.);
#5787 = CARTESIAN_POINT('',(-1.6,-0.210384061967,-0.802201357243));
#5788 = CARTESIAN_POINT('',(-1.650034851799,-0.26460665493,
    -0.83139337373));
#5789 = CARTESIAN_POINT('',(-1.699965148201,-0.325519172342,
    -0.847800037363));
#5790 = CARTESIAN_POINT('',(-1.75,-0.387068338367,-0.849790910511));
#5791 = CARTESIAN_POINT('',(-1.6,-0.281490038729,-0.670125848277));
#5792 = CARTESIAN_POINT('',(-1.650022910374,-0.315371071282,
    -0.688366504188));
#5793 = CARTESIAN_POINT('',(-1.699977089626,-0.353458663623,
    -0.698625320318));
#5794 = CARTESIAN_POINT('',(-1.75,-0.391917711479,-0.69986931907));
#5795 = ADVANCED_FACE('',(#5796),#5822,.F.);
#5796 = FACE_BOUND('',#5797,.T.);
#5797 = EDGE_LOOP('',(#5798,#5799,#5807,#5816));
#5798 = ORIENTED_EDGE('',*,*,#5772,.F.);
#5799 = ORIENTED_EDGE('',*,*,#5800,.T.);
#5800 = EDGE_CURVE('',#5773,#5801,#5803,.T.);
#5801 = VERTEX_POINT('',#5802);
#5802 = CARTESIAN_POINT('',(-2.6,-0.387068338367,-0.849790910511));
#5803 = LINE('',#5804,#5805);
#5804 = CARTESIAN_POINT('',(-5.039670450694,-0.387068338367,
    -0.849790910511));
#5805 = VECTOR('',#5806,1.);
#5806 = DIRECTION('',(-1.,0.,0.));
#5807 = ORIENTED_EDGE('',*,*,#5808,.T.);
#5808 = EDGE_CURVE('',#5801,#5809,#5811,.T.);
#5809 = VERTEX_POINT('',#5810);
#5810 = CARTESIAN_POINT('',(-2.6,-0.391917711479,-0.69986931907));
#5811 = B_SPLINE_CURVE_WITH_KNOTS('',3,(#5812,#5813,#5814,#5815),
  .UNSPECIFIED.,.F.,.F.,(4,4),(0.,1.),.PIECEWISE_BEZIER_KNOTS.);
#5812 = CARTESIAN_POINT('',(-2.6,-0.387068338367,-0.849790910511));
#5813 = CARTESIAN_POINT('',(-2.6,-0.388684796071,-0.799817046697));
#5814 = CARTESIAN_POINT('',(-2.6,-0.390301253775,-0.749843182883));
#5815 = CARTESIAN_POINT('',(-2.6,-0.391917711479,-0.69986931907));
#5816 = ORIENTED_EDGE('',*,*,#5817,.F.);
#5817 = EDGE_CURVE('',#5764,#5809,#5818,.T.);
#5818 = LINE('',#5819,#5820);
#5819 = CARTESIAN_POINT('',(-2.6,-0.391917711479,-0.69986931907));
#5820 = VECTOR('',#5821,1.);
#5821 = DIRECTION('',(-1.,2.55106393526E-16,-0.));
#5822 = PLANE('',#5823);
#5823 = AXIS2_PLACEMENT_3D('',#5824,#5825,#5826);
#5824 = CARTESIAN_POINT('',(-2.175,-0.391917711479,-0.69986931907));
#5825 = DIRECTION('',(-2.549730433625E-16,-0.999477276278,
    -3.232915408336E-02));
#5826 = DIRECTION('',(-1.,2.55106393526E-16,-1.424347519381E-33));
#5827 = ADVANCED_FACE('',(#5828),#5856,.F.);
#5828 = FACE_BOUND('',#5829,.F.);
#5829 = EDGE_LOOP('',(#5830,#5831,#5840,#5849));
#5830 = ORIENTED_EDGE('',*,*,#5808,.T.);
#5831 = ORIENTED_EDGE('',*,*,#5832,.T.);
#5832 = EDGE_CURVE('',#5809,#5833,#5835,.T.);
#5833 = VERTEX_POINT('',#5834);
#5834 = CARTESIAN_POINT('',(-2.663977241855,-0.4,-0.7));
#5835 = B_SPLINE_CURVE_WITH_KNOTS('',3,(#5836,#5837,#5838,#5839),
  .UNSPECIFIED.,.F.,.F.,(4,4),(0.,1.),.PIECEWISE_BEZIER_KNOTS.);
#5836 = CARTESIAN_POINT('',(-2.6,-0.391917711479,-0.69986931907));
#5837 = CARTESIAN_POINT('',(-2.621620221361,-0.392587730588,
    -0.699890991549));
#5838 = CARTESIAN_POINT('',(-2.642945968647,-0.395281238138,-0.7));
#5839 = CARTESIAN_POINT('',(-2.663977241855,-0.4,-0.7));
#5840 = ORIENTED_EDGE('',*,*,#5841,.T.);
#5841 = EDGE_CURVE('',#5833,#5842,#5844,.T.);
#5842 = VERTEX_POINT('',#5843);
#5843 = CARTESIAN_POINT('',(-2.663977241855,-0.4,-0.85));
#5844 = B_SPLINE_CURVE_WITH_KNOTS('',3,(#5845,#5846,#5847,#5848),
  .UNSPECIFIED.,.F.,.F.,(4,4),(0.,1.),.PIECEWISE_BEZIER_KNOTS.);
#5845 = CARTESIAN_POINT('',(-2.663977241855,-0.4,-0.7));
#5846 = CARTESIAN_POINT('',(-2.663977241855,-0.4,-0.75));
#5847 = CARTESIAN_POINT('',(-2.663977241855,-0.4,-0.8));
#5848 = CARTESIAN_POINT('',(-2.663977241855,-0.4,-0.85));
#5849 = ORIENTED_EDGE('',*,*,#5850,.F.);
#5850 = EDGE_CURVE('',#5801,#5842,#5851,.T.);
#5851 = B_SPLINE_CURVE_WITH_KNOTS('',3,(#5852,#5853,#5854,#5855),
  .UNSPECIFIED.,.F.,.F.,(4,4),(0.,1.),.PIECEWISE_BEZIER_KNOTS.);
#5852 = CARTESIAN_POINT('',(-2.6,-0.387068338367,-0.849790910511));
#5853 = CARTESIAN_POINT('',(-2.621620336388,-0.388140374645,
    -0.849825586663));
#5854 = CARTESIAN_POINT('',(-2.6429457645,-0.392449907735,-0.85));
#5855 = CARTESIAN_POINT('',(-2.663977241855,-0.4,-0.85));
#5856 = B_SPLINE_SURFACE_WITH_KNOTS('',1,3,(
    (#5857,#5858,#5859,#5860)
    ,(#5861,#5862,#5863,#5864
    )),.UNSPECIFIED.,.F.,.F.,.F.,(2,2),(4,4),(0.,1.),(0.,1.),
  .PIECEWISE_BEZIER_KNOTS.);
#5857 = CARTESIAN_POINT('',(-2.6,-0.387068338367,-0.849790910511));
#5858 = CARTESIAN_POINT('',(-2.621620336388,-0.388140374645,
    -0.849825586663));
#5859 = CARTESIAN_POINT('',(-2.6429457645,-0.392449907735,-0.85));
#5860 = CARTESIAN_POINT('',(-2.663977241855,-0.4,-0.85));
#5861 = CARTESIAN_POINT('',(-2.6,-0.391917711479,-0.69986931907));
#5862 = CARTESIAN_POINT('',(-2.62162027432,-0.392587732229,
    -0.699890991602));
#5863 = CARTESIAN_POINT('',(-2.642945877509,-0.39528121769,-0.7));
#5864 = CARTESIAN_POINT('',(-2.663977241855,-0.4,-0.7));
#5865 = ADVANCED_FACE('',(#5866),#5886,.F.);
#5866 = FACE_BOUND('',#5867,.F.);
#5867 = EDGE_LOOP('',(#5868,#5869,#5870,#5871,#5872,#5873,#5874,#5875,
    #5876,#5877,#5878,#5884,#5885));
#5868 = ORIENTED_EDGE('',*,*,#5763,.F.);
#5869 = ORIENTED_EDGE('',*,*,#5748,.F.);
#5870 = ORIENTED_EDGE('',*,*,#4177,.F.);
#5871 = ORIENTED_EDGE('',*,*,#5714,.F.);
#5872 = ORIENTED_EDGE('',*,*,#5691,.F.);
#5873 = ORIENTED_EDGE('',*,*,#5638,.F.);
#5874 = ORIENTED_EDGE('',*,*,#5623,.F.);
#5875 = ORIENTED_EDGE('',*,*,#5568,.F.);
#5876 = ORIENTED_EDGE('',*,*,#5554,.F.);
#5877 = ORIENTED_EDGE('',*,*,#5490,.F.);
#5878 = ORIENTED_EDGE('',*,*,#5879,.T.);
#5879 = EDGE_CURVE('',#5491,#5833,#5880,.T.);
#5880 = LINE('',#5881,#5882);
#5881 = CARTESIAN_POINT('',(0.1,-0.4,-0.7));
#5882 = VECTOR('',#5883,1.);
#5883 = DIRECTION('',(-1.,0.,-0.));
#5884 = ORIENTED_EDGE('',*,*,#5832,.F.);
#5885 = ORIENTED_EDGE('',*,*,#5817,.F.);
#5886 = CYLINDRICAL_SURFACE('',#5887,0.25);
#5887 = AXIS2_PLACEMENT_3D('',#5888,#5889,#5890);
#5888 = CARTESIAN_POINT('',(-5.039670450694,-0.4,-0.45));
#5889 = DIRECTION('',(1.,-0.,-0.));
#5890 = DIRECTION('',(0.,0.,-1.));
#5891 = ADVANCED_FACE('',(#5892),#5912,.T.);
#5892 = FACE_BOUND('',#5893,.T.);
#5893 = EDGE_LOOP('',(#5894,#5895,#5896,#5897,#5898,#5899,#5900,#5901,
    #5902,#5903,#5904,#5905,#5911));
#5894 = ORIENTED_EDGE('',*,*,#5800,.F.);
#5895 = ORIENTED_EDGE('',*,*,#5779,.F.);
#5896 = ORIENTED_EDGE('',*,*,#5730,.F.);
#5897 = ORIENTED_EDGE('',*,*,#4085,.F.);
#5898 = ORIENTED_EDGE('',*,*,#5706,.F.);
#5899 = ORIENTED_EDGE('',*,*,#5675,.F.);
#5900 = ORIENTED_EDGE('',*,*,#5654,.F.);
#5901 = ORIENTED_EDGE('',*,*,#5605,.F.);
#5902 = ORIENTED_EDGE('',*,*,#5584,.F.);
#5903 = ORIENTED_EDGE('',*,*,#5537,.F.);
#5904 = ORIENTED_EDGE('',*,*,#5508,.F.);
#5905 = ORIENTED_EDGE('',*,*,#5906,.T.);
#5906 = EDGE_CURVE('',#5509,#5842,#5907,.T.);
#5907 = LINE('',#5908,#5909);
#5908 = CARTESIAN_POINT('',(0.1,-0.4,-0.85));
#5909 = VECTOR('',#5910,1.);
#5910 = DIRECTION('',(-1.,0.,-0.));
#5911 = ORIENTED_EDGE('',*,*,#5850,.F.);
#5912 = CYLINDRICAL_SURFACE('',#5913,0.4);
#5913 = AXIS2_PLACEMENT_3D('',#5914,#5915,#5916);
#5914 = CARTESIAN_POINT('',(-5.039670450694,-0.4,-0.45));
#5915 = DIRECTION('',(1.,-0.,-0.));
#5916 = DIRECTION('',(0.,0.,-1.));
#5917 = ADVANCED_FACE('',(#5918),#5952,.T.);
#5918 = FACE_BOUND('',#5919,.T.);
#5919 = EDGE_LOOP('',(#5920,#5930,#5938,#5946));
#5920 = ORIENTED_EDGE('',*,*,#5921,.F.);
#5921 = EDGE_CURVE('',#5922,#5924,#5926,.T.);
#5922 = VERTEX_POINT('',#5923);
#5923 = CARTESIAN_POINT('',(1.75,-1.989491193792,-3.904862254808E-02));
#5924 = VERTEX_POINT('',#5925);
#5925 = CARTESIAN_POINT('',(0.15,-1.989491193792,-3.904862254808E-02));
#5926 = LINE('',#5927,#5928);
#5927 = CARTESIAN_POINT('',(1.75,-1.989491193792,-3.904862254808E-02));
#5928 = VECTOR('',#5929,1.);
#5929 = DIRECTION('',(-1.,-3.785471652766E-30,-5.421010862428E-16));
#5930 = ORIENTED_EDGE('',*,*,#5931,.F.);
#5931 = EDGE_CURVE('',#5932,#5922,#5934,.T.);
#5932 = VERTEX_POINT('',#5933);
#5933 = CARTESIAN_POINT('',(1.75,-1.839491193792,-3.904862254808E-02));
#5934 = LINE('',#5935,#5936);
#5935 = CARTESIAN_POINT('',(1.75,-1.839491193792,-3.904862254808E-02));
#5936 = VECTOR('',#5937,1.);
#5937 = DIRECTION('',(0.,-1.,6.982962677686E-15));
#5938 = ORIENTED_EDGE('',*,*,#5939,.T.);
#5939 = EDGE_CURVE('',#5932,#5940,#5942,.T.);
#5940 = VERTEX_POINT('',#5941);
#5941 = CARTESIAN_POINT('',(0.15,-1.839491193792,-3.904862254809E-02));
#5942 = LINE('',#5943,#5944);
#5943 = CARTESIAN_POINT('',(1.75,-1.839491193792,-3.904862254808E-02));
#5944 = VECTOR('',#5945,1.);
#5945 = DIRECTION('',(-1.,-3.785471652766E-30,-5.421010862428E-16));
#5946 = ORIENTED_EDGE('',*,*,#5947,.T.);
#5947 = EDGE_CURVE('',#5940,#5924,#5948,.T.);
#5948 = LINE('',#5949,#5950);
#5949 = CARTESIAN_POINT('',(0.15,-1.839491193792,-3.904862254809E-02));
#5950 = VECTOR('',#5951,1.);
#5951 = DIRECTION('',(0.,-1.,6.982962677686E-15));
#5952 = PLANE('',#5953);
#5953 = AXIS2_PLACEMENT_3D('',#5954,#5955,#5956);
#5954 = CARTESIAN_POINT('',(1.75,-1.839491193792,-3.904862254808E-02));
#5955 = DIRECTION('',(-5.421010862428E-16,6.982962677686E-15,1.));
#5956 = DIRECTION('',(-1.,-3.785471652766E-30,-5.421010862428E-16));
#5957 = ADVANCED_FACE('',(#5958),#5983,.T.);
#5958 = FACE_BOUND('',#5959,.T.);
#5959 = EDGE_LOOP('',(#5960,#5968,#5976,#5982));
#5960 = ORIENTED_EDGE('',*,*,#5961,.F.);
#5961 = EDGE_CURVE('',#5962,#5922,#5964,.T.);
#5962 = VERTEX_POINT('',#5963);
#5963 = CARTESIAN_POINT('',(1.75,-1.989491193792,-0.4));
#5964 = LINE('',#5965,#5966);
#5965 = CARTESIAN_POINT('',(1.75,-1.989491193792,-0.989048622548));
#5966 = VECTOR('',#5967,1.);
#5967 = DIRECTION('',(-9.130123557773E-16,6.982962677686E-15,1.));
#5968 = ORIENTED_EDGE('',*,*,#5969,.T.);
#5969 = EDGE_CURVE('',#5962,#5970,#5972,.T.);
#5970 = VERTEX_POINT('',#5971);
#5971 = CARTESIAN_POINT('',(1.75,-1.839491193792,-0.4));
#5972 = LINE('',#5973,#5974);
#5973 = CARTESIAN_POINT('',(1.75,-1.839491193792,-0.4));
#5974 = VECTOR('',#5975,1.);
#5975 = DIRECTION('',(5.590588295423E-32,1.,-7.044195017644E-15));
#5976 = ORIENTED_EDGE('',*,*,#5977,.T.);
#5977 = EDGE_CURVE('',#5970,#5932,#5978,.T.);
#5978 = LINE('',#5979,#5980);
#5979 = CARTESIAN_POINT('',(1.75,-1.839491193792,-1.989048622548));
#5980 = VECTOR('',#5981,1.);
#5981 = DIRECTION('',(0.,6.982962677686E-15,1.));
#5982 = ORIENTED_EDGE('',*,*,#5931,.T.);
#5983 = PLANE('',#5984);
#5984 = AXIS2_PLACEMENT_3D('',#5985,#5986,#5987);
#5985 = CARTESIAN_POINT('',(1.75,-1.839491193792,-0.989048622548));
#5986 = DIRECTION('',(1.,6.375531204659E-30,9.130123557773E-16));
#5987 = DIRECTION('',(-9.130123557773E-16,6.982962677686E-15,1.));
#5988 = ADVANCED_FACE('',(#5989),#6014,.T.);
#5989 = FACE_BOUND('',#5990,.T.);
#5990 = EDGE_LOOP('',(#5991,#5999,#6007,#6013));
#5991 = ORIENTED_EDGE('',*,*,#5992,.T.);
#5992 = EDGE_CURVE('',#5940,#5993,#5995,.T.);
#5993 = VERTEX_POINT('',#5994);
#5994 = CARTESIAN_POINT('',(0.15,-1.839491193792,-0.4));
#5995 = LINE('',#5996,#5997);
#5996 = CARTESIAN_POINT('',(0.15,-1.839491193792,-3.904862254809E-02));
#5997 = VECTOR('',#5998,1.);
#5998 = DIRECTION('',(2.853163611804E-17,-6.982962677686E-15,-1.));
#5999 = ORIENTED_EDGE('',*,*,#6000,.T.);
#6000 = EDGE_CURVE('',#5993,#6001,#6003,.T.);
#6001 = VERTEX_POINT('',#6002);
#6002 = CARTESIAN_POINT('',(0.15,-1.989491193792,-0.4));
#6003 = LINE('',#6004,#6005);
#6004 = CARTESIAN_POINT('',(0.15,-1.839491193792,-0.4));
#6005 = VECTOR('',#6006,1.);
#6006 = DIRECTION('',(0.,-1.,7.044195017644E-15));
#6007 = ORIENTED_EDGE('',*,*,#6008,.F.);
#6008 = EDGE_CURVE('',#5924,#6001,#6009,.T.);
#6009 = LINE('',#6010,#6011);
#6010 = CARTESIAN_POINT('',(0.15,-1.989491193792,-0.989048622548));
#6011 = VECTOR('',#6012,1.);
#6012 = DIRECTION('',(0.,-6.982962677686E-15,-1.));
#6013 = ORIENTED_EDGE('',*,*,#5947,.F.);
#6014 = PLANE('',#6015);
#6015 = AXIS2_PLACEMENT_3D('',#6016,#6017,#6018);
#6016 = CARTESIAN_POINT('',(0.15,-1.839491193792,-0.989048622548));
#6017 = DIRECTION('',(-1.,-0.,0.));
#6018 = DIRECTION('',(0.,-6.982962677686E-15,-1.));
#6019 = ADVANCED_FACE('',(#6020),#6054,.T.);
#6020 = FACE_BOUND('',#6021,.T.);
#6021 = EDGE_LOOP('',(#6022,#6032,#6040,#6048));
#6022 = ORIENTED_EDGE('',*,*,#6023,.F.);
#6023 = EDGE_CURVE('',#6024,#6026,#6028,.T.);
#6024 = VERTEX_POINT('',#6025);
#6025 = CARTESIAN_POINT('',(-1.875,-2.024672635684,-0.15));
#6026 = VERTEX_POINT('',#6027);
#6027 = CARTESIAN_POINT('',(-2.675,-2.024672635684,-0.15));
#6028 = LINE('',#6029,#6030);
#6029 = CARTESIAN_POINT('',(-2.675,-2.024672635684,-0.15));
#6030 = VECTOR('',#6031,1.);
#6031 = DIRECTION('',(-1.,0.,-0.));
#6032 = ORIENTED_EDGE('',*,*,#6033,.F.);
#6033 = EDGE_CURVE('',#6034,#6024,#6036,.T.);
#6034 = VERTEX_POINT('',#6035);
#6035 = CARTESIAN_POINT('',(-1.875,-2.024672635684,-0.3));
#6036 = LINE('',#6037,#6038);
#6037 = CARTESIAN_POINT('',(-1.875,-2.024672635684,-0.3));
#6038 = VECTOR('',#6039,1.);
#6039 = DIRECTION('',(0.,1.047444401653E-14,1.));
#6040 = ORIENTED_EDGE('',*,*,#6041,.T.);
#6041 = EDGE_CURVE('',#6034,#6042,#6044,.T.);
#6042 = VERTEX_POINT('',#6043);
#6043 = CARTESIAN_POINT('',(-2.675,-2.024672635684,-0.3));
#6044 = LINE('',#6045,#6046);
#6045 = CARTESIAN_POINT('',(-2.675,-2.024672635684,-0.3));
#6046 = VECTOR('',#6047,1.);
#6047 = DIRECTION('',(-1.,0.,-0.));
#6048 = ORIENTED_EDGE('',*,*,#6049,.T.);
#6049 = EDGE_CURVE('',#6042,#6026,#6050,.T.);
#6050 = LINE('',#6051,#6052);
#6051 = CARTESIAN_POINT('',(-2.675,-2.024672635684,-0.3));
#6052 = VECTOR('',#6053,1.);
#6053 = DIRECTION('',(0.,1.047444401653E-14,1.));
#6054 = PLANE('',#6055);
#6055 = AXIS2_PLACEMENT_3D('',#6056,#6057,#6058);
#6056 = CARTESIAN_POINT('',(-2.675,-2.024672635684,-0.3));
#6057 = DIRECTION('',(0.,1.,-1.047444401653E-14));
#6058 = DIRECTION('',(-1.,0.,-0.));
#6059 = ADVANCED_FACE('',(#6060),#6082,.T.);
#6060 = FACE_BOUND('',#6061,.T.);
#6061 = EDGE_LOOP('',(#6062,#6069,#6075,#6076));
#6062 = ORIENTED_EDGE('',*,*,#6063,.F.);
#6063 = EDGE_CURVE('',#6064,#3959,#6066,.T.);
#6064 = VERTEX_POINT('',#6065);
#6065 = CARTESIAN_POINT('',(-1.869329110979,-2.089491193792,-0.3));
#6066 = B_SPLINE_CURVE_WITH_KNOTS('',1,(#6067,#6068),.UNSPECIFIED.,.F.,
  .F.,(2,2),(0.,1.),.PIECEWISE_BEZIER_KNOTS.);
#6067 = CARTESIAN_POINT('',(-1.869329110979,-2.089491193792,-0.3));
#6068 = CARTESIAN_POINT('',(-1.869329110979,-2.089491193792,-0.15));
#6069 = ORIENTED_EDGE('',*,*,#6070,.T.);
#6070 = EDGE_CURVE('',#6064,#6034,#6071,.T.);
#6071 = LINE('',#6072,#6073);
#6072 = CARTESIAN_POINT('',(-1.75,-3.453429173529,-0.3));
#6073 = VECTOR('',#6074,1.);
#6074 = DIRECTION('',(-8.715574274766E-02,0.996194698092,
    -1.043458559473E-14));
#6075 = ORIENTED_EDGE('',*,*,#6033,.T.);
#6076 = ORIENTED_EDGE('',*,*,#6077,.F.);
#6077 = EDGE_CURVE('',#3959,#6024,#6078,.T.);
#6078 = LINE('',#6079,#6080);
#6079 = CARTESIAN_POINT('',(-1.75,-3.453429173529,-0.15));
#6080 = VECTOR('',#6081,1.);
#6081 = DIRECTION('',(-8.715574274766E-02,0.996194698092,
    -1.043458559473E-14));
#6082 = PLANE('',#6083);
#6083 = AXIS2_PLACEMENT_3D('',#6084,#6085,#6086);
#6084 = CARTESIAN_POINT('',(-1.75,-3.453429173529,-0.3));
#6085 = DIRECTION('',(0.996194698092,8.715574274766E-02,
    -9.129079481294E-16));
#6086 = DIRECTION('',(-8.715574274766E-02,0.996194698092,
    -1.043458559473E-14));
#6087 = ADVANCED_FACE('',(#6088),#6110,.T.);
#6088 = FACE_BOUND('',#6089,.T.);
#6089 = EDGE_LOOP('',(#6090,#6097,#6103,#6104));
#6090 = ORIENTED_EDGE('',*,*,#6091,.F.);
#6091 = EDGE_CURVE('',#3940,#6092,#6094,.T.);
#6092 = VERTEX_POINT('',#6093);
#6093 = CARTESIAN_POINT('',(-2.680670889021,-2.089491193792,-0.3));
#6094 = B_SPLINE_CURVE_WITH_KNOTS('',1,(#6095,#6096),.UNSPECIFIED.,.F.,
  .F.,(2,2),(0.,1.),.PIECEWISE_BEZIER_KNOTS.);
#6095 = CARTESIAN_POINT('',(-2.680670889021,-2.089491193792,-0.15));
#6096 = CARTESIAN_POINT('',(-2.680670889021,-2.089491193792,-0.3));
#6097 = ORIENTED_EDGE('',*,*,#6098,.F.);
#6098 = EDGE_CURVE('',#6026,#3940,#6099,.T.);
#6099 = LINE('',#6100,#6101);
#6100 = CARTESIAN_POINT('',(-2.8,-3.453429173529,-0.15));
#6101 = VECTOR('',#6102,1.);
#6102 = DIRECTION('',(-8.715574274766E-02,-0.996194698092,
    1.043458559473E-14));
#6103 = ORIENTED_EDGE('',*,*,#6049,.F.);
#6104 = ORIENTED_EDGE('',*,*,#6105,.T.);
#6105 = EDGE_CURVE('',#6042,#6092,#6106,.T.);
#6106 = LINE('',#6107,#6108);
#6107 = CARTESIAN_POINT('',(-2.8,-3.453429173529,-0.3));
#6108 = VECTOR('',#6109,1.);
#6109 = DIRECTION('',(-8.715574274766E-02,-0.996194698092,
    1.043458559473E-14));
#6110 = PLANE('',#6111);
#6111 = AXIS2_PLACEMENT_3D('',#6112,#6113,#6114);
#6112 = CARTESIAN_POINT('',(-2.8,-3.453429173529,-0.3));
#6113 = DIRECTION('',(-0.996194698092,8.715574274766E-02,
    -9.129079481294E-16));
#6114 = DIRECTION('',(-8.715574274766E-02,-0.996194698092,
    1.043458559473E-14));
#6115 = ADVANCED_FACE('',(#6116),#6122,.F.);
#6116 = FACE_BOUND('',#6117,.T.);
#6117 = EDGE_LOOP('',(#6118,#6119,#6120,#6121));
#6118 = ORIENTED_EDGE('',*,*,#6098,.T.);
#6119 = ORIENTED_EDGE('',*,*,#3969,.T.);
#6120 = ORIENTED_EDGE('',*,*,#6077,.T.);
#6121 = ORIENTED_EDGE('',*,*,#6023,.T.);
#6122 = PLANE('',#6123);
#6123 = AXIS2_PLACEMENT_3D('',#6124,#6125,#6126);
#6124 = CARTESIAN_POINT('',(0.1,-5.003429173529,-0.15));
#6125 = DIRECTION('',(0.,-1.047444401653E-14,-1.));
#6126 = DIRECTION('',(0.,1.,-1.047444401653E-14));
#6127 = ADVANCED_FACE('',(#6128),#6139,.F.);
#6128 = FACE_BOUND('',#6129,.T.);
#6129 = EDGE_LOOP('',(#6130,#6136,#6137,#6138));
#6130 = ORIENTED_EDGE('',*,*,#6131,.F.);
#6131 = EDGE_CURVE('',#5962,#6001,#6132,.T.);
#6132 = LINE('',#6133,#6134);
#6133 = CARTESIAN_POINT('',(0.1,-1.989491193792,-0.4));
#6134 = VECTOR('',#6135,1.);
#6135 = DIRECTION('',(-1.,-0.,0.));
#6136 = ORIENTED_EDGE('',*,*,#5961,.T.);
#6137 = ORIENTED_EDGE('',*,*,#5921,.T.);
#6138 = ORIENTED_EDGE('',*,*,#6008,.T.);
#6139 = PLANE('',#6140);
#6140 = AXIS2_PLACEMENT_3D('',#6141,#6142,#6143);
#6141 = CARTESIAN_POINT('',(0.1,-1.989491193792,-2.489048622548));
#6142 = DIRECTION('',(0.,1.,-6.982962677686E-15));
#6143 = DIRECTION('',(0.,6.982962677686E-15,1.));
#6144 = ADVANCED_FACE('',(#6145),#6172,.F.);
#6145 = FACE_BOUND('',#6146,.T.);
#6146 = EDGE_LOOP('',(#6147,#6148,#6157,#6165));
#6147 = ORIENTED_EDGE('',*,*,#5969,.F.);
#6148 = ORIENTED_EDGE('',*,*,#6149,.T.);
#6149 = EDGE_CURVE('',#5962,#6150,#6152,.T.);
#6150 = VERTEX_POINT('',#6151);
#6151 = CARTESIAN_POINT('',(1.75,-1.539491193792,-0.85));
#6152 = CIRCLE('',#6153,0.45);
#6153 = AXIS2_PLACEMENT_3D('',#6154,#6155,#6156);
#6154 = CARTESIAN_POINT('',(1.75,-1.539491193792,-0.4));
#6155 = DIRECTION('',(1.,0.,0.));
#6156 = DIRECTION('',(0.,-1.,3.493540333564E-15));
#6157 = ORIENTED_EDGE('',*,*,#6158,.T.);
#6158 = EDGE_CURVE('',#6150,#6159,#6161,.T.);
#6159 = VERTEX_POINT('',#6160);
#6160 = CARTESIAN_POINT('',(1.75,-1.539491193792,-0.7));
#6161 = LINE('',#6162,#6163);
#6162 = CARTESIAN_POINT('',(1.75,-1.539491193792,-0.7));
#6163 = VECTOR('',#6164,1.);
#6164 = DIRECTION('',(5.590588295423E-32,3.552713678801E-15,1.));
#6165 = ORIENTED_EDGE('',*,*,#6166,.F.);
#6166 = EDGE_CURVE('',#5970,#6159,#6167,.T.);
#6167 = CIRCLE('',#6168,0.3);
#6168 = AXIS2_PLACEMENT_3D('',#6169,#6170,#6171);
#6169 = CARTESIAN_POINT('',(1.75,-1.539491193792,-0.4));
#6170 = DIRECTION('',(1.,0.,0.));
#6171 = DIRECTION('',(0.,1.,-3.433306879537E-15));
#6172 = PLANE('',#6173);
#6173 = AXIS2_PLACEMENT_3D('',#6174,#6175,#6176);
#6174 = CARTESIAN_POINT('',(1.75,-1.539491193792,-0.4));
#6175 = DIRECTION('',(-1.,0.,-0.));
#6176 = DIRECTION('',(0.,1.,-3.491481338843E-15));
#6177 = ADVANCED_FACE('',(#6178),#6189,.T.);
#6178 = FACE_BOUND('',#6179,.T.);
#6179 = EDGE_LOOP('',(#6180,#6181,#6187,#6188));
#6180 = ORIENTED_EDGE('',*,*,#5977,.F.);
#6181 = ORIENTED_EDGE('',*,*,#6182,.T.);
#6182 = EDGE_CURVE('',#5970,#5993,#6183,.T.);
#6183 = LINE('',#6184,#6185);
#6184 = CARTESIAN_POINT('',(0.1,-1.839491193792,-0.4));
#6185 = VECTOR('',#6186,1.);
#6186 = DIRECTION('',(-1.,-0.,0.));
#6187 = ORIENTED_EDGE('',*,*,#5992,.F.);
#6188 = ORIENTED_EDGE('',*,*,#5939,.F.);
#6189 = PLANE('',#6190);
#6190 = AXIS2_PLACEMENT_3D('',#6191,#6192,#6193);
#6191 = CARTESIAN_POINT('',(0.1,-1.839491193792,-2.489048622548));
#6192 = DIRECTION('',(0.,1.,-6.982962677686E-15));
#6193 = DIRECTION('',(0.,6.982962677686E-15,1.));
#6194 = ADVANCED_FACE('',(#6195),#6222,.F.);
#6195 = FACE_BOUND('',#6196,.T.);
#6196 = EDGE_LOOP('',(#6197,#6206,#6207,#6216));
#6197 = ORIENTED_EDGE('',*,*,#6198,.T.);
#6198 = EDGE_CURVE('',#6199,#6001,#6201,.T.);
#6199 = VERTEX_POINT('',#6200);
#6200 = CARTESIAN_POINT('',(0.15,-1.539491193792,-0.85));
#6201 = CIRCLE('',#6202,0.45);
#6202 = AXIS2_PLACEMENT_3D('',#6203,#6204,#6205);
#6203 = CARTESIAN_POINT('',(0.15,-1.539491193792,-0.4));
#6204 = DIRECTION('',(-1.,-0.,0.));
#6205 = DIRECTION('',(0.,-1.,-6.264279218805E-15));
#6206 = ORIENTED_EDGE('',*,*,#6000,.F.);
#6207 = ORIENTED_EDGE('',*,*,#6208,.F.);
#6208 = EDGE_CURVE('',#6209,#5993,#6211,.T.);
#6209 = VERTEX_POINT('',#6210);
#6210 = CARTESIAN_POINT('',(0.15,-1.539491193792,-0.7));
#6211 = CIRCLE('',#6212,0.3);
#6212 = AXIS2_PLACEMENT_3D('',#6213,#6214,#6215);
#6213 = CARTESIAN_POINT('',(0.15,-1.539491193792,-0.4));
#6214 = DIRECTION('',(-1.,0.,0.));
#6215 = DIRECTION('',(0.,-1.,3.433306879537E-15));
#6216 = ORIENTED_EDGE('',*,*,#6217,.T.);
#6217 = EDGE_CURVE('',#6209,#6199,#6218,.T.);
#6218 = LINE('',#6219,#6220);
#6219 = CARTESIAN_POINT('',(0.15,-1.539491193792,-0.7));
#6220 = VECTOR('',#6221,1.);
#6221 = DIRECTION('',(0.,-3.552713678801E-15,-1.));
#6222 = PLANE('',#6223);
#6223 = AXIS2_PLACEMENT_3D('',#6224,#6225,#6226);
#6224 = CARTESIAN_POINT('',(0.15,-1.539491193792,-0.4));
#6225 = DIRECTION('',(1.,0.,0.));
#6226 = DIRECTION('',(0.,-1.,3.491481338843E-15));
#6227 = ADVANCED_FACE('',(#6228),#6239,.T.);
#6228 = FACE_BOUND('',#6229,.T.);
#6229 = EDGE_LOOP('',(#6230,#6236,#6237,#6238));
#6230 = ORIENTED_EDGE('',*,*,#6231,.F.);
#6231 = EDGE_CURVE('',#6092,#6064,#6232,.T.);
#6232 = LINE('',#6233,#6234);
#6233 = CARTESIAN_POINT('',(0.1,-2.089491193792,-0.3));
#6234 = VECTOR('',#6235,1.);
#6235 = DIRECTION('',(1.,0.,0.));
#6236 = ORIENTED_EDGE('',*,*,#6105,.F.);
#6237 = ORIENTED_EDGE('',*,*,#6041,.F.);
#6238 = ORIENTED_EDGE('',*,*,#6070,.F.);
#6239 = PLANE('',#6240);
#6240 = AXIS2_PLACEMENT_3D('',#6241,#6242,#6243);
#6241 = CARTESIAN_POINT('',(0.1,-5.003429173529,-0.3));
#6242 = DIRECTION('',(0.,-1.047444401653E-14,-1.));
#6243 = DIRECTION('',(0.,1.,-1.047444401653E-14));
#6244 = ADVANCED_FACE('',(#6245),#6277,.F.);
#6245 = FACE_BOUND('',#6246,.F.);
#6246 = EDGE_LOOP('',(#6247,#6256,#6257,#6266,#6275,#6276));
#6247 = ORIENTED_EDGE('',*,*,#6248,.T.);
#6248 = EDGE_CURVE('',#6064,#3902,#6249,.T.);
#6249 = B_SPLINE_CURVE_WITH_KNOTS('',3,(#6250,#6251,#6252,#6253,#6254,
    #6255),.UNSPECIFIED.,.F.,.F.,(4,2,4),(0.,0.25,0.5),.UNSPECIFIED.);
#6250 = CARTESIAN_POINT('',(-1.869329110979,-2.089491193792,-0.3));
#6251 = CARTESIAN_POINT('',(-1.863030379378,-2.141851071351,-0.3));
#6252 = CARTESIAN_POINT('',(-1.856731647777,-2.193888525544,
    -0.321554619278));
#6253 = CARTESIAN_POINT('',(-1.844134184574,-2.267936574514,
    -0.395602668247));
#6254 = CARTESIAN_POINT('',(-1.837835452973,-2.289491193792,
    -0.44764012244));
#6255 = CARTESIAN_POINT('',(-1.831536721371,-2.289491193792,-0.5));
#6256 = ORIENTED_EDGE('',*,*,#3901,.T.);
#6257 = ORIENTED_EDGE('',*,*,#6258,.T.);
#6258 = EDGE_CURVE('',#3894,#6259,#6261,.T.);
#6259 = VERTEX_POINT('',#6260);
#6260 = CARTESIAN_POINT('',(-1.793744331763,-2.089491193792,-0.85));
#6261 = B_SPLINE_CURVE_WITH_KNOTS('',3,(#6262,#6263,#6264,#6265),
  .UNSPECIFIED.,.F.,.F.,(4,4),(0.,1.),.PIECEWISE_BEZIER_KNOTS.);
#6262 = CARTESIAN_POINT('',(-1.793744331763,-2.089491193792,-0.7));
#6263 = CARTESIAN_POINT('',(-1.793744331763,-2.089491193792,-0.75));
#6264 = CARTESIAN_POINT('',(-1.793744331763,-2.089491193792,-0.8));
#6265 = CARTESIAN_POINT('',(-1.793744331763,-2.089491193792,-0.85));
#6266 = ORIENTED_EDGE('',*,*,#6267,.F.);
#6267 = EDGE_CURVE('',#3951,#6259,#6268,.T.);
#6268 = B_SPLINE_CURVE_WITH_KNOTS('',3,(#6269,#6270,#6271,#6272,#6273,
    #6274),.UNSPECIFIED.,.F.,.F.,(4,2,4),(0.5,0.75,1.),.UNSPECIFIED.);
#6269 = CARTESIAN_POINT('',(-1.831536721371,-2.439491193792,-0.5));
#6270 = CARTESIAN_POINT('',(-1.82523798977,-2.439491193791,
    -0.59162978573));
#6271 = CARTESIAN_POINT('',(-1.818939258168,-2.401770610055,
    -0.682695330567));
#6272 = CARTESIAN_POINT('',(-1.806341794966,-2.272186524359,
    -0.812279416263));
#6273 = CARTESIAN_POINT('',(-1.800060671665,-2.181377133443,-0.85));
#6274 = CARTESIAN_POINT('',(-1.793744331763,-2.089491193792,-0.85));
#6275 = ORIENTED_EDGE('',*,*,#3958,.F.);
#6276 = ORIENTED_EDGE('',*,*,#6063,.F.);
#6277 = B_SPLINE_SURFACE_WITH_KNOTS('',1,3,(
    (#6278,#6279,#6280,#6281,#6282,#6283,#6284,#6285,#6286,#6287)
    ,(#6288,#6289,#6290,#6291,#6292,#6293,#6294,#6295,#6296,#6297
  )),.UNSPECIFIED.,.F.,.F.,.F.,(2,2),(4,2,2,2,4),(0.,1.),(0.,0.25,0.5,
    0.75,1.),.UNSPECIFIED.);
#6278 = CARTESIAN_POINT('',(-1.869329110979,-2.089491193792,-0.15));
#6279 = CARTESIAN_POINT('',(-1.863012771078,-2.181377133443,-0.15));
#6280 = CARTESIAN_POINT('',(-1.856731647777,-2.272186524359,
    -0.187720583737));
#6281 = CARTESIAN_POINT('',(-1.844134184574,-2.401770610055,
    -0.317304669433));
#6282 = CARTESIAN_POINT('',(-1.837835452973,-2.439491193792,
    -0.40837021427));
#6283 = CARTESIAN_POINT('',(-1.82523798977,-2.439491193792,
    -0.59162978573));
#6284 = CARTESIAN_POINT('',(-1.818939258168,-2.401770610055,
    -0.682695330567));
#6285 = CARTESIAN_POINT('',(-1.806341794966,-2.272186524359,
    -0.812279416263));
#6286 = CARTESIAN_POINT('',(-1.800060671665,-2.181377133443,-0.85));
#6287 = CARTESIAN_POINT('',(-1.793744331763,-2.089491193792,-0.85));
#6288 = CARTESIAN_POINT('',(-1.869329110979,-2.089491193792,-0.3));
#6289 = CARTESIAN_POINT('',(-1.86301294024,-2.141996038811,-0.3));
#6290 = CARTESIAN_POINT('',(-1.856731647777,-2.193888525544,
    -0.321554619278));
#6291 = CARTESIAN_POINT('',(-1.844134184574,-2.267936574514,
    -0.395602668247));
#6292 = CARTESIAN_POINT('',(-1.837835452973,-2.289491193792,
    -0.44764012244));
#6293 = CARTESIAN_POINT('',(-1.82523798977,-2.289491193792,
    -0.55235987756));
#6294 = CARTESIAN_POINT('',(-1.818939258168,-2.267936574514,
    -0.604397331753));
#6295 = CARTESIAN_POINT('',(-1.806341794966,-2.193888525544,
    -0.678445380722));
#6296 = CARTESIAN_POINT('',(-1.800060502502,-2.141996038811,-0.7));
#6297 = CARTESIAN_POINT('',(-1.793744331763,-2.089491193792,-0.7));
#6298 = ADVANCED_FACE('',(#6299),#6331,.F.);
#6299 = FACE_BOUND('',#6300,.F.);
#6300 = EDGE_LOOP('',(#6301,#6302,#6311,#6312,#6313,#6324));
#6301 = ORIENTED_EDGE('',*,*,#3920,.T.);
#6302 = ORIENTED_EDGE('',*,*,#6303,.T.);
#6303 = EDGE_CURVE('',#3913,#6092,#6304,.T.);
#6304 = B_SPLINE_CURVE_WITH_KNOTS('',3,(#6305,#6306,#6307,#6308,#6309,
    #6310),.UNSPECIFIED.,.F.,.F.,(4,2,4),(0.5,0.75,1.),.UNSPECIFIED.);
#6305 = CARTESIAN_POINT('',(-2.718463278629,-2.289491193792,-0.5));
#6306 = CARTESIAN_POINT('',(-2.712164547027,-2.289491193792,
    -0.44764012244));
#6307 = CARTESIAN_POINT('',(-2.705865815426,-2.267936574514,
    -0.395602668247));
#6308 = CARTESIAN_POINT('',(-2.693268352223,-2.193888525544,
    -0.321554619278));
#6309 = CARTESIAN_POINT('',(-2.686969620622,-2.141851071351,-0.3));
#6310 = CARTESIAN_POINT('',(-2.680670889021,-2.089491193792,-0.3));
#6311 = ORIENTED_EDGE('',*,*,#6091,.F.);
#6312 = ORIENTED_EDGE('',*,*,#3937,.F.);
#6313 = ORIENTED_EDGE('',*,*,#6314,.F.);
#6314 = EDGE_CURVE('',#6315,#3938,#6317,.T.);
#6315 = VERTEX_POINT('',#6316);
#6316 = CARTESIAN_POINT('',(-2.756255668237,-2.089491193792,-0.85));
#6317 = B_SPLINE_CURVE_WITH_KNOTS('',3,(#6318,#6319,#6320,#6321,#6322,
    #6323),.UNSPECIFIED.,.F.,.F.,(4,2,4),(0.,0.25,0.5),.UNSPECIFIED.);
#6318 = CARTESIAN_POINT('',(-2.756255668237,-2.089491193792,-0.85));
#6319 = CARTESIAN_POINT('',(-2.749939328335,-2.181377133443,-0.85));
#6320 = CARTESIAN_POINT('',(-2.743658205034,-2.272186524359,
    -0.812279416263));
#6321 = CARTESIAN_POINT('',(-2.731060741832,-2.401770610055,
    -0.682695330567));
#6322 = CARTESIAN_POINT('',(-2.72476201023,-2.439491193792,
    -0.591629785729));
#6323 = CARTESIAN_POINT('',(-2.718463278629,-2.439491193792,-0.5));
#6324 = ORIENTED_EDGE('',*,*,#6325,.T.);
#6325 = EDGE_CURVE('',#6315,#3892,#6326,.T.);
#6326 = B_SPLINE_CURVE_WITH_KNOTS('',3,(#6327,#6328,#6329,#6330),
  .UNSPECIFIED.,.F.,.F.,(4,4),(0.,1.),.PIECEWISE_BEZIER_KNOTS.);
#6327 = CARTESIAN_POINT('',(-2.756255668237,-2.089491193792,-0.85));
#6328 = CARTESIAN_POINT('',(-2.756255668237,-2.089491193792,-0.8));
#6329 = CARTESIAN_POINT('',(-2.756255668237,-2.089491193792,-0.75));
#6330 = CARTESIAN_POINT('',(-2.756255668237,-2.089491193792,-0.7));
#6331 = B_SPLINE_SURFACE_WITH_KNOTS('',1,3,(
    (#6332,#6333,#6334,#6335,#6336,#6337,#6338,#6339,#6340,#6341)
    ,(#6342,#6343,#6344,#6345,#6346,#6347,#6348,#6349,#6350,#6351
  )),.UNSPECIFIED.,.F.,.F.,.F.,(2,2),(4,2,2,2,4),(0.,1.),(0.,0.25,0.5,
    0.75,1.),.UNSPECIFIED.);
#6332 = CARTESIAN_POINT('',(-2.756255668237,-2.089491193792,-0.85));
#6333 = CARTESIAN_POINT('',(-2.749939328335,-2.181377133443,-0.85));
#6334 = CARTESIAN_POINT('',(-2.743658205034,-2.272186524359,
    -0.812279416263));
#6335 = CARTESIAN_POINT('',(-2.731060741832,-2.401770610055,
    -0.682695330567));
#6336 = CARTESIAN_POINT('',(-2.72476201023,-2.439491193792,
    -0.59162978573));
#6337 = CARTESIAN_POINT('',(-2.712164547027,-2.439491193792,
    -0.40837021427));
#6338 = CARTESIAN_POINT('',(-2.705865815426,-2.401770610055,
    -0.317304669433));
#6339 = CARTESIAN_POINT('',(-2.693268352223,-2.272186524359,
    -0.187720583737));
#6340 = CARTESIAN_POINT('',(-2.686987228922,-2.181377133443,-0.15));
#6341 = CARTESIAN_POINT('',(-2.680670889021,-2.089491193792,-0.15));
#6342 = CARTESIAN_POINT('',(-2.756255668237,-2.089491193792,-0.7));
#6343 = CARTESIAN_POINT('',(-2.749939497498,-2.141996038811,-0.7));
#6344 = CARTESIAN_POINT('',(-2.743658205034,-2.193888525544,
    -0.678445380722));
#6345 = CARTESIAN_POINT('',(-2.731060741832,-2.267936574514,
    -0.604397331753));
#6346 = CARTESIAN_POINT('',(-2.72476201023,-2.289491193792,
    -0.55235987756));
#6347 = CARTESIAN_POINT('',(-2.712164547027,-2.289491193792,
    -0.44764012244));
#6348 = CARTESIAN_POINT('',(-2.705865815426,-2.267936574514,
    -0.395602668247));
#6349 = CARTESIAN_POINT('',(-2.693268352223,-2.193888525544,
    -0.321554619278));
#6350 = CARTESIAN_POINT('',(-2.68698705976,-2.141996038811,-0.3));
#6351 = CARTESIAN_POINT('',(-2.680670889021,-2.089491193792,-0.3));
#6352 = ADVANCED_FACE('',(#6353),#6364,.T.);
#6353 = FACE_BOUND('',#6354,.T.);
#6354 = EDGE_LOOP('',(#6355,#6356,#6357,#6363));
#6355 = ORIENTED_EDGE('',*,*,#3950,.F.);
#6356 = ORIENTED_EDGE('',*,*,#6314,.F.);
#6357 = ORIENTED_EDGE('',*,*,#6358,.T.);
#6358 = EDGE_CURVE('',#6315,#6259,#6359,.T.);
#6359 = LINE('',#6360,#6361);
#6360 = CARTESIAN_POINT('',(0.1,-2.089491193792,-0.85));
#6361 = VECTOR('',#6362,1.);
#6362 = DIRECTION('',(1.,0.,0.));
#6363 = ORIENTED_EDGE('',*,*,#6267,.F.);
#6364 = CYLINDRICAL_SURFACE('',#6365,0.35);
#6365 = AXIS2_PLACEMENT_3D('',#6366,#6367,#6368);
#6366 = CARTESIAN_POINT('',(-3.577043357832,-2.089491193792,-0.5));
#6367 = DIRECTION('',(1.,0.,0.));
#6368 = DIRECTION('',(0.,-1.,3.407492542097E-15));
#6369 = ADVANCED_FACE('',(#6370),#6381,.T.);
#6370 = FACE_BOUND('',#6371,.T.);
#6371 = EDGE_LOOP('',(#6372,#6378,#6379,#6380));
#6372 = ORIENTED_EDGE('',*,*,#6373,.F.);
#6373 = EDGE_CURVE('',#6150,#6199,#6374,.T.);
#6374 = LINE('',#6375,#6376);
#6375 = CARTESIAN_POINT('',(0.1,-1.539491193792,-0.85));
#6376 = VECTOR('',#6377,1.);
#6377 = DIRECTION('',(-1.,0.,-0.));
#6378 = ORIENTED_EDGE('',*,*,#6149,.F.);
#6379 = ORIENTED_EDGE('',*,*,#6131,.T.);
#6380 = ORIENTED_EDGE('',*,*,#6198,.F.);
#6381 = CYLINDRICAL_SURFACE('',#6382,0.45);
#6382 = AXIS2_PLACEMENT_3D('',#6383,#6384,#6385);
#6383 = CARTESIAN_POINT('',(-0.761571873958,-1.539491193792,-0.4));
#6384 = DIRECTION('',(1.,0.,0.));
#6385 = DIRECTION('',(0.,-1.,3.493540333564E-15));
#6386 = ADVANCED_FACE('',(#6387),#6412,.T.);
#6387 = FACE_BOUND('',#6388,.T.);
#6388 = EDGE_LOOP('',(#6389,#6390,#6398,#6406));
#6389 = ORIENTED_EDGE('',*,*,#6158,.F.);
#6390 = ORIENTED_EDGE('',*,*,#6391,.F.);
#6391 = EDGE_CURVE('',#6392,#6150,#6394,.T.);
#6392 = VERTEX_POINT('',#6393);
#6393 = CARTESIAN_POINT('',(1.75,-0.539491193792,-0.85));
#6394 = LINE('',#6395,#6396);
#6395 = CARTESIAN_POINT('',(1.75,-1.539491193792,-0.85));
#6396 = VECTOR('',#6397,1.);
#6397 = DIRECTION('',(-9.130123557773E-16,-1.,3.491481338843E-15));
#6398 = ORIENTED_EDGE('',*,*,#6399,.F.);
#6399 = EDGE_CURVE('',#6400,#6392,#6402,.T.);
#6400 = VERTEX_POINT('',#6401);
#6401 = CARTESIAN_POINT('',(1.75,-0.539491193792,-0.7));
#6402 = LINE('',#6403,#6404);
#6403 = CARTESIAN_POINT('',(1.75,-0.539491193792,-0.7));
#6404 = VECTOR('',#6405,1.);
#6405 = DIRECTION('',(0.,-3.491481338843E-15,-1.));
#6406 = ORIENTED_EDGE('',*,*,#6407,.T.);
#6407 = EDGE_CURVE('',#6400,#6159,#6408,.T.);
#6408 = LINE('',#6409,#6410);
#6409 = CARTESIAN_POINT('',(1.75,-0.539491193792,-0.7));
#6410 = VECTOR('',#6411,1.);
#6411 = DIRECTION('',(0.,-1.,3.491481338843E-15));
#6412 = PLANE('',#6413);
#6413 = AXIS2_PLACEMENT_3D('',#6414,#6415,#6416);
#6414 = CARTESIAN_POINT('',(1.75,-1.539491193792,-0.7));
#6415 = DIRECTION('',(1.,-9.130123557773E-16,3.18776560233E-30));
#6416 = DIRECTION('',(-9.130123557773E-16,-1.,3.491481338843E-15));
#6417 = ADVANCED_FACE('',(#6418),#6429,.F.);
#6418 = FACE_BOUND('',#6419,.F.);
#6419 = EDGE_LOOP('',(#6420,#6421,#6422,#6423));
#6420 = ORIENTED_EDGE('',*,*,#6166,.F.);
#6421 = ORIENTED_EDGE('',*,*,#6182,.T.);
#6422 = ORIENTED_EDGE('',*,*,#6208,.F.);
#6423 = ORIENTED_EDGE('',*,*,#6424,.F.);
#6424 = EDGE_CURVE('',#6159,#6209,#6425,.T.);
#6425 = LINE('',#6426,#6427);
#6426 = CARTESIAN_POINT('',(0.1,-1.539491193792,-0.7));
#6427 = VECTOR('',#6428,1.);
#6428 = DIRECTION('',(-1.,0.,-0.));
#6429 = CYLINDRICAL_SURFACE('',#6430,0.3);
#6430 = AXIS2_PLACEMENT_3D('',#6431,#6432,#6433);
#6431 = CARTESIAN_POINT('',(-0.761571873958,-1.539491193792,-0.4));
#6432 = DIRECTION('',(1.,0.,0.));
#6433 = DIRECTION('',(0.,-1.,3.433306879537E-15));
#6434 = ADVANCED_FACE('',(#6435),#6460,.T.);
#6435 = FACE_BOUND('',#6436,.T.);
#6436 = EDGE_LOOP('',(#6437,#6438,#6446,#6454));
#6437 = ORIENTED_EDGE('',*,*,#6217,.F.);
#6438 = ORIENTED_EDGE('',*,*,#6439,.T.);
#6439 = EDGE_CURVE('',#6209,#6440,#6442,.T.);
#6440 = VERTEX_POINT('',#6441);
#6441 = CARTESIAN_POINT('',(0.15,-1.339491193792,-0.7));
#6442 = LINE('',#6443,#6444);
#6443 = CARTESIAN_POINT('',(0.15,-2.489491193792,-0.7));
#6444 = VECTOR('',#6445,1.);
#6445 = DIRECTION('',(2.853163611804E-17,1.,-3.491481338843E-15));
#6446 = ORIENTED_EDGE('',*,*,#6447,.T.);
#6447 = EDGE_CURVE('',#6440,#6448,#6450,.T.);
#6448 = VERTEX_POINT('',#6449);
#6449 = CARTESIAN_POINT('',(0.15,-1.339491193792,-0.85));
#6450 = LINE('',#6451,#6452);
#6451 = CARTESIAN_POINT('',(0.15,-1.339491193792,-0.7));
#6452 = VECTOR('',#6453,1.);
#6453 = DIRECTION('',(0.,-3.491481338843E-15,-1.));
#6454 = ORIENTED_EDGE('',*,*,#6455,.F.);
#6455 = EDGE_CURVE('',#6199,#6448,#6456,.T.);
#6456 = LINE('',#6457,#6458);
#6457 = CARTESIAN_POINT('',(0.15,-1.539491193792,-0.85));
#6458 = VECTOR('',#6459,1.);
#6459 = DIRECTION('',(0.,1.,-3.491481338843E-15));
#6460 = PLANE('',#6461);
#6461 = AXIS2_PLACEMENT_3D('',#6462,#6463,#6464);
#6462 = CARTESIAN_POINT('',(0.15,-1.539491193792,-0.7));
#6463 = DIRECTION('',(-1.,0.,-0.));
#6464 = DIRECTION('',(0.,1.,-3.491481338843E-15));
#6465 = ADVANCED_FACE('',(#6466),#6493,.F.);
#6466 = FACE_BOUND('',#6467,.F.);
#6467 = EDGE_LOOP('',(#6468,#6478,#6485,#6486));
#6468 = ORIENTED_EDGE('',*,*,#6469,.F.);
#6469 = EDGE_CURVE('',#6470,#6472,#6474,.T.);
#6470 = VERTEX_POINT('',#6471);
#6471 = CARTESIAN_POINT('',(0.,-1.189491193792,-0.7));
#6472 = VERTEX_POINT('',#6473);
#6473 = CARTESIAN_POINT('',(0.,-1.189491193792,-0.85));
#6474 = LINE('',#6475,#6476);
#6475 = CARTESIAN_POINT('',(-1.984707325099E-16,-1.189491193792,-0.7));
#6476 = VECTOR('',#6477,1.);
#6477 = DIRECTION('',(0.,-3.491481338843E-15,-1.));
#6478 = ORIENTED_EDGE('',*,*,#6479,.F.);
#6479 = EDGE_CURVE('',#6440,#6470,#6480,.T.);
#6480 = CIRCLE('',#6481,0.15);
#6481 = AXIS2_PLACEMENT_3D('',#6482,#6483,#6484);
#6482 = CARTESIAN_POINT('',(-2.168404344971E-16,-1.339491193792,-0.7));
#6483 = DIRECTION('',(0.,3.491481338843E-15,1.));
#6484 = DIRECTION('',(0.,-1.,3.491481338843E-15));
#6485 = ORIENTED_EDGE('',*,*,#6447,.T.);
#6486 = ORIENTED_EDGE('',*,*,#6487,.T.);
#6487 = EDGE_CURVE('',#6448,#6472,#6488,.T.);
#6488 = CIRCLE('',#6489,0.15);
#6489 = AXIS2_PLACEMENT_3D('',#6490,#6491,#6492);
#6490 = CARTESIAN_POINT('',(-2.168404344971E-16,-1.339491193792,-0.85));
#6491 = DIRECTION('',(0.,3.491481338843E-15,1.));
#6492 = DIRECTION('',(0.,-1.,3.491481338843E-15));
#6493 = CYLINDRICAL_SURFACE('',#6494,0.15);
#6494 = AXIS2_PLACEMENT_3D('',#6495,#6496,#6497);
#6495 = CARTESIAN_POINT('',(-2.168404344971E-16,-1.339491193792,-0.7));
#6496 = DIRECTION('',(0.,-3.491481338843E-15,-1.));
#6497 = DIRECTION('',(0.,1.,-3.491481338843E-15));
#6498 = ADVANCED_FACE('',(#6499),#6524,.T.);
#6499 = FACE_BOUND('',#6500,.T.);
#6500 = EDGE_LOOP('',(#6501,#6509,#6510,#6518));
#6501 = ORIENTED_EDGE('',*,*,#6502,.F.);
#6502 = EDGE_CURVE('',#6472,#6503,#6505,.T.);
#6503 = VERTEX_POINT('',#6504);
#6504 = CARTESIAN_POINT('',(-1.6,-1.189491193792,-0.85));
#6505 = LINE('',#6506,#6507);
#6506 = CARTESIAN_POINT('',(-2.168404344971E-16,-1.189491193792,-0.85));
#6507 = VECTOR('',#6508,1.);
#6508 = DIRECTION('',(-1.,0.,-0.));
#6509 = ORIENTED_EDGE('',*,*,#6469,.F.);
#6510 = ORIENTED_EDGE('',*,*,#6511,.T.);
#6511 = EDGE_CURVE('',#6470,#6512,#6514,.T.);
#6512 = VERTEX_POINT('',#6513);
#6513 = CARTESIAN_POINT('',(-1.6,-1.189491193792,-0.7));
#6514 = LINE('',#6515,#6516);
#6515 = CARTESIAN_POINT('',(-2.168404344971E-16,-1.189491193792,-0.7));
#6516 = VECTOR('',#6517,1.);
#6517 = DIRECTION('',(-1.,0.,-0.));
#6518 = ORIENTED_EDGE('',*,*,#6519,.T.);
#6519 = EDGE_CURVE('',#6512,#6503,#6520,.T.);
#6520 = LINE('',#6521,#6522);
#6521 = CARTESIAN_POINT('',(-1.6,-1.189491193792,-0.7));
#6522 = VECTOR('',#6523,1.);
#6523 = DIRECTION('',(0.,-3.491481338843E-15,-1.));
#6524 = PLANE('',#6525);
#6525 = AXIS2_PLACEMENT_3D('',#6526,#6527,#6528);
#6526 = CARTESIAN_POINT('',(-2.168404344971E-16,-1.189491193792,-0.7));
#6527 = DIRECTION('',(0.,-1.,3.491481338843E-15));
#6528 = DIRECTION('',(-1.,0.,0.));
#6529 = ADVANCED_FACE('',(#6530),#6557,.F.);
#6530 = FACE_BOUND('',#6531,.F.);
#6531 = EDGE_LOOP('',(#6532,#6542,#6549,#6550));
#6532 = ORIENTED_EDGE('',*,*,#6533,.F.);
#6533 = EDGE_CURVE('',#6534,#6536,#6538,.T.);
#6534 = VERTEX_POINT('',#6535);
#6535 = CARTESIAN_POINT('',(-1.75,-1.339491193792,-0.7));
#6536 = VERTEX_POINT('',#6537);
#6537 = CARTESIAN_POINT('',(-1.75,-1.339491193792,-0.85));
#6538 = LINE('',#6539,#6540);
#6539 = CARTESIAN_POINT('',(-1.75,-1.339491193792,-0.7));
#6540 = VECTOR('',#6541,1.);
#6541 = DIRECTION('',(0.,-3.491481338843E-15,-1.));
#6542 = ORIENTED_EDGE('',*,*,#6543,.F.);
#6543 = EDGE_CURVE('',#6512,#6534,#6544,.T.);
#6544 = CIRCLE('',#6545,0.15);
#6545 = AXIS2_PLACEMENT_3D('',#6546,#6547,#6548);
#6546 = CARTESIAN_POINT('',(-1.6,-1.339491193792,-0.7));
#6547 = DIRECTION('',(0.,3.491481338843E-15,1.));
#6548 = DIRECTION('',(0.,1.,-3.491481338843E-15));
#6549 = ORIENTED_EDGE('',*,*,#6519,.T.);
#6550 = ORIENTED_EDGE('',*,*,#6551,.T.);
#6551 = EDGE_CURVE('',#6503,#6536,#6552,.T.);
#6552 = CIRCLE('',#6553,0.15);
#6553 = AXIS2_PLACEMENT_3D('',#6554,#6555,#6556);
#6554 = CARTESIAN_POINT('',(-1.6,-1.339491193792,-0.85));
#6555 = DIRECTION('',(0.,3.491481338843E-15,1.));
#6556 = DIRECTION('',(0.,1.,-3.491481338843E-15));
#6557 = CYLINDRICAL_SURFACE('',#6558,0.15);
#6558 = AXIS2_PLACEMENT_3D('',#6559,#6560,#6561);
#6559 = CARTESIAN_POINT('',(-1.6,-1.339491193792,-0.7));
#6560 = DIRECTION('',(0.,-3.491481338843E-15,-1.));
#6561 = DIRECTION('',(0.,1.,-3.491481338843E-15));
#6562 = ADVANCED_FACE('',(#6563),#6588,.T.);
#6563 = FACE_BOUND('',#6564,.T.);
#6564 = EDGE_LOOP('',(#6565,#6573,#6574,#6582));
#6565 = ORIENTED_EDGE('',*,*,#6566,.F.);
#6566 = EDGE_CURVE('',#6536,#6567,#6569,.T.);
#6567 = VERTEX_POINT('',#6568);
#6568 = CARTESIAN_POINT('',(-1.75,-1.589491193792,-0.85));
#6569 = LINE('',#6570,#6571);
#6570 = CARTESIAN_POINT('',(-1.75,-1.339491193792,-0.85));
#6571 = VECTOR('',#6572,1.);
#6572 = DIRECTION('',(-1.734723475977E-15,-1.,3.491481338843E-15));
#6573 = ORIENTED_EDGE('',*,*,#6533,.F.);
#6574 = ORIENTED_EDGE('',*,*,#6575,.T.);
#6575 = EDGE_CURVE('',#6534,#6576,#6578,.T.);
#6576 = VERTEX_POINT('',#6577);
#6577 = CARTESIAN_POINT('',(-1.75,-1.589491193792,-0.7));
#6578 = LINE('',#6579,#6580);
#6579 = CARTESIAN_POINT('',(-1.75,-1.339491193792,-0.7));
#6580 = VECTOR('',#6581,1.);
#6581 = DIRECTION('',(-1.734723475977E-15,-1.,3.491481338843E-15));
#6582 = ORIENTED_EDGE('',*,*,#6583,.T.);
#6583 = EDGE_CURVE('',#6576,#6567,#6584,.T.);
#6584 = LINE('',#6585,#6586);
#6585 = CARTESIAN_POINT('',(-1.75,-1.589491193792,-0.7));
#6586 = VECTOR('',#6587,1.);
#6587 = DIRECTION('',(0.,-3.491481338843E-15,-1.));
#6588 = PLANE('',#6589);
#6589 = AXIS2_PLACEMENT_3D('',#6590,#6591,#6592);
#6590 = CARTESIAN_POINT('',(-1.75,-1.339491193792,-0.7));
#6591 = DIRECTION('',(1.,-1.734723475977E-15,6.056754644426E-30));
#6592 = DIRECTION('',(-1.734723475977E-15,-1.,3.491481338843E-15));
#6593 = ADVANCED_FACE('',(#6594),#6610,.T.);
#6594 = FACE_BOUND('',#6595,.T.);
#6595 = EDGE_LOOP('',(#6596,#6602,#6603,#6609));
#6596 = ORIENTED_EDGE('',*,*,#6597,.T.);
#6597 = EDGE_CURVE('',#6576,#3894,#6598,.T.);
#6598 = LINE('',#6599,#6600);
#6599 = CARTESIAN_POINT('',(-1.75,-1.589491193792,-0.7));
#6600 = VECTOR('',#6601,1.);
#6601 = DIRECTION('',(-8.715574274766E-02,-0.996194698092,
    3.478195198242E-15));
#6602 = ORIENTED_EDGE('',*,*,#6258,.T.);
#6603 = ORIENTED_EDGE('',*,*,#6604,.F.);
#6604 = EDGE_CURVE('',#6567,#6259,#6605,.T.);
#6605 = LINE('',#6606,#6607);
#6606 = CARTESIAN_POINT('',(-1.75,-1.589491193792,-0.85));
#6607 = VECTOR('',#6608,1.);
#6608 = DIRECTION('',(-8.715574274766E-02,-0.996194698092,
    3.478195198242E-15));
#6609 = ORIENTED_EDGE('',*,*,#6583,.F.);
#6610 = PLANE('',#6611);
#6611 = AXIS2_PLACEMENT_3D('',#6612,#6613,#6614);
#6612 = CARTESIAN_POINT('',(-1.75,-1.589491193792,-0.7));
#6613 = DIRECTION('',(0.996194698092,-8.715574274766E-02,
    3.043026493765E-16));
#6614 = DIRECTION('',(-8.715574274766E-02,-0.996194698092,
    3.478195198242E-15));
#6615 = ADVANCED_FACE('',(#6616),#6622,.F.);
#6616 = FACE_BOUND('',#6617,.F.);
#6617 = EDGE_LOOP('',(#6618,#6619,#6620,#6621));
#6618 = ORIENTED_EDGE('',*,*,#6248,.F.);
#6619 = ORIENTED_EDGE('',*,*,#6231,.F.);
#6620 = ORIENTED_EDGE('',*,*,#6303,.F.);
#6621 = ORIENTED_EDGE('',*,*,#3912,.T.);
#6622 = CYLINDRICAL_SURFACE('',#6623,0.2);
#6623 = AXIS2_PLACEMENT_3D('',#6624,#6625,#6626);
#6624 = CARTESIAN_POINT('',(-3.577043357832,-2.089491193792,-0.5));
#6625 = DIRECTION('',(1.,0.,0.));
#6626 = DIRECTION('',(0.,-1.,3.252606517457E-15));
#6627 = ADVANCED_FACE('',(#6628),#6653,.T.);
#6628 = FACE_BOUND('',#6629,.T.);
#6629 = EDGE_LOOP('',(#6630,#6638,#6639,#6647));
#6630 = ORIENTED_EDGE('',*,*,#6631,.F.);
#6631 = EDGE_CURVE('',#6315,#6632,#6634,.T.);
#6632 = VERTEX_POINT('',#6633);
#6633 = CARTESIAN_POINT('',(-2.8,-1.589491193792,-0.85));
#6634 = LINE('',#6635,#6636);
#6635 = CARTESIAN_POINT('',(-2.8,-1.589491193792,-0.85));
#6636 = VECTOR('',#6637,1.);
#6637 = DIRECTION('',(-8.715574274766E-02,0.996194698092,
    -3.478195198242E-15));
#6638 = ORIENTED_EDGE('',*,*,#6325,.T.);
#6639 = ORIENTED_EDGE('',*,*,#6640,.T.);
#6640 = EDGE_CURVE('',#3892,#6641,#6643,.T.);
#6641 = VERTEX_POINT('',#6642);
#6642 = CARTESIAN_POINT('',(-2.8,-1.589491193792,-0.7));
#6643 = LINE('',#6644,#6645);
#6644 = CARTESIAN_POINT('',(-2.8,-1.589491193792,-0.7));
#6645 = VECTOR('',#6646,1.);
#6646 = DIRECTION('',(-8.715574274766E-02,0.996194698092,
    -3.478195198242E-15));
#6647 = ORIENTED_EDGE('',*,*,#6648,.T.);
#6648 = EDGE_CURVE('',#6641,#6632,#6649,.T.);
#6649 = LINE('',#6650,#6651);
#6650 = CARTESIAN_POINT('',(-2.8,-1.589491193792,-0.7));
#6651 = VECTOR('',#6652,1.);
#6652 = DIRECTION('',(0.,-3.491481338843E-15,-1.));
#6653 = PLANE('',#6654);
#6654 = AXIS2_PLACEMENT_3D('',#6655,#6656,#6657);
#6655 = CARTESIAN_POINT('',(-2.8,-1.589491193792,-0.7));
#6656 = DIRECTION('',(-0.996194698092,-8.715574274766E-02,
    3.043026493765E-16));
#6657 = DIRECTION('',(-8.715574274766E-02,0.996194698092,
    -3.478195198242E-15));
#6658 = ADVANCED_FACE('',(#6659),#6684,.T.);
#6659 = FACE_BOUND('',#6660,.T.);
#6660 = EDGE_LOOP('',(#6661,#6669,#6670,#6678));
#6661 = ORIENTED_EDGE('',*,*,#6662,.F.);
#6662 = EDGE_CURVE('',#6632,#6663,#6665,.T.);
#6663 = VERTEX_POINT('',#6664);
#6664 = CARTESIAN_POINT('',(-2.8,-0.589491193792,-0.85));
#6665 = LINE('',#6666,#6667);
#6666 = CARTESIAN_POINT('',(-2.8,-0.589491193792,-0.85));
#6667 = VECTOR('',#6668,1.);
#6668 = DIRECTION('',(0.,1.,-3.491481338843E-15));
#6669 = ORIENTED_EDGE('',*,*,#6648,.F.);
#6670 = ORIENTED_EDGE('',*,*,#6671,.T.);
#6671 = EDGE_CURVE('',#6641,#6672,#6674,.T.);
#6672 = VERTEX_POINT('',#6673);
#6673 = CARTESIAN_POINT('',(-2.8,-0.589491193792,-0.7));
#6674 = LINE('',#6675,#6676);
#6675 = CARTESIAN_POINT('',(-2.8,-0.589491193792,-0.7));
#6676 = VECTOR('',#6677,1.);
#6677 = DIRECTION('',(0.,1.,-3.491481338843E-15));
#6678 = ORIENTED_EDGE('',*,*,#6679,.T.);
#6679 = EDGE_CURVE('',#6672,#6663,#6680,.T.);
#6680 = LINE('',#6681,#6682);
#6681 = CARTESIAN_POINT('',(-2.8,-0.589491193792,-0.7));
#6682 = VECTOR('',#6683,1.);
#6683 = DIRECTION('',(0.,-3.491481338843E-15,-1.));
#6684 = PLANE('',#6685);
#6685 = AXIS2_PLACEMENT_3D('',#6686,#6687,#6688);
#6686 = CARTESIAN_POINT('',(-2.8,-0.589491193792,-0.7));
#6687 = DIRECTION('',(-1.,0.,-0.));
#6688 = DIRECTION('',(0.,1.,-3.491481338843E-15));
#6689 = ADVANCED_FACE('',(#6690),#6718,.T.);
#6690 = FACE_BOUND('',#6691,.T.);
#6691 = EDGE_LOOP('',(#6692,#6699,#6700,#6707,#6708,#6709,#6710,#6711,
    #6712,#6713,#6714,#6715,#6716,#6717));
#6692 = ORIENTED_EDGE('',*,*,#6693,.F.);
#6693 = EDGE_CURVE('',#5491,#6400,#6694,.T.);
#6694 = CIRCLE('',#6695,0.2);
#6695 = AXIS2_PLACEMENT_3D('',#6696,#6697,#6698);
#6696 = CARTESIAN_POINT('',(1.55,-0.539491193792,-0.7));
#6697 = DIRECTION('',(0.,-3.491481338843E-15,-1.));
#6698 = DIRECTION('',(0.,1.,-3.491481338843E-15));
#6699 = ORIENTED_EDGE('',*,*,#5879,.T.);
#6700 = ORIENTED_EDGE('',*,*,#6701,.F.);
#6701 = EDGE_CURVE('',#6672,#5833,#6702,.T.);
#6702 = CIRCLE('',#6703,0.2);
#6703 = AXIS2_PLACEMENT_3D('',#6704,#6705,#6706);
#6704 = CARTESIAN_POINT('',(-2.6,-0.589491193792,-0.7));
#6705 = DIRECTION('',(0.,-3.491481338843E-15,-1.));
#6706 = DIRECTION('',(0.,-1.,3.491481338843E-15));
#6707 = ORIENTED_EDGE('',*,*,#6671,.F.);
#6708 = ORIENTED_EDGE('',*,*,#6640,.F.);
#6709 = ORIENTED_EDGE('',*,*,#3891,.T.);
#6710 = ORIENTED_EDGE('',*,*,#6597,.F.);
#6711 = ORIENTED_EDGE('',*,*,#6575,.F.);
#6712 = ORIENTED_EDGE('',*,*,#6543,.F.);
#6713 = ORIENTED_EDGE('',*,*,#6511,.F.);
#6714 = ORIENTED_EDGE('',*,*,#6479,.F.);
#6715 = ORIENTED_EDGE('',*,*,#6439,.F.);
#6716 = ORIENTED_EDGE('',*,*,#6424,.F.);
#6717 = ORIENTED_EDGE('',*,*,#6407,.F.);
#6718 = PLANE('',#6719);
#6719 = AXIS2_PLACEMENT_3D('',#6720,#6721,#6722);
#6720 = CARTESIAN_POINT('',(0.1,-3.949119379166E-02,-0.7));
#6721 = DIRECTION('',(0.,3.491481338843E-15,1.));
#6722 = DIRECTION('',(0.,-1.,3.491481338843E-15));
#6723 = ADVANCED_FACE('',(#6724),#6736,.T.);
#6724 = FACE_BOUND('',#6725,.T.);
#6725 = EDGE_LOOP('',(#6726,#6727,#6728,#6735));
#6726 = ORIENTED_EDGE('',*,*,#6701,.T.);
#6727 = ORIENTED_EDGE('',*,*,#5841,.T.);
#6728 = ORIENTED_EDGE('',*,*,#6729,.F.);
#6729 = EDGE_CURVE('',#6663,#5842,#6730,.T.);
#6730 = CIRCLE('',#6731,0.2);
#6731 = AXIS2_PLACEMENT_3D('',#6732,#6733,#6734);
#6732 = CARTESIAN_POINT('',(-2.6,-0.589491193792,-0.85));
#6733 = DIRECTION('',(0.,-3.491481338843E-15,-1.));
#6734 = DIRECTION('',(0.,-1.,3.491481338843E-15));
#6735 = ORIENTED_EDGE('',*,*,#6679,.F.);
#6736 = CYLINDRICAL_SURFACE('',#6737,0.2);
#6737 = AXIS2_PLACEMENT_3D('',#6738,#6739,#6740);
#6738 = CARTESIAN_POINT('',(-2.6,-0.589491193792,-0.7));
#6739 = DIRECTION('',(0.,-3.491481338843E-15,-1.));
#6740 = DIRECTION('',(0.,1.,-3.491481338843E-15));
#6741 = ADVANCED_FACE('',(#6742),#6764,.F.);
#6742 = FACE_BOUND('',#6743,.T.);
#6743 = EDGE_LOOP('',(#6744,#6745,#6752,#6753,#6754,#6755,#6756,#6757,
    #6758,#6759,#6760,#6761,#6762,#6763));
#6744 = ORIENTED_EDGE('',*,*,#5906,.F.);
#6745 = ORIENTED_EDGE('',*,*,#6746,.T.);
#6746 = EDGE_CURVE('',#5509,#6392,#6747,.T.);
#6747 = CIRCLE('',#6748,0.2);
#6748 = AXIS2_PLACEMENT_3D('',#6749,#6750,#6751);
#6749 = CARTESIAN_POINT('',(1.55,-0.539491193792,-0.85));
#6750 = DIRECTION('',(0.,-3.491481338843E-15,-1.));
#6751 = DIRECTION('',(0.,1.,-3.491481338843E-15));
#6752 = ORIENTED_EDGE('',*,*,#6391,.T.);
#6753 = ORIENTED_EDGE('',*,*,#6373,.T.);
#6754 = ORIENTED_EDGE('',*,*,#6455,.T.);
#6755 = ORIENTED_EDGE('',*,*,#6487,.T.);
#6756 = ORIENTED_EDGE('',*,*,#6502,.T.);
#6757 = ORIENTED_EDGE('',*,*,#6551,.T.);
#6758 = ORIENTED_EDGE('',*,*,#6566,.T.);
#6759 = ORIENTED_EDGE('',*,*,#6604,.T.);
#6760 = ORIENTED_EDGE('',*,*,#6358,.F.);
#6761 = ORIENTED_EDGE('',*,*,#6631,.T.);
#6762 = ORIENTED_EDGE('',*,*,#6662,.T.);
#6763 = ORIENTED_EDGE('',*,*,#6729,.T.);
#6764 = PLANE('',#6765);
#6765 = AXIS2_PLACEMENT_3D('',#6766,#6767,#6768);
#6766 = CARTESIAN_POINT('',(0.1,-3.949119379166E-02,-0.85));
#6767 = DIRECTION('',(0.,3.491481338843E-15,1.));
#6768 = DIRECTION('',(0.,-1.,3.491481338843E-15));
#6769 = ADVANCED_FACE('',(#6770),#6776,.T.);
#6770 = FACE_BOUND('',#6771,.T.);
#6771 = EDGE_LOOP('',(#6772,#6773,#6774,#6775));
#6772 = ORIENTED_EDGE('',*,*,#6746,.F.);
#6773 = ORIENTED_EDGE('',*,*,#5517,.T.);
#6774 = ORIENTED_EDGE('',*,*,#6693,.T.);
#6775 = ORIENTED_EDGE('',*,*,#6399,.T.);
#6776 = CYLINDRICAL_SURFACE('',#6777,0.2);
#6777 = AXIS2_PLACEMENT_3D('',#6778,#6779,#6780);
#6778 = CARTESIAN_POINT('',(1.55,-0.539491193792,-0.7));
#6779 = DIRECTION('',(0.,-3.491481338843E-15,-1.));
#6780 = DIRECTION('',(0.,1.,-3.491481338843E-15));
#6781 = ( GEOMETRIC_REPRESENTATION_CONTEXT(3) 
GLOBAL_UNCERTAINTY_ASSIGNED_CONTEXT((#6785)) 
GLOBAL_UNIT_ASSIGNED_CONTEXT((#6782,#6783,#6784)) REPRESENTATION_CONTEXT
('Context #1','3D Context with UNIT and UNCERTAINTY') );
#6782 = ( LENGTH_UNIT() NAMED_UNIT(*) SI_UNIT(.MILLI.,.METRE.) );
#6783 = ( NAMED_UNIT(*) PLANE_ANGLE_UNIT() SI_UNIT($,.RADIAN.) );
#6784 = ( NAMED_UNIT(*) SI_UNIT($,.STERADIAN.) SOLID_ANGLE_UNIT() );
#6785 = UNCERTAINTY_MEASURE_WITH_UNIT(LENGTH_MEASURE(5.E-05),#6782,
  'distance_accuracy_value','confusion accuracy');
#6786 = CONTEXT_DEPENDENT_SHAPE_REPRESENTATION(#6787,#6789);
#6787 = ( REPRESENTATION_RELATIONSHIP('','',#3884,#10) 
REPRESENTATION_RELATIONSHIP_WITH_TRANSFORMATION(#6788) 
SHAPE_REPRESENTATION_RELATIONSHIP() );
#6788 = ITEM_DEFINED_TRANSFORMATION('','',#11,#19);
#6789 = PRODUCT_DEFINITION_SHAPE('Placement','Placement of an item',
  #6790);
#6790 = NEXT_ASSEMBLY_USAGE_OCCURRENCE('2','pin002','',#5,#3879,$);
#6791 = PRODUCT_RELATED_PRODUCT_CATEGORY('part',$,(#3881));
#6792 = SHAPE_DEFINITION_REPRESENTATION(#6793,#6799);
#6793 = PRODUCT_DEFINITION_SHAPE('','',#6794);
#6794 = PRODUCT_DEFINITION('design','',#6795,#6798);
#6795 = PRODUCT_DEFINITION_FORMATION('','',#6796);
#6796 = PRODUCT('pin003','pin003','',(#6797));
#6797 = PRODUCT_CONTEXT('',#2,'mechanical');
#6798 = PRODUCT_DEFINITION_CONTEXT('part definition',#2,'design');
#6799 = ADVANCED_BREP_SHAPE_REPRESENTATION('',(#11,#6800),#9696);
#6800 = MANIFOLD_SOLID_BREP('',#6801);
#6801 = CLOSED_SHELL('',(#6802,#6848,#6894,#6940,#6986,#7026,#7057,#7088
    ,#7110,#7156,#7200,#7232,#7268,#7292,#7325,#7357,#7393,#7427,#7463,
    #7485,#7511,#7537,#7577,#7607,#7637,#7677,#7708,#7739,#7756,#7768,
    #7820,#7837,#7889,#7906,#7939,#7972,#7989,#8006,#8046,#8068,#8080,
    #8111,#8142,#8175,#8206,#8239,#8261,#8278,#8309,#8343,#8361,#8389,
    #8401,#8447,#8479,#8515,#8549,#8585,#8616,#8640,#8674,#8710,#8742,
    #8780,#8806,#8832,#8872,#8903,#8934,#8974,#9002,#9030,#9042,#9059,
    #9092,#9109,#9142,#9159,#9213,#9267,#9284,#9301,#9332,#9349,#9380,
    #9413,#9444,#9477,#9508,#9530,#9542,#9573,#9604,#9638,#9656,#9684));
#6802 = ADVANCED_FACE('',(#6803),#6843,.F.);
#6803 = FACE_BOUND('',#6804,.F.);
#6804 = EDGE_LOOP('',(#6805,#6815,#6826,#6834));
#6805 = ORIENTED_EDGE('',*,*,#6806,.T.);
#6806 = EDGE_CURVE('',#6807,#6809,#6811,.T.);
#6807 = VERTEX_POINT('',#6808);
#6808 = CARTESIAN_POINT('',(-2.756255668237,-2.089491193792,-0.7));
#6809 = VERTEX_POINT('',#6810);
#6810 = CARTESIAN_POINT('',(-1.793744331763,-2.089491193792,-0.7));
#6811 = LINE('',#6812,#6813);
#6812 = CARTESIAN_POINT('',(0.1,-2.089491193792,-0.7));
#6813 = VECTOR('',#6814,1.);
#6814 = DIRECTION('',(1.,0.,0.));
#6815 = ORIENTED_EDGE('',*,*,#6816,.F.);
#6816 = EDGE_CURVE('',#6817,#6809,#6819,.T.);
#6817 = VERTEX_POINT('',#6818);
#6818 = CARTESIAN_POINT('',(-1.831536721371,-2.289491193792,-0.5));
#6819 = B_SPLINE_CURVE_WITH_KNOTS('',3,(#6820,#6821,#6822,#6823,#6824,
    #6825),.UNSPECIFIED.,.F.,.F.,(4,2,4),(0.5,0.75,1.),.UNSPECIFIED.);
#6820 = CARTESIAN_POINT('',(-1.831536721371,-2.289491193792,-0.5));
#6821 = CARTESIAN_POINT('',(-1.82523798977,-2.289491193792,
    -0.55235987756));
#6822 = CARTESIAN_POINT('',(-1.818939258168,-2.267936574514,
    -0.604397331753));
#6823 = CARTESIAN_POINT('',(-1.806341794966,-2.193888525544,
    -0.678445380722));
#6824 = CARTESIAN_POINT('',(-1.800043063364,-2.141851071351,-0.7));
#6825 = CARTESIAN_POINT('',(-1.793744331763,-2.089491193792,-0.7));
#6826 = ORIENTED_EDGE('',*,*,#6827,.F.);
#6827 = EDGE_CURVE('',#6828,#6817,#6830,.T.);
#6828 = VERTEX_POINT('',#6829);
#6829 = CARTESIAN_POINT('',(-2.718463278629,-2.289491193792,-0.5));
#6830 = LINE('',#6831,#6832);
#6831 = CARTESIAN_POINT('',(-3.577043357832,-2.289491193792,-0.5));
#6832 = VECTOR('',#6833,1.);
#6833 = DIRECTION('',(1.,0.,0.));
#6834 = ORIENTED_EDGE('',*,*,#6835,.F.);
#6835 = EDGE_CURVE('',#6807,#6828,#6836,.T.);
#6836 = B_SPLINE_CURVE_WITH_KNOTS('',3,(#6837,#6838,#6839,#6840,#6841,
    #6842),.UNSPECIFIED.,.F.,.F.,(4,2,4),(0.,0.25,0.5),.UNSPECIFIED.);
#6837 = CARTESIAN_POINT('',(-2.756255668237,-2.089491193792,-0.7));
#6838 = CARTESIAN_POINT('',(-2.749956936636,-2.141851071351,-0.7));
#6839 = CARTESIAN_POINT('',(-2.743658205034,-2.193888525544,
    -0.678445380722));
#6840 = CARTESIAN_POINT('',(-2.731060741832,-2.267936574514,
    -0.604397331753));
#6841 = CARTESIAN_POINT('',(-2.72476201023,-2.289491193792,
    -0.55235987756));
#6842 = CARTESIAN_POINT('',(-2.718463278629,-2.289491193792,-0.5));
#6843 = CYLINDRICAL_SURFACE('',#6844,0.2);
#6844 = AXIS2_PLACEMENT_3D('',#6845,#6846,#6847);
#6845 = CARTESIAN_POINT('',(-3.577043357832,-2.089491193792,-0.5));
#6846 = DIRECTION('',(1.,0.,0.));
#6847 = DIRECTION('',(0.,-1.,3.252606517457E-15));
#6848 = ADVANCED_FACE('',(#6849),#6889,.T.);
#6849 = FACE_BOUND('',#6850,.T.);
#6850 = EDGE_LOOP('',(#6851,#6864,#6872,#6883));
#6851 = ORIENTED_EDGE('',*,*,#6852,.F.);
#6852 = EDGE_CURVE('',#6853,#6855,#6857,.T.);
#6853 = VERTEX_POINT('',#6854);
#6854 = CARTESIAN_POINT('',(-2.718463278629,-2.439491193792,-0.5));
#6855 = VERTEX_POINT('',#6856);
#6856 = CARTESIAN_POINT('',(-2.680670889021,-2.089491193792,-0.15));
#6857 = B_SPLINE_CURVE_WITH_KNOTS('',3,(#6858,#6859,#6860,#6861,#6862,
    #6863),.UNSPECIFIED.,.F.,.F.,(4,2,4),(0.5,0.75,1.),.UNSPECIFIED.);
#6858 = CARTESIAN_POINT('',(-2.718463278629,-2.439491193792,-0.5));
#6859 = CARTESIAN_POINT('',(-2.712164547027,-2.439491193791,
    -0.40837021427));
#6860 = CARTESIAN_POINT('',(-2.705865815426,-2.401770610055,
    -0.317304669433));
#6861 = CARTESIAN_POINT('',(-2.693268352223,-2.272186524359,
    -0.187720583737));
#6862 = CARTESIAN_POINT('',(-2.686987228922,-2.181377133443,-0.15));
#6863 = CARTESIAN_POINT('',(-2.680670889021,-2.089491193792,-0.15));
#6864 = ORIENTED_EDGE('',*,*,#6865,.T.);
#6865 = EDGE_CURVE('',#6853,#6866,#6868,.T.);
#6866 = VERTEX_POINT('',#6867);
#6867 = CARTESIAN_POINT('',(-1.831536721371,-2.439491193792,-0.5));
#6868 = LINE('',#6869,#6870);
#6869 = CARTESIAN_POINT('',(-3.577043357832,-2.439491193792,-0.5));
#6870 = VECTOR('',#6871,1.);
#6871 = DIRECTION('',(1.,0.,0.));
#6872 = ORIENTED_EDGE('',*,*,#6873,.F.);
#6873 = EDGE_CURVE('',#6874,#6866,#6876,.T.);
#6874 = VERTEX_POINT('',#6875);
#6875 = CARTESIAN_POINT('',(-1.869329110979,-2.089491193792,-0.15));
#6876 = B_SPLINE_CURVE_WITH_KNOTS('',3,(#6877,#6878,#6879,#6880,#6881,
    #6882),.UNSPECIFIED.,.F.,.F.,(4,2,4),(0.,0.25,0.5),.UNSPECIFIED.);
#6877 = CARTESIAN_POINT('',(-1.869329110979,-2.089491193792,-0.15));
#6878 = CARTESIAN_POINT('',(-1.863012771078,-2.181377133443,-0.15));
#6879 = CARTESIAN_POINT('',(-1.856731647777,-2.272186524359,
    -0.187720583737));
#6880 = CARTESIAN_POINT('',(-1.844134184574,-2.401770610055,
    -0.317304669433));
#6881 = CARTESIAN_POINT('',(-1.837835452973,-2.439491193792,
    -0.408370214271));
#6882 = CARTESIAN_POINT('',(-1.831536721371,-2.439491193792,-0.5));
#6883 = ORIENTED_EDGE('',*,*,#6884,.F.);
#6884 = EDGE_CURVE('',#6855,#6874,#6885,.T.);
#6885 = LINE('',#6886,#6887);
#6886 = CARTESIAN_POINT('',(0.1,-2.089491193792,-0.15));
#6887 = VECTOR('',#6888,1.);
#6888 = DIRECTION('',(1.,0.,0.));
#6889 = CYLINDRICAL_SURFACE('',#6890,0.35);
#6890 = AXIS2_PLACEMENT_3D('',#6891,#6892,#6893);
#6891 = CARTESIAN_POINT('',(-3.577043357832,-2.089491193792,-0.5));
#6892 = DIRECTION('',(1.,0.,0.));
#6893 = DIRECTION('',(0.,-1.,3.407492542097E-15));
#6894 = ADVANCED_FACE('',(#6895),#6935,.F.);
#6895 = FACE_BOUND('',#6896,.F.);
#6896 = EDGE_LOOP('',(#6897,#6907,#6918,#6926));
#6897 = ORIENTED_EDGE('',*,*,#6898,.F.);
#6898 = EDGE_CURVE('',#6899,#6901,#6903,.T.);
#6899 = VERTEX_POINT('',#6900);
#6900 = CARTESIAN_POINT('',(-2.756255668237,-2.089491193792,0.7));
#6901 = VERTEX_POINT('',#6902);
#6902 = CARTESIAN_POINT('',(-1.793744331763,-2.089491193792,0.7));
#6903 = LINE('',#6904,#6905);
#6904 = CARTESIAN_POINT('',(0.1,-2.089491193792,0.7));
#6905 = VECTOR('',#6906,1.);
#6906 = DIRECTION('',(1.,0.,0.));
#6907 = ORIENTED_EDGE('',*,*,#6908,.F.);
#6908 = EDGE_CURVE('',#6909,#6899,#6911,.T.);
#6909 = VERTEX_POINT('',#6910);
#6910 = CARTESIAN_POINT('',(-2.718463278629,-2.289491193792,0.5));
#6911 = B_SPLINE_CURVE_WITH_KNOTS('',3,(#6912,#6913,#6914,#6915,#6916,
    #6917),.UNSPECIFIED.,.F.,.F.,(4,2,4),(0.5,0.75,1.),.UNSPECIFIED.);
#6912 = CARTESIAN_POINT('',(-2.718463278629,-2.289491193792,0.5));
#6913 = CARTESIAN_POINT('',(-2.72476201023,-2.289491193792,0.55235987756
    ));
#6914 = CARTESIAN_POINT('',(-2.731060741832,-2.267936574514,
    0.604397331753));
#6915 = CARTESIAN_POINT('',(-2.743658205034,-2.193888525544,
    0.678445380722));
#6916 = CARTESIAN_POINT('',(-2.749956936636,-2.141851071351,0.7));
#6917 = CARTESIAN_POINT('',(-2.756255668237,-2.089491193792,0.7));
#6918 = ORIENTED_EDGE('',*,*,#6919,.F.);
#6919 = EDGE_CURVE('',#6920,#6909,#6922,.T.);
#6920 = VERTEX_POINT('',#6921);
#6921 = CARTESIAN_POINT('',(-1.831536721371,-2.289491193792,0.5));
#6922 = LINE('',#6923,#6924);
#6923 = CARTESIAN_POINT('',(-0.972956642168,-2.289491193792,0.5));
#6924 = VECTOR('',#6925,1.);
#6925 = DIRECTION('',(-1.,0.,0.));
#6926 = ORIENTED_EDGE('',*,*,#6927,.F.);
#6927 = EDGE_CURVE('',#6901,#6920,#6928,.T.);
#6928 = B_SPLINE_CURVE_WITH_KNOTS('',3,(#6929,#6930,#6931,#6932,#6933,
    #6934),.UNSPECIFIED.,.F.,.F.,(4,2,4),(0.,0.25,0.5),.UNSPECIFIED.);
#6929 = CARTESIAN_POINT('',(-1.793744331763,-2.089491193792,0.7));
#6930 = CARTESIAN_POINT('',(-1.800043063364,-2.141851071351,0.7));
#6931 = CARTESIAN_POINT('',(-1.806341794966,-2.193888525544,
    0.678445380722));
#6932 = CARTESIAN_POINT('',(-1.818939258168,-2.267936574514,
    0.604397331753));
#6933 = CARTESIAN_POINT('',(-1.82523798977,-2.289491193792,0.55235987756
    ));
#6934 = CARTESIAN_POINT('',(-1.831536721371,-2.289491193792,0.5));
#6935 = CYLINDRICAL_SURFACE('',#6936,0.2);
#6936 = AXIS2_PLACEMENT_3D('',#6937,#6938,#6939);
#6937 = CARTESIAN_POINT('',(-0.972956642168,-2.089491193792,0.5));
#6938 = DIRECTION('',(-1.,0.,0.));
#6939 = DIRECTION('',(-0.,-1.,-3.252606517457E-15));
#6940 = ADVANCED_FACE('',(#6941),#6981,.T.);
#6941 = FACE_BOUND('',#6942,.T.);
#6942 = EDGE_LOOP('',(#6943,#6956,#6964,#6975));
#6943 = ORIENTED_EDGE('',*,*,#6944,.F.);
#6944 = EDGE_CURVE('',#6945,#6947,#6949,.T.);
#6945 = VERTEX_POINT('',#6946);
#6946 = CARTESIAN_POINT('',(-1.831536721371,-2.439491193792,0.5));
#6947 = VERTEX_POINT('',#6948);
#6948 = CARTESIAN_POINT('',(-1.869329110979,-2.089491193792,0.15));
#6949 = B_SPLINE_CURVE_WITH_KNOTS('',3,(#6950,#6951,#6952,#6953,#6954,
    #6955),.UNSPECIFIED.,.F.,.F.,(4,2,4),(0.5,0.75,1.),.UNSPECIFIED.);
#6950 = CARTESIAN_POINT('',(-1.831536721371,-2.439491193792,0.5));
#6951 = CARTESIAN_POINT('',(-1.837835452973,-2.439491193791,
    0.40837021427));
#6952 = CARTESIAN_POINT('',(-1.844134184574,-2.401770610055,
    0.317304669433));
#6953 = CARTESIAN_POINT('',(-1.856731647777,-2.272186524359,
    0.187720583737));
#6954 = CARTESIAN_POINT('',(-1.863012771078,-2.181377133443,0.15));
#6955 = CARTESIAN_POINT('',(-1.869329110979,-2.089491193792,0.15));
#6956 = ORIENTED_EDGE('',*,*,#6957,.T.);
#6957 = EDGE_CURVE('',#6945,#6958,#6960,.T.);
#6958 = VERTEX_POINT('',#6959);
#6959 = CARTESIAN_POINT('',(-2.718463278629,-2.439491193792,0.5));
#6960 = LINE('',#6961,#6962);
#6961 = CARTESIAN_POINT('',(-0.972956642168,-2.439491193792,0.5));
#6962 = VECTOR('',#6963,1.);
#6963 = DIRECTION('',(-1.,0.,0.));
#6964 = ORIENTED_EDGE('',*,*,#6965,.F.);
#6965 = EDGE_CURVE('',#6966,#6958,#6968,.T.);
#6966 = VERTEX_POINT('',#6967);
#6967 = CARTESIAN_POINT('',(-2.680670889021,-2.089491193792,0.15));
#6968 = B_SPLINE_CURVE_WITH_KNOTS('',3,(#6969,#6970,#6971,#6972,#6973,
    #6974),.UNSPECIFIED.,.F.,.F.,(4,2,4),(0.,0.25,0.5),.UNSPECIFIED.);
#6969 = CARTESIAN_POINT('',(-2.680670889021,-2.089491193792,0.15));
#6970 = CARTESIAN_POINT('',(-2.686987228922,-2.181377133443,0.15));
#6971 = CARTESIAN_POINT('',(-2.693268352223,-2.272186524359,
    0.187720583737));
#6972 = CARTESIAN_POINT('',(-2.705865815426,-2.401770610055,
    0.317304669433));
#6973 = CARTESIAN_POINT('',(-2.712164547027,-2.439491193791,
    0.40837021427));
#6974 = CARTESIAN_POINT('',(-2.718463278629,-2.439491193792,0.5));
#6975 = ORIENTED_EDGE('',*,*,#6976,.T.);
#6976 = EDGE_CURVE('',#6966,#6947,#6977,.T.);
#6977 = LINE('',#6978,#6979);
#6978 = CARTESIAN_POINT('',(0.1,-2.089491193792,0.15));
#6979 = VECTOR('',#6980,1.);
#6980 = DIRECTION('',(1.,0.,0.));
#6981 = CYLINDRICAL_SURFACE('',#6982,0.35);
#6982 = AXIS2_PLACEMENT_3D('',#6983,#6984,#6985);
#6983 = CARTESIAN_POINT('',(-0.972956642168,-2.089491193792,0.5));
#6984 = DIRECTION('',(-1.,0.,0.));
#6985 = DIRECTION('',(-0.,-1.,-3.407492542097E-15));
#6986 = ADVANCED_FACE('',(#6987),#7021,.F.);
#6987 = FACE_BOUND('',#6988,.T.);
#6988 = EDGE_LOOP('',(#6989,#6999,#7007,#7015));
#6989 = ORIENTED_EDGE('',*,*,#6990,.T.);
#6990 = EDGE_CURVE('',#6991,#6993,#6995,.T.);
#6991 = VERTEX_POINT('',#6992);
#6992 = CARTESIAN_POINT('',(0.3,0.,0.45));
#6993 = VERTEX_POINT('',#6994);
#6994 = CARTESIAN_POINT('',(0.3,-2.22044604925E-16,-0.45));
#6995 = LINE('',#6996,#6997);
#6996 = CARTESIAN_POINT('',(0.3,0.,0.5));
#6997 = VECTOR('',#6998,1.);
#6998 = DIRECTION('',(0.,0.,-1.));
#6999 = ORIENTED_EDGE('',*,*,#7000,.T.);
#7000 = EDGE_CURVE('',#6993,#7001,#7003,.T.);
#7001 = VERTEX_POINT('',#7002);
#7002 = CARTESIAN_POINT('',(-1.6,-2.22044604925E-16,-0.45));
#7003 = LINE('',#7004,#7005);
#7004 = CARTESIAN_POINT('',(0.1,0.,-0.45));
#7005 = VECTOR('',#7006,1.);
#7006 = DIRECTION('',(-1.,0.,0.));
#7007 = ORIENTED_EDGE('',*,*,#7008,.T.);
#7008 = EDGE_CURVE('',#7001,#7009,#7011,.T.);
#7009 = VERTEX_POINT('',#7010);
#7010 = CARTESIAN_POINT('',(-1.6,-2.22044604925E-16,0.45));
#7011 = LINE('',#7012,#7013);
#7012 = CARTESIAN_POINT('',(-1.6,0.,0.6));
#7013 = VECTOR('',#7014,1.);
#7014 = DIRECTION('',(-2.168404344971E-15,0.,1.));
#7015 = ORIENTED_EDGE('',*,*,#7016,.F.);
#7016 = EDGE_CURVE('',#6991,#7009,#7017,.T.);
#7017 = LINE('',#7018,#7019);
#7018 = CARTESIAN_POINT('',(0.1,0.,0.45));
#7019 = VECTOR('',#7020,1.);
#7020 = DIRECTION('',(-1.,0.,0.));
#7021 = PLANE('',#7022);
#7022 = AXIS2_PLACEMENT_3D('',#7023,#7024,#7025);
#7023 = CARTESIAN_POINT('',(0.1,0.,-0.6));
#7024 = DIRECTION('',(0.,-1.,0.));
#7025 = DIRECTION('',(0.,-0.,-1.));
#7026 = ADVANCED_FACE('',(#7027),#7052,.T.);
#7027 = FACE_BOUND('',#7028,.T.);
#7028 = EDGE_LOOP('',(#7029,#7037,#7045,#7051));
#7029 = ORIENTED_EDGE('',*,*,#7030,.F.);
#7030 = EDGE_CURVE('',#7031,#7001,#7033,.T.);
#7031 = VERTEX_POINT('',#7032);
#7032 = CARTESIAN_POINT('',(-1.6,-0.15,-0.45));
#7033 = LINE('',#7034,#7035);
#7034 = CARTESIAN_POINT('',(-1.6,-0.15,-0.45));
#7035 = VECTOR('',#7036,1.);
#7036 = DIRECTION('',(1.327764720163E-31,1.,-6.123233995737E-17));
#7037 = ORIENTED_EDGE('',*,*,#7038,.T.);
#7038 = EDGE_CURVE('',#7031,#7039,#7041,.T.);
#7039 = VERTEX_POINT('',#7040);
#7040 = CARTESIAN_POINT('',(-1.6,-0.15,0.45));
#7041 = LINE('',#7042,#7043);
#7042 = CARTESIAN_POINT('',(-1.6,-0.15,-0.6));
#7043 = VECTOR('',#7044,1.);
#7044 = DIRECTION('',(2.168404344971E-15,-0.,1.));
#7045 = ORIENTED_EDGE('',*,*,#7046,.T.);
#7046 = EDGE_CURVE('',#7039,#7009,#7047,.T.);
#7047 = LINE('',#7048,#7049);
#7048 = CARTESIAN_POINT('',(-1.6,-0.15,0.45));
#7049 = VECTOR('',#7050,1.);
#7050 = DIRECTION('',(1.327764720163E-31,1.,-6.123233995737E-17));
#7051 = ORIENTED_EDGE('',*,*,#7008,.F.);
#7052 = PLANE('',#7053);
#7053 = AXIS2_PLACEMENT_3D('',#7054,#7055,#7056);
#7054 = CARTESIAN_POINT('',(-1.6,-0.15,0.6));
#7055 = DIRECTION('',(-1.,0.,-2.168404344971E-15));
#7056 = DIRECTION('',(-2.168404344971E-15,0.,1.));
#7057 = ADVANCED_FACE('',(#7058),#7083,.T.);
#7058 = FACE_BOUND('',#7059,.T.);
#7059 = EDGE_LOOP('',(#7060,#7068,#7069,#7077));
#7060 = ORIENTED_EDGE('',*,*,#7061,.F.);
#7061 = EDGE_CURVE('',#6993,#7062,#7064,.T.);
#7062 = VERTEX_POINT('',#7063);
#7063 = CARTESIAN_POINT('',(0.3,-0.15,-0.45));
#7064 = LINE('',#7065,#7066);
#7065 = CARTESIAN_POINT('',(0.3,-0.15,-0.45));
#7066 = VECTOR('',#7067,1.);
#7067 = DIRECTION('',(-0.,-1.,6.123233995737E-17));
#7068 = ORIENTED_EDGE('',*,*,#6990,.F.);
#7069 = ORIENTED_EDGE('',*,*,#7070,.T.);
#7070 = EDGE_CURVE('',#6991,#7071,#7073,.T.);
#7071 = VERTEX_POINT('',#7072);
#7072 = CARTESIAN_POINT('',(0.3,-0.15,0.45));
#7073 = LINE('',#7074,#7075);
#7074 = CARTESIAN_POINT('',(0.3,-0.15,0.45));
#7075 = VECTOR('',#7076,1.);
#7076 = DIRECTION('',(-0.,-1.,6.123233995737E-17));
#7077 = ORIENTED_EDGE('',*,*,#7078,.T.);
#7078 = EDGE_CURVE('',#7071,#7062,#7079,.T.);
#7079 = LINE('',#7080,#7081);
#7080 = CARTESIAN_POINT('',(0.3,-0.15,0.5));
#7081 = VECTOR('',#7082,1.);
#7082 = DIRECTION('',(0.,0.,-1.));
#7083 = PLANE('',#7084);
#7084 = AXIS2_PLACEMENT_3D('',#7085,#7086,#7087);
#7085 = CARTESIAN_POINT('',(0.3,-0.15,0.5));
#7086 = DIRECTION('',(1.,-0.,0.));
#7087 = DIRECTION('',(0.,0.,-1.));
#7088 = ADVANCED_FACE('',(#7089),#7105,.T.);
#7089 = FACE_BOUND('',#7090,.T.);
#7090 = EDGE_LOOP('',(#7091,#7097,#7098,#7104));
#7091 = ORIENTED_EDGE('',*,*,#7092,.F.);
#7092 = EDGE_CURVE('',#7062,#7031,#7093,.T.);
#7093 = LINE('',#7094,#7095);
#7094 = CARTESIAN_POINT('',(0.1,-0.15,-0.45));
#7095 = VECTOR('',#7096,1.);
#7096 = DIRECTION('',(-1.,0.,0.));
#7097 = ORIENTED_EDGE('',*,*,#7078,.F.);
#7098 = ORIENTED_EDGE('',*,*,#7099,.T.);
#7099 = EDGE_CURVE('',#7071,#7039,#7100,.T.);
#7100 = LINE('',#7101,#7102);
#7101 = CARTESIAN_POINT('',(0.1,-0.15,0.45));
#7102 = VECTOR('',#7103,1.);
#7103 = DIRECTION('',(-1.,0.,0.));
#7104 = ORIENTED_EDGE('',*,*,#7038,.F.);
#7105 = PLANE('',#7106);
#7106 = AXIS2_PLACEMENT_3D('',#7107,#7108,#7109);
#7107 = CARTESIAN_POINT('',(0.1,-0.15,-0.6));
#7108 = DIRECTION('',(0.,-1.,0.));
#7109 = DIRECTION('',(0.,-0.,-1.));
#7110 = ADVANCED_FACE('',(#7111),#7147,.F.);
#7111 = FACE_BOUND('',#7112,.F.);
#7112 = EDGE_LOOP('',(#7113,#7124,#7131,#7140));
#7113 = ORIENTED_EDGE('',*,*,#7114,.T.);
#7114 = EDGE_CURVE('',#7115,#7117,#7119,.T.);
#7115 = VERTEX_POINT('',#7116);
#7116 = CARTESIAN_POINT('',(1.55,-0.353723201033,0.695679583762));
#7117 = VERTEX_POINT('',#7118);
#7118 = CARTESIAN_POINT('',(1.693325527575,-0.4,0.7));
#7119 = B_SPLINE_CURVE_WITH_KNOTS('',3,(#7120,#7121,#7122,#7123),
  .UNSPECIFIED.,.F.,.F.,(4,4),(0.,1.),.PIECEWISE_BEZIER_KNOTS.);
#7120 = CARTESIAN_POINT('',(1.55,-0.353723201033,0.695679583762));
#7121 = CARTESIAN_POINT('',(1.597775175858,-0.368970153159,
    0.698551536439));
#7122 = CARTESIAN_POINT('',(1.645550351716,-0.384484921485,0.7));
#7123 = CARTESIAN_POINT('',(1.693325527575,-0.4,0.7));
#7124 = ORIENTED_EDGE('',*,*,#7125,.F.);
#7125 = EDGE_CURVE('',#7126,#7117,#7128,.T.);
#7126 = VERTEX_POINT('',#7127);
#7127 = CARTESIAN_POINT('',(1.693325527575,-0.4,0.85));
#7128 = B_SPLINE_CURVE_WITH_KNOTS('',1,(#7129,#7130),.UNSPECIFIED.,.F.,
  .F.,(2,2),(0.,1.),.PIECEWISE_BEZIER_KNOTS.);
#7129 = CARTESIAN_POINT('',(1.693325527575,-0.4,0.85));
#7130 = CARTESIAN_POINT('',(1.693325527575,-0.4,0.7));
#7131 = ORIENTED_EDGE('',*,*,#7132,.F.);
#7132 = EDGE_CURVE('',#7133,#7126,#7135,.T.);
#7133 = VERTEX_POINT('',#7134);
#7134 = CARTESIAN_POINT('',(1.55,-0.325957121653,0.843087334019));
#7135 = B_SPLINE_CURVE_WITH_KNOTS('',3,(#7136,#7137,#7138,#7139),
  .UNSPECIFIED.,.F.,.F.,(4,4),(0.,1.),.PIECEWISE_BEZIER_KNOTS.);
#7136 = CARTESIAN_POINT('',(1.55,-0.325957121653,0.843087334019));
#7137 = CARTESIAN_POINT('',(1.597775545966,-0.35035243404,0.847682493901
    ));
#7138 = CARTESIAN_POINT('',(1.645549981609,-0.375175682067,0.85));
#7139 = CARTESIAN_POINT('',(1.693325527575,-0.4,0.85));
#7140 = ORIENTED_EDGE('',*,*,#7141,.T.);
#7141 = EDGE_CURVE('',#7133,#7115,#7142,.T.);
#7142 = B_SPLINE_CURVE_WITH_KNOTS('',3,(#7143,#7144,#7145,#7146),
  .UNSPECIFIED.,.F.,.F.,(4,4),(0.,1.),.PIECEWISE_BEZIER_KNOTS.);
#7143 = CARTESIAN_POINT('',(1.55,-0.325957121653,0.843087334019));
#7144 = CARTESIAN_POINT('',(1.55,-0.335212481446,0.793951417266));
#7145 = CARTESIAN_POINT('',(1.55,-0.34446784124,0.744815500514));
#7146 = CARTESIAN_POINT('',(1.55,-0.353723201033,0.695679583762));
#7147 = B_SPLINE_SURFACE_WITH_KNOTS('',1,3,(
    (#7148,#7149,#7150,#7151)
    ,(#7152,#7153,#7154,#7155
    )),.UNSPECIFIED.,.F.,.F.,.F.,(2,2),(4,4),(0.,1.),(0.,1.),
  .PIECEWISE_BEZIER_KNOTS.);
#7148 = CARTESIAN_POINT('',(1.55,-0.325957121653,0.843087334019));
#7149 = CARTESIAN_POINT('',(1.597775545966,-0.35035243404,0.847682493901
    ));
#7150 = CARTESIAN_POINT('',(1.645549981609,-0.375175682067,0.85));
#7151 = CARTESIAN_POINT('',(1.693325527575,-0.4,0.85));
#7152 = CARTESIAN_POINT('',(1.55,-0.353723201033,0.695679583762));
#7153 = CARTESIAN_POINT('',(1.597775342958,-0.368970206487,
    0.698551546484));
#7154 = CARTESIAN_POINT('',(1.645550184617,-0.384484867219,0.7));
#7155 = CARTESIAN_POINT('',(1.693325527575,-0.4,0.7));
#7156 = ADVANCED_FACE('',(#7157),#7191,.F.);
#7157 = FACE_BOUND('',#7158,.F.);
#7158 = EDGE_LOOP('',(#7159,#7170,#7177,#7186));
#7159 = ORIENTED_EDGE('',*,*,#7160,.T.);
#7160 = EDGE_CURVE('',#7161,#7163,#7165,.T.);
#7161 = VERTEX_POINT('',#7162);
#7162 = CARTESIAN_POINT('',(-2.663977241855,-0.4,0.7));
#7163 = VERTEX_POINT('',#7164);
#7164 = CARTESIAN_POINT('',(-2.6,-0.391917711479,0.69986931907));
#7165 = B_SPLINE_CURVE_WITH_KNOTS('',3,(#7166,#7167,#7168,#7169),
  .UNSPECIFIED.,.F.,.F.,(4,4),(0.,1.),.PIECEWISE_BEZIER_KNOTS.);
#7166 = CARTESIAN_POINT('',(-2.663977241855,-0.4,0.7));
#7167 = CARTESIAN_POINT('',(-2.642945968647,-0.395281238138,0.7));
#7168 = CARTESIAN_POINT('',(-2.621620221361,-0.392587730588,
    0.699890991549));
#7169 = CARTESIAN_POINT('',(-2.6,-0.391917711479,0.69986931907));
#7170 = ORIENTED_EDGE('',*,*,#7171,.F.);
#7171 = EDGE_CURVE('',#7172,#7163,#7174,.T.);
#7172 = VERTEX_POINT('',#7173);
#7173 = CARTESIAN_POINT('',(-2.6,-0.387068338367,0.849790910511));
#7174 = B_SPLINE_CURVE_WITH_KNOTS('',1,(#7175,#7176),.UNSPECIFIED.,.F.,
  .F.,(2,2),(0.,1.),.PIECEWISE_BEZIER_KNOTS.);
#7175 = CARTESIAN_POINT('',(-2.6,-0.387068338367,0.849790910511));
#7176 = CARTESIAN_POINT('',(-2.6,-0.391917711479,0.69986931907));
#7177 = ORIENTED_EDGE('',*,*,#7178,.F.);
#7178 = EDGE_CURVE('',#7179,#7172,#7181,.T.);
#7179 = VERTEX_POINT('',#7180);
#7180 = CARTESIAN_POINT('',(-2.663977241855,-0.4,0.85));
#7181 = B_SPLINE_CURVE_WITH_KNOTS('',3,(#7182,#7183,#7184,#7185),
  .UNSPECIFIED.,.F.,.F.,(4,4),(0.,1.),.PIECEWISE_BEZIER_KNOTS.);
#7182 = CARTESIAN_POINT('',(-2.663977241855,-0.4,0.85));
#7183 = CARTESIAN_POINT('',(-2.6429457645,-0.392449907735,0.85));
#7184 = CARTESIAN_POINT('',(-2.621620336388,-0.388140374645,
    0.849825586663));
#7185 = CARTESIAN_POINT('',(-2.6,-0.387068338367,0.849790910511));
#7186 = ORIENTED_EDGE('',*,*,#7187,.F.);
#7187 = EDGE_CURVE('',#7161,#7179,#7188,.T.);
#7188 = B_SPLINE_CURVE_WITH_KNOTS('',1,(#7189,#7190),.UNSPECIFIED.,.F.,
  .F.,(2,2),(0.,1.),.PIECEWISE_BEZIER_KNOTS.);
#7189 = CARTESIAN_POINT('',(-2.663977241855,-0.4,0.7));
#7190 = CARTESIAN_POINT('',(-2.663977241855,-0.4,0.85));
#7191 = B_SPLINE_SURFACE_WITH_KNOTS('',1,3,(
    (#7192,#7193,#7194,#7195)
    ,(#7196,#7197,#7198,#7199
    )),.UNSPECIFIED.,.F.,.F.,.F.,(2,2),(4,4),(0.,1.),(0.,1.),
  .PIECEWISE_BEZIER_KNOTS.);
#7192 = CARTESIAN_POINT('',(-2.663977241855,-0.4,0.85));
#7193 = CARTESIAN_POINT('',(-2.6429457645,-0.392449907735,0.85));
#7194 = CARTESIAN_POINT('',(-2.621620336388,-0.388140374645,
    0.849825586663));
#7195 = CARTESIAN_POINT('',(-2.6,-0.387068338367,0.849790910511));
#7196 = CARTESIAN_POINT('',(-2.663977241855,-0.4,0.7));
#7197 = CARTESIAN_POINT('',(-2.642945877509,-0.39528121769,0.7));
#7198 = CARTESIAN_POINT('',(-2.62162027432,-0.392587732229,
    0.699890991602));
#7199 = CARTESIAN_POINT('',(-2.6,-0.391917711479,0.69986931907));
#7200 = ADVANCED_FACE('',(#7201),#7227,.F.);
#7201 = FACE_BOUND('',#7202,.T.);
#7202 = EDGE_LOOP('',(#7203,#7204,#7212,#7221));
#7203 = ORIENTED_EDGE('',*,*,#7171,.F.);
#7204 = ORIENTED_EDGE('',*,*,#7205,.T.);
#7205 = EDGE_CURVE('',#7172,#7206,#7208,.T.);
#7206 = VERTEX_POINT('',#7207);
#7207 = CARTESIAN_POINT('',(-1.75,-0.387068338367,0.849790910511));
#7208 = LINE('',#7209,#7210);
#7209 = CARTESIAN_POINT('',(3.739670450694,-0.387068338367,
    0.849790910511));
#7210 = VECTOR('',#7211,1.);
#7211 = DIRECTION('',(1.,-0.,-0.));
#7212 = ORIENTED_EDGE('',*,*,#7213,.T.);
#7213 = EDGE_CURVE('',#7206,#7214,#7216,.T.);
#7214 = VERTEX_POINT('',#7215);
#7215 = CARTESIAN_POINT('',(-1.75,-0.391917711479,0.69986931907));
#7216 = B_SPLINE_CURVE_WITH_KNOTS('',3,(#7217,#7218,#7219,#7220),
  .UNSPECIFIED.,.F.,.F.,(4,4),(0.,1.),.PIECEWISE_BEZIER_KNOTS.);
#7217 = CARTESIAN_POINT('',(-1.75,-0.387068338367,0.849790910511));
#7218 = CARTESIAN_POINT('',(-1.75,-0.388684796071,0.799817046697));
#7219 = CARTESIAN_POINT('',(-1.75,-0.390301253775,0.749843182883));
#7220 = CARTESIAN_POINT('',(-1.75,-0.391917711479,0.69986931907));
#7221 = ORIENTED_EDGE('',*,*,#7222,.F.);
#7222 = EDGE_CURVE('',#7163,#7214,#7223,.T.);
#7223 = LINE('',#7224,#7225);
#7224 = CARTESIAN_POINT('',(-1.75,-0.391917711479,0.69986931907));
#7225 = VECTOR('',#7226,1.);
#7226 = DIRECTION('',(1.,-0.,-0.));
#7227 = PLANE('',#7228);
#7228 = AXIS2_PLACEMENT_3D('',#7229,#7230,#7231);
#7229 = CARTESIAN_POINT('',(-2.175,-0.391917711479,0.69986931907));
#7230 = DIRECTION('',(0.,-0.999477276278,3.232915408336E-02));
#7231 = DIRECTION('',(1.,0.,0.));
#7232 = ADVANCED_FACE('',(#7233),#7259,.F.);
#7233 = FACE_BOUND('',#7234,.F.);
#7234 = EDGE_LOOP('',(#7235,#7244,#7251,#7258));
#7235 = ORIENTED_EDGE('',*,*,#7236,.T.);
#7236 = EDGE_CURVE('',#7214,#7237,#7239,.T.);
#7237 = VERTEX_POINT('',#7238);
#7238 = CARTESIAN_POINT('',(-1.6,-0.281490038729,0.670125848277));
#7239 = B_SPLINE_CURVE_WITH_KNOTS('',3,(#7240,#7241,#7242,#7243),
  .UNSPECIFIED.,.F.,.F.,(4,4),(0.,1.),.PIECEWISE_BEZIER_KNOTS.);
#7240 = CARTESIAN_POINT('',(-1.75,-0.391917711479,0.69986931907));
#7241 = CARTESIAN_POINT('',(-1.7,-0.353476277776,0.698625890066));
#7242 = CARTESIAN_POINT('',(-1.65,-0.315355553849,0.688358150011));
#7243 = CARTESIAN_POINT('',(-1.6,-0.281490038729,0.670125848277));
#7244 = ORIENTED_EDGE('',*,*,#7245,.F.);
#7245 = EDGE_CURVE('',#7246,#7237,#7248,.T.);
#7246 = VERTEX_POINT('',#7247);
#7247 = CARTESIAN_POINT('',(-1.6,-0.210384061967,0.802201357243));
#7248 = B_SPLINE_CURVE_WITH_KNOTS('',1,(#7249,#7250),.UNSPECIFIED.,.F.,
  .F.,(2,2),(0.,1.),.PIECEWISE_BEZIER_KNOTS.);
#7249 = CARTESIAN_POINT('',(-1.6,-0.210384061967,0.802201357243));
#7250 = CARTESIAN_POINT('',(-1.6,-0.281490038729,0.670125848277));
#7251 = ORIENTED_EDGE('',*,*,#7252,.F.);
#7252 = EDGE_CURVE('',#7206,#7246,#7253,.T.);
#7253 = B_SPLINE_CURVE_WITH_KNOTS('',3,(#7254,#7255,#7256,#7257),
  .UNSPECIFIED.,.F.,.F.,(4,4),(0.,1.),.PIECEWISE_BEZIER_KNOTS.);
#7254 = CARTESIAN_POINT('',(-1.75,-0.387068338367,0.849790910511));
#7255 = CARTESIAN_POINT('',(-1.699965148201,-0.325519172342,
    0.847800037363));
#7256 = CARTESIAN_POINT('',(-1.650034851799,-0.26460665493,0.83139337373
    ));
#7257 = CARTESIAN_POINT('',(-1.6,-0.210384061967,0.802201357243));
#7258 = ORIENTED_EDGE('',*,*,#7213,.T.);
#7259 = B_SPLINE_SURFACE_WITH_KNOTS('',1,3,(
    (#7260,#7261,#7262,#7263)
    ,(#7264,#7265,#7266,#7267
    )),.UNSPECIFIED.,.F.,.F.,.F.,(2,2),(4,4),(0.,1.),(0.,1.),
  .PIECEWISE_BEZIER_KNOTS.);
#7260 = CARTESIAN_POINT('',(-1.75,-0.387068338367,0.849790910511));
#7261 = CARTESIAN_POINT('',(-1.699965148201,-0.325519172342,
    0.847800037363));
#7262 = CARTESIAN_POINT('',(-1.650034851799,-0.26460665493,0.83139337373
    ));
#7263 = CARTESIAN_POINT('',(-1.6,-0.210384061967,0.802201357243));
#7264 = CARTESIAN_POINT('',(-1.75,-0.391917711479,0.69986931907));
#7265 = CARTESIAN_POINT('',(-1.699977089626,-0.353458663623,
    0.698625320318));
#7266 = CARTESIAN_POINT('',(-1.650022910374,-0.315371071282,
    0.688366504188));
#7267 = CARTESIAN_POINT('',(-1.6,-0.281490038729,0.670125848277));
#7268 = ADVANCED_FACE('',(#7269),#7287,.F.);
#7269 = FACE_BOUND('',#7270,.T.);
#7270 = EDGE_LOOP('',(#7271,#7272,#7279,#7280));
#7271 = ORIENTED_EDGE('',*,*,#7245,.F.);
#7272 = ORIENTED_EDGE('',*,*,#7273,.T.);
#7273 = EDGE_CURVE('',#7246,#7009,#7274,.T.);
#7274 = CIRCLE('',#7275,0.4);
#7275 = AXIS2_PLACEMENT_3D('',#7276,#7277,#7278);
#7276 = CARTESIAN_POINT('',(-1.6,-0.4,0.45));
#7277 = DIRECTION('',(-1.,0.,0.));
#7278 = DIRECTION('',(0.,0.,1.));
#7279 = ORIENTED_EDGE('',*,*,#7046,.F.);
#7280 = ORIENTED_EDGE('',*,*,#7281,.F.);
#7281 = EDGE_CURVE('',#7237,#7039,#7282,.T.);
#7282 = CIRCLE('',#7283,0.25);
#7283 = AXIS2_PLACEMENT_3D('',#7284,#7285,#7286);
#7284 = CARTESIAN_POINT('',(-1.6,-0.4,0.45));
#7285 = DIRECTION('',(-1.,0.,-0.));
#7286 = DIRECTION('',(0.,0.,-1.));
#7287 = PLANE('',#7288);
#7288 = AXIS2_PLACEMENT_3D('',#7289,#7290,#7291);
#7289 = CARTESIAN_POINT('',(-1.6,-0.4,0.45));
#7290 = DIRECTION('',(1.,-0.,0.));
#7291 = DIRECTION('',(0.,0.,-1.));
#7292 = ADVANCED_FACE('',(#7293),#7320,.F.);
#7293 = FACE_BOUND('',#7294,.T.);
#7294 = EDGE_LOOP('',(#7295,#7296,#7305,#7313));
#7295 = ORIENTED_EDGE('',*,*,#7070,.F.);
#7296 = ORIENTED_EDGE('',*,*,#7297,.T.);
#7297 = EDGE_CURVE('',#6991,#7298,#7300,.T.);
#7298 = VERTEX_POINT('',#7299);
#7299 = CARTESIAN_POINT('',(0.3,-4.72439843256E-03,0.511295993389));
#7300 = CIRCLE('',#7301,0.4);
#7301 = AXIS2_PLACEMENT_3D('',#7302,#7303,#7304);
#7302 = CARTESIAN_POINT('',(0.3,-0.4,0.45));
#7303 = DIRECTION('',(1.,0.,-0.));
#7304 = DIRECTION('',(0.,1.328147661295E-14,1.));
#7305 = ORIENTED_EDGE('',*,*,#7306,.T.);
#7306 = EDGE_CURVE('',#7298,#7307,#7309,.T.);
#7307 = VERTEX_POINT('',#7308);
#7308 = CARTESIAN_POINT('',(0.3,-0.15295274902,0.488309995868));
#7309 = LINE('',#7310,#7311);
#7310 = CARTESIAN_POINT('',(0.3,-0.15295274902,0.488309995868));
#7311 = VECTOR('',#7312,1.);
#7312 = DIRECTION('',(-0.,-0.988189003919,-0.153239983472));
#7313 = ORIENTED_EDGE('',*,*,#7314,.F.);
#7314 = EDGE_CURVE('',#7071,#7307,#7315,.T.);
#7315 = CIRCLE('',#7316,0.25);
#7316 = AXIS2_PLACEMENT_3D('',#7317,#7318,#7319);
#7317 = CARTESIAN_POINT('',(0.3,-0.4,0.45));
#7318 = DIRECTION('',(1.,0.,-0.));
#7319 = DIRECTION('',(0.,0.,1.));
#7320 = PLANE('',#7321);
#7321 = AXIS2_PLACEMENT_3D('',#7322,#7323,#7324);
#7322 = CARTESIAN_POINT('',(0.3,-0.4,0.45));
#7323 = DIRECTION('',(-1.,0.,0.));
#7324 = DIRECTION('',(0.,0.,1.));
#7325 = ADVANCED_FACE('',(#7326),#7352,.F.);
#7326 = FACE_BOUND('',#7327,.T.);
#7327 = EDGE_LOOP('',(#7328,#7329,#7337,#7346));
#7328 = ORIENTED_EDGE('',*,*,#7306,.F.);
#7329 = ORIENTED_EDGE('',*,*,#7330,.T.);
#7330 = EDGE_CURVE('',#7298,#7331,#7333,.T.);
#7331 = VERTEX_POINT('',#7332);
#7332 = CARTESIAN_POINT('',(1.E-01,-4.72439843256E-03,0.511295993389));
#7333 = LINE('',#7334,#7335);
#7334 = CARTESIAN_POINT('',(3.739670450694,-4.72439843256E-03,
    0.511295993389));
#7335 = VECTOR('',#7336,1.);
#7336 = DIRECTION('',(-1.,0.,0.));
#7337 = ORIENTED_EDGE('',*,*,#7338,.T.);
#7338 = EDGE_CURVE('',#7331,#7339,#7341,.T.);
#7339 = VERTEX_POINT('',#7340);
#7340 = CARTESIAN_POINT('',(1.E-01,-0.15295274902,0.488309995868));
#7341 = B_SPLINE_CURVE_WITH_KNOTS('',3,(#7342,#7343,#7344,#7345),
  .UNSPECIFIED.,.F.,.F.,(4,4),(0.,1.),.PIECEWISE_BEZIER_KNOTS.);
#7342 = CARTESIAN_POINT('',(1.E-01,-4.72439843256E-03,0.511295993389));
#7343 = CARTESIAN_POINT('',(1.E-01,-5.413384862849E-02,0.503633994215));
#7344 = CARTESIAN_POINT('',(1.E-01,-0.103543298824,0.495971995041));
#7345 = CARTESIAN_POINT('',(1.E-01,-0.15295274902,0.488309995868));
#7346 = ORIENTED_EDGE('',*,*,#7347,.F.);
#7347 = EDGE_CURVE('',#7307,#7339,#7348,.T.);
#7348 = LINE('',#7349,#7350);
#7349 = CARTESIAN_POINT('',(1.E-01,-0.15295274902,0.488309995868));
#7350 = VECTOR('',#7351,1.);
#7351 = DIRECTION('',(-1.,-2.710505431214E-16,1.084202172486E-15));
#7352 = PLANE('',#7353);
#7353 = AXIS2_PLACEMENT_3D('',#7354,#7355,#7356);
#7354 = CARTESIAN_POINT('',(0.2,-0.15295274902,0.488309995868));
#7355 = DIRECTION('',(-1.112932445623E-15,0.153239983472,-0.988189003919
    ));
#7356 = DIRECTION('',(-1.,-2.710505431214E-16,1.084202172486E-15));
#7357 = ADVANCED_FACE('',(#7358),#7384,.F.);
#7358 = FACE_BOUND('',#7359,.F.);
#7359 = EDGE_LOOP('',(#7360,#7369,#7376,#7383));
#7360 = ORIENTED_EDGE('',*,*,#7361,.T.);
#7361 = EDGE_CURVE('',#7339,#7362,#7364,.T.);
#7362 = VERTEX_POINT('',#7363);
#7363 = CARTESIAN_POINT('',(-1.7763568394E-15,-0.176157889927,
    0.561331530836));
#7364 = B_SPLINE_CURVE_WITH_KNOTS('',3,(#7365,#7366,#7367,#7368),
  .UNSPECIFIED.,.F.,.F.,(4,4),(0.,1.),.PIECEWISE_BEZIER_KNOTS.);
#7365 = CARTESIAN_POINT('',(1.E-01,-0.15295274902,0.488309995868));
#7366 = CARTESIAN_POINT('',(6.666666666667E-02,-0.156881979366,
    0.513648175456));
#7367 = CARTESIAN_POINT('',(3.333333333333E-02,-0.16473927138,
    0.5383733657));
#7368 = CARTESIAN_POINT('',(0.,-0.176157889927,0.561331530836));
#7369 = ORIENTED_EDGE('',*,*,#7370,.F.);
#7370 = EDGE_CURVE('',#7371,#7362,#7373,.T.);
#7371 = VERTEX_POINT('',#7372);
#7372 = CARTESIAN_POINT('',(0.,-4.185262388385E-02,0.628130449337));
#7373 = B_SPLINE_CURVE_WITH_KNOTS('',1,(#7374,#7375),.UNSPECIFIED.,.F.,
  .F.,(2,2),(0.,1.),.PIECEWISE_BEZIER_KNOTS.);
#7374 = CARTESIAN_POINT('',(0.,-4.185262388385E-02,0.628130449337));
#7375 = CARTESIAN_POINT('',(0.,-0.176157889927,0.561331530836));
#7376 = ORIENTED_EDGE('',*,*,#7377,.F.);
#7377 = EDGE_CURVE('',#7331,#7371,#7378,.T.);
#7378 = B_SPLINE_CURVE_WITH_KNOTS('',3,(#7379,#7380,#7381,#7382),
  .UNSPECIFIED.,.F.,.F.,(4,4),(0.,1.),.PIECEWISE_BEZIER_KNOTS.);
#7379 = CARTESIAN_POINT('',(1.E-01,-4.72439843256E-03,0.511295993389));
#7380 = CARTESIAN_POINT('',(6.666159959391E-02,-1.101212265065E-02,
    0.551843243468));
#7381 = CARTESIAN_POINT('',(3.333840040609E-02,-2.358005697762E-02,
    0.591391801247));
#7382 = CARTESIAN_POINT('',(0.,-4.185262388385E-02,0.628130449337));
#7383 = ORIENTED_EDGE('',*,*,#7338,.T.);
#7384 = B_SPLINE_SURFACE_WITH_KNOTS('',1,3,(
    (#7385,#7386,#7387,#7388)
    ,(#7389,#7390,#7391,#7392
    )),.UNSPECIFIED.,.F.,.F.,.F.,(2,2),(4,4),(0.,1.),(0.,1.),
  .PIECEWISE_BEZIER_KNOTS.);
#7385 = CARTESIAN_POINT('',(1.E-01,-4.72439843256E-03,0.511295993389));
#7386 = CARTESIAN_POINT('',(6.666159959391E-02,-1.101212265065E-02,
    0.551843243468));
#7387 = CARTESIAN_POINT('',(3.333840040609E-02,-2.358005697762E-02,
    0.591391801247));
#7388 = CARTESIAN_POINT('',(0.,-4.185262388385E-02,0.628130449337));
#7389 = CARTESIAN_POINT('',(1.E-01,-0.15295274902,0.488309995868));
#7390 = CARTESIAN_POINT('',(6.666344241391E-02,-0.156882359431,
    0.513650626356));
#7391 = CARTESIAN_POINT('',(3.333655758609E-02,-0.164738166885,
    0.538371145012));
#7392 = CARTESIAN_POINT('',(0.,-0.176157889927,0.561331530836));
#7393 = ADVANCED_FACE('',(#7394),#7422,.F.);
#7394 = FACE_BOUND('',#7395,.T.);
#7395 = EDGE_LOOP('',(#7396,#7397,#7406,#7415));
#7396 = ORIENTED_EDGE('',*,*,#7370,.F.);
#7397 = ORIENTED_EDGE('',*,*,#7398,.T.);
#7398 = EDGE_CURVE('',#7371,#7399,#7401,.T.);
#7399 = VERTEX_POINT('',#7400);
#7400 = CARTESIAN_POINT('',(0.,-0.210384061967,0.802201357243));
#7401 = CIRCLE('',#7402,0.4);
#7402 = AXIS2_PLACEMENT_3D('',#7403,#7404,#7405);
#7403 = CARTESIAN_POINT('',(0.,-0.4,0.45));
#7404 = DIRECTION('',(1.,0.,-0.));
#7405 = DIRECTION('',(0.,-5.285485590867E-15,1.));
#7406 = ORIENTED_EDGE('',*,*,#7407,.T.);
#7407 = EDGE_CURVE('',#7399,#7408,#7410,.T.);
#7408 = VERTEX_POINT('',#7409);
#7409 = CARTESIAN_POINT('',(0.,-0.281490038729,0.670125848277));
#7410 = B_SPLINE_CURVE_WITH_KNOTS('',3,(#7411,#7412,#7413,#7414),
  .UNSPECIFIED.,.F.,.F.,(4,4),(0.,1.),.PIECEWISE_BEZIER_KNOTS.);
#7411 = CARTESIAN_POINT('',(0.,-0.210384061967,0.802201357243));
#7412 = CARTESIAN_POINT('',(0.,-0.234086054221,0.758176187588));
#7413 = CARTESIAN_POINT('',(0.,-0.257788046475,0.714151017932));
#7414 = CARTESIAN_POINT('',(0.,-0.281490038729,0.670125848277));
#7415 = ORIENTED_EDGE('',*,*,#7416,.F.);
#7416 = EDGE_CURVE('',#7362,#7408,#7417,.T.);
#7417 = CIRCLE('',#7418,0.25);
#7418 = AXIS2_PLACEMENT_3D('',#7419,#7420,#7421);
#7419 = CARTESIAN_POINT('',(0.,-0.4,0.45));
#7420 = DIRECTION('',(1.,0.,-0.));
#7421 = DIRECTION('',(0.,0.,1.));
#7422 = PLANE('',#7423);
#7423 = AXIS2_PLACEMENT_3D('',#7424,#7425,#7426);
#7424 = CARTESIAN_POINT('',(0.,-0.4,0.45));
#7425 = DIRECTION('',(-1.,0.,0.));
#7426 = DIRECTION('',(0.,0.,1.));
#7427 = ADVANCED_FACE('',(#7428),#7454,.F.);
#7428 = FACE_BOUND('',#7429,.F.);
#7429 = EDGE_LOOP('',(#7430,#7439,#7446,#7453));
#7430 = ORIENTED_EDGE('',*,*,#7431,.T.);
#7431 = EDGE_CURVE('',#7408,#7432,#7434,.T.);
#7432 = VERTEX_POINT('',#7433);
#7433 = CARTESIAN_POINT('',(1.E-01,-0.353723201033,0.695679583762));
#7434 = B_SPLINE_CURVE_WITH_KNOTS('',3,(#7435,#7436,#7437,#7438),
  .UNSPECIFIED.,.F.,.F.,(4,4),(0.,1.),.PIECEWISE_BEZIER_KNOTS.);
#7435 = CARTESIAN_POINT('',(0.,-0.281490038729,0.670125848277));
#7436 = CARTESIAN_POINT('',(3.333333333333E-02,-0.304067048809,
    0.6822807161));
#7437 = CARTESIAN_POINT('',(6.666666666667E-02,-0.328525295006,
    0.690933245406));
#7438 = CARTESIAN_POINT('',(1.E-01,-0.353723201033,0.695679583762));
#7439 = ORIENTED_EDGE('',*,*,#7440,.F.);
#7440 = EDGE_CURVE('',#7441,#7432,#7443,.T.);
#7441 = VERTEX_POINT('',#7442);
#7442 = CARTESIAN_POINT('',(1.E-01,-0.325957121653,0.843087334019));
#7443 = B_SPLINE_CURVE_WITH_KNOTS('',1,(#7444,#7445),.UNSPECIFIED.,.F.,
  .F.,(2,2),(0.,1.),.PIECEWISE_BEZIER_KNOTS.);
#7444 = CARTESIAN_POINT('',(1.E-01,-0.325957121653,0.843087334019));
#7445 = CARTESIAN_POINT('',(1.E-01,-0.353723201033,0.695679583762));
#7446 = ORIENTED_EDGE('',*,*,#7447,.F.);
#7447 = EDGE_CURVE('',#7399,#7441,#7448,.T.);
#7448 = B_SPLINE_CURVE_WITH_KNOTS('',3,(#7449,#7450,#7451,#7452),
  .UNSPECIFIED.,.F.,.F.,(4,4),(0.,1.),.PIECEWISE_BEZIER_KNOTS.);
#7449 = CARTESIAN_POINT('',(0.,-0.210384061967,0.802201357243));
#7450 = CARTESIAN_POINT('',(3.333840040609E-02,-0.246512769264,
    0.82165210206));
#7451 = CARTESIAN_POINT('',(6.666159959391E-02,-0.285634343388,
    0.835492038248));
#7452 = CARTESIAN_POINT('',(1.E-01,-0.325957121653,0.843087334019));
#7453 = ORIENTED_EDGE('',*,*,#7407,.T.);
#7454 = B_SPLINE_SURFACE_WITH_KNOTS('',1,3,(
    (#7455,#7456,#7457,#7458)
    ,(#7459,#7460,#7461,#7462
    )),.UNSPECIFIED.,.F.,.F.,.F.,(2,2),(4,4),(0.,1.),(0.,1.),
  .PIECEWISE_BEZIER_KNOTS.);
#7455 = CARTESIAN_POINT('',(0.,-0.210384061967,0.802201357243));
#7456 = CARTESIAN_POINT('',(3.333840040609E-02,-0.246512769264,
    0.82165210206));
#7457 = CARTESIAN_POINT('',(6.666159959391E-02,-0.285634343388,
    0.835492038248));
#7458 = CARTESIAN_POINT('',(1.E-01,-0.325957121653,0.843087334019));
#7459 = CARTESIAN_POINT('',(0.,-0.281490038729,0.670125848277));
#7460 = CARTESIAN_POINT('',(3.333655758609E-02,-0.304069232629,
    0.682281891811));
#7461 = CARTESIAN_POINT('',(6.666344241391E-02,-0.328522857674,
    0.690932786304));
#7462 = CARTESIAN_POINT('',(1.E-01,-0.353723201033,0.695679583762));
#7463 = ADVANCED_FACE('',(#7464),#7480,.F.);
#7464 = FACE_BOUND('',#7465,.T.);
#7465 = EDGE_LOOP('',(#7466,#7472,#7473,#7479));
#7466 = ORIENTED_EDGE('',*,*,#7467,.T.);
#7467 = EDGE_CURVE('',#7441,#7133,#7468,.T.);
#7468 = LINE('',#7469,#7470);
#7469 = CARTESIAN_POINT('',(3.739670450694,-0.325957121653,
    0.843087334019));
#7470 = VECTOR('',#7471,1.);
#7471 = DIRECTION('',(1.,-0.,-0.));
#7472 = ORIENTED_EDGE('',*,*,#7141,.T.);
#7473 = ORIENTED_EDGE('',*,*,#7474,.F.);
#7474 = EDGE_CURVE('',#7432,#7115,#7475,.T.);
#7475 = LINE('',#7476,#7477);
#7476 = CARTESIAN_POINT('',(1.55,-0.353723201033,0.695679583762));
#7477 = VECTOR('',#7478,1.);
#7478 = DIRECTION('',(1.,-3.738628180984E-17,-0.));
#7479 = ORIENTED_EDGE('',*,*,#7440,.F.);
#7480 = PLANE('',#7481);
#7481 = AXIS2_PLACEMENT_3D('',#7482,#7483,#7484);
#7482 = CARTESIAN_POINT('',(0.825,-0.353723201033,0.695679583762));
#7483 = DIRECTION('',(-3.674018461377E-17,-0.982718335047,0.185107195868
    ));
#7484 = DIRECTION('',(1.,-3.738628180984E-17,-1.894341195892E-34));
#7485 = ADVANCED_FACE('',(#7486),#7506,.F.);
#7486 = FACE_BOUND('',#7487,.F.);
#7487 = EDGE_LOOP('',(#7488,#7489,#7490,#7491,#7492,#7493,#7494,#7495,
    #7496,#7497,#7503,#7504,#7505));
#7488 = ORIENTED_EDGE('',*,*,#7416,.F.);
#7489 = ORIENTED_EDGE('',*,*,#7361,.F.);
#7490 = ORIENTED_EDGE('',*,*,#7347,.F.);
#7491 = ORIENTED_EDGE('',*,*,#7314,.F.);
#7492 = ORIENTED_EDGE('',*,*,#7099,.T.);
#7493 = ORIENTED_EDGE('',*,*,#7281,.F.);
#7494 = ORIENTED_EDGE('',*,*,#7236,.F.);
#7495 = ORIENTED_EDGE('',*,*,#7222,.F.);
#7496 = ORIENTED_EDGE('',*,*,#7160,.F.);
#7497 = ORIENTED_EDGE('',*,*,#7498,.F.);
#7498 = EDGE_CURVE('',#7117,#7161,#7499,.T.);
#7499 = LINE('',#7500,#7501);
#7500 = CARTESIAN_POINT('',(0.1,-0.4,0.7));
#7501 = VECTOR('',#7502,1.);
#7502 = DIRECTION('',(-1.,-0.,0.));
#7503 = ORIENTED_EDGE('',*,*,#7114,.F.);
#7504 = ORIENTED_EDGE('',*,*,#7474,.F.);
#7505 = ORIENTED_EDGE('',*,*,#7431,.F.);
#7506 = CYLINDRICAL_SURFACE('',#7507,0.25);
#7507 = AXIS2_PLACEMENT_3D('',#7508,#7509,#7510);
#7508 = CARTESIAN_POINT('',(3.739670450694,-0.4,0.45));
#7509 = DIRECTION('',(-1.,0.,0.));
#7510 = DIRECTION('',(0.,0.,1.));
#7511 = ADVANCED_FACE('',(#7512),#7532,.T.);
#7512 = FACE_BOUND('',#7513,.T.);
#7513 = EDGE_LOOP('',(#7514,#7515,#7516,#7517,#7518,#7519,#7520,#7521,
    #7522,#7523,#7524,#7530,#7531));
#7514 = ORIENTED_EDGE('',*,*,#7447,.F.);
#7515 = ORIENTED_EDGE('',*,*,#7398,.F.);
#7516 = ORIENTED_EDGE('',*,*,#7377,.F.);
#7517 = ORIENTED_EDGE('',*,*,#7330,.F.);
#7518 = ORIENTED_EDGE('',*,*,#7297,.F.);
#7519 = ORIENTED_EDGE('',*,*,#7016,.T.);
#7520 = ORIENTED_EDGE('',*,*,#7273,.F.);
#7521 = ORIENTED_EDGE('',*,*,#7252,.F.);
#7522 = ORIENTED_EDGE('',*,*,#7205,.F.);
#7523 = ORIENTED_EDGE('',*,*,#7178,.F.);
#7524 = ORIENTED_EDGE('',*,*,#7525,.F.);
#7525 = EDGE_CURVE('',#7126,#7179,#7526,.T.);
#7526 = LINE('',#7527,#7528);
#7527 = CARTESIAN_POINT('',(0.1,-0.4,0.85));
#7528 = VECTOR('',#7529,1.);
#7529 = DIRECTION('',(-1.,-0.,0.));
#7530 = ORIENTED_EDGE('',*,*,#7132,.F.);
#7531 = ORIENTED_EDGE('',*,*,#7467,.F.);
#7532 = CYLINDRICAL_SURFACE('',#7533,0.4);
#7533 = AXIS2_PLACEMENT_3D('',#7534,#7535,#7536);
#7534 = CARTESIAN_POINT('',(3.739670450694,-0.4,0.45));
#7535 = DIRECTION('',(-1.,0.,0.));
#7536 = DIRECTION('',(0.,0.,1.));
#7537 = ADVANCED_FACE('',(#7538),#7572,.T.);
#7538 = FACE_BOUND('',#7539,.T.);
#7539 = EDGE_LOOP('',(#7540,#7550,#7558,#7566));
#7540 = ORIENTED_EDGE('',*,*,#7541,.F.);
#7541 = EDGE_CURVE('',#7542,#7544,#7546,.T.);
#7542 = VERTEX_POINT('',#7543);
#7543 = CARTESIAN_POINT('',(-2.675,-2.024672635684,0.15));
#7544 = VERTEX_POINT('',#7545);
#7545 = CARTESIAN_POINT('',(-1.875,-2.024672635684,0.15));
#7546 = LINE('',#7547,#7548);
#7547 = CARTESIAN_POINT('',(-2.675,-2.024672635684,0.15));
#7548 = VECTOR('',#7549,1.);
#7549 = DIRECTION('',(1.,0.,0.));
#7550 = ORIENTED_EDGE('',*,*,#7551,.F.);
#7551 = EDGE_CURVE('',#7552,#7542,#7554,.T.);
#7552 = VERTEX_POINT('',#7553);
#7553 = CARTESIAN_POINT('',(-2.675,-2.024672635684,0.3));
#7554 = LINE('',#7555,#7556);
#7555 = CARTESIAN_POINT('',(-2.675,-2.024672635684,0.3));
#7556 = VECTOR('',#7557,1.);
#7557 = DIRECTION('',(0.,1.047444401653E-14,-1.));
#7558 = ORIENTED_EDGE('',*,*,#7559,.T.);
#7559 = EDGE_CURVE('',#7552,#7560,#7562,.T.);
#7560 = VERTEX_POINT('',#7561);
#7561 = CARTESIAN_POINT('',(-1.875,-2.024672635684,0.3));
#7562 = LINE('',#7563,#7564);
#7563 = CARTESIAN_POINT('',(-2.675,-2.024672635684,0.3));
#7564 = VECTOR('',#7565,1.);
#7565 = DIRECTION('',(1.,0.,0.));
#7566 = ORIENTED_EDGE('',*,*,#7567,.T.);
#7567 = EDGE_CURVE('',#7560,#7544,#7568,.T.);
#7568 = LINE('',#7569,#7570);
#7569 = CARTESIAN_POINT('',(-1.875,-2.024672635684,0.3));
#7570 = VECTOR('',#7571,1.);
#7571 = DIRECTION('',(0.,1.047444401653E-14,-1.));
#7572 = PLANE('',#7573);
#7573 = AXIS2_PLACEMENT_3D('',#7574,#7575,#7576);
#7574 = CARTESIAN_POINT('',(-2.675,-2.024672635684,0.3));
#7575 = DIRECTION('',(-0.,1.,1.047444401653E-14));
#7576 = DIRECTION('',(1.,0.,0.));
#7577 = ADVANCED_FACE('',(#7578),#7602,.T.);
#7578 = FACE_BOUND('',#7579,.T.);
#7579 = EDGE_LOOP('',(#7580,#7586,#7595,#7601));
#7580 = ORIENTED_EDGE('',*,*,#7581,.F.);
#7581 = EDGE_CURVE('',#6966,#7542,#7582,.T.);
#7582 = LINE('',#7583,#7584);
#7583 = CARTESIAN_POINT('',(-2.8,-3.453429173529,0.15));
#7584 = VECTOR('',#7585,1.);
#7585 = DIRECTION('',(8.715574274766E-02,0.996194698092,
    1.043458559473E-14));
#7586 = ORIENTED_EDGE('',*,*,#7587,.T.);
#7587 = EDGE_CURVE('',#6966,#7588,#7590,.T.);
#7588 = VERTEX_POINT('',#7589);
#7589 = CARTESIAN_POINT('',(-2.680670889021,-2.089491193792,0.3));
#7590 = B_SPLINE_CURVE_WITH_KNOTS('',3,(#7591,#7592,#7593,#7594),
  .UNSPECIFIED.,.F.,.F.,(4,4),(0.,1.),.PIECEWISE_BEZIER_KNOTS.);
#7591 = CARTESIAN_POINT('',(-2.680670889021,-2.089491193792,0.15));
#7592 = CARTESIAN_POINT('',(-2.680670889021,-2.089491193792,0.2));
#7593 = CARTESIAN_POINT('',(-2.680670889021,-2.089491193792,0.25));
#7594 = CARTESIAN_POINT('',(-2.680670889021,-2.089491193792,0.3));
#7595 = ORIENTED_EDGE('',*,*,#7596,.T.);
#7596 = EDGE_CURVE('',#7588,#7552,#7597,.T.);
#7597 = LINE('',#7598,#7599);
#7598 = CARTESIAN_POINT('',(-2.8,-3.453429173529,0.3));
#7599 = VECTOR('',#7600,1.);
#7600 = DIRECTION('',(8.715574274766E-02,0.996194698092,
    1.043458559473E-14));
#7601 = ORIENTED_EDGE('',*,*,#7551,.T.);
#7602 = PLANE('',#7603);
#7603 = AXIS2_PLACEMENT_3D('',#7604,#7605,#7606);
#7604 = CARTESIAN_POINT('',(-2.8,-3.453429173529,0.3));
#7605 = DIRECTION('',(-0.996194698092,8.715574274766E-02,
    9.129079481294E-16));
#7606 = DIRECTION('',(8.715574274766E-02,0.996194698092,
    1.043458559473E-14));
#7607 = ADVANCED_FACE('',(#7608),#7632,.T.);
#7608 = FACE_BOUND('',#7609,.T.);
#7609 = EDGE_LOOP('',(#7610,#7618,#7625,#7631));
#7610 = ORIENTED_EDGE('',*,*,#7611,.T.);
#7611 = EDGE_CURVE('',#7560,#7612,#7614,.T.);
#7612 = VERTEX_POINT('',#7613);
#7613 = CARTESIAN_POINT('',(-1.869329110979,-2.089491193792,0.3));
#7614 = LINE('',#7615,#7616);
#7615 = CARTESIAN_POINT('',(-1.75,-3.453429173529,0.3));
#7616 = VECTOR('',#7617,1.);
#7617 = DIRECTION('',(8.715574274766E-02,-0.996194698092,
    -1.043458559473E-14));
#7618 = ORIENTED_EDGE('',*,*,#7619,.T.);
#7619 = EDGE_CURVE('',#7612,#6947,#7620,.T.);
#7620 = B_SPLINE_CURVE_WITH_KNOTS('',3,(#7621,#7622,#7623,#7624),
  .UNSPECIFIED.,.F.,.F.,(4,4),(0.,1.),.PIECEWISE_BEZIER_KNOTS.);
#7621 = CARTESIAN_POINT('',(-1.869329110979,-2.089491193792,0.3));
#7622 = CARTESIAN_POINT('',(-1.869329110979,-2.089491193792,0.25));
#7623 = CARTESIAN_POINT('',(-1.869329110979,-2.089491193792,0.2));
#7624 = CARTESIAN_POINT('',(-1.869329110979,-2.089491193792,0.15));
#7625 = ORIENTED_EDGE('',*,*,#7626,.F.);
#7626 = EDGE_CURVE('',#7544,#6947,#7627,.T.);
#7627 = LINE('',#7628,#7629);
#7628 = CARTESIAN_POINT('',(-1.75,-3.453429173529,0.15));
#7629 = VECTOR('',#7630,1.);
#7630 = DIRECTION('',(8.715574274766E-02,-0.996194698092,
    -1.043458559473E-14));
#7631 = ORIENTED_EDGE('',*,*,#7567,.F.);
#7632 = PLANE('',#7633);
#7633 = AXIS2_PLACEMENT_3D('',#7634,#7635,#7636);
#7634 = CARTESIAN_POINT('',(-1.75,-3.453429173529,0.3));
#7635 = DIRECTION('',(0.996194698092,8.715574274766E-02,
    9.129079481294E-16));
#7636 = DIRECTION('',(8.715574274766E-02,-0.996194698092,
    -1.043458559473E-14));
#7637 = ADVANCED_FACE('',(#7638),#7672,.T.);
#7638 = FACE_BOUND('',#7639,.T.);
#7639 = EDGE_LOOP('',(#7640,#7650,#7658,#7666));
#7640 = ORIENTED_EDGE('',*,*,#7641,.F.);
#7641 = EDGE_CURVE('',#7642,#7644,#7646,.T.);
#7642 = VERTEX_POINT('',#7643);
#7643 = CARTESIAN_POINT('',(0.15,-1.989491193792,3.904862254808E-02));
#7644 = VERTEX_POINT('',#7645);
#7645 = CARTESIAN_POINT('',(1.75,-1.989491193792,3.904862254808E-02));
#7646 = LINE('',#7647,#7648);
#7647 = CARTESIAN_POINT('',(1.75,-1.989491193792,3.904862254808E-02));
#7648 = VECTOR('',#7649,1.);
#7649 = DIRECTION('',(1.,0.,0.));
#7650 = ORIENTED_EDGE('',*,*,#7651,.F.);
#7651 = EDGE_CURVE('',#7652,#7642,#7654,.T.);
#7652 = VERTEX_POINT('',#7653);
#7653 = CARTESIAN_POINT('',(0.15,-1.839491193792,3.904862254809E-02));
#7654 = LINE('',#7655,#7656);
#7655 = CARTESIAN_POINT('',(0.15,-1.839491193792,3.904862254809E-02));
#7656 = VECTOR('',#7657,1.);
#7657 = DIRECTION('',(0.,-1.,-6.982962677686E-15));
#7658 = ORIENTED_EDGE('',*,*,#7659,.T.);
#7659 = EDGE_CURVE('',#7652,#7660,#7662,.T.);
#7660 = VERTEX_POINT('',#7661);
#7661 = CARTESIAN_POINT('',(1.75,-1.839491193792,3.904862254809E-02));
#7662 = LINE('',#7663,#7664);
#7663 = CARTESIAN_POINT('',(1.75,-1.839491193792,3.904862254809E-02));
#7664 = VECTOR('',#7665,1.);
#7665 = DIRECTION('',(1.,0.,0.));
#7666 = ORIENTED_EDGE('',*,*,#7667,.T.);
#7667 = EDGE_CURVE('',#7660,#7644,#7668,.T.);
#7668 = LINE('',#7669,#7670);
#7669 = CARTESIAN_POINT('',(1.75,-1.839491193792,3.904862254809E-02));
#7670 = VECTOR('',#7671,1.);
#7671 = DIRECTION('',(0.,-1.,-6.982962677686E-15));
#7672 = PLANE('',#7673);
#7673 = AXIS2_PLACEMENT_3D('',#7674,#7675,#7676);
#7674 = CARTESIAN_POINT('',(1.75,-1.839491193792,3.904862254809E-02));
#7675 = DIRECTION('',(0.,6.982962677686E-15,-1.));
#7676 = DIRECTION('',(1.,0.,0.));
#7677 = ADVANCED_FACE('',(#7678),#7703,.T.);
#7678 = FACE_BOUND('',#7679,.T.);
#7679 = EDGE_LOOP('',(#7680,#7690,#7696,#7697));
#7680 = ORIENTED_EDGE('',*,*,#7681,.F.);
#7681 = EDGE_CURVE('',#7682,#7684,#7686,.T.);
#7682 = VERTEX_POINT('',#7683);
#7683 = CARTESIAN_POINT('',(0.15,-1.839491193792,0.4));
#7684 = VERTEX_POINT('',#7685);
#7685 = CARTESIAN_POINT('',(0.15,-1.989491193792,0.4));
#7686 = LINE('',#7687,#7688);
#7687 = CARTESIAN_POINT('',(0.15,-1.839491193792,0.4));
#7688 = VECTOR('',#7689,1.);
#7689 = DIRECTION('',(-4.717058874263E-32,-1.,-6.921730337729E-15));
#7690 = ORIENTED_EDGE('',*,*,#7691,.T.);
#7691 = EDGE_CURVE('',#7682,#7652,#7692,.T.);
#7692 = LINE('',#7693,#7694);
#7693 = CARTESIAN_POINT('',(0.15,-1.839491193792,0.989048622548));
#7694 = VECTOR('',#7695,1.);
#7695 = DIRECTION('',(0.,6.982962677686E-15,-1.));
#7696 = ORIENTED_EDGE('',*,*,#7651,.T.);
#7697 = ORIENTED_EDGE('',*,*,#7698,.F.);
#7698 = EDGE_CURVE('',#7684,#7642,#7699,.T.);
#7699 = LINE('',#7700,#7701);
#7700 = CARTESIAN_POINT('',(0.15,-1.989491193792,3.904862254808E-02));
#7701 = VECTOR('',#7702,1.);
#7702 = DIRECTION('',(7.703541751871E-16,6.982962677686E-15,-1.));
#7703 = PLANE('',#7704);
#7704 = AXIS2_PLACEMENT_3D('',#7705,#7706,#7707);
#7705 = CARTESIAN_POINT('',(0.15,-1.839491193792,3.904862254809E-02));
#7706 = DIRECTION('',(-1.,5.379354453931E-30,-7.703541751871E-16));
#7707 = DIRECTION('',(7.703541751871E-16,6.982962677686E-15,-1.));
#7708 = ADVANCED_FACE('',(#7709),#7734,.T.);
#7709 = FACE_BOUND('',#7710,.T.);
#7710 = EDGE_LOOP('',(#7711,#7721,#7727,#7728));
#7711 = ORIENTED_EDGE('',*,*,#7712,.F.);
#7712 = EDGE_CURVE('',#7713,#7715,#7717,.T.);
#7713 = VERTEX_POINT('',#7714);
#7714 = CARTESIAN_POINT('',(1.75,-1.989491193792,0.4));
#7715 = VERTEX_POINT('',#7716);
#7716 = CARTESIAN_POINT('',(1.75,-1.839491193792,0.4));
#7717 = LINE('',#7718,#7719);
#7718 = CARTESIAN_POINT('',(1.75,-1.839491193792,0.4));
#7719 = VECTOR('',#7720,1.);
#7720 = DIRECTION('',(0.,1.,6.921730337729E-15));
#7721 = ORIENTED_EDGE('',*,*,#7722,.F.);
#7722 = EDGE_CURVE('',#7644,#7713,#7723,.T.);
#7723 = LINE('',#7724,#7725);
#7724 = CARTESIAN_POINT('',(1.75,-1.989491193792,1.989048622548));
#7725 = VECTOR('',#7726,1.);
#7726 = DIRECTION('',(0.,-6.982962677686E-15,1.));
#7727 = ORIENTED_EDGE('',*,*,#7667,.F.);
#7728 = ORIENTED_EDGE('',*,*,#7729,.T.);
#7729 = EDGE_CURVE('',#7660,#7715,#7730,.T.);
#7730 = LINE('',#7731,#7732);
#7731 = CARTESIAN_POINT('',(1.75,-1.839491193792,0.989048622548));
#7732 = VECTOR('',#7733,1.);
#7733 = DIRECTION('',(2.282530889443E-16,-6.982962677686E-15,1.));
#7734 = PLANE('',#7735);
#7735 = AXIS2_PLACEMENT_3D('',#7736,#7737,#7738);
#7736 = CARTESIAN_POINT('',(1.75,-1.839491193792,1.989048622548));
#7737 = DIRECTION('',(1.,0.,0.));
#7738 = DIRECTION('',(0.,-6.982962677686E-15,1.));
#7739 = ADVANCED_FACE('',(#7740),#7751,.F.);
#7740 = FACE_BOUND('',#7741,.T.);
#7741 = EDGE_LOOP('',(#7742,#7743,#7749,#7750));
#7742 = ORIENTED_EDGE('',*,*,#7722,.T.);
#7743 = ORIENTED_EDGE('',*,*,#7744,.T.);
#7744 = EDGE_CURVE('',#7713,#7684,#7745,.T.);
#7745 = LINE('',#7746,#7747);
#7746 = CARTESIAN_POINT('',(0.1,-1.989491193792,0.4));
#7747 = VECTOR('',#7748,1.);
#7748 = DIRECTION('',(-1.,0.,-0.));
#7749 = ORIENTED_EDGE('',*,*,#7698,.T.);
#7750 = ORIENTED_EDGE('',*,*,#7641,.T.);
#7751 = PLANE('',#7752);
#7752 = AXIS2_PLACEMENT_3D('',#7753,#7754,#7755);
#7753 = CARTESIAN_POINT('',(0.1,-1.989491193792,3.689048622548));
#7754 = DIRECTION('',(0.,1.,6.982962677686E-15));
#7755 = DIRECTION('',(0.,-6.982962677686E-15,1.));
#7756 = ADVANCED_FACE('',(#7757),#7763,.F.);
#7757 = FACE_BOUND('',#7758,.T.);
#7758 = EDGE_LOOP('',(#7759,#7760,#7761,#7762));
#7759 = ORIENTED_EDGE('',*,*,#6976,.F.);
#7760 = ORIENTED_EDGE('',*,*,#7581,.T.);
#7761 = ORIENTED_EDGE('',*,*,#7541,.T.);
#7762 = ORIENTED_EDGE('',*,*,#7626,.T.);
#7763 = PLANE('',#7764);
#7764 = AXIS2_PLACEMENT_3D('',#7765,#7766,#7767);
#7765 = CARTESIAN_POINT('',(0.1,-6.203429173529,0.15));
#7766 = DIRECTION('',(0.,-1.047444401653E-14,1.));
#7767 = DIRECTION('',(0.,-1.,-1.047444401653E-14));
#7768 = ADVANCED_FACE('',(#7769),#7799,.F.);
#7769 = FACE_BOUND('',#7770,.F.);
#7770 = EDGE_LOOP('',(#7771,#7780,#7781,#7788,#7797,#7798));
#7771 = ORIENTED_EDGE('',*,*,#7772,.T.);
#7772 = EDGE_CURVE('',#7588,#6909,#7773,.T.);
#7773 = B_SPLINE_CURVE_WITH_KNOTS('',3,(#7774,#7775,#7776,#7777,#7778,
    #7779),.UNSPECIFIED.,.F.,.F.,(4,2,4),(0.,0.25,0.5),.UNSPECIFIED.);
#7774 = CARTESIAN_POINT('',(-2.680670889021,-2.089491193792,0.3));
#7775 = CARTESIAN_POINT('',(-2.686969620622,-2.141851071351,0.3));
#7776 = CARTESIAN_POINT('',(-2.693268352223,-2.193888525544,
    0.321554619278));
#7777 = CARTESIAN_POINT('',(-2.705865815426,-2.267936574514,
    0.395602668247));
#7778 = CARTESIAN_POINT('',(-2.712164547027,-2.289491193792,
    0.44764012244));
#7779 = CARTESIAN_POINT('',(-2.718463278629,-2.289491193792,0.5));
#7780 = ORIENTED_EDGE('',*,*,#6908,.T.);
#7781 = ORIENTED_EDGE('',*,*,#7782,.F.);
#7782 = EDGE_CURVE('',#7783,#6899,#7785,.T.);
#7783 = VERTEX_POINT('',#7784);
#7784 = CARTESIAN_POINT('',(-2.756255668237,-2.089491193792,0.85));
#7785 = B_SPLINE_CURVE_WITH_KNOTS('',1,(#7786,#7787),.UNSPECIFIED.,.F.,
  .F.,(2,2),(0.,1.),.PIECEWISE_BEZIER_KNOTS.);
#7786 = CARTESIAN_POINT('',(-2.756255668237,-2.089491193792,0.85));
#7787 = CARTESIAN_POINT('',(-2.756255668237,-2.089491193792,0.7));
#7788 = ORIENTED_EDGE('',*,*,#7789,.F.);
#7789 = EDGE_CURVE('',#6958,#7783,#7790,.T.);
#7790 = B_SPLINE_CURVE_WITH_KNOTS('',3,(#7791,#7792,#7793,#7794,#7795,
    #7796),.UNSPECIFIED.,.F.,.F.,(4,2,4),(0.5,0.75,1.),.UNSPECIFIED.);
#7791 = CARTESIAN_POINT('',(-2.718463278629,-2.439491193792,0.5));
#7792 = CARTESIAN_POINT('',(-2.72476201023,-2.439491193792,
    0.591629785729));
#7793 = CARTESIAN_POINT('',(-2.731060741832,-2.401770610055,
    0.682695330567));
#7794 = CARTESIAN_POINT('',(-2.743658205034,-2.272186524359,
    0.812279416263));
#7795 = CARTESIAN_POINT('',(-2.749939328335,-2.181377133443,0.85));
#7796 = CARTESIAN_POINT('',(-2.756255668237,-2.089491193792,0.85));
#7797 = ORIENTED_EDGE('',*,*,#6965,.F.);
#7798 = ORIENTED_EDGE('',*,*,#7587,.T.);
#7799 = B_SPLINE_SURFACE_WITH_KNOTS('',1,3,(
    (#7800,#7801,#7802,#7803,#7804,#7805,#7806,#7807,#7808,#7809)
    ,(#7810,#7811,#7812,#7813,#7814,#7815,#7816,#7817,#7818,#7819
  )),.UNSPECIFIED.,.F.,.F.,.F.,(2,2),(4,2,2,2,4),(0.,1.),(0.,0.25,0.5,
    0.75,1.),.UNSPECIFIED.);
#7800 = CARTESIAN_POINT('',(-2.680670889021,-2.089491193792,0.15));
#7801 = CARTESIAN_POINT('',(-2.686987228922,-2.181377133443,0.15));
#7802 = CARTESIAN_POINT('',(-2.693268352223,-2.272186524359,
    0.187720583737));
#7803 = CARTESIAN_POINT('',(-2.705865815426,-2.401770610055,
    0.317304669433));
#7804 = CARTESIAN_POINT('',(-2.712164547027,-2.439491193792,
    0.40837021427));
#7805 = CARTESIAN_POINT('',(-2.72476201023,-2.439491193792,0.59162978573
    ));
#7806 = CARTESIAN_POINT('',(-2.731060741832,-2.401770610055,
    0.682695330567));
#7807 = CARTESIAN_POINT('',(-2.743658205034,-2.272186524359,
    0.812279416263));
#7808 = CARTESIAN_POINT('',(-2.749939328335,-2.181377133443,0.85));
#7809 = CARTESIAN_POINT('',(-2.756255668237,-2.089491193792,0.85));
#7810 = CARTESIAN_POINT('',(-2.680670889021,-2.089491193792,0.3));
#7811 = CARTESIAN_POINT('',(-2.68698705976,-2.141996038811,0.3));
#7812 = CARTESIAN_POINT('',(-2.693268352223,-2.193888525544,
    0.321554619278));
#7813 = CARTESIAN_POINT('',(-2.705865815426,-2.267936574514,
    0.395602668247));
#7814 = CARTESIAN_POINT('',(-2.712164547027,-2.289491193792,
    0.44764012244));
#7815 = CARTESIAN_POINT('',(-2.72476201023,-2.289491193792,0.55235987756
    ));
#7816 = CARTESIAN_POINT('',(-2.731060741832,-2.267936574514,
    0.604397331753));
#7817 = CARTESIAN_POINT('',(-2.743658205034,-2.193888525544,
    0.678445380722));
#7818 = CARTESIAN_POINT('',(-2.749939497498,-2.141996038811,0.7));
#7819 = CARTESIAN_POINT('',(-2.756255668237,-2.089491193792,0.7));
#7820 = ADVANCED_FACE('',(#7821),#7832,.T.);
#7821 = FACE_BOUND('',#7822,.T.);
#7822 = EDGE_LOOP('',(#7823,#7824,#7830,#7831));
#7823 = ORIENTED_EDGE('',*,*,#7596,.F.);
#7824 = ORIENTED_EDGE('',*,*,#7825,.T.);
#7825 = EDGE_CURVE('',#7588,#7612,#7826,.T.);
#7826 = LINE('',#7827,#7828);
#7827 = CARTESIAN_POINT('',(0.1,-2.089491193792,0.3));
#7828 = VECTOR('',#7829,1.);
#7829 = DIRECTION('',(1.,0.,0.));
#7830 = ORIENTED_EDGE('',*,*,#7611,.F.);
#7831 = ORIENTED_EDGE('',*,*,#7559,.F.);
#7832 = PLANE('',#7833);
#7833 = AXIS2_PLACEMENT_3D('',#7834,#7835,#7836);
#7834 = CARTESIAN_POINT('',(0.1,-6.203429173529,0.3));
#7835 = DIRECTION('',(0.,-1.047444401653E-14,1.));
#7836 = DIRECTION('',(0.,-1.,-1.047444401653E-14));
#7837 = ADVANCED_FACE('',(#7838),#7868,.F.);
#7838 = FACE_BOUND('',#7839,.F.);
#7839 = EDGE_LOOP('',(#7840,#7847,#7848,#7857,#7858,#7859));
#7840 = ORIENTED_EDGE('',*,*,#7841,.F.);
#7841 = EDGE_CURVE('',#6901,#7842,#7844,.T.);
#7842 = VERTEX_POINT('',#7843);
#7843 = CARTESIAN_POINT('',(-1.793744331763,-2.089491193792,0.85));
#7844 = B_SPLINE_CURVE_WITH_KNOTS('',1,(#7845,#7846),.UNSPECIFIED.,.F.,
  .F.,(2,2),(0.,1.),.PIECEWISE_BEZIER_KNOTS.);
#7845 = CARTESIAN_POINT('',(-1.793744331763,-2.089491193792,0.7));
#7846 = CARTESIAN_POINT('',(-1.793744331763,-2.089491193792,0.85));
#7847 = ORIENTED_EDGE('',*,*,#6927,.T.);
#7848 = ORIENTED_EDGE('',*,*,#7849,.T.);
#7849 = EDGE_CURVE('',#6920,#7612,#7850,.T.);
#7850 = B_SPLINE_CURVE_WITH_KNOTS('',3,(#7851,#7852,#7853,#7854,#7855,
    #7856),.UNSPECIFIED.,.F.,.F.,(4,2,4),(0.5,0.75,1.),.UNSPECIFIED.);
#7851 = CARTESIAN_POINT('',(-1.831536721371,-2.289491193792,0.5));
#7852 = CARTESIAN_POINT('',(-1.837835452973,-2.289491193792,
    0.44764012244));
#7853 = CARTESIAN_POINT('',(-1.844134184574,-2.267936574514,
    0.395602668247));
#7854 = CARTESIAN_POINT('',(-1.856731647777,-2.193888525544,
    0.321554619278));
#7855 = CARTESIAN_POINT('',(-1.863030379378,-2.141851071351,0.3));
#7856 = CARTESIAN_POINT('',(-1.869329110979,-2.089491193792,0.3));
#7857 = ORIENTED_EDGE('',*,*,#7619,.T.);
#7858 = ORIENTED_EDGE('',*,*,#6944,.F.);
#7859 = ORIENTED_EDGE('',*,*,#7860,.F.);
#7860 = EDGE_CURVE('',#7842,#6945,#7861,.T.);
#7861 = B_SPLINE_CURVE_WITH_KNOTS('',3,(#7862,#7863,#7864,#7865,#7866,
    #7867),.UNSPECIFIED.,.F.,.F.,(4,2,4),(0.,0.25,0.5),.UNSPECIFIED.);
#7862 = CARTESIAN_POINT('',(-1.793744331763,-2.089491193792,0.85));
#7863 = CARTESIAN_POINT('',(-1.800060671665,-2.181377133443,0.85));
#7864 = CARTESIAN_POINT('',(-1.806341794966,-2.272186524359,
    0.812279416263));
#7865 = CARTESIAN_POINT('',(-1.818939258168,-2.401770610055,
    0.682695330567));
#7866 = CARTESIAN_POINT('',(-1.82523798977,-2.439491193792,
    0.591629785729));
#7867 = CARTESIAN_POINT('',(-1.831536721371,-2.439491193792,0.5));
#7868 = B_SPLINE_SURFACE_WITH_KNOTS('',1,3,(
    (#7869,#7870,#7871,#7872,#7873,#7874,#7875,#7876,#7877,#7878)
    ,(#7879,#7880,#7881,#7882,#7883,#7884,#7885,#7886,#7887,#7888
  )),.UNSPECIFIED.,.F.,.F.,.F.,(2,2),(4,2,2,2,4),(0.,1.),(0.,0.25,0.5,
    0.75,1.),.UNSPECIFIED.);
#7869 = CARTESIAN_POINT('',(-1.793744331763,-2.089491193792,0.85));
#7870 = CARTESIAN_POINT('',(-1.800060671665,-2.181377133443,0.85));
#7871 = CARTESIAN_POINT('',(-1.806341794966,-2.272186524359,
    0.812279416263));
#7872 = CARTESIAN_POINT('',(-1.818939258168,-2.401770610055,
    0.682695330567));
#7873 = CARTESIAN_POINT('',(-1.82523798977,-2.439491193792,0.59162978573
    ));
#7874 = CARTESIAN_POINT('',(-1.837835452973,-2.439491193792,
    0.40837021427));
#7875 = CARTESIAN_POINT('',(-1.844134184574,-2.401770610055,
    0.317304669433));
#7876 = CARTESIAN_POINT('',(-1.856731647777,-2.272186524359,
    0.187720583737));
#7877 = CARTESIAN_POINT('',(-1.863012771078,-2.181377133443,0.15));
#7878 = CARTESIAN_POINT('',(-1.869329110979,-2.089491193792,0.15));
#7879 = CARTESIAN_POINT('',(-1.793744331763,-2.089491193792,0.7));
#7880 = CARTESIAN_POINT('',(-1.800060502502,-2.141996038811,0.7));
#7881 = CARTESIAN_POINT('',(-1.806341794966,-2.193888525544,
    0.678445380722));
#7882 = CARTESIAN_POINT('',(-1.818939258168,-2.267936574514,
    0.604397331753));
#7883 = CARTESIAN_POINT('',(-1.82523798977,-2.289491193792,0.55235987756
    ));
#7884 = CARTESIAN_POINT('',(-1.837835452973,-2.289491193792,
    0.44764012244));
#7885 = CARTESIAN_POINT('',(-1.844134184574,-2.267936574514,
    0.395602668247));
#7886 = CARTESIAN_POINT('',(-1.856731647777,-2.193888525544,
    0.321554619278));
#7887 = CARTESIAN_POINT('',(-1.86301294024,-2.141996038811,0.3));
#7888 = CARTESIAN_POINT('',(-1.869329110979,-2.089491193792,0.3));
#7889 = ADVANCED_FACE('',(#7890),#7901,.T.);
#7890 = FACE_BOUND('',#7891,.T.);
#7891 = EDGE_LOOP('',(#7892,#7898,#7899,#7900));
#7892 = ORIENTED_EDGE('',*,*,#7893,.F.);
#7893 = EDGE_CURVE('',#7715,#7682,#7894,.T.);
#7894 = LINE('',#7895,#7896);
#7895 = CARTESIAN_POINT('',(0.1,-1.839491193792,0.4));
#7896 = VECTOR('',#7897,1.);
#7897 = DIRECTION('',(-1.,0.,-0.));
#7898 = ORIENTED_EDGE('',*,*,#7729,.F.);
#7899 = ORIENTED_EDGE('',*,*,#7659,.F.);
#7900 = ORIENTED_EDGE('',*,*,#7691,.F.);
#7901 = PLANE('',#7902);
#7902 = AXIS2_PLACEMENT_3D('',#7903,#7904,#7905);
#7903 = CARTESIAN_POINT('',(0.1,-1.839491193792,3.689048622548));
#7904 = DIRECTION('',(0.,1.,6.982962677686E-15));
#7905 = DIRECTION('',(0.,-6.982962677686E-15,1.));
#7906 = ADVANCED_FACE('',(#7907),#7934,.F.);
#7907 = FACE_BOUND('',#7908,.T.);
#7908 = EDGE_LOOP('',(#7909,#7910,#7919,#7927));
#7909 = ORIENTED_EDGE('',*,*,#7681,.T.);
#7910 = ORIENTED_EDGE('',*,*,#7911,.T.);
#7911 = EDGE_CURVE('',#7684,#7912,#7914,.T.);
#7912 = VERTEX_POINT('',#7913);
#7913 = CARTESIAN_POINT('',(0.15,-1.539491193792,0.85));
#7914 = CIRCLE('',#7915,0.45);
#7915 = AXIS2_PLACEMENT_3D('',#7916,#7917,#7918);
#7916 = CARTESIAN_POINT('',(0.15,-1.539491193792,0.4));
#7917 = DIRECTION('',(-1.,-0.,0.));
#7918 = DIRECTION('',(0.,-1.,-3.493540333564E-15));
#7919 = ORIENTED_EDGE('',*,*,#7920,.F.);
#7920 = EDGE_CURVE('',#7921,#7912,#7923,.T.);
#7921 = VERTEX_POINT('',#7922);
#7922 = CARTESIAN_POINT('',(0.15,-1.539491193792,0.7));
#7923 = LINE('',#7924,#7925);
#7924 = CARTESIAN_POINT('',(0.15,-1.539491193792,0.7));
#7925 = VECTOR('',#7926,1.);
#7926 = DIRECTION('',(-4.717058874263E-32,-3.430248998886E-15,1.));
#7927 = ORIENTED_EDGE('',*,*,#7928,.F.);
#7928 = EDGE_CURVE('',#7682,#7921,#7929,.T.);
#7929 = CIRCLE('',#7930,0.3);
#7930 = AXIS2_PLACEMENT_3D('',#7931,#7932,#7933);
#7931 = CARTESIAN_POINT('',(0.15,-1.539491193792,0.4));
#7932 = DIRECTION('',(-1.,0.,0.));
#7933 = DIRECTION('',(0.,1.,3.433306879537E-15));
#7934 = PLANE('',#7935);
#7935 = AXIS2_PLACEMENT_3D('',#7936,#7937,#7938);
#7936 = CARTESIAN_POINT('',(0.15,-1.539491193792,0.4));
#7937 = DIRECTION('',(1.,0.,-0.));
#7938 = DIRECTION('',(0.,1.,3.491481338843E-15));
#7939 = ADVANCED_FACE('',(#7940),#7967,.F.);
#7940 = FACE_BOUND('',#7941,.T.);
#7941 = EDGE_LOOP('',(#7942,#7952,#7959,#7960));
#7942 = ORIENTED_EDGE('',*,*,#7943,.F.);
#7943 = EDGE_CURVE('',#7944,#7946,#7948,.T.);
#7944 = VERTEX_POINT('',#7945);
#7945 = CARTESIAN_POINT('',(1.75,-1.539491193792,0.85));
#7946 = VERTEX_POINT('',#7947);
#7947 = CARTESIAN_POINT('',(1.75,-1.539491193792,0.7));
#7948 = LINE('',#7949,#7950);
#7949 = CARTESIAN_POINT('',(1.75,-1.539491193792,0.7));
#7950 = VECTOR('',#7951,1.);
#7951 = DIRECTION('',(0.,3.430248998886E-15,-1.));
#7952 = ORIENTED_EDGE('',*,*,#7953,.T.);
#7953 = EDGE_CURVE('',#7944,#7713,#7954,.T.);
#7954 = CIRCLE('',#7955,0.45);
#7955 = AXIS2_PLACEMENT_3D('',#7956,#7957,#7958);
#7956 = CARTESIAN_POINT('',(1.75,-1.539491193792,0.4));
#7957 = DIRECTION('',(1.,0.,0.));
#7958 = DIRECTION('',(0.,-1.,6.264279218805E-15));
#7959 = ORIENTED_EDGE('',*,*,#7712,.T.);
#7960 = ORIENTED_EDGE('',*,*,#7961,.F.);
#7961 = EDGE_CURVE('',#7946,#7715,#7962,.T.);
#7962 = CIRCLE('',#7963,0.3);
#7963 = AXIS2_PLACEMENT_3D('',#7964,#7965,#7966);
#7964 = CARTESIAN_POINT('',(1.75,-1.539491193792,0.4));
#7965 = DIRECTION('',(1.,0.,0.));
#7966 = DIRECTION('',(0.,-1.,-3.433306879537E-15));
#7967 = PLANE('',#7968);
#7968 = AXIS2_PLACEMENT_3D('',#7969,#7970,#7971);
#7969 = CARTESIAN_POINT('',(1.75,-1.539491193792,0.4));
#7970 = DIRECTION('',(-1.,-0.,0.));
#7971 = DIRECTION('',(0.,-1.,-3.491481338843E-15));
#7972 = ADVANCED_FACE('',(#7973),#7984,.T.);
#7973 = FACE_BOUND('',#7974,.T.);
#7974 = EDGE_LOOP('',(#7975,#7976,#7977,#7978));
#7975 = ORIENTED_EDGE('',*,*,#7911,.F.);
#7976 = ORIENTED_EDGE('',*,*,#7744,.F.);
#7977 = ORIENTED_EDGE('',*,*,#7953,.F.);
#7978 = ORIENTED_EDGE('',*,*,#7979,.T.);
#7979 = EDGE_CURVE('',#7944,#7912,#7980,.T.);
#7980 = LINE('',#7981,#7982);
#7981 = CARTESIAN_POINT('',(0.1,-1.539491193792,0.85));
#7982 = VECTOR('',#7983,1.);
#7983 = DIRECTION('',(-1.,-0.,0.));
#7984 = CYLINDRICAL_SURFACE('',#7985,0.45);
#7985 = AXIS2_PLACEMENT_3D('',#7986,#7987,#7988);
#7986 = CARTESIAN_POINT('',(2.661571873958,-1.539491193792,0.4));
#7987 = DIRECTION('',(-1.,-0.,0.));
#7988 = DIRECTION('',(0.,-1.,-3.493540333564E-15));
#7989 = ADVANCED_FACE('',(#7990),#8001,.T.);
#7990 = FACE_BOUND('',#7991,.T.);
#7991 = EDGE_LOOP('',(#7992,#7993,#7994,#8000));
#7992 = ORIENTED_EDGE('',*,*,#6957,.F.);
#7993 = ORIENTED_EDGE('',*,*,#7860,.F.);
#7994 = ORIENTED_EDGE('',*,*,#7995,.F.);
#7995 = EDGE_CURVE('',#7783,#7842,#7996,.T.);
#7996 = LINE('',#7997,#7998);
#7997 = CARTESIAN_POINT('',(0.1,-2.089491193792,0.85));
#7998 = VECTOR('',#7999,1.);
#7999 = DIRECTION('',(1.,0.,0.));
#8000 = ORIENTED_EDGE('',*,*,#7789,.F.);
#8001 = CYLINDRICAL_SURFACE('',#8002,0.35);
#8002 = AXIS2_PLACEMENT_3D('',#8003,#8004,#8005);
#8003 = CARTESIAN_POINT('',(-0.972956642168,-2.089491193792,0.5));
#8004 = DIRECTION('',(-1.,0.,0.));
#8005 = DIRECTION('',(-0.,-1.,-3.407492542097E-15));
#8006 = ADVANCED_FACE('',(#8007),#8041,.T.);
#8007 = FACE_BOUND('',#8008,.T.);
#8008 = EDGE_LOOP('',(#8009,#8019,#8027,#8035));
#8009 = ORIENTED_EDGE('',*,*,#8010,.F.);
#8010 = EDGE_CURVE('',#8011,#8013,#8015,.T.);
#8011 = VERTEX_POINT('',#8012);
#8012 = CARTESIAN_POINT('',(-2.8,-0.589491193792,0.85));
#8013 = VERTEX_POINT('',#8014);
#8014 = CARTESIAN_POINT('',(-2.8,-1.589491193792,0.85));
#8015 = LINE('',#8016,#8017);
#8016 = CARTESIAN_POINT('',(-2.8,-0.589491193792,0.85));
#8017 = VECTOR('',#8018,1.);
#8018 = DIRECTION('',(0.,-1.,-3.491481338843E-15));
#8019 = ORIENTED_EDGE('',*,*,#8020,.F.);
#8020 = EDGE_CURVE('',#8021,#8011,#8023,.T.);
#8021 = VERTEX_POINT('',#8022);
#8022 = CARTESIAN_POINT('',(-2.8,-0.589491193792,0.7));
#8023 = LINE('',#8024,#8025);
#8024 = CARTESIAN_POINT('',(-2.8,-0.589491193792,0.7));
#8025 = VECTOR('',#8026,1.);
#8026 = DIRECTION('',(0.,-3.491481338843E-15,1.));
#8027 = ORIENTED_EDGE('',*,*,#8028,.T.);
#8028 = EDGE_CURVE('',#8021,#8029,#8031,.T.);
#8029 = VERTEX_POINT('',#8030);
#8030 = CARTESIAN_POINT('',(-2.8,-1.589491193792,0.7));
#8031 = LINE('',#8032,#8033);
#8032 = CARTESIAN_POINT('',(-2.8,-0.589491193792,0.7));
#8033 = VECTOR('',#8034,1.);
#8034 = DIRECTION('',(0.,-1.,-3.491481338843E-15));
#8035 = ORIENTED_EDGE('',*,*,#8036,.T.);
#8036 = EDGE_CURVE('',#8029,#8013,#8037,.T.);
#8037 = LINE('',#8038,#8039);
#8038 = CARTESIAN_POINT('',(-2.8,-1.589491193792,0.7));
#8039 = VECTOR('',#8040,1.);
#8040 = DIRECTION('',(0.,-3.491481338843E-15,1.));
#8041 = PLANE('',#8042);
#8042 = AXIS2_PLACEMENT_3D('',#8043,#8044,#8045);
#8043 = CARTESIAN_POINT('',(-2.8,-0.589491193792,0.7));
#8044 = DIRECTION('',(-1.,-0.,0.));
#8045 = DIRECTION('',(0.,-1.,-3.491481338843E-15));
#8046 = ADVANCED_FACE('',(#8047),#8063,.T.);
#8047 = FACE_BOUND('',#8048,.T.);
#8048 = EDGE_LOOP('',(#8049,#8050,#8056,#8057));
#8049 = ORIENTED_EDGE('',*,*,#7782,.F.);
#8050 = ORIENTED_EDGE('',*,*,#8051,.F.);
#8051 = EDGE_CURVE('',#8013,#7783,#8052,.T.);
#8052 = LINE('',#8053,#8054);
#8053 = CARTESIAN_POINT('',(-2.8,-1.589491193792,0.85));
#8054 = VECTOR('',#8055,1.);
#8055 = DIRECTION('',(8.715574274766E-02,-0.996194698092,
    -3.478195198242E-15));
#8056 = ORIENTED_EDGE('',*,*,#8036,.F.);
#8057 = ORIENTED_EDGE('',*,*,#8058,.T.);
#8058 = EDGE_CURVE('',#8029,#6899,#8059,.T.);
#8059 = LINE('',#8060,#8061);
#8060 = CARTESIAN_POINT('',(-2.8,-1.589491193792,0.7));
#8061 = VECTOR('',#8062,1.);
#8062 = DIRECTION('',(8.715574274766E-02,-0.996194698092,
    -3.478195198242E-15));
#8063 = PLANE('',#8064);
#8064 = AXIS2_PLACEMENT_3D('',#8065,#8066,#8067);
#8065 = CARTESIAN_POINT('',(-2.8,-1.589491193792,0.7));
#8066 = DIRECTION('',(-0.996194698092,-8.715574274766E-02,
    -3.043026493765E-16));
#8067 = DIRECTION('',(8.715574274766E-02,-0.996194698092,
    -3.478195198242E-15));
#8068 = ADVANCED_FACE('',(#8069),#8075,.F.);
#8069 = FACE_BOUND('',#8070,.F.);
#8070 = EDGE_LOOP('',(#8071,#8072,#8073,#8074));
#8071 = ORIENTED_EDGE('',*,*,#7772,.F.);
#8072 = ORIENTED_EDGE('',*,*,#7825,.T.);
#8073 = ORIENTED_EDGE('',*,*,#7849,.F.);
#8074 = ORIENTED_EDGE('',*,*,#6919,.T.);
#8075 = CYLINDRICAL_SURFACE('',#8076,0.2);
#8076 = AXIS2_PLACEMENT_3D('',#8077,#8078,#8079);
#8077 = CARTESIAN_POINT('',(-0.972956642168,-2.089491193792,0.5));
#8078 = DIRECTION('',(-1.,0.,0.));
#8079 = DIRECTION('',(-0.,-1.,-3.252606517457E-15));
#8080 = ADVANCED_FACE('',(#8081),#8106,.T.);
#8081 = FACE_BOUND('',#8082,.T.);
#8082 = EDGE_LOOP('',(#8083,#8084,#8092,#8100));
#8083 = ORIENTED_EDGE('',*,*,#7841,.F.);
#8084 = ORIENTED_EDGE('',*,*,#8085,.T.);
#8085 = EDGE_CURVE('',#6901,#8086,#8088,.T.);
#8086 = VERTEX_POINT('',#8087);
#8087 = CARTESIAN_POINT('',(-1.75,-1.589491193792,0.7));
#8088 = LINE('',#8089,#8090);
#8089 = CARTESIAN_POINT('',(-1.75,-1.589491193792,0.7));
#8090 = VECTOR('',#8091,1.);
#8091 = DIRECTION('',(8.715574274766E-02,0.996194698092,
    3.478195198242E-15));
#8092 = ORIENTED_EDGE('',*,*,#8093,.T.);
#8093 = EDGE_CURVE('',#8086,#8094,#8096,.T.);
#8094 = VERTEX_POINT('',#8095);
#8095 = CARTESIAN_POINT('',(-1.75,-1.589491193792,0.85));
#8096 = LINE('',#8097,#8098);
#8097 = CARTESIAN_POINT('',(-1.75,-1.589491193792,0.7));
#8098 = VECTOR('',#8099,1.);
#8099 = DIRECTION('',(0.,-3.491481338843E-15,1.));
#8100 = ORIENTED_EDGE('',*,*,#8101,.F.);
#8101 = EDGE_CURVE('',#7842,#8094,#8102,.T.);
#8102 = LINE('',#8103,#8104);
#8103 = CARTESIAN_POINT('',(-1.75,-1.589491193792,0.85));
#8104 = VECTOR('',#8105,1.);
#8105 = DIRECTION('',(8.715574274766E-02,0.996194698092,
    3.478195198242E-15));
#8106 = PLANE('',#8107);
#8107 = AXIS2_PLACEMENT_3D('',#8108,#8109,#8110);
#8108 = CARTESIAN_POINT('',(-1.75,-1.589491193792,0.7));
#8109 = DIRECTION('',(0.996194698092,-8.715574274766E-02,
    -3.043026493765E-16));
#8110 = DIRECTION('',(8.715574274766E-02,0.996194698092,
    3.478195198242E-15));
#8111 = ADVANCED_FACE('',(#8112),#8137,.T.);
#8112 = FACE_BOUND('',#8113,.T.);
#8113 = EDGE_LOOP('',(#8114,#8122,#8123,#8131));
#8114 = ORIENTED_EDGE('',*,*,#8115,.F.);
#8115 = EDGE_CURVE('',#8094,#8116,#8118,.T.);
#8116 = VERTEX_POINT('',#8117);
#8117 = CARTESIAN_POINT('',(-1.75,-1.339491193792,0.85));
#8118 = LINE('',#8119,#8120);
#8119 = CARTESIAN_POINT('',(-1.75,-1.339491193792,0.85));
#8120 = VECTOR('',#8121,1.);
#8121 = DIRECTION('',(1.734723475977E-15,1.,3.491481338843E-15));
#8122 = ORIENTED_EDGE('',*,*,#8093,.F.);
#8123 = ORIENTED_EDGE('',*,*,#8124,.T.);
#8124 = EDGE_CURVE('',#8086,#8125,#8127,.T.);
#8125 = VERTEX_POINT('',#8126);
#8126 = CARTESIAN_POINT('',(-1.75,-1.339491193792,0.7));
#8127 = LINE('',#8128,#8129);
#8128 = CARTESIAN_POINT('',(-1.75,-1.339491193792,0.7));
#8129 = VECTOR('',#8130,1.);
#8130 = DIRECTION('',(1.734723475977E-15,1.,3.491481338843E-15));
#8131 = ORIENTED_EDGE('',*,*,#8132,.T.);
#8132 = EDGE_CURVE('',#8125,#8116,#8133,.T.);
#8133 = LINE('',#8134,#8135);
#8134 = CARTESIAN_POINT('',(-1.75,-1.339491193792,0.7));
#8135 = VECTOR('',#8136,1.);
#8136 = DIRECTION('',(0.,-3.491481338843E-15,1.));
#8137 = PLANE('',#8138);
#8138 = AXIS2_PLACEMENT_3D('',#8139,#8140,#8141);
#8139 = CARTESIAN_POINT('',(-1.75,-1.339491193792,0.7));
#8140 = DIRECTION('',(1.,-1.734723475977E-15,-6.056754644426E-30));
#8141 = DIRECTION('',(1.734723475977E-15,1.,3.491481338843E-15));
#8142 = ADVANCED_FACE('',(#8143),#8170,.F.);
#8143 = FACE_BOUND('',#8144,.F.);
#8144 = EDGE_LOOP('',(#8145,#8155,#8162,#8163));
#8145 = ORIENTED_EDGE('',*,*,#8146,.F.);
#8146 = EDGE_CURVE('',#8147,#8149,#8151,.T.);
#8147 = VERTEX_POINT('',#8148);
#8148 = CARTESIAN_POINT('',(-1.6,-1.189491193792,0.7));
#8149 = VERTEX_POINT('',#8150);
#8150 = CARTESIAN_POINT('',(-1.6,-1.189491193792,0.85));
#8151 = LINE('',#8152,#8153);
#8152 = CARTESIAN_POINT('',(-1.6,-1.189491193792,0.7));
#8153 = VECTOR('',#8154,1.);
#8154 = DIRECTION('',(0.,-3.491481338843E-15,1.));
#8155 = ORIENTED_EDGE('',*,*,#8156,.F.);
#8156 = EDGE_CURVE('',#8125,#8147,#8157,.T.);
#8157 = CIRCLE('',#8158,0.15);
#8158 = AXIS2_PLACEMENT_3D('',#8159,#8160,#8161);
#8159 = CARTESIAN_POINT('',(-1.6,-1.339491193792,0.7));
#8160 = DIRECTION('',(0.,3.491481338843E-15,-1.));
#8161 = DIRECTION('',(0.,1.,3.491481338843E-15));
#8162 = ORIENTED_EDGE('',*,*,#8132,.T.);
#8163 = ORIENTED_EDGE('',*,*,#8164,.T.);
#8164 = EDGE_CURVE('',#8116,#8149,#8165,.T.);
#8165 = CIRCLE('',#8166,0.15);
#8166 = AXIS2_PLACEMENT_3D('',#8167,#8168,#8169);
#8167 = CARTESIAN_POINT('',(-1.6,-1.339491193792,0.85));
#8168 = DIRECTION('',(0.,3.491481338843E-15,-1.));
#8169 = DIRECTION('',(0.,1.,3.491481338843E-15));
#8170 = CYLINDRICAL_SURFACE('',#8171,0.15);
#8171 = AXIS2_PLACEMENT_3D('',#8172,#8173,#8174);
#8172 = CARTESIAN_POINT('',(-1.6,-1.339491193792,0.7));
#8173 = DIRECTION('',(0.,-3.491481338843E-15,1.));
#8174 = DIRECTION('',(0.,-1.,-3.491481338843E-15));
#8175 = ADVANCED_FACE('',(#8176),#8201,.T.);
#8176 = FACE_BOUND('',#8177,.T.);
#8177 = EDGE_LOOP('',(#8178,#8186,#8187,#8195));
#8178 = ORIENTED_EDGE('',*,*,#8179,.F.);
#8179 = EDGE_CURVE('',#8149,#8180,#8182,.T.);
#8180 = VERTEX_POINT('',#8181);
#8181 = CARTESIAN_POINT('',(-1.7763568394E-15,-1.189491193792,0.85));
#8182 = LINE('',#8183,#8184);
#8183 = CARTESIAN_POINT('',(-2.168404344971E-16,-1.189491193792,0.85));
#8184 = VECTOR('',#8185,1.);
#8185 = DIRECTION('',(1.,0.,0.));
#8186 = ORIENTED_EDGE('',*,*,#8146,.F.);
#8187 = ORIENTED_EDGE('',*,*,#8188,.T.);
#8188 = EDGE_CURVE('',#8147,#8189,#8191,.T.);
#8189 = VERTEX_POINT('',#8190);
#8190 = CARTESIAN_POINT('',(-1.7763568394E-15,-1.189491193792,0.7));
#8191 = LINE('',#8192,#8193);
#8192 = CARTESIAN_POINT('',(-2.168404344971E-16,-1.189491193792,0.7));
#8193 = VECTOR('',#8194,1.);
#8194 = DIRECTION('',(1.,0.,0.));
#8195 = ORIENTED_EDGE('',*,*,#8196,.T.);
#8196 = EDGE_CURVE('',#8189,#8180,#8197,.T.);
#8197 = LINE('',#8198,#8199);
#8198 = CARTESIAN_POINT('',(-2.168404344971E-16,-1.189491193792,0.7));
#8199 = VECTOR('',#8200,1.);
#8200 = DIRECTION('',(0.,-3.491481338843E-15,1.));
#8201 = PLANE('',#8202);
#8202 = AXIS2_PLACEMENT_3D('',#8203,#8204,#8205);
#8203 = CARTESIAN_POINT('',(-2.168404344971E-16,-1.189491193792,0.7));
#8204 = DIRECTION('',(0.,-1.,-3.491481338843E-15));
#8205 = DIRECTION('',(1.,0.,0.));
#8206 = ADVANCED_FACE('',(#8207),#8234,.F.);
#8207 = FACE_BOUND('',#8208,.F.);
#8208 = EDGE_LOOP('',(#8209,#8219,#8226,#8227));
#8209 = ORIENTED_EDGE('',*,*,#8210,.F.);
#8210 = EDGE_CURVE('',#8211,#8213,#8215,.T.);
#8211 = VERTEX_POINT('',#8212);
#8212 = CARTESIAN_POINT('',(0.15,-1.339491193792,0.7));
#8213 = VERTEX_POINT('',#8214);
#8214 = CARTESIAN_POINT('',(0.15,-1.339491193792,0.85));
#8215 = LINE('',#8216,#8217);
#8216 = CARTESIAN_POINT('',(0.15,-1.339491193792,0.7));
#8217 = VECTOR('',#8218,1.);
#8218 = DIRECTION('',(0.,-3.491481338843E-15,1.));
#8219 = ORIENTED_EDGE('',*,*,#8220,.F.);
#8220 = EDGE_CURVE('',#8189,#8211,#8221,.T.);
#8221 = CIRCLE('',#8222,0.15);
#8222 = AXIS2_PLACEMENT_3D('',#8223,#8224,#8225);
#8223 = CARTESIAN_POINT('',(-2.168404344971E-16,-1.339491193792,0.7));
#8224 = DIRECTION('',(-0.,3.491481338843E-15,-1.));
#8225 = DIRECTION('',(0.,-1.,-3.491481338843E-15));
#8226 = ORIENTED_EDGE('',*,*,#8196,.T.);
#8227 = ORIENTED_EDGE('',*,*,#8228,.T.);
#8228 = EDGE_CURVE('',#8180,#8213,#8229,.T.);
#8229 = CIRCLE('',#8230,0.15);
#8230 = AXIS2_PLACEMENT_3D('',#8231,#8232,#8233);
#8231 = CARTESIAN_POINT('',(-2.168404344971E-16,-1.339491193792,0.85));
#8232 = DIRECTION('',(-0.,3.491481338843E-15,-1.));
#8233 = DIRECTION('',(0.,-1.,-3.491481338843E-15));
#8234 = CYLINDRICAL_SURFACE('',#8235,0.15);
#8235 = AXIS2_PLACEMENT_3D('',#8236,#8237,#8238);
#8236 = CARTESIAN_POINT('',(-2.168404344971E-16,-1.339491193792,0.7));
#8237 = DIRECTION('',(0.,-3.491481338843E-15,1.));
#8238 = DIRECTION('',(0.,-1.,-3.491481338843E-15));
#8239 = ADVANCED_FACE('',(#8240),#8256,.T.);
#8240 = FACE_BOUND('',#8241,.T.);
#8241 = EDGE_LOOP('',(#8242,#8248,#8249,#8255));
#8242 = ORIENTED_EDGE('',*,*,#8243,.T.);
#8243 = EDGE_CURVE('',#8211,#7921,#8244,.T.);
#8244 = LINE('',#8245,#8246);
#8245 = CARTESIAN_POINT('',(0.15,-1.539491193792,0.7));
#8246 = VECTOR('',#8247,1.);
#8247 = DIRECTION('',(0.,-1.,-3.491481338843E-15));
#8248 = ORIENTED_EDGE('',*,*,#7920,.T.);
#8249 = ORIENTED_EDGE('',*,*,#8250,.F.);
#8250 = EDGE_CURVE('',#8213,#7912,#8251,.T.);
#8251 = LINE('',#8252,#8253);
#8252 = CARTESIAN_POINT('',(0.15,-2.489491193792,0.85));
#8253 = VECTOR('',#8254,1.);
#8254 = DIRECTION('',(7.703541751871E-16,-1.,-3.491481338843E-15));
#8255 = ORIENTED_EDGE('',*,*,#8210,.F.);
#8256 = PLANE('',#8257);
#8257 = AXIS2_PLACEMENT_3D('',#8258,#8259,#8260);
#8258 = CARTESIAN_POINT('',(0.15,-2.489491193792,0.7));
#8259 = DIRECTION('',(-1.,-7.703541751871E-16,-2.689677226966E-30));
#8260 = DIRECTION('',(7.703541751871E-16,-1.,-3.491481338843E-15));
#8261 = ADVANCED_FACE('',(#8262),#8273,.F.);
#8262 = FACE_BOUND('',#8263,.F.);
#8263 = EDGE_LOOP('',(#8264,#8265,#8266,#8272));
#8264 = ORIENTED_EDGE('',*,*,#7893,.F.);
#8265 = ORIENTED_EDGE('',*,*,#7961,.F.);
#8266 = ORIENTED_EDGE('',*,*,#8267,.T.);
#8267 = EDGE_CURVE('',#7946,#7921,#8268,.T.);
#8268 = LINE('',#8269,#8270);
#8269 = CARTESIAN_POINT('',(0.1,-1.539491193792,0.7));
#8270 = VECTOR('',#8271,1.);
#8271 = DIRECTION('',(-1.,-0.,0.));
#8272 = ORIENTED_EDGE('',*,*,#7928,.F.);
#8273 = CYLINDRICAL_SURFACE('',#8274,0.3);
#8274 = AXIS2_PLACEMENT_3D('',#8275,#8276,#8277);
#8275 = CARTESIAN_POINT('',(2.661571873958,-1.539491193792,0.4));
#8276 = DIRECTION('',(-1.,-0.,0.));
#8277 = DIRECTION('',(0.,-1.,-3.433306879537E-15));
#8278 = ADVANCED_FACE('',(#8279),#8304,.T.);
#8279 = FACE_BOUND('',#8280,.T.);
#8280 = EDGE_LOOP('',(#8281,#8289,#8290,#8298));
#8281 = ORIENTED_EDGE('',*,*,#8282,.F.);
#8282 = EDGE_CURVE('',#7944,#8283,#8285,.T.);
#8283 = VERTEX_POINT('',#8284);
#8284 = CARTESIAN_POINT('',(1.75,-0.539491193792,0.85));
#8285 = LINE('',#8286,#8287);
#8286 = CARTESIAN_POINT('',(1.75,-0.539491193792,0.85));
#8287 = VECTOR('',#8288,1.);
#8288 = DIRECTION('',(-0.,1.,3.491481338843E-15));
#8289 = ORIENTED_EDGE('',*,*,#7943,.T.);
#8290 = ORIENTED_EDGE('',*,*,#8291,.T.);
#8291 = EDGE_CURVE('',#7946,#8292,#8294,.T.);
#8292 = VERTEX_POINT('',#8293);
#8293 = CARTESIAN_POINT('',(1.75,-0.539491193792,0.7));
#8294 = LINE('',#8295,#8296);
#8295 = CARTESIAN_POINT('',(1.75,-1.539491193792,0.7));
#8296 = VECTOR('',#8297,1.);
#8297 = DIRECTION('',(2.282530889443E-16,1.,3.491481338843E-15));
#8298 = ORIENTED_EDGE('',*,*,#8299,.T.);
#8299 = EDGE_CURVE('',#8292,#8283,#8300,.T.);
#8300 = LINE('',#8301,#8302);
#8301 = CARTESIAN_POINT('',(1.75,-0.539491193792,0.7));
#8302 = VECTOR('',#8303,1.);
#8303 = DIRECTION('',(0.,-3.491481338843E-15,1.));
#8304 = PLANE('',#8305);
#8305 = AXIS2_PLACEMENT_3D('',#8306,#8307,#8308);
#8306 = CARTESIAN_POINT('',(1.75,-0.539491193792,0.7));
#8307 = DIRECTION('',(1.,0.,-0.));
#8308 = DIRECTION('',(0.,1.,3.491481338843E-15));
#8309 = ADVANCED_FACE('',(#8310),#8338,.T.);
#8310 = FACE_BOUND('',#8311,.T.);
#8311 = EDGE_LOOP('',(#8312,#8313,#8320,#8321,#8322,#8323,#8324,#8325,
    #8326,#8327,#8328,#8329,#8330,#8331));
#8312 = ORIENTED_EDGE('',*,*,#7498,.F.);
#8313 = ORIENTED_EDGE('',*,*,#8314,.F.);
#8314 = EDGE_CURVE('',#8292,#7117,#8315,.T.);
#8315 = CIRCLE('',#8316,0.2);
#8316 = AXIS2_PLACEMENT_3D('',#8317,#8318,#8319);
#8317 = CARTESIAN_POINT('',(1.55,-0.539491193792,0.7));
#8318 = DIRECTION('',(0.,-3.491481338843E-15,1.));
#8319 = DIRECTION('',(0.,1.,3.491481338843E-15));
#8320 = ORIENTED_EDGE('',*,*,#8291,.F.);
#8321 = ORIENTED_EDGE('',*,*,#8267,.T.);
#8322 = ORIENTED_EDGE('',*,*,#8243,.F.);
#8323 = ORIENTED_EDGE('',*,*,#8220,.F.);
#8324 = ORIENTED_EDGE('',*,*,#8188,.F.);
#8325 = ORIENTED_EDGE('',*,*,#8156,.F.);
#8326 = ORIENTED_EDGE('',*,*,#8124,.F.);
#8327 = ORIENTED_EDGE('',*,*,#8085,.F.);
#8328 = ORIENTED_EDGE('',*,*,#6898,.F.);
#8329 = ORIENTED_EDGE('',*,*,#8058,.F.);
#8330 = ORIENTED_EDGE('',*,*,#8028,.F.);
#8331 = ORIENTED_EDGE('',*,*,#8332,.F.);
#8332 = EDGE_CURVE('',#7161,#8021,#8333,.T.);
#8333 = CIRCLE('',#8334,0.2);
#8334 = AXIS2_PLACEMENT_3D('',#8335,#8336,#8337);
#8335 = CARTESIAN_POINT('',(-2.6,-0.589491193792,0.7));
#8336 = DIRECTION('',(0.,-3.491481338843E-15,1.));
#8337 = DIRECTION('',(0.,-1.,-3.491481338843E-15));
#8338 = PLANE('',#8339);
#8339 = AXIS2_PLACEMENT_3D('',#8340,#8341,#8342);
#8340 = CARTESIAN_POINT('',(0.1,1.160508806208,0.7));
#8341 = DIRECTION('',(0.,3.491481338843E-15,-1.));
#8342 = DIRECTION('',(0.,1.,3.491481338843E-15));
#8343 = ADVANCED_FACE('',(#8344),#8356,.T.);
#8344 = FACE_BOUND('',#8345,.T.);
#8345 = EDGE_LOOP('',(#8346,#8347,#8354,#8355));
#8346 = ORIENTED_EDGE('',*,*,#7125,.F.);
#8347 = ORIENTED_EDGE('',*,*,#8348,.F.);
#8348 = EDGE_CURVE('',#8283,#7126,#8349,.T.);
#8349 = CIRCLE('',#8350,0.2);
#8350 = AXIS2_PLACEMENT_3D('',#8351,#8352,#8353);
#8351 = CARTESIAN_POINT('',(1.55,-0.539491193792,0.85));
#8352 = DIRECTION('',(0.,-3.491481338843E-15,1.));
#8353 = DIRECTION('',(0.,1.,3.491481338843E-15));
#8354 = ORIENTED_EDGE('',*,*,#8299,.F.);
#8355 = ORIENTED_EDGE('',*,*,#8314,.T.);
#8356 = CYLINDRICAL_SURFACE('',#8357,0.2);
#8357 = AXIS2_PLACEMENT_3D('',#8358,#8359,#8360);
#8358 = CARTESIAN_POINT('',(1.55,-0.539491193792,0.7));
#8359 = DIRECTION('',(0.,-3.491481338843E-15,1.));
#8360 = DIRECTION('',(0.,-1.,-3.491481338843E-15));
#8361 = ADVANCED_FACE('',(#8362),#8384,.F.);
#8362 = FACE_BOUND('',#8363,.T.);
#8363 = EDGE_LOOP('',(#8364,#8365,#8366,#8373,#8374,#8375,#8376,#8377,
    #8378,#8379,#8380,#8381,#8382,#8383));
#8364 = ORIENTED_EDGE('',*,*,#8348,.T.);
#8365 = ORIENTED_EDGE('',*,*,#7525,.T.);
#8366 = ORIENTED_EDGE('',*,*,#8367,.T.);
#8367 = EDGE_CURVE('',#7179,#8011,#8368,.T.);
#8368 = CIRCLE('',#8369,0.2);
#8369 = AXIS2_PLACEMENT_3D('',#8370,#8371,#8372);
#8370 = CARTESIAN_POINT('',(-2.6,-0.589491193792,0.85));
#8371 = DIRECTION('',(0.,-3.491481338843E-15,1.));
#8372 = DIRECTION('',(0.,-1.,-3.491481338843E-15));
#8373 = ORIENTED_EDGE('',*,*,#8010,.T.);
#8374 = ORIENTED_EDGE('',*,*,#8051,.T.);
#8375 = ORIENTED_EDGE('',*,*,#7995,.T.);
#8376 = ORIENTED_EDGE('',*,*,#8101,.T.);
#8377 = ORIENTED_EDGE('',*,*,#8115,.T.);
#8378 = ORIENTED_EDGE('',*,*,#8164,.T.);
#8379 = ORIENTED_EDGE('',*,*,#8179,.T.);
#8380 = ORIENTED_EDGE('',*,*,#8228,.T.);
#8381 = ORIENTED_EDGE('',*,*,#8250,.T.);
#8382 = ORIENTED_EDGE('',*,*,#7979,.F.);
#8383 = ORIENTED_EDGE('',*,*,#8282,.T.);
#8384 = PLANE('',#8385);
#8385 = AXIS2_PLACEMENT_3D('',#8386,#8387,#8388);
#8386 = CARTESIAN_POINT('',(0.1,1.160508806208,0.85));
#8387 = DIRECTION('',(0.,3.491481338843E-15,-1.));
#8388 = DIRECTION('',(0.,1.,3.491481338843E-15));
#8389 = ADVANCED_FACE('',(#8390),#8396,.T.);
#8390 = FACE_BOUND('',#8391,.T.);
#8391 = EDGE_LOOP('',(#8392,#8393,#8394,#8395));
#8392 = ORIENTED_EDGE('',*,*,#7187,.F.);
#8393 = ORIENTED_EDGE('',*,*,#8332,.T.);
#8394 = ORIENTED_EDGE('',*,*,#8020,.T.);
#8395 = ORIENTED_EDGE('',*,*,#8367,.F.);
#8396 = CYLINDRICAL_SURFACE('',#8397,0.2);
#8397 = AXIS2_PLACEMENT_3D('',#8398,#8399,#8400);
#8398 = CARTESIAN_POINT('',(-2.6,-0.589491193792,0.7));
#8399 = DIRECTION('',(0.,-3.491481338843E-15,1.));
#8400 = DIRECTION('',(0.,-1.,-3.491481338843E-15));
#8401 = ADVANCED_FACE('',(#8402),#8438,.F.);
#8402 = FACE_BOUND('',#8403,.F.);
#8403 = EDGE_LOOP('',(#8404,#8415,#8422,#8431));
#8404 = ORIENTED_EDGE('',*,*,#8405,.T.);
#8405 = EDGE_CURVE('',#8406,#8408,#8410,.T.);
#8406 = VERTEX_POINT('',#8407);
#8407 = CARTESIAN_POINT('',(1.693325527575,-0.4,-0.7));
#8408 = VERTEX_POINT('',#8409);
#8409 = CARTESIAN_POINT('',(1.55,-0.353723201033,-0.695679583762));
#8410 = B_SPLINE_CURVE_WITH_KNOTS('',3,(#8411,#8412,#8413,#8414),
  .UNSPECIFIED.,.F.,.F.,(4,4),(0.,1.),.PIECEWISE_BEZIER_KNOTS.);
#8411 = CARTESIAN_POINT('',(1.693325527575,-0.4,-0.7));
#8412 = CARTESIAN_POINT('',(1.645550351716,-0.384484921485,-0.7));
#8413 = CARTESIAN_POINT('',(1.597775175858,-0.368970153159,
    -0.698551536439));
#8414 = CARTESIAN_POINT('',(1.55,-0.353723201033,-0.695679583762));
#8415 = ORIENTED_EDGE('',*,*,#8416,.F.);
#8416 = EDGE_CURVE('',#8417,#8408,#8419,.T.);
#8417 = VERTEX_POINT('',#8418);
#8418 = CARTESIAN_POINT('',(1.55,-0.325957121653,-0.843087334019));
#8419 = B_SPLINE_CURVE_WITH_KNOTS('',1,(#8420,#8421),.UNSPECIFIED.,.F.,
  .F.,(2,2),(0.,1.),.PIECEWISE_BEZIER_KNOTS.);
#8420 = CARTESIAN_POINT('',(1.55,-0.325957121653,-0.843087334019));
#8421 = CARTESIAN_POINT('',(1.55,-0.353723201033,-0.695679583762));
#8422 = ORIENTED_EDGE('',*,*,#8423,.F.);
#8423 = EDGE_CURVE('',#8424,#8417,#8426,.T.);
#8424 = VERTEX_POINT('',#8425);
#8425 = CARTESIAN_POINT('',(1.693325527575,-0.4,-0.85));
#8426 = B_SPLINE_CURVE_WITH_KNOTS('',3,(#8427,#8428,#8429,#8430),
  .UNSPECIFIED.,.F.,.F.,(4,4),(0.,1.),.PIECEWISE_BEZIER_KNOTS.);
#8427 = CARTESIAN_POINT('',(1.693325527575,-0.4,-0.85));
#8428 = CARTESIAN_POINT('',(1.645549981609,-0.375175682067,-0.85));
#8429 = CARTESIAN_POINT('',(1.597775545966,-0.35035243404,
    -0.847682493901));
#8430 = CARTESIAN_POINT('',(1.55,-0.325957121653,-0.843087334019));
#8431 = ORIENTED_EDGE('',*,*,#8432,.T.);
#8432 = EDGE_CURVE('',#8424,#8406,#8433,.T.);
#8433 = B_SPLINE_CURVE_WITH_KNOTS('',3,(#8434,#8435,#8436,#8437),
  .UNSPECIFIED.,.F.,.F.,(4,4),(0.,1.),.PIECEWISE_BEZIER_KNOTS.);
#8434 = CARTESIAN_POINT('',(1.693325527575,-0.4,-0.85));
#8435 = CARTESIAN_POINT('',(1.693325527575,-0.4,-0.8));
#8436 = CARTESIAN_POINT('',(1.693325527575,-0.4,-0.75));
#8437 = CARTESIAN_POINT('',(1.693325527575,-0.4,-0.7));
#8438 = B_SPLINE_SURFACE_WITH_KNOTS('',1,3,(
    (#8439,#8440,#8441,#8442)
    ,(#8443,#8444,#8445,#8446
    )),.UNSPECIFIED.,.F.,.F.,.F.,(2,2),(4,4),(0.,1.),(0.,1.),
  .PIECEWISE_BEZIER_KNOTS.);
#8439 = CARTESIAN_POINT('',(1.693325527575,-0.4,-0.85));
#8440 = CARTESIAN_POINT('',(1.645549981609,-0.375175682067,-0.85));
#8441 = CARTESIAN_POINT('',(1.597775545966,-0.35035243404,
    -0.847682493901));
#8442 = CARTESIAN_POINT('',(1.55,-0.325957121653,-0.843087334019));
#8443 = CARTESIAN_POINT('',(1.693325527575,-0.4,-0.7));
#8444 = CARTESIAN_POINT('',(1.645550184617,-0.384484867219,-0.7));
#8445 = CARTESIAN_POINT('',(1.597775342958,-0.368970206487,
    -0.698551546484));
#8446 = CARTESIAN_POINT('',(1.55,-0.353723201033,-0.695679583762));
#8447 = ADVANCED_FACE('',(#8448),#8474,.F.);
#8448 = FACE_BOUND('',#8449,.T.);
#8449 = EDGE_LOOP('',(#8450,#8451,#8459,#8468));
#8450 = ORIENTED_EDGE('',*,*,#8416,.F.);
#8451 = ORIENTED_EDGE('',*,*,#8452,.T.);
#8452 = EDGE_CURVE('',#8417,#8453,#8455,.T.);
#8453 = VERTEX_POINT('',#8454);
#8454 = CARTESIAN_POINT('',(1.E-01,-0.325957121653,-0.843087334019));
#8455 = LINE('',#8456,#8457);
#8456 = CARTESIAN_POINT('',(-5.039670450694,-0.325957121653,
    -0.843087334019));
#8457 = VECTOR('',#8458,1.);
#8458 = DIRECTION('',(-1.,0.,0.));
#8459 = ORIENTED_EDGE('',*,*,#8460,.T.);
#8460 = EDGE_CURVE('',#8453,#8461,#8463,.T.);
#8461 = VERTEX_POINT('',#8462);
#8462 = CARTESIAN_POINT('',(1.E-01,-0.353723201033,-0.695679583762));
#8463 = B_SPLINE_CURVE_WITH_KNOTS('',3,(#8464,#8465,#8466,#8467),
  .UNSPECIFIED.,.F.,.F.,(4,4),(0.,1.),.PIECEWISE_BEZIER_KNOTS.);
#8464 = CARTESIAN_POINT('',(1.E-01,-0.325957121653,-0.843087334019));
#8465 = CARTESIAN_POINT('',(1.E-01,-0.335212481446,-0.793951417266));
#8466 = CARTESIAN_POINT('',(1.E-01,-0.34446784124,-0.744815500514));
#8467 = CARTESIAN_POINT('',(1.E-01,-0.353723201033,-0.695679583762));
#8468 = ORIENTED_EDGE('',*,*,#8469,.F.);
#8469 = EDGE_CURVE('',#8408,#8461,#8470,.T.);
#8470 = LINE('',#8471,#8472);
#8471 = CARTESIAN_POINT('',(1.E-01,-0.353723201033,-0.695679583762));
#8472 = VECTOR('',#8473,1.);
#8473 = DIRECTION('',(-1.,-7.477256361969E-17,-0.));
#8474 = PLANE('',#8475);
#8475 = AXIS2_PLACEMENT_3D('',#8476,#8477,#8478);
#8476 = CARTESIAN_POINT('',(0.825,-0.353723201033,-0.695679583762));
#8477 = DIRECTION('',(7.348036922755E-17,-0.982718335047,-0.185107195868
    ));
#8478 = DIRECTION('',(-1.,-7.477256361969E-17,-1.694705348345E-33));
#8479 = ADVANCED_FACE('',(#8480),#8506,.F.);
#8480 = FACE_BOUND('',#8481,.F.);
#8481 = EDGE_LOOP('',(#8482,#8491,#8498,#8505));
#8482 = ORIENTED_EDGE('',*,*,#8483,.T.);
#8483 = EDGE_CURVE('',#8461,#8484,#8486,.T.);
#8484 = VERTEX_POINT('',#8485);
#8485 = CARTESIAN_POINT('',(0.,-0.281490038729,-0.670125848277));
#8486 = B_SPLINE_CURVE_WITH_KNOTS('',3,(#8487,#8488,#8489,#8490),
  .UNSPECIFIED.,.F.,.F.,(4,4),(0.,1.),.PIECEWISE_BEZIER_KNOTS.);
#8487 = CARTESIAN_POINT('',(1.E-01,-0.353723201033,-0.695679583762));
#8488 = CARTESIAN_POINT('',(6.666666666667E-02,-0.328525295006,
    -0.690933245406));
#8489 = CARTESIAN_POINT('',(3.333333333333E-02,-0.304067048809,
    -0.6822807161));
#8490 = CARTESIAN_POINT('',(0.,-0.281490038729,-0.670125848277));
#8491 = ORIENTED_EDGE('',*,*,#8492,.F.);
#8492 = EDGE_CURVE('',#8493,#8484,#8495,.T.);
#8493 = VERTEX_POINT('',#8494);
#8494 = CARTESIAN_POINT('',(0.,-0.210384061967,-0.802201357243));
#8495 = B_SPLINE_CURVE_WITH_KNOTS('',1,(#8496,#8497),.UNSPECIFIED.,.F.,
  .F.,(2,2),(0.,1.),.PIECEWISE_BEZIER_KNOTS.);
#8496 = CARTESIAN_POINT('',(0.,-0.210384061967,-0.802201357243));
#8497 = CARTESIAN_POINT('',(0.,-0.281490038729,-0.670125848277));
#8498 = ORIENTED_EDGE('',*,*,#8499,.F.);
#8499 = EDGE_CURVE('',#8453,#8493,#8500,.T.);
#8500 = B_SPLINE_CURVE_WITH_KNOTS('',3,(#8501,#8502,#8503,#8504),
  .UNSPECIFIED.,.F.,.F.,(4,4),(0.,1.),.PIECEWISE_BEZIER_KNOTS.);
#8501 = CARTESIAN_POINT('',(1.E-01,-0.325957121653,-0.843087334019));
#8502 = CARTESIAN_POINT('',(6.666159959391E-02,-0.285634343388,
    -0.835492038248));
#8503 = CARTESIAN_POINT('',(3.333840040609E-02,-0.246512769264,
    -0.82165210206));
#8504 = CARTESIAN_POINT('',(0.,-0.210384061967,-0.802201357243));
#8505 = ORIENTED_EDGE('',*,*,#8460,.T.);
#8506 = B_SPLINE_SURFACE_WITH_KNOTS('',1,3,(
    (#8507,#8508,#8509,#8510)
    ,(#8511,#8512,#8513,#8514
    )),.UNSPECIFIED.,.F.,.F.,.F.,(2,2),(4,4),(0.,1.),(0.,1.),
  .PIECEWISE_BEZIER_KNOTS.);
#8507 = CARTESIAN_POINT('',(1.E-01,-0.325957121653,-0.843087334019));
#8508 = CARTESIAN_POINT('',(6.666159959391E-02,-0.285634343388,
    -0.835492038248));
#8509 = CARTESIAN_POINT('',(3.333840040609E-02,-0.246512769264,
    -0.82165210206));
#8510 = CARTESIAN_POINT('',(0.,-0.210384061967,-0.802201357243));
#8511 = CARTESIAN_POINT('',(1.E-01,-0.353723201033,-0.695679583762));
#8512 = CARTESIAN_POINT('',(6.666344241391E-02,-0.328522857674,
    -0.690932786304));
#8513 = CARTESIAN_POINT('',(3.333655758609E-02,-0.304069232629,
    -0.682281891811));
#8514 = CARTESIAN_POINT('',(0.,-0.281490038729,-0.670125848277));
#8515 = ADVANCED_FACE('',(#8516),#8544,.F.);
#8516 = FACE_BOUND('',#8517,.T.);
#8517 = EDGE_LOOP('',(#8518,#8519,#8528,#8537));
#8518 = ORIENTED_EDGE('',*,*,#8492,.F.);
#8519 = ORIENTED_EDGE('',*,*,#8520,.T.);
#8520 = EDGE_CURVE('',#8493,#8521,#8523,.T.);
#8521 = VERTEX_POINT('',#8522);
#8522 = CARTESIAN_POINT('',(0.,-4.185262388385E-02,-0.628130449337));
#8523 = CIRCLE('',#8524,0.4);
#8524 = AXIS2_PLACEMENT_3D('',#8525,#8526,#8527);
#8525 = CARTESIAN_POINT('',(0.,-0.4,-0.45));
#8526 = DIRECTION('',(1.,-0.,0.));
#8527 = DIRECTION('',(0.,0.,-1.));
#8528 = ORIENTED_EDGE('',*,*,#8529,.T.);
#8529 = EDGE_CURVE('',#8521,#8530,#8532,.T.);
#8530 = VERTEX_POINT('',#8531);
#8531 = CARTESIAN_POINT('',(-1.7763568394E-15,-0.176157889927,
    -0.561331530836));
#8532 = B_SPLINE_CURVE_WITH_KNOTS('',3,(#8533,#8534,#8535,#8536),
  .UNSPECIFIED.,.F.,.F.,(4,4),(0.,1.),.PIECEWISE_BEZIER_KNOTS.);
#8533 = CARTESIAN_POINT('',(0.,-4.185262388385E-02,-0.628130449337));
#8534 = CARTESIAN_POINT('',(0.,-8.662104589837E-02,-0.60586414317));
#8535 = CARTESIAN_POINT('',(0.,-0.131389467913,-0.583597837003));
#8536 = CARTESIAN_POINT('',(0.,-0.176157889927,-0.561331530836));
#8537 = ORIENTED_EDGE('',*,*,#8538,.F.);
#8538 = EDGE_CURVE('',#8484,#8530,#8539,.T.);
#8539 = CIRCLE('',#8540,0.25);
#8540 = AXIS2_PLACEMENT_3D('',#8541,#8542,#8543);
#8541 = CARTESIAN_POINT('',(0.,-0.4,-0.45));
#8542 = DIRECTION('',(1.,0.,-0.));
#8543 = DIRECTION('',(0.,0.,1.));
#8544 = PLANE('',#8545);
#8545 = AXIS2_PLACEMENT_3D('',#8546,#8547,#8548);
#8546 = CARTESIAN_POINT('',(0.,-0.4,-0.45));
#8547 = DIRECTION('',(-1.,0.,0.));
#8548 = DIRECTION('',(0.,0.,1.));
#8549 = ADVANCED_FACE('',(#8550),#8576,.F.);
#8550 = FACE_BOUND('',#8551,.F.);
#8551 = EDGE_LOOP('',(#8552,#8561,#8568,#8575));
#8552 = ORIENTED_EDGE('',*,*,#8553,.T.);
#8553 = EDGE_CURVE('',#8530,#8554,#8556,.T.);
#8554 = VERTEX_POINT('',#8555);
#8555 = CARTESIAN_POINT('',(1.E-01,-0.15295274902,-0.488309995868));
#8556 = B_SPLINE_CURVE_WITH_KNOTS('',3,(#8557,#8558,#8559,#8560),
  .UNSPECIFIED.,.F.,.F.,(4,4),(0.,1.),.PIECEWISE_BEZIER_KNOTS.);
#8557 = CARTESIAN_POINT('',(0.,-0.176157889927,-0.561331530836));
#8558 = CARTESIAN_POINT('',(3.333333333333E-02,-0.16473927138,
    -0.5383733657));
#8559 = CARTESIAN_POINT('',(6.666666666667E-02,-0.156881979366,
    -0.513648175456));
#8560 = CARTESIAN_POINT('',(0.1,-0.15295274902,-0.488309995868));
#8561 = ORIENTED_EDGE('',*,*,#8562,.F.);
#8562 = EDGE_CURVE('',#8563,#8554,#8565,.T.);
#8563 = VERTEX_POINT('',#8564);
#8564 = CARTESIAN_POINT('',(1.E-01,-4.72439843256E-03,-0.511295993389));
#8565 = B_SPLINE_CURVE_WITH_KNOTS('',1,(#8566,#8567),.UNSPECIFIED.,.F.,
  .F.,(2,2),(0.,1.),.PIECEWISE_BEZIER_KNOTS.);
#8566 = CARTESIAN_POINT('',(0.1,-4.72439843256E-03,-0.511295993389));
#8567 = CARTESIAN_POINT('',(0.1,-0.15295274902,-0.488309995868));
#8568 = ORIENTED_EDGE('',*,*,#8569,.F.);
#8569 = EDGE_CURVE('',#8521,#8563,#8570,.T.);
#8570 = B_SPLINE_CURVE_WITH_KNOTS('',3,(#8571,#8572,#8573,#8574),
  .UNSPECIFIED.,.F.,.F.,(4,4),(0.,1.),.PIECEWISE_BEZIER_KNOTS.);
#8571 = CARTESIAN_POINT('',(0.,-4.185262388385E-02,-0.628130449337));
#8572 = CARTESIAN_POINT('',(3.333840040609E-02,-2.358005697762E-02,
    -0.591391801247));
#8573 = CARTESIAN_POINT('',(6.666159959391E-02,-1.101212265065E-02,
    -0.551843243468));
#8574 = CARTESIAN_POINT('',(0.1,-4.72439843256E-03,-0.511295993389));
#8575 = ORIENTED_EDGE('',*,*,#8529,.T.);
#8576 = B_SPLINE_SURFACE_WITH_KNOTS('',1,3,(
    (#8577,#8578,#8579,#8580)
    ,(#8581,#8582,#8583,#8584
    )),.UNSPECIFIED.,.F.,.F.,.F.,(2,2),(4,4),(0.,1.),(0.,1.),
  .PIECEWISE_BEZIER_KNOTS.);
#8577 = CARTESIAN_POINT('',(0.,-4.185262388385E-02,-0.628130449337));
#8578 = CARTESIAN_POINT('',(3.333840040609E-02,-2.358005697762E-02,
    -0.591391801247));
#8579 = CARTESIAN_POINT('',(6.666159959391E-02,-1.101212265065E-02,
    -0.551843243468));
#8580 = CARTESIAN_POINT('',(0.1,-4.724398432559E-03,-0.511295993389));
#8581 = CARTESIAN_POINT('',(0.,-0.176157889927,-0.561331530836));
#8582 = CARTESIAN_POINT('',(3.333655758609E-02,-0.164738166885,
    -0.538371145012));
#8583 = CARTESIAN_POINT('',(6.666344241391E-02,-0.156882359431,
    -0.513650626356));
#8584 = CARTESIAN_POINT('',(0.1,-0.15295274902,-0.488309995868));
#8585 = ADVANCED_FACE('',(#8586),#8611,.F.);
#8586 = FACE_BOUND('',#8587,.T.);
#8587 = EDGE_LOOP('',(#8588,#8589,#8597,#8605));
#8588 = ORIENTED_EDGE('',*,*,#8562,.F.);
#8589 = ORIENTED_EDGE('',*,*,#8590,.T.);
#8590 = EDGE_CURVE('',#8563,#8591,#8593,.T.);
#8591 = VERTEX_POINT('',#8592);
#8592 = CARTESIAN_POINT('',(0.3,-4.72439843256E-03,-0.511295993389));
#8593 = LINE('',#8594,#8595);
#8594 = CARTESIAN_POINT('',(-5.039670450694,-4.72439843256E-03,
    -0.511295993389));
#8595 = VECTOR('',#8596,1.);
#8596 = DIRECTION('',(1.,-0.,-0.));
#8597 = ORIENTED_EDGE('',*,*,#8598,.T.);
#8598 = EDGE_CURVE('',#8591,#8599,#8601,.T.);
#8599 = VERTEX_POINT('',#8600);
#8600 = CARTESIAN_POINT('',(0.3,-0.15295274902,-0.488309995868));
#8601 = LINE('',#8602,#8603);
#8602 = CARTESIAN_POINT('',(0.3,-0.15295274902,-0.488309995868));
#8603 = VECTOR('',#8604,1.);
#8604 = DIRECTION('',(-0.,-0.988189003919,0.153239983472));
#8605 = ORIENTED_EDGE('',*,*,#8606,.F.);
#8606 = EDGE_CURVE('',#8554,#8599,#8607,.T.);
#8607 = LINE('',#8608,#8609);
#8608 = CARTESIAN_POINT('',(0.3,-0.15295274902,-0.488309995868));
#8609 = VECTOR('',#8610,1.);
#8610 = DIRECTION('',(1.,-0.,-0.));
#8611 = PLANE('',#8612);
#8612 = AXIS2_PLACEMENT_3D('',#8613,#8614,#8615);
#8613 = CARTESIAN_POINT('',(0.2,-0.15295274902,-0.488309995868));
#8614 = DIRECTION('',(0.,0.153239983472,0.988189003919));
#8615 = DIRECTION('',(1.,0.,-0.));
#8616 = ADVANCED_FACE('',(#8617),#8635,.F.);
#8617 = FACE_BOUND('',#8618,.T.);
#8618 = EDGE_LOOP('',(#8619,#8620,#8627,#8628));
#8619 = ORIENTED_EDGE('',*,*,#8598,.F.);
#8620 = ORIENTED_EDGE('',*,*,#8621,.T.);
#8621 = EDGE_CURVE('',#8591,#6993,#8622,.T.);
#8622 = CIRCLE('',#8623,0.4);
#8623 = AXIS2_PLACEMENT_3D('',#8624,#8625,#8626);
#8624 = CARTESIAN_POINT('',(0.3,-0.4,-0.45));
#8625 = DIRECTION('',(1.,-0.,0.));
#8626 = DIRECTION('',(0.,0.,-1.));
#8627 = ORIENTED_EDGE('',*,*,#7061,.T.);
#8628 = ORIENTED_EDGE('',*,*,#8629,.F.);
#8629 = EDGE_CURVE('',#8599,#7062,#8630,.T.);
#8630 = CIRCLE('',#8631,0.25);
#8631 = AXIS2_PLACEMENT_3D('',#8632,#8633,#8634);
#8632 = CARTESIAN_POINT('',(0.3,-0.4,-0.45));
#8633 = DIRECTION('',(1.,0.,-0.));
#8634 = DIRECTION('',(0.,0.,1.));
#8635 = PLANE('',#8636);
#8636 = AXIS2_PLACEMENT_3D('',#8637,#8638,#8639);
#8637 = CARTESIAN_POINT('',(0.3,-0.4,-0.45));
#8638 = DIRECTION('',(-1.,0.,0.));
#8639 = DIRECTION('',(0.,0.,1.));
#8640 = ADVANCED_FACE('',(#8641),#8669,.F.);
#8641 = FACE_BOUND('',#8642,.T.);
#8642 = EDGE_LOOP('',(#8643,#8644,#8653,#8662));
#8643 = ORIENTED_EDGE('',*,*,#7030,.T.);
#8644 = ORIENTED_EDGE('',*,*,#8645,.T.);
#8645 = EDGE_CURVE('',#7001,#8646,#8648,.T.);
#8646 = VERTEX_POINT('',#8647);
#8647 = CARTESIAN_POINT('',(-1.6,-0.210384061967,-0.802201357243));
#8648 = CIRCLE('',#8649,0.4);
#8649 = AXIS2_PLACEMENT_3D('',#8650,#8651,#8652);
#8650 = CARTESIAN_POINT('',(-1.6,-0.4,-0.45));
#8651 = DIRECTION('',(-1.,0.,0.));
#8652 = DIRECTION('',(-0.,-2.710505431214E-15,-1.));
#8653 = ORIENTED_EDGE('',*,*,#8654,.T.);
#8654 = EDGE_CURVE('',#8646,#8655,#8657,.T.);
#8655 = VERTEX_POINT('',#8656);
#8656 = CARTESIAN_POINT('',(-1.6,-0.281490038729,-0.670125848277));
#8657 = B_SPLINE_CURVE_WITH_KNOTS('',3,(#8658,#8659,#8660,#8661),
  .UNSPECIFIED.,.F.,.F.,(4,4),(0.,1.),.PIECEWISE_BEZIER_KNOTS.);
#8658 = CARTESIAN_POINT('',(-1.6,-0.210384061967,-0.802201357243));
#8659 = CARTESIAN_POINT('',(-1.6,-0.234086054221,-0.758176187588));
#8660 = CARTESIAN_POINT('',(-1.6,-0.257788046475,-0.714151017932));
#8661 = CARTESIAN_POINT('',(-1.6,-0.281490038729,-0.670125848277));
#8662 = ORIENTED_EDGE('',*,*,#8663,.F.);
#8663 = EDGE_CURVE('',#7031,#8655,#8664,.T.);
#8664 = CIRCLE('',#8665,0.25);
#8665 = AXIS2_PLACEMENT_3D('',#8666,#8667,#8668);
#8666 = CARTESIAN_POINT('',(-1.6,-0.4,-0.45));
#8667 = DIRECTION('',(-1.,-0.,-0.));
#8668 = DIRECTION('',(0.,0.,-1.));
#8669 = PLANE('',#8670);
#8670 = AXIS2_PLACEMENT_3D('',#8671,#8672,#8673);
#8671 = CARTESIAN_POINT('',(-1.6,-0.4,-0.45));
#8672 = DIRECTION('',(1.,0.,0.));
#8673 = DIRECTION('',(0.,0.,-1.));
#8674 = ADVANCED_FACE('',(#8675),#8701,.F.);
#8675 = FACE_BOUND('',#8676,.F.);
#8676 = EDGE_LOOP('',(#8677,#8686,#8693,#8700));
#8677 = ORIENTED_EDGE('',*,*,#8678,.T.);
#8678 = EDGE_CURVE('',#8655,#8679,#8681,.T.);
#8679 = VERTEX_POINT('',#8680);
#8680 = CARTESIAN_POINT('',(-1.75,-0.391917711479,-0.69986931907));
#8681 = B_SPLINE_CURVE_WITH_KNOTS('',3,(#8682,#8683,#8684,#8685),
  .UNSPECIFIED.,.F.,.F.,(4,4),(0.,1.),.PIECEWISE_BEZIER_KNOTS.);
#8682 = CARTESIAN_POINT('',(-1.6,-0.281490038729,-0.670125848277));
#8683 = CARTESIAN_POINT('',(-1.65,-0.315355553849,-0.688358150011));
#8684 = CARTESIAN_POINT('',(-1.7,-0.353476277776,-0.698625890066));
#8685 = CARTESIAN_POINT('',(-1.75,-0.391917711479,-0.69986931907));
#8686 = ORIENTED_EDGE('',*,*,#8687,.F.);
#8687 = EDGE_CURVE('',#8688,#8679,#8690,.T.);
#8688 = VERTEX_POINT('',#8689);
#8689 = CARTESIAN_POINT('',(-1.75,-0.387068338367,-0.849790910511));
#8690 = B_SPLINE_CURVE_WITH_KNOTS('',1,(#8691,#8692),.UNSPECIFIED.,.F.,
  .F.,(2,2),(0.,1.),.PIECEWISE_BEZIER_KNOTS.);
#8691 = CARTESIAN_POINT('',(-1.75,-0.387068338367,-0.849790910511));
#8692 = CARTESIAN_POINT('',(-1.75,-0.391917711479,-0.69986931907));
#8693 = ORIENTED_EDGE('',*,*,#8694,.F.);
#8694 = EDGE_CURVE('',#8646,#8688,#8695,.T.);
#8695 = B_SPLINE_CURVE_WITH_KNOTS('',3,(#8696,#8697,#8698,#8699),
  .UNSPECIFIED.,.F.,.F.,(4,4),(0.,1.),.PIECEWISE_BEZIER_KNOTS.);
#8696 = CARTESIAN_POINT('',(-1.6,-0.210384061967,-0.802201357243));
#8697 = CARTESIAN_POINT('',(-1.650034851799,-0.26460665493,
    -0.83139337373));
#8698 = CARTESIAN_POINT('',(-1.699965148201,-0.325519172342,
    -0.847800037363));
#8699 = CARTESIAN_POINT('',(-1.75,-0.387068338367,-0.849790910511));
#8700 = ORIENTED_EDGE('',*,*,#8654,.T.);
#8701 = B_SPLINE_SURFACE_WITH_KNOTS('',1,3,(
    (#8702,#8703,#8704,#8705)
    ,(#8706,#8707,#8708,#8709
    )),.UNSPECIFIED.,.F.,.F.,.F.,(2,2),(4,4),(0.,1.),(0.,1.),
  .PIECEWISE_BEZIER_KNOTS.);
#8702 = CARTESIAN_POINT('',(-1.6,-0.210384061967,-0.802201357243));
#8703 = CARTESIAN_POINT('',(-1.650034851799,-0.26460665493,
    -0.83139337373));
#8704 = CARTESIAN_POINT('',(-1.699965148201,-0.325519172342,
    -0.847800037363));
#8705 = CARTESIAN_POINT('',(-1.75,-0.387068338367,-0.849790910511));
#8706 = CARTESIAN_POINT('',(-1.6,-0.281490038729,-0.670125848277));
#8707 = CARTESIAN_POINT('',(-1.650022910374,-0.315371071282,
    -0.688366504188));
#8708 = CARTESIAN_POINT('',(-1.699977089626,-0.353458663623,
    -0.698625320318));
#8709 = CARTESIAN_POINT('',(-1.75,-0.391917711479,-0.69986931907));
#8710 = ADVANCED_FACE('',(#8711),#8737,.F.);
#8711 = FACE_BOUND('',#8712,.T.);
#8712 = EDGE_LOOP('',(#8713,#8714,#8722,#8731));
#8713 = ORIENTED_EDGE('',*,*,#8687,.F.);
#8714 = ORIENTED_EDGE('',*,*,#8715,.T.);
#8715 = EDGE_CURVE('',#8688,#8716,#8718,.T.);
#8716 = VERTEX_POINT('',#8717);
#8717 = CARTESIAN_POINT('',(-2.6,-0.387068338367,-0.849790910511));
#8718 = LINE('',#8719,#8720);
#8719 = CARTESIAN_POINT('',(-5.039670450694,-0.387068338367,
    -0.849790910511));
#8720 = VECTOR('',#8721,1.);
#8721 = DIRECTION('',(-1.,0.,0.));
#8722 = ORIENTED_EDGE('',*,*,#8723,.T.);
#8723 = EDGE_CURVE('',#8716,#8724,#8726,.T.);
#8724 = VERTEX_POINT('',#8725);
#8725 = CARTESIAN_POINT('',(-2.6,-0.391917711479,-0.69986931907));
#8726 = B_SPLINE_CURVE_WITH_KNOTS('',3,(#8727,#8728,#8729,#8730),
  .UNSPECIFIED.,.F.,.F.,(4,4),(0.,1.),.PIECEWISE_BEZIER_KNOTS.);
#8727 = CARTESIAN_POINT('',(-2.6,-0.387068338367,-0.849790910511));
#8728 = CARTESIAN_POINT('',(-2.6,-0.388684796071,-0.799817046697));
#8729 = CARTESIAN_POINT('',(-2.6,-0.390301253775,-0.749843182883));
#8730 = CARTESIAN_POINT('',(-2.6,-0.391917711479,-0.69986931907));
#8731 = ORIENTED_EDGE('',*,*,#8732,.F.);
#8732 = EDGE_CURVE('',#8679,#8724,#8733,.T.);
#8733 = LINE('',#8734,#8735);
#8734 = CARTESIAN_POINT('',(-2.6,-0.391917711479,-0.69986931907));
#8735 = VECTOR('',#8736,1.);
#8736 = DIRECTION('',(-1.,2.55106393526E-16,-0.));
#8737 = PLANE('',#8738);
#8738 = AXIS2_PLACEMENT_3D('',#8739,#8740,#8741);
#8739 = CARTESIAN_POINT('',(-2.175,-0.391917711479,-0.69986931907));
#8740 = DIRECTION('',(-2.549730433625E-16,-0.999477276278,
    -3.232915408336E-02));
#8741 = DIRECTION('',(-1.,2.55106393526E-16,-1.424347519381E-33));
#8742 = ADVANCED_FACE('',(#8743),#8771,.F.);
#8743 = FACE_BOUND('',#8744,.F.);
#8744 = EDGE_LOOP('',(#8745,#8746,#8755,#8764));
#8745 = ORIENTED_EDGE('',*,*,#8723,.T.);
#8746 = ORIENTED_EDGE('',*,*,#8747,.T.);
#8747 = EDGE_CURVE('',#8724,#8748,#8750,.T.);
#8748 = VERTEX_POINT('',#8749);
#8749 = CARTESIAN_POINT('',(-2.663977241855,-0.4,-0.7));
#8750 = B_SPLINE_CURVE_WITH_KNOTS('',3,(#8751,#8752,#8753,#8754),
  .UNSPECIFIED.,.F.,.F.,(4,4),(0.,1.),.PIECEWISE_BEZIER_KNOTS.);
#8751 = CARTESIAN_POINT('',(-2.6,-0.391917711479,-0.69986931907));
#8752 = CARTESIAN_POINT('',(-2.621620221361,-0.392587730588,
    -0.699890991549));
#8753 = CARTESIAN_POINT('',(-2.642945968647,-0.395281238138,-0.7));
#8754 = CARTESIAN_POINT('',(-2.663977241855,-0.4,-0.7));
#8755 = ORIENTED_EDGE('',*,*,#8756,.T.);
#8756 = EDGE_CURVE('',#8748,#8757,#8759,.T.);
#8757 = VERTEX_POINT('',#8758);
#8758 = CARTESIAN_POINT('',(-2.663977241855,-0.4,-0.85));
#8759 = B_SPLINE_CURVE_WITH_KNOTS('',3,(#8760,#8761,#8762,#8763),
  .UNSPECIFIED.,.F.,.F.,(4,4),(0.,1.),.PIECEWISE_BEZIER_KNOTS.);
#8760 = CARTESIAN_POINT('',(-2.663977241855,-0.4,-0.7));
#8761 = CARTESIAN_POINT('',(-2.663977241855,-0.4,-0.75));
#8762 = CARTESIAN_POINT('',(-2.663977241855,-0.4,-0.8));
#8763 = CARTESIAN_POINT('',(-2.663977241855,-0.4,-0.85));
#8764 = ORIENTED_EDGE('',*,*,#8765,.F.);
#8765 = EDGE_CURVE('',#8716,#8757,#8766,.T.);
#8766 = B_SPLINE_CURVE_WITH_KNOTS('',3,(#8767,#8768,#8769,#8770),
  .UNSPECIFIED.,.F.,.F.,(4,4),(0.,1.),.PIECEWISE_BEZIER_KNOTS.);
#8767 = CARTESIAN_POINT('',(-2.6,-0.387068338367,-0.849790910511));
#8768 = CARTESIAN_POINT('',(-2.621620336388,-0.388140374645,
    -0.849825586663));
#8769 = CARTESIAN_POINT('',(-2.6429457645,-0.392449907735,-0.85));
#8770 = CARTESIAN_POINT('',(-2.663977241855,-0.4,-0.85));
#8771 = B_SPLINE_SURFACE_WITH_KNOTS('',1,3,(
    (#8772,#8773,#8774,#8775)
    ,(#8776,#8777,#8778,#8779
    )),.UNSPECIFIED.,.F.,.F.,.F.,(2,2),(4,4),(0.,1.),(0.,1.),
  .PIECEWISE_BEZIER_KNOTS.);
#8772 = CARTESIAN_POINT('',(-2.6,-0.387068338367,-0.849790910511));
#8773 = CARTESIAN_POINT('',(-2.621620336388,-0.388140374645,
    -0.849825586663));
#8774 = CARTESIAN_POINT('',(-2.6429457645,-0.392449907735,-0.85));
#8775 = CARTESIAN_POINT('',(-2.663977241855,-0.4,-0.85));
#8776 = CARTESIAN_POINT('',(-2.6,-0.391917711479,-0.69986931907));
#8777 = CARTESIAN_POINT('',(-2.62162027432,-0.392587732229,
    -0.699890991602));
#8778 = CARTESIAN_POINT('',(-2.642945877509,-0.39528121769,-0.7));
#8779 = CARTESIAN_POINT('',(-2.663977241855,-0.4,-0.7));
#8780 = ADVANCED_FACE('',(#8781),#8801,.F.);
#8781 = FACE_BOUND('',#8782,.F.);
#8782 = EDGE_LOOP('',(#8783,#8784,#8785,#8786,#8787,#8788,#8789,#8790,
    #8791,#8792,#8793,#8799,#8800));
#8783 = ORIENTED_EDGE('',*,*,#8678,.F.);
#8784 = ORIENTED_EDGE('',*,*,#8663,.F.);
#8785 = ORIENTED_EDGE('',*,*,#7092,.F.);
#8786 = ORIENTED_EDGE('',*,*,#8629,.F.);
#8787 = ORIENTED_EDGE('',*,*,#8606,.F.);
#8788 = ORIENTED_EDGE('',*,*,#8553,.F.);
#8789 = ORIENTED_EDGE('',*,*,#8538,.F.);
#8790 = ORIENTED_EDGE('',*,*,#8483,.F.);
#8791 = ORIENTED_EDGE('',*,*,#8469,.F.);
#8792 = ORIENTED_EDGE('',*,*,#8405,.F.);
#8793 = ORIENTED_EDGE('',*,*,#8794,.T.);
#8794 = EDGE_CURVE('',#8406,#8748,#8795,.T.);
#8795 = LINE('',#8796,#8797);
#8796 = CARTESIAN_POINT('',(0.1,-0.4,-0.7));
#8797 = VECTOR('',#8798,1.);
#8798 = DIRECTION('',(-1.,0.,-0.));
#8799 = ORIENTED_EDGE('',*,*,#8747,.F.);
#8800 = ORIENTED_EDGE('',*,*,#8732,.F.);
#8801 = CYLINDRICAL_SURFACE('',#8802,0.25);
#8802 = AXIS2_PLACEMENT_3D('',#8803,#8804,#8805);
#8803 = CARTESIAN_POINT('',(-5.039670450694,-0.4,-0.45));
#8804 = DIRECTION('',(1.,-0.,-0.));
#8805 = DIRECTION('',(0.,0.,-1.));
#8806 = ADVANCED_FACE('',(#8807),#8827,.T.);
#8807 = FACE_BOUND('',#8808,.T.);
#8808 = EDGE_LOOP('',(#8809,#8810,#8811,#8812,#8813,#8814,#8815,#8816,
    #8817,#8818,#8819,#8820,#8826));
#8809 = ORIENTED_EDGE('',*,*,#8715,.F.);
#8810 = ORIENTED_EDGE('',*,*,#8694,.F.);
#8811 = ORIENTED_EDGE('',*,*,#8645,.F.);
#8812 = ORIENTED_EDGE('',*,*,#7000,.F.);
#8813 = ORIENTED_EDGE('',*,*,#8621,.F.);
#8814 = ORIENTED_EDGE('',*,*,#8590,.F.);
#8815 = ORIENTED_EDGE('',*,*,#8569,.F.);
#8816 = ORIENTED_EDGE('',*,*,#8520,.F.);
#8817 = ORIENTED_EDGE('',*,*,#8499,.F.);
#8818 = ORIENTED_EDGE('',*,*,#8452,.F.);
#8819 = ORIENTED_EDGE('',*,*,#8423,.F.);
#8820 = ORIENTED_EDGE('',*,*,#8821,.T.);
#8821 = EDGE_CURVE('',#8424,#8757,#8822,.T.);
#8822 = LINE('',#8823,#8824);
#8823 = CARTESIAN_POINT('',(0.1,-0.4,-0.85));
#8824 = VECTOR('',#8825,1.);
#8825 = DIRECTION('',(-1.,0.,-0.));
#8826 = ORIENTED_EDGE('',*,*,#8765,.F.);
#8827 = CYLINDRICAL_SURFACE('',#8828,0.4);
#8828 = AXIS2_PLACEMENT_3D('',#8829,#8830,#8831);
#8829 = CARTESIAN_POINT('',(-5.039670450694,-0.4,-0.45));
#8830 = DIRECTION('',(1.,-0.,-0.));
#8831 = DIRECTION('',(0.,0.,-1.));
#8832 = ADVANCED_FACE('',(#8833),#8867,.T.);
#8833 = FACE_BOUND('',#8834,.T.);
#8834 = EDGE_LOOP('',(#8835,#8845,#8853,#8861));
#8835 = ORIENTED_EDGE('',*,*,#8836,.F.);
#8836 = EDGE_CURVE('',#8837,#8839,#8841,.T.);
#8837 = VERTEX_POINT('',#8838);
#8838 = CARTESIAN_POINT('',(1.75,-1.989491193792,-3.904862254808E-02));
#8839 = VERTEX_POINT('',#8840);
#8840 = CARTESIAN_POINT('',(0.15,-1.989491193792,-3.904862254808E-02));
#8841 = LINE('',#8842,#8843);
#8842 = CARTESIAN_POINT('',(1.75,-1.989491193792,-3.904862254808E-02));
#8843 = VECTOR('',#8844,1.);
#8844 = DIRECTION('',(-1.,-3.785471652766E-30,-5.421010862428E-16));
#8845 = ORIENTED_EDGE('',*,*,#8846,.F.);
#8846 = EDGE_CURVE('',#8847,#8837,#8849,.T.);
#8847 = VERTEX_POINT('',#8848);
#8848 = CARTESIAN_POINT('',(1.75,-1.839491193792,-3.904862254808E-02));
#8849 = LINE('',#8850,#8851);
#8850 = CARTESIAN_POINT('',(1.75,-1.839491193792,-3.904862254808E-02));
#8851 = VECTOR('',#8852,1.);
#8852 = DIRECTION('',(0.,-1.,6.982962677686E-15));
#8853 = ORIENTED_EDGE('',*,*,#8854,.T.);
#8854 = EDGE_CURVE('',#8847,#8855,#8857,.T.);
#8855 = VERTEX_POINT('',#8856);
#8856 = CARTESIAN_POINT('',(0.15,-1.839491193792,-3.904862254809E-02));
#8857 = LINE('',#8858,#8859);
#8858 = CARTESIAN_POINT('',(1.75,-1.839491193792,-3.904862254808E-02));
#8859 = VECTOR('',#8860,1.);
#8860 = DIRECTION('',(-1.,-3.785471652766E-30,-5.421010862428E-16));
#8861 = ORIENTED_EDGE('',*,*,#8862,.T.);
#8862 = EDGE_CURVE('',#8855,#8839,#8863,.T.);
#8863 = LINE('',#8864,#8865);
#8864 = CARTESIAN_POINT('',(0.15,-1.839491193792,-3.904862254809E-02));
#8865 = VECTOR('',#8866,1.);
#8866 = DIRECTION('',(0.,-1.,6.982962677686E-15));
#8867 = PLANE('',#8868);
#8868 = AXIS2_PLACEMENT_3D('',#8869,#8870,#8871);
#8869 = CARTESIAN_POINT('',(1.75,-1.839491193792,-3.904862254808E-02));
#8870 = DIRECTION('',(-5.421010862428E-16,6.982962677686E-15,1.));
#8871 = DIRECTION('',(-1.,-3.785471652766E-30,-5.421010862428E-16));
#8872 = ADVANCED_FACE('',(#8873),#8898,.T.);
#8873 = FACE_BOUND('',#8874,.T.);
#8874 = EDGE_LOOP('',(#8875,#8883,#8891,#8897));
#8875 = ORIENTED_EDGE('',*,*,#8876,.F.);
#8876 = EDGE_CURVE('',#8877,#8837,#8879,.T.);
#8877 = VERTEX_POINT('',#8878);
#8878 = CARTESIAN_POINT('',(1.75,-1.989491193792,-0.4));
#8879 = LINE('',#8880,#8881);
#8880 = CARTESIAN_POINT('',(1.75,-1.989491193792,-0.989048622548));
#8881 = VECTOR('',#8882,1.);
#8882 = DIRECTION('',(-9.130123557773E-16,6.982962677686E-15,1.));
#8883 = ORIENTED_EDGE('',*,*,#8884,.T.);
#8884 = EDGE_CURVE('',#8877,#8885,#8887,.T.);
#8885 = VERTEX_POINT('',#8886);
#8886 = CARTESIAN_POINT('',(1.75,-1.839491193792,-0.4));
#8887 = LINE('',#8888,#8889);
#8888 = CARTESIAN_POINT('',(1.75,-1.839491193792,-0.4));
#8889 = VECTOR('',#8890,1.);
#8890 = DIRECTION('',(5.590588295423E-32,1.,-7.044195017644E-15));
#8891 = ORIENTED_EDGE('',*,*,#8892,.T.);
#8892 = EDGE_CURVE('',#8885,#8847,#8893,.T.);
#8893 = LINE('',#8894,#8895);
#8894 = CARTESIAN_POINT('',(1.75,-1.839491193792,-1.989048622548));
#8895 = VECTOR('',#8896,1.);
#8896 = DIRECTION('',(0.,6.982962677686E-15,1.));
#8897 = ORIENTED_EDGE('',*,*,#8846,.T.);
#8898 = PLANE('',#8899);
#8899 = AXIS2_PLACEMENT_3D('',#8900,#8901,#8902);
#8900 = CARTESIAN_POINT('',(1.75,-1.839491193792,-0.989048622548));
#8901 = DIRECTION('',(1.,6.375531204659E-30,9.130123557773E-16));
#8902 = DIRECTION('',(-9.130123557773E-16,6.982962677686E-15,1.));
#8903 = ADVANCED_FACE('',(#8904),#8929,.T.);
#8904 = FACE_BOUND('',#8905,.T.);
#8905 = EDGE_LOOP('',(#8906,#8914,#8922,#8928));
#8906 = ORIENTED_EDGE('',*,*,#8907,.T.);
#8907 = EDGE_CURVE('',#8855,#8908,#8910,.T.);
#8908 = VERTEX_POINT('',#8909);
#8909 = CARTESIAN_POINT('',(0.15,-1.839491193792,-0.4));
#8910 = LINE('',#8911,#8912);
#8911 = CARTESIAN_POINT('',(0.15,-1.839491193792,-3.904862254809E-02));
#8912 = VECTOR('',#8913,1.);
#8913 = DIRECTION('',(2.853163611804E-17,-6.982962677686E-15,-1.));
#8914 = ORIENTED_EDGE('',*,*,#8915,.T.);
#8915 = EDGE_CURVE('',#8908,#8916,#8918,.T.);
#8916 = VERTEX_POINT('',#8917);
#8917 = CARTESIAN_POINT('',(0.15,-1.989491193792,-0.4));
#8918 = LINE('',#8919,#8920);
#8919 = CARTESIAN_POINT('',(0.15,-1.839491193792,-0.4));
#8920 = VECTOR('',#8921,1.);
#8921 = DIRECTION('',(0.,-1.,7.044195017644E-15));
#8922 = ORIENTED_EDGE('',*,*,#8923,.F.);
#8923 = EDGE_CURVE('',#8839,#8916,#8924,.T.);
#8924 = LINE('',#8925,#8926);
#8925 = CARTESIAN_POINT('',(0.15,-1.989491193792,-0.989048622548));
#8926 = VECTOR('',#8927,1.);
#8927 = DIRECTION('',(0.,-6.982962677686E-15,-1.));
#8928 = ORIENTED_EDGE('',*,*,#8862,.F.);
#8929 = PLANE('',#8930);
#8930 = AXIS2_PLACEMENT_3D('',#8931,#8932,#8933);
#8931 = CARTESIAN_POINT('',(0.15,-1.839491193792,-0.989048622548));
#8932 = DIRECTION('',(-1.,-0.,0.));
#8933 = DIRECTION('',(0.,-6.982962677686E-15,-1.));
#8934 = ADVANCED_FACE('',(#8935),#8969,.T.);
#8935 = FACE_BOUND('',#8936,.T.);
#8936 = EDGE_LOOP('',(#8937,#8947,#8955,#8963));
#8937 = ORIENTED_EDGE('',*,*,#8938,.F.);
#8938 = EDGE_CURVE('',#8939,#8941,#8943,.T.);
#8939 = VERTEX_POINT('',#8940);
#8940 = CARTESIAN_POINT('',(-1.875,-2.024672635684,-0.15));
#8941 = VERTEX_POINT('',#8942);
#8942 = CARTESIAN_POINT('',(-2.675,-2.024672635684,-0.15));
#8943 = LINE('',#8944,#8945);
#8944 = CARTESIAN_POINT('',(-2.675,-2.024672635684,-0.15));
#8945 = VECTOR('',#8946,1.);
#8946 = DIRECTION('',(-1.,0.,-0.));
#8947 = ORIENTED_EDGE('',*,*,#8948,.F.);
#8948 = EDGE_CURVE('',#8949,#8939,#8951,.T.);
#8949 = VERTEX_POINT('',#8950);
#8950 = CARTESIAN_POINT('',(-1.875,-2.024672635684,-0.3));
#8951 = LINE('',#8952,#8953);
#8952 = CARTESIAN_POINT('',(-1.875,-2.024672635684,-0.3));
#8953 = VECTOR('',#8954,1.);
#8954 = DIRECTION('',(0.,1.047444401653E-14,1.));
#8955 = ORIENTED_EDGE('',*,*,#8956,.T.);
#8956 = EDGE_CURVE('',#8949,#8957,#8959,.T.);
#8957 = VERTEX_POINT('',#8958);
#8958 = CARTESIAN_POINT('',(-2.675,-2.024672635684,-0.3));
#8959 = LINE('',#8960,#8961);
#8960 = CARTESIAN_POINT('',(-2.675,-2.024672635684,-0.3));
#8961 = VECTOR('',#8962,1.);
#8962 = DIRECTION('',(-1.,0.,-0.));
#8963 = ORIENTED_EDGE('',*,*,#8964,.T.);
#8964 = EDGE_CURVE('',#8957,#8941,#8965,.T.);
#8965 = LINE('',#8966,#8967);
#8966 = CARTESIAN_POINT('',(-2.675,-2.024672635684,-0.3));
#8967 = VECTOR('',#8968,1.);
#8968 = DIRECTION('',(0.,1.047444401653E-14,1.));
#8969 = PLANE('',#8970);
#8970 = AXIS2_PLACEMENT_3D('',#8971,#8972,#8973);
#8971 = CARTESIAN_POINT('',(-2.675,-2.024672635684,-0.3));
#8972 = DIRECTION('',(0.,1.,-1.047444401653E-14));
#8973 = DIRECTION('',(-1.,0.,-0.));
#8974 = ADVANCED_FACE('',(#8975),#8997,.T.);
#8975 = FACE_BOUND('',#8976,.T.);
#8976 = EDGE_LOOP('',(#8977,#8984,#8990,#8991));
#8977 = ORIENTED_EDGE('',*,*,#8978,.F.);
#8978 = EDGE_CURVE('',#8979,#6874,#8981,.T.);
#8979 = VERTEX_POINT('',#8980);
#8980 = CARTESIAN_POINT('',(-1.869329110979,-2.089491193792,-0.3));
#8981 = B_SPLINE_CURVE_WITH_KNOTS('',1,(#8982,#8983),.UNSPECIFIED.,.F.,
  .F.,(2,2),(0.,1.),.PIECEWISE_BEZIER_KNOTS.);
#8982 = CARTESIAN_POINT('',(-1.869329110979,-2.089491193792,-0.3));
#8983 = CARTESIAN_POINT('',(-1.869329110979,-2.089491193792,-0.15));
#8984 = ORIENTED_EDGE('',*,*,#8985,.T.);
#8985 = EDGE_CURVE('',#8979,#8949,#8986,.T.);
#8986 = LINE('',#8987,#8988);
#8987 = CARTESIAN_POINT('',(-1.75,-3.453429173529,-0.3));
#8988 = VECTOR('',#8989,1.);
#8989 = DIRECTION('',(-8.715574274766E-02,0.996194698092,
    -1.043458559473E-14));
#8990 = ORIENTED_EDGE('',*,*,#8948,.T.);
#8991 = ORIENTED_EDGE('',*,*,#8992,.F.);
#8992 = EDGE_CURVE('',#6874,#8939,#8993,.T.);
#8993 = LINE('',#8994,#8995);
#8994 = CARTESIAN_POINT('',(-1.75,-3.453429173529,-0.15));
#8995 = VECTOR('',#8996,1.);
#8996 = DIRECTION('',(-8.715574274766E-02,0.996194698092,
    -1.043458559473E-14));
#8997 = PLANE('',#8998);
#8998 = AXIS2_PLACEMENT_3D('',#8999,#9000,#9001);
#8999 = CARTESIAN_POINT('',(-1.75,-3.453429173529,-0.3));
#9000 = DIRECTION('',(0.996194698092,8.715574274766E-02,
    -9.129079481294E-16));
#9001 = DIRECTION('',(-8.715574274766E-02,0.996194698092,
    -1.043458559473E-14));
#9002 = ADVANCED_FACE('',(#9003),#9025,.T.);
#9003 = FACE_BOUND('',#9004,.T.);
#9004 = EDGE_LOOP('',(#9005,#9012,#9018,#9019));
#9005 = ORIENTED_EDGE('',*,*,#9006,.F.);
#9006 = EDGE_CURVE('',#6855,#9007,#9009,.T.);
#9007 = VERTEX_POINT('',#9008);
#9008 = CARTESIAN_POINT('',(-2.680670889021,-2.089491193792,-0.3));
#9009 = B_SPLINE_CURVE_WITH_KNOTS('',1,(#9010,#9011),.UNSPECIFIED.,.F.,
  .F.,(2,2),(0.,1.),.PIECEWISE_BEZIER_KNOTS.);
#9010 = CARTESIAN_POINT('',(-2.680670889021,-2.089491193792,-0.15));
#9011 = CARTESIAN_POINT('',(-2.680670889021,-2.089491193792,-0.3));
#9012 = ORIENTED_EDGE('',*,*,#9013,.F.);
#9013 = EDGE_CURVE('',#8941,#6855,#9014,.T.);
#9014 = LINE('',#9015,#9016);
#9015 = CARTESIAN_POINT('',(-2.8,-3.453429173529,-0.15));
#9016 = VECTOR('',#9017,1.);
#9017 = DIRECTION('',(-8.715574274766E-02,-0.996194698092,
    1.043458559473E-14));
#9018 = ORIENTED_EDGE('',*,*,#8964,.F.);
#9019 = ORIENTED_EDGE('',*,*,#9020,.T.);
#9020 = EDGE_CURVE('',#8957,#9007,#9021,.T.);
#9021 = LINE('',#9022,#9023);
#9022 = CARTESIAN_POINT('',(-2.8,-3.453429173529,-0.3));
#9023 = VECTOR('',#9024,1.);
#9024 = DIRECTION('',(-8.715574274766E-02,-0.996194698092,
    1.043458559473E-14));
#9025 = PLANE('',#9026);
#9026 = AXIS2_PLACEMENT_3D('',#9027,#9028,#9029);
#9027 = CARTESIAN_POINT('',(-2.8,-3.453429173529,-0.3));
#9028 = DIRECTION('',(-0.996194698092,8.715574274766E-02,
    -9.129079481294E-16));
#9029 = DIRECTION('',(-8.715574274766E-02,-0.996194698092,
    1.043458559473E-14));
#9030 = ADVANCED_FACE('',(#9031),#9037,.F.);
#9031 = FACE_BOUND('',#9032,.T.);
#9032 = EDGE_LOOP('',(#9033,#9034,#9035,#9036));
#9033 = ORIENTED_EDGE('',*,*,#9013,.T.);
#9034 = ORIENTED_EDGE('',*,*,#6884,.T.);
#9035 = ORIENTED_EDGE('',*,*,#8992,.T.);
#9036 = ORIENTED_EDGE('',*,*,#8938,.T.);
#9037 = PLANE('',#9038);
#9038 = AXIS2_PLACEMENT_3D('',#9039,#9040,#9041);
#9039 = CARTESIAN_POINT('',(0.1,-5.003429173529,-0.15));
#9040 = DIRECTION('',(0.,-1.047444401653E-14,-1.));
#9041 = DIRECTION('',(0.,1.,-1.047444401653E-14));
#9042 = ADVANCED_FACE('',(#9043),#9054,.F.);
#9043 = FACE_BOUND('',#9044,.T.);
#9044 = EDGE_LOOP('',(#9045,#9051,#9052,#9053));
#9045 = ORIENTED_EDGE('',*,*,#9046,.F.);
#9046 = EDGE_CURVE('',#8877,#8916,#9047,.T.);
#9047 = LINE('',#9048,#9049);
#9048 = CARTESIAN_POINT('',(0.1,-1.989491193792,-0.4));
#9049 = VECTOR('',#9050,1.);
#9050 = DIRECTION('',(-1.,-0.,0.));
#9051 = ORIENTED_EDGE('',*,*,#8876,.T.);
#9052 = ORIENTED_EDGE('',*,*,#8836,.T.);
#9053 = ORIENTED_EDGE('',*,*,#8923,.T.);
#9054 = PLANE('',#9055);
#9055 = AXIS2_PLACEMENT_3D('',#9056,#9057,#9058);
#9056 = CARTESIAN_POINT('',(0.1,-1.989491193792,-2.489048622548));
#9057 = DIRECTION('',(0.,1.,-6.982962677686E-15));
#9058 = DIRECTION('',(0.,6.982962677686E-15,1.));
#9059 = ADVANCED_FACE('',(#9060),#9087,.F.);
#9060 = FACE_BOUND('',#9061,.T.);
#9061 = EDGE_LOOP('',(#9062,#9063,#9072,#9080));
#9062 = ORIENTED_EDGE('',*,*,#8884,.F.);
#9063 = ORIENTED_EDGE('',*,*,#9064,.T.);
#9064 = EDGE_CURVE('',#8877,#9065,#9067,.T.);
#9065 = VERTEX_POINT('',#9066);
#9066 = CARTESIAN_POINT('',(1.75,-1.539491193792,-0.85));
#9067 = CIRCLE('',#9068,0.45);
#9068 = AXIS2_PLACEMENT_3D('',#9069,#9070,#9071);
#9069 = CARTESIAN_POINT('',(1.75,-1.539491193792,-0.4));
#9070 = DIRECTION('',(1.,0.,0.));
#9071 = DIRECTION('',(0.,-1.,3.493540333564E-15));
#9072 = ORIENTED_EDGE('',*,*,#9073,.T.);
#9073 = EDGE_CURVE('',#9065,#9074,#9076,.T.);
#9074 = VERTEX_POINT('',#9075);
#9075 = CARTESIAN_POINT('',(1.75,-1.539491193792,-0.7));
#9076 = LINE('',#9077,#9078);
#9077 = CARTESIAN_POINT('',(1.75,-1.539491193792,-0.7));
#9078 = VECTOR('',#9079,1.);
#9079 = DIRECTION('',(5.590588295423E-32,3.552713678801E-15,1.));
#9080 = ORIENTED_EDGE('',*,*,#9081,.F.);
#9081 = EDGE_CURVE('',#8885,#9074,#9082,.T.);
#9082 = CIRCLE('',#9083,0.3);
#9083 = AXIS2_PLACEMENT_3D('',#9084,#9085,#9086);
#9084 = CARTESIAN_POINT('',(1.75,-1.539491193792,-0.4));
#9085 = DIRECTION('',(1.,0.,0.));
#9086 = DIRECTION('',(0.,1.,-3.433306879537E-15));
#9087 = PLANE('',#9088);
#9088 = AXIS2_PLACEMENT_3D('',#9089,#9090,#9091);
#9089 = CARTESIAN_POINT('',(1.75,-1.539491193792,-0.4));
#9090 = DIRECTION('',(-1.,0.,-0.));
#9091 = DIRECTION('',(0.,1.,-3.491481338843E-15));
#9092 = ADVANCED_FACE('',(#9093),#9104,.T.);
#9093 = FACE_BOUND('',#9094,.T.);
#9094 = EDGE_LOOP('',(#9095,#9096,#9102,#9103));
#9095 = ORIENTED_EDGE('',*,*,#8892,.F.);
#9096 = ORIENTED_EDGE('',*,*,#9097,.T.);
#9097 = EDGE_CURVE('',#8885,#8908,#9098,.T.);
#9098 = LINE('',#9099,#9100);
#9099 = CARTESIAN_POINT('',(0.1,-1.839491193792,-0.4));
#9100 = VECTOR('',#9101,1.);
#9101 = DIRECTION('',(-1.,-0.,0.));
#9102 = ORIENTED_EDGE('',*,*,#8907,.F.);
#9103 = ORIENTED_EDGE('',*,*,#8854,.F.);
#9104 = PLANE('',#9105);
#9105 = AXIS2_PLACEMENT_3D('',#9106,#9107,#9108);
#9106 = CARTESIAN_POINT('',(0.1,-1.839491193792,-2.489048622548));
#9107 = DIRECTION('',(0.,1.,-6.982962677686E-15));
#9108 = DIRECTION('',(0.,6.982962677686E-15,1.));
#9109 = ADVANCED_FACE('',(#9110),#9137,.F.);
#9110 = FACE_BOUND('',#9111,.T.);
#9111 = EDGE_LOOP('',(#9112,#9121,#9122,#9131));
#9112 = ORIENTED_EDGE('',*,*,#9113,.T.);
#9113 = EDGE_CURVE('',#9114,#8916,#9116,.T.);
#9114 = VERTEX_POINT('',#9115);
#9115 = CARTESIAN_POINT('',(0.15,-1.539491193792,-0.85));
#9116 = CIRCLE('',#9117,0.45);
#9117 = AXIS2_PLACEMENT_3D('',#9118,#9119,#9120);
#9118 = CARTESIAN_POINT('',(0.15,-1.539491193792,-0.4));
#9119 = DIRECTION('',(-1.,-0.,0.));
#9120 = DIRECTION('',(0.,-1.,-6.264279218805E-15));
#9121 = ORIENTED_EDGE('',*,*,#8915,.F.);
#9122 = ORIENTED_EDGE('',*,*,#9123,.F.);
#9123 = EDGE_CURVE('',#9124,#8908,#9126,.T.);
#9124 = VERTEX_POINT('',#9125);
#9125 = CARTESIAN_POINT('',(0.15,-1.539491193792,-0.7));
#9126 = CIRCLE('',#9127,0.3);
#9127 = AXIS2_PLACEMENT_3D('',#9128,#9129,#9130);
#9128 = CARTESIAN_POINT('',(0.15,-1.539491193792,-0.4));
#9129 = DIRECTION('',(-1.,0.,0.));
#9130 = DIRECTION('',(0.,-1.,3.433306879537E-15));
#9131 = ORIENTED_EDGE('',*,*,#9132,.T.);
#9132 = EDGE_CURVE('',#9124,#9114,#9133,.T.);
#9133 = LINE('',#9134,#9135);
#9134 = CARTESIAN_POINT('',(0.15,-1.539491193792,-0.7));
#9135 = VECTOR('',#9136,1.);
#9136 = DIRECTION('',(0.,-3.552713678801E-15,-1.));
#9137 = PLANE('',#9138);
#9138 = AXIS2_PLACEMENT_3D('',#9139,#9140,#9141);
#9139 = CARTESIAN_POINT('',(0.15,-1.539491193792,-0.4));
#9140 = DIRECTION('',(1.,0.,0.));
#9141 = DIRECTION('',(0.,-1.,3.491481338843E-15));
#9142 = ADVANCED_FACE('',(#9143),#9154,.T.);
#9143 = FACE_BOUND('',#9144,.T.);
#9144 = EDGE_LOOP('',(#9145,#9151,#9152,#9153));
#9145 = ORIENTED_EDGE('',*,*,#9146,.F.);
#9146 = EDGE_CURVE('',#9007,#8979,#9147,.T.);
#9147 = LINE('',#9148,#9149);
#9148 = CARTESIAN_POINT('',(0.1,-2.089491193792,-0.3));
#9149 = VECTOR('',#9150,1.);
#9150 = DIRECTION('',(1.,0.,0.));
#9151 = ORIENTED_EDGE('',*,*,#9020,.F.);
#9152 = ORIENTED_EDGE('',*,*,#8956,.F.);
#9153 = ORIENTED_EDGE('',*,*,#8985,.F.);
#9154 = PLANE('',#9155);
#9155 = AXIS2_PLACEMENT_3D('',#9156,#9157,#9158);
#9156 = CARTESIAN_POINT('',(0.1,-5.003429173529,-0.3));
#9157 = DIRECTION('',(0.,-1.047444401653E-14,-1.));
#9158 = DIRECTION('',(0.,1.,-1.047444401653E-14));
#9159 = ADVANCED_FACE('',(#9160),#9192,.F.);
#9160 = FACE_BOUND('',#9161,.F.);
#9161 = EDGE_LOOP('',(#9162,#9171,#9172,#9181,#9190,#9191));
#9162 = ORIENTED_EDGE('',*,*,#9163,.T.);
#9163 = EDGE_CURVE('',#8979,#6817,#9164,.T.);
#9164 = B_SPLINE_CURVE_WITH_KNOTS('',3,(#9165,#9166,#9167,#9168,#9169,
    #9170),.UNSPECIFIED.,.F.,.F.,(4,2,4),(0.,0.25,0.5),.UNSPECIFIED.);
#9165 = CARTESIAN_POINT('',(-1.869329110979,-2.089491193792,-0.3));
#9166 = CARTESIAN_POINT('',(-1.863030379378,-2.141851071351,-0.3));
#9167 = CARTESIAN_POINT('',(-1.856731647777,-2.193888525544,
    -0.321554619278));
#9168 = CARTESIAN_POINT('',(-1.844134184574,-2.267936574514,
    -0.395602668247));
#9169 = CARTESIAN_POINT('',(-1.837835452973,-2.289491193792,
    -0.44764012244));
#9170 = CARTESIAN_POINT('',(-1.831536721371,-2.289491193792,-0.5));
#9171 = ORIENTED_EDGE('',*,*,#6816,.T.);
#9172 = ORIENTED_EDGE('',*,*,#9173,.T.);
#9173 = EDGE_CURVE('',#6809,#9174,#9176,.T.);
#9174 = VERTEX_POINT('',#9175);
#9175 = CARTESIAN_POINT('',(-1.793744331763,-2.089491193792,-0.85));
#9176 = B_SPLINE_CURVE_WITH_KNOTS('',3,(#9177,#9178,#9179,#9180),
  .UNSPECIFIED.,.F.,.F.,(4,4),(0.,1.),.PIECEWISE_BEZIER_KNOTS.);
#9177 = CARTESIAN_POINT('',(-1.793744331763,-2.089491193792,-0.7));
#9178 = CARTESIAN_POINT('',(-1.793744331763,-2.089491193792,-0.75));
#9179 = CARTESIAN_POINT('',(-1.793744331763,-2.089491193792,-0.8));
#9180 = CARTESIAN_POINT('',(-1.793744331763,-2.089491193792,-0.85));
#9181 = ORIENTED_EDGE('',*,*,#9182,.F.);
#9182 = EDGE_CURVE('',#6866,#9174,#9183,.T.);
#9183 = B_SPLINE_CURVE_WITH_KNOTS('',3,(#9184,#9185,#9186,#9187,#9188,
    #9189),.UNSPECIFIED.,.F.,.F.,(4,2,4),(0.5,0.75,1.),.UNSPECIFIED.);
#9184 = CARTESIAN_POINT('',(-1.831536721371,-2.439491193792,-0.5));
#9185 = CARTESIAN_POINT('',(-1.82523798977,-2.439491193791,
    -0.59162978573));
#9186 = CARTESIAN_POINT('',(-1.818939258168,-2.401770610055,
    -0.682695330567));
#9187 = CARTESIAN_POINT('',(-1.806341794966,-2.272186524359,
    -0.812279416263));
#9188 = CARTESIAN_POINT('',(-1.800060671665,-2.181377133443,-0.85));
#9189 = CARTESIAN_POINT('',(-1.793744331763,-2.089491193792,-0.85));
#9190 = ORIENTED_EDGE('',*,*,#6873,.F.);
#9191 = ORIENTED_EDGE('',*,*,#8978,.F.);
#9192 = B_SPLINE_SURFACE_WITH_KNOTS('',1,3,(
    (#9193,#9194,#9195,#9196,#9197,#9198,#9199,#9200,#9201,#9202)
    ,(#9203,#9204,#9205,#9206,#9207,#9208,#9209,#9210,#9211,#9212
  )),.UNSPECIFIED.,.F.,.F.,.F.,(2,2),(4,2,2,2,4),(0.,1.),(0.,0.25,0.5,
    0.75,1.),.UNSPECIFIED.);
#9193 = CARTESIAN_POINT('',(-1.869329110979,-2.089491193792,-0.15));
#9194 = CARTESIAN_POINT('',(-1.863012771078,-2.181377133443,-0.15));
#9195 = CARTESIAN_POINT('',(-1.856731647777,-2.272186524359,
    -0.187720583737));
#9196 = CARTESIAN_POINT('',(-1.844134184574,-2.401770610055,
    -0.317304669433));
#9197 = CARTESIAN_POINT('',(-1.837835452973,-2.439491193792,
    -0.40837021427));
#9198 = CARTESIAN_POINT('',(-1.82523798977,-2.439491193792,
    -0.59162978573));
#9199 = CARTESIAN_POINT('',(-1.818939258168,-2.401770610055,
    -0.682695330567));
#9200 = CARTESIAN_POINT('',(-1.806341794966,-2.272186524359,
    -0.812279416263));
#9201 = CARTESIAN_POINT('',(-1.800060671665,-2.181377133443,-0.85));
#9202 = CARTESIAN_POINT('',(-1.793744331763,-2.089491193792,-0.85));
#9203 = CARTESIAN_POINT('',(-1.869329110979,-2.089491193792,-0.3));
#9204 = CARTESIAN_POINT('',(-1.86301294024,-2.141996038811,-0.3));
#9205 = CARTESIAN_POINT('',(-1.856731647777,-2.193888525544,
    -0.321554619278));
#9206 = CARTESIAN_POINT('',(-1.844134184574,-2.267936574514,
    -0.395602668247));
#9207 = CARTESIAN_POINT('',(-1.837835452973,-2.289491193792,
    -0.44764012244));
#9208 = CARTESIAN_POINT('',(-1.82523798977,-2.289491193792,
    -0.55235987756));
#9209 = CARTESIAN_POINT('',(-1.818939258168,-2.267936574514,
    -0.604397331753));
#9210 = CARTESIAN_POINT('',(-1.806341794966,-2.193888525544,
    -0.678445380722));
#9211 = CARTESIAN_POINT('',(-1.800060502502,-2.141996038811,-0.7));
#9212 = CARTESIAN_POINT('',(-1.793744331763,-2.089491193792,-0.7));
#9213 = ADVANCED_FACE('',(#9214),#9246,.F.);
#9214 = FACE_BOUND('',#9215,.F.);
#9215 = EDGE_LOOP('',(#9216,#9217,#9226,#9227,#9228,#9239));
#9216 = ORIENTED_EDGE('',*,*,#6835,.T.);
#9217 = ORIENTED_EDGE('',*,*,#9218,.T.);
#9218 = EDGE_CURVE('',#6828,#9007,#9219,.T.);
#9219 = B_SPLINE_CURVE_WITH_KNOTS('',3,(#9220,#9221,#9222,#9223,#9224,
    #9225),.UNSPECIFIED.,.F.,.F.,(4,2,4),(0.5,0.75,1.),.UNSPECIFIED.);
#9220 = CARTESIAN_POINT('',(-2.718463278629,-2.289491193792,-0.5));
#9221 = CARTESIAN_POINT('',(-2.712164547027,-2.289491193792,
    -0.44764012244));
#9222 = CARTESIAN_POINT('',(-2.705865815426,-2.267936574514,
    -0.395602668247));
#9223 = CARTESIAN_POINT('',(-2.693268352223,-2.193888525544,
    -0.321554619278));
#9224 = CARTESIAN_POINT('',(-2.686969620622,-2.141851071351,-0.3));
#9225 = CARTESIAN_POINT('',(-2.680670889021,-2.089491193792,-0.3));
#9226 = ORIENTED_EDGE('',*,*,#9006,.F.);
#9227 = ORIENTED_EDGE('',*,*,#6852,.F.);
#9228 = ORIENTED_EDGE('',*,*,#9229,.F.);
#9229 = EDGE_CURVE('',#9230,#6853,#9232,.T.);
#9230 = VERTEX_POINT('',#9231);
#9231 = CARTESIAN_POINT('',(-2.756255668237,-2.089491193792,-0.85));
#9232 = B_SPLINE_CURVE_WITH_KNOTS('',3,(#9233,#9234,#9235,#9236,#9237,
    #9238),.UNSPECIFIED.,.F.,.F.,(4,2,4),(0.,0.25,0.5),.UNSPECIFIED.);
#9233 = CARTESIAN_POINT('',(-2.756255668237,-2.089491193792,-0.85));
#9234 = CARTESIAN_POINT('',(-2.749939328335,-2.181377133443,-0.85));
#9235 = CARTESIAN_POINT('',(-2.743658205034,-2.272186524359,
    -0.812279416263));
#9236 = CARTESIAN_POINT('',(-2.731060741832,-2.401770610055,
    -0.682695330567));
#9237 = CARTESIAN_POINT('',(-2.72476201023,-2.439491193792,
    -0.591629785729));
#9238 = CARTESIAN_POINT('',(-2.718463278629,-2.439491193792,-0.5));
#9239 = ORIENTED_EDGE('',*,*,#9240,.T.);
#9240 = EDGE_CURVE('',#9230,#6807,#9241,.T.);
#9241 = B_SPLINE_CURVE_WITH_KNOTS('',3,(#9242,#9243,#9244,#9245),
  .UNSPECIFIED.,.F.,.F.,(4,4),(0.,1.),.PIECEWISE_BEZIER_KNOTS.);
#9242 = CARTESIAN_POINT('',(-2.756255668237,-2.089491193792,-0.85));
#9243 = CARTESIAN_POINT('',(-2.756255668237,-2.089491193792,-0.8));
#9244 = CARTESIAN_POINT('',(-2.756255668237,-2.089491193792,-0.75));
#9245 = CARTESIAN_POINT('',(-2.756255668237,-2.089491193792,-0.7));
#9246 = B_SPLINE_SURFACE_WITH_KNOTS('',1,3,(
    (#9247,#9248,#9249,#9250,#9251,#9252,#9253,#9254,#9255,#9256)
    ,(#9257,#9258,#9259,#9260,#9261,#9262,#9263,#9264,#9265,#9266
  )),.UNSPECIFIED.,.F.,.F.,.F.,(2,2),(4,2,2,2,4),(0.,1.),(0.,0.25,0.5,
    0.75,1.),.UNSPECIFIED.);
#9247 = CARTESIAN_POINT('',(-2.756255668237,-2.089491193792,-0.85));
#9248 = CARTESIAN_POINT('',(-2.749939328335,-2.181377133443,-0.85));
#9249 = CARTESIAN_POINT('',(-2.743658205034,-2.272186524359,
    -0.812279416263));
#9250 = CARTESIAN_POINT('',(-2.731060741832,-2.401770610055,
    -0.682695330567));
#9251 = CARTESIAN_POINT('',(-2.72476201023,-2.439491193792,
    -0.59162978573));
#9252 = CARTESIAN_POINT('',(-2.712164547027,-2.439491193792,
    -0.40837021427));
#9253 = CARTESIAN_POINT('',(-2.705865815426,-2.401770610055,
    -0.317304669433));
#9254 = CARTESIAN_POINT('',(-2.693268352223,-2.272186524359,
    -0.187720583737));
#9255 = CARTESIAN_POINT('',(-2.686987228922,-2.181377133443,-0.15));
#9256 = CARTESIAN_POINT('',(-2.680670889021,-2.089491193792,-0.15));
#9257 = CARTESIAN_POINT('',(-2.756255668237,-2.089491193792,-0.7));
#9258 = CARTESIAN_POINT('',(-2.749939497498,-2.141996038811,-0.7));
#9259 = CARTESIAN_POINT('',(-2.743658205034,-2.193888525544,
    -0.678445380722));
#9260 = CARTESIAN_POINT('',(-2.731060741832,-2.267936574514,
    -0.604397331753));
#9261 = CARTESIAN_POINT('',(-2.72476201023,-2.289491193792,
    -0.55235987756));
#9262 = CARTESIAN_POINT('',(-2.712164547027,-2.289491193792,
    -0.44764012244));
#9263 = CARTESIAN_POINT('',(-2.705865815426,-2.267936574514,
    -0.395602668247));
#9264 = CARTESIAN_POINT('',(-2.693268352223,-2.193888525544,
    -0.321554619278));
#9265 = CARTESIAN_POINT('',(-2.68698705976,-2.141996038811,-0.3));
#9266 = CARTESIAN_POINT('',(-2.680670889021,-2.089491193792,-0.3));
#9267 = ADVANCED_FACE('',(#9268),#9279,.T.);
#9268 = FACE_BOUND('',#9269,.T.);
#9269 = EDGE_LOOP('',(#9270,#9271,#9272,#9278));
#9270 = ORIENTED_EDGE('',*,*,#6865,.F.);
#9271 = ORIENTED_EDGE('',*,*,#9229,.F.);
#9272 = ORIENTED_EDGE('',*,*,#9273,.T.);
#9273 = EDGE_CURVE('',#9230,#9174,#9274,.T.);
#9274 = LINE('',#9275,#9276);
#9275 = CARTESIAN_POINT('',(0.1,-2.089491193792,-0.85));
#9276 = VECTOR('',#9277,1.);
#9277 = DIRECTION('',(1.,0.,0.));
#9278 = ORIENTED_EDGE('',*,*,#9182,.F.);
#9279 = CYLINDRICAL_SURFACE('',#9280,0.35);
#9280 = AXIS2_PLACEMENT_3D('',#9281,#9282,#9283);
#9281 = CARTESIAN_POINT('',(-3.577043357832,-2.089491193792,-0.5));
#9282 = DIRECTION('',(1.,0.,0.));
#9283 = DIRECTION('',(0.,-1.,3.407492542097E-15));
#9284 = ADVANCED_FACE('',(#9285),#9296,.T.);
#9285 = FACE_BOUND('',#9286,.T.);
#9286 = EDGE_LOOP('',(#9287,#9293,#9294,#9295));
#9287 = ORIENTED_EDGE('',*,*,#9288,.F.);
#9288 = EDGE_CURVE('',#9065,#9114,#9289,.T.);
#9289 = LINE('',#9290,#9291);
#9290 = CARTESIAN_POINT('',(0.1,-1.539491193792,-0.85));
#9291 = VECTOR('',#9292,1.);
#9292 = DIRECTION('',(-1.,0.,-0.));
#9293 = ORIENTED_EDGE('',*,*,#9064,.F.);
#9294 = ORIENTED_EDGE('',*,*,#9046,.T.);
#9295 = ORIENTED_EDGE('',*,*,#9113,.F.);
#9296 = CYLINDRICAL_SURFACE('',#9297,0.45);
#9297 = AXIS2_PLACEMENT_3D('',#9298,#9299,#9300);
#9298 = CARTESIAN_POINT('',(-0.761571873958,-1.539491193792,-0.4));
#9299 = DIRECTION('',(1.,0.,0.));
#9300 = DIRECTION('',(0.,-1.,3.493540333564E-15));
#9301 = ADVANCED_FACE('',(#9302),#9327,.T.);
#9302 = FACE_BOUND('',#9303,.T.);
#9303 = EDGE_LOOP('',(#9304,#9305,#9313,#9321));
#9304 = ORIENTED_EDGE('',*,*,#9073,.F.);
#9305 = ORIENTED_EDGE('',*,*,#9306,.F.);
#9306 = EDGE_CURVE('',#9307,#9065,#9309,.T.);
#9307 = VERTEX_POINT('',#9308);
#9308 = CARTESIAN_POINT('',(1.75,-0.539491193792,-0.85));
#9309 = LINE('',#9310,#9311);
#9310 = CARTESIAN_POINT('',(1.75,-1.539491193792,-0.85));
#9311 = VECTOR('',#9312,1.);
#9312 = DIRECTION('',(-9.130123557773E-16,-1.,3.491481338843E-15));
#9313 = ORIENTED_EDGE('',*,*,#9314,.F.);
#9314 = EDGE_CURVE('',#9315,#9307,#9317,.T.);
#9315 = VERTEX_POINT('',#9316);
#9316 = CARTESIAN_POINT('',(1.75,-0.539491193792,-0.7));
#9317 = LINE('',#9318,#9319);
#9318 = CARTESIAN_POINT('',(1.75,-0.539491193792,-0.7));
#9319 = VECTOR('',#9320,1.);
#9320 = DIRECTION('',(0.,-3.491481338843E-15,-1.));
#9321 = ORIENTED_EDGE('',*,*,#9322,.T.);
#9322 = EDGE_CURVE('',#9315,#9074,#9323,.T.);
#9323 = LINE('',#9324,#9325);
#9324 = CARTESIAN_POINT('',(1.75,-0.539491193792,-0.7));
#9325 = VECTOR('',#9326,1.);
#9326 = DIRECTION('',(0.,-1.,3.491481338843E-15));
#9327 = PLANE('',#9328);
#9328 = AXIS2_PLACEMENT_3D('',#9329,#9330,#9331);
#9329 = CARTESIAN_POINT('',(1.75,-1.539491193792,-0.7));
#9330 = DIRECTION('',(1.,-9.130123557773E-16,3.18776560233E-30));
#9331 = DIRECTION('',(-9.130123557773E-16,-1.,3.491481338843E-15));
#9332 = ADVANCED_FACE('',(#9333),#9344,.F.);
#9333 = FACE_BOUND('',#9334,.F.);
#9334 = EDGE_LOOP('',(#9335,#9336,#9337,#9338));
#9335 = ORIENTED_EDGE('',*,*,#9081,.F.);
#9336 = ORIENTED_EDGE('',*,*,#9097,.T.);
#9337 = ORIENTED_EDGE('',*,*,#9123,.F.);
#9338 = ORIENTED_EDGE('',*,*,#9339,.F.);
#9339 = EDGE_CURVE('',#9074,#9124,#9340,.T.);
#9340 = LINE('',#9341,#9342);
#9341 = CARTESIAN_POINT('',(0.1,-1.539491193792,-0.7));
#9342 = VECTOR('',#9343,1.);
#9343 = DIRECTION('',(-1.,0.,-0.));
#9344 = CYLINDRICAL_SURFACE('',#9345,0.3);
#9345 = AXIS2_PLACEMENT_3D('',#9346,#9347,#9348);
#9346 = CARTESIAN_POINT('',(-0.761571873958,-1.539491193792,-0.4));
#9347 = DIRECTION('',(1.,0.,0.));
#9348 = DIRECTION('',(0.,-1.,3.433306879537E-15));
#9349 = ADVANCED_FACE('',(#9350),#9375,.T.);
#9350 = FACE_BOUND('',#9351,.T.);
#9351 = EDGE_LOOP('',(#9352,#9353,#9361,#9369));
#9352 = ORIENTED_EDGE('',*,*,#9132,.F.);
#9353 = ORIENTED_EDGE('',*,*,#9354,.T.);
#9354 = EDGE_CURVE('',#9124,#9355,#9357,.T.);
#9355 = VERTEX_POINT('',#9356);
#9356 = CARTESIAN_POINT('',(0.15,-1.339491193792,-0.7));
#9357 = LINE('',#9358,#9359);
#9358 = CARTESIAN_POINT('',(0.15,-2.489491193792,-0.7));
#9359 = VECTOR('',#9360,1.);
#9360 = DIRECTION('',(2.853163611804E-17,1.,-3.491481338843E-15));
#9361 = ORIENTED_EDGE('',*,*,#9362,.T.);
#9362 = EDGE_CURVE('',#9355,#9363,#9365,.T.);
#9363 = VERTEX_POINT('',#9364);
#9364 = CARTESIAN_POINT('',(0.15,-1.339491193792,-0.85));
#9365 = LINE('',#9366,#9367);
#9366 = CARTESIAN_POINT('',(0.15,-1.339491193792,-0.7));
#9367 = VECTOR('',#9368,1.);
#9368 = DIRECTION('',(0.,-3.491481338843E-15,-1.));
#9369 = ORIENTED_EDGE('',*,*,#9370,.F.);
#9370 = EDGE_CURVE('',#9114,#9363,#9371,.T.);
#9371 = LINE('',#9372,#9373);
#9372 = CARTESIAN_POINT('',(0.15,-1.539491193792,-0.85));
#9373 = VECTOR('',#9374,1.);
#9374 = DIRECTION('',(0.,1.,-3.491481338843E-15));
#9375 = PLANE('',#9376);
#9376 = AXIS2_PLACEMENT_3D('',#9377,#9378,#9379);
#9377 = CARTESIAN_POINT('',(0.15,-1.539491193792,-0.7));
#9378 = DIRECTION('',(-1.,0.,-0.));
#9379 = DIRECTION('',(0.,1.,-3.491481338843E-15));
#9380 = ADVANCED_FACE('',(#9381),#9408,.F.);
#9381 = FACE_BOUND('',#9382,.F.);
#9382 = EDGE_LOOP('',(#9383,#9393,#9400,#9401));
#9383 = ORIENTED_EDGE('',*,*,#9384,.F.);
#9384 = EDGE_CURVE('',#9385,#9387,#9389,.T.);
#9385 = VERTEX_POINT('',#9386);
#9386 = CARTESIAN_POINT('',(-1.7763568394E-15,-1.189491193792,-0.7));
#9387 = VERTEX_POINT('',#9388);
#9388 = CARTESIAN_POINT('',(-1.7763568394E-15,-1.189491193792,-0.85));
#9389 = LINE('',#9390,#9391);
#9390 = CARTESIAN_POINT('',(-1.984707325099E-16,-1.189491193792,-0.7));
#9391 = VECTOR('',#9392,1.);
#9392 = DIRECTION('',(0.,-3.491481338843E-15,-1.));
#9393 = ORIENTED_EDGE('',*,*,#9394,.F.);
#9394 = EDGE_CURVE('',#9355,#9385,#9395,.T.);
#9395 = CIRCLE('',#9396,0.15);
#9396 = AXIS2_PLACEMENT_3D('',#9397,#9398,#9399);
#9397 = CARTESIAN_POINT('',(-2.168404344971E-16,-1.339491193792,-0.7));
#9398 = DIRECTION('',(0.,3.491481338843E-15,1.));
#9399 = DIRECTION('',(0.,-1.,3.491481338843E-15));
#9400 = ORIENTED_EDGE('',*,*,#9362,.T.);
#9401 = ORIENTED_EDGE('',*,*,#9402,.T.);
#9402 = EDGE_CURVE('',#9363,#9387,#9403,.T.);
#9403 = CIRCLE('',#9404,0.15);
#9404 = AXIS2_PLACEMENT_3D('',#9405,#9406,#9407);
#9405 = CARTESIAN_POINT('',(-2.168404344971E-16,-1.339491193792,-0.85));
#9406 = DIRECTION('',(0.,3.491481338843E-15,1.));
#9407 = DIRECTION('',(0.,-1.,3.491481338843E-15));
#9408 = CYLINDRICAL_SURFACE('',#9409,0.15);
#9409 = AXIS2_PLACEMENT_3D('',#9410,#9411,#9412);
#9410 = CARTESIAN_POINT('',(-2.168404344971E-16,-1.339491193792,-0.7));
#9411 = DIRECTION('',(0.,-3.491481338843E-15,-1.));
#9412 = DIRECTION('',(0.,1.,-3.491481338843E-15));
#9413 = ADVANCED_FACE('',(#9414),#9439,.T.);
#9414 = FACE_BOUND('',#9415,.T.);
#9415 = EDGE_LOOP('',(#9416,#9424,#9425,#9433));
#9416 = ORIENTED_EDGE('',*,*,#9417,.F.);
#9417 = EDGE_CURVE('',#9387,#9418,#9420,.T.);
#9418 = VERTEX_POINT('',#9419);
#9419 = CARTESIAN_POINT('',(-1.6,-1.189491193792,-0.85));
#9420 = LINE('',#9421,#9422);
#9421 = CARTESIAN_POINT('',(-2.168404344971E-16,-1.189491193792,-0.85));
#9422 = VECTOR('',#9423,1.);
#9423 = DIRECTION('',(-1.,0.,-0.));
#9424 = ORIENTED_EDGE('',*,*,#9384,.F.);
#9425 = ORIENTED_EDGE('',*,*,#9426,.T.);
#9426 = EDGE_CURVE('',#9385,#9427,#9429,.T.);
#9427 = VERTEX_POINT('',#9428);
#9428 = CARTESIAN_POINT('',(-1.6,-1.189491193792,-0.7));
#9429 = LINE('',#9430,#9431);
#9430 = CARTESIAN_POINT('',(-2.168404344971E-16,-1.189491193792,-0.7));
#9431 = VECTOR('',#9432,1.);
#9432 = DIRECTION('',(-1.,0.,-0.));
#9433 = ORIENTED_EDGE('',*,*,#9434,.T.);
#9434 = EDGE_CURVE('',#9427,#9418,#9435,.T.);
#9435 = LINE('',#9436,#9437);
#9436 = CARTESIAN_POINT('',(-1.6,-1.189491193792,-0.7));
#9437 = VECTOR('',#9438,1.);
#9438 = DIRECTION('',(0.,-3.491481338843E-15,-1.));
#9439 = PLANE('',#9440);
#9440 = AXIS2_PLACEMENT_3D('',#9441,#9442,#9443);
#9441 = CARTESIAN_POINT('',(-2.168404344971E-16,-1.189491193792,-0.7));
#9442 = DIRECTION('',(0.,-1.,3.491481338843E-15));
#9443 = DIRECTION('',(-1.,0.,0.));
#9444 = ADVANCED_FACE('',(#9445),#9472,.F.);
#9445 = FACE_BOUND('',#9446,.F.);
#9446 = EDGE_LOOP('',(#9447,#9457,#9464,#9465));
#9447 = ORIENTED_EDGE('',*,*,#9448,.F.);
#9448 = EDGE_CURVE('',#9449,#9451,#9453,.T.);
#9449 = VERTEX_POINT('',#9450);
#9450 = CARTESIAN_POINT('',(-1.75,-1.339491193792,-0.7));
#9451 = VERTEX_POINT('',#9452);
#9452 = CARTESIAN_POINT('',(-1.75,-1.339491193792,-0.85));
#9453 = LINE('',#9454,#9455);
#9454 = CARTESIAN_POINT('',(-1.75,-1.339491193792,-0.7));
#9455 = VECTOR('',#9456,1.);
#9456 = DIRECTION('',(0.,-3.491481338843E-15,-1.));
#9457 = ORIENTED_EDGE('',*,*,#9458,.F.);
#9458 = EDGE_CURVE('',#9427,#9449,#9459,.T.);
#9459 = CIRCLE('',#9460,0.15);
#9460 = AXIS2_PLACEMENT_3D('',#9461,#9462,#9463);
#9461 = CARTESIAN_POINT('',(-1.6,-1.339491193792,-0.7));
#9462 = DIRECTION('',(0.,3.491481338843E-15,1.));
#9463 = DIRECTION('',(0.,1.,-3.491481338843E-15));
#9464 = ORIENTED_EDGE('',*,*,#9434,.T.);
#9465 = ORIENTED_EDGE('',*,*,#9466,.T.);
#9466 = EDGE_CURVE('',#9418,#9451,#9467,.T.);
#9467 = CIRCLE('',#9468,0.15);
#9468 = AXIS2_PLACEMENT_3D('',#9469,#9470,#9471);
#9469 = CARTESIAN_POINT('',(-1.6,-1.339491193792,-0.85));
#9470 = DIRECTION('',(0.,3.491481338843E-15,1.));
#9471 = DIRECTION('',(0.,1.,-3.491481338843E-15));
#9472 = CYLINDRICAL_SURFACE('',#9473,0.15);
#9473 = AXIS2_PLACEMENT_3D('',#9474,#9475,#9476);
#9474 = CARTESIAN_POINT('',(-1.6,-1.339491193792,-0.7));
#9475 = DIRECTION('',(0.,-3.491481338843E-15,-1.));
#9476 = DIRECTION('',(0.,1.,-3.491481338843E-15));
#9477 = ADVANCED_FACE('',(#9478),#9503,.T.);
#9478 = FACE_BOUND('',#9479,.T.);
#9479 = EDGE_LOOP('',(#9480,#9488,#9489,#9497));
#9480 = ORIENTED_EDGE('',*,*,#9481,.F.);
#9481 = EDGE_CURVE('',#9451,#9482,#9484,.T.);
#9482 = VERTEX_POINT('',#9483);
#9483 = CARTESIAN_POINT('',(-1.75,-1.589491193792,-0.85));
#9484 = LINE('',#9485,#9486);
#9485 = CARTESIAN_POINT('',(-1.75,-1.339491193792,-0.85));
#9486 = VECTOR('',#9487,1.);
#9487 = DIRECTION('',(-1.734723475977E-15,-1.,3.491481338843E-15));
#9488 = ORIENTED_EDGE('',*,*,#9448,.F.);
#9489 = ORIENTED_EDGE('',*,*,#9490,.T.);
#9490 = EDGE_CURVE('',#9449,#9491,#9493,.T.);
#9491 = VERTEX_POINT('',#9492);
#9492 = CARTESIAN_POINT('',(-1.75,-1.589491193792,-0.7));
#9493 = LINE('',#9494,#9495);
#9494 = CARTESIAN_POINT('',(-1.75,-1.339491193792,-0.7));
#9495 = VECTOR('',#9496,1.);
#9496 = DIRECTION('',(-1.734723475977E-15,-1.,3.491481338843E-15));
#9497 = ORIENTED_EDGE('',*,*,#9498,.T.);
#9498 = EDGE_CURVE('',#9491,#9482,#9499,.T.);
#9499 = LINE('',#9500,#9501);
#9500 = CARTESIAN_POINT('',(-1.75,-1.589491193792,-0.7));
#9501 = VECTOR('',#9502,1.);
#9502 = DIRECTION('',(0.,-3.491481338843E-15,-1.));
#9503 = PLANE('',#9504);
#9504 = AXIS2_PLACEMENT_3D('',#9505,#9506,#9507);
#9505 = CARTESIAN_POINT('',(-1.75,-1.339491193792,-0.7));
#9506 = DIRECTION('',(1.,-1.734723475977E-15,6.056754644426E-30));
#9507 = DIRECTION('',(-1.734723475977E-15,-1.,3.491481338843E-15));
#9508 = ADVANCED_FACE('',(#9509),#9525,.T.);
#9509 = FACE_BOUND('',#9510,.T.);
#9510 = EDGE_LOOP('',(#9511,#9517,#9518,#9524));
#9511 = ORIENTED_EDGE('',*,*,#9512,.T.);
#9512 = EDGE_CURVE('',#9491,#6809,#9513,.T.);
#9513 = LINE('',#9514,#9515);
#9514 = CARTESIAN_POINT('',(-1.75,-1.589491193792,-0.7));
#9515 = VECTOR('',#9516,1.);
#9516 = DIRECTION('',(-8.715574274766E-02,-0.996194698092,
    3.478195198242E-15));
#9517 = ORIENTED_EDGE('',*,*,#9173,.T.);
#9518 = ORIENTED_EDGE('',*,*,#9519,.F.);
#9519 = EDGE_CURVE('',#9482,#9174,#9520,.T.);
#9520 = LINE('',#9521,#9522);
#9521 = CARTESIAN_POINT('',(-1.75,-1.589491193792,-0.85));
#9522 = VECTOR('',#9523,1.);
#9523 = DIRECTION('',(-8.715574274766E-02,-0.996194698092,
    3.478195198242E-15));
#9524 = ORIENTED_EDGE('',*,*,#9498,.F.);
#9525 = PLANE('',#9526);
#9526 = AXIS2_PLACEMENT_3D('',#9527,#9528,#9529);
#9527 = CARTESIAN_POINT('',(-1.75,-1.589491193792,-0.7));
#9528 = DIRECTION('',(0.996194698092,-8.715574274766E-02,
    3.043026493765E-16));
#9529 = DIRECTION('',(-8.715574274766E-02,-0.996194698092,
    3.478195198242E-15));
#9530 = ADVANCED_FACE('',(#9531),#9537,.F.);
#9531 = FACE_BOUND('',#9532,.F.);
#9532 = EDGE_LOOP('',(#9533,#9534,#9535,#9536));
#9533 = ORIENTED_EDGE('',*,*,#9163,.F.);
#9534 = ORIENTED_EDGE('',*,*,#9146,.F.);
#9535 = ORIENTED_EDGE('',*,*,#9218,.F.);
#9536 = ORIENTED_EDGE('',*,*,#6827,.T.);
#9537 = CYLINDRICAL_SURFACE('',#9538,0.2);
#9538 = AXIS2_PLACEMENT_3D('',#9539,#9540,#9541);
#9539 = CARTESIAN_POINT('',(-3.577043357832,-2.089491193792,-0.5));
#9540 = DIRECTION('',(1.,0.,0.));
#9541 = DIRECTION('',(0.,-1.,3.252606517457E-15));
#9542 = ADVANCED_FACE('',(#9543),#9568,.T.);
#9543 = FACE_BOUND('',#9544,.T.);
#9544 = EDGE_LOOP('',(#9545,#9553,#9554,#9562));
#9545 = ORIENTED_EDGE('',*,*,#9546,.F.);
#9546 = EDGE_CURVE('',#9230,#9547,#9549,.T.);
#9547 = VERTEX_POINT('',#9548);
#9548 = CARTESIAN_POINT('',(-2.8,-1.589491193792,-0.85));
#9549 = LINE('',#9550,#9551);
#9550 = CARTESIAN_POINT('',(-2.8,-1.589491193792,-0.85));
#9551 = VECTOR('',#9552,1.);
#9552 = DIRECTION('',(-8.715574274766E-02,0.996194698092,
    -3.478195198242E-15));
#9553 = ORIENTED_EDGE('',*,*,#9240,.T.);
#9554 = ORIENTED_EDGE('',*,*,#9555,.T.);
#9555 = EDGE_CURVE('',#6807,#9556,#9558,.T.);
#9556 = VERTEX_POINT('',#9557);
#9557 = CARTESIAN_POINT('',(-2.8,-1.589491193792,-0.7));
#9558 = LINE('',#9559,#9560);
#9559 = CARTESIAN_POINT('',(-2.8,-1.589491193792,-0.7));
#9560 = VECTOR('',#9561,1.);
#9561 = DIRECTION('',(-8.715574274766E-02,0.996194698092,
    -3.478195198242E-15));
#9562 = ORIENTED_EDGE('',*,*,#9563,.T.);
#9563 = EDGE_CURVE('',#9556,#9547,#9564,.T.);
#9564 = LINE('',#9565,#9566);
#9565 = CARTESIAN_POINT('',(-2.8,-1.589491193792,-0.7));
#9566 = VECTOR('',#9567,1.);
#9567 = DIRECTION('',(0.,-3.491481338843E-15,-1.));
#9568 = PLANE('',#9569);
#9569 = AXIS2_PLACEMENT_3D('',#9570,#9571,#9572);
#9570 = CARTESIAN_POINT('',(-2.8,-1.589491193792,-0.7));
#9571 = DIRECTION('',(-0.996194698092,-8.715574274766E-02,
    3.043026493765E-16));
#9572 = DIRECTION('',(-8.715574274766E-02,0.996194698092,
    -3.478195198242E-15));
#9573 = ADVANCED_FACE('',(#9574),#9599,.T.);
#9574 = FACE_BOUND('',#9575,.T.);
#9575 = EDGE_LOOP('',(#9576,#9584,#9585,#9593));
#9576 = ORIENTED_EDGE('',*,*,#9577,.F.);
#9577 = EDGE_CURVE('',#9547,#9578,#9580,.T.);
#9578 = VERTEX_POINT('',#9579);
#9579 = CARTESIAN_POINT('',(-2.8,-0.589491193792,-0.85));
#9580 = LINE('',#9581,#9582);
#9581 = CARTESIAN_POINT('',(-2.8,-0.589491193792,-0.85));
#9582 = VECTOR('',#9583,1.);
#9583 = DIRECTION('',(0.,1.,-3.491481338843E-15));
#9584 = ORIENTED_EDGE('',*,*,#9563,.F.);
#9585 = ORIENTED_EDGE('',*,*,#9586,.T.);
#9586 = EDGE_CURVE('',#9556,#9587,#9589,.T.);
#9587 = VERTEX_POINT('',#9588);
#9588 = CARTESIAN_POINT('',(-2.8,-0.589491193792,-0.7));
#9589 = LINE('',#9590,#9591);
#9590 = CARTESIAN_POINT('',(-2.8,-0.589491193792,-0.7));
#9591 = VECTOR('',#9592,1.);
#9592 = DIRECTION('',(0.,1.,-3.491481338843E-15));
#9593 = ORIENTED_EDGE('',*,*,#9594,.T.);
#9594 = EDGE_CURVE('',#9587,#9578,#9595,.T.);
#9595 = LINE('',#9596,#9597);
#9596 = CARTESIAN_POINT('',(-2.8,-0.589491193792,-0.7));
#9597 = VECTOR('',#9598,1.);
#9598 = DIRECTION('',(0.,-3.491481338843E-15,-1.));
#9599 = PLANE('',#9600);
#9600 = AXIS2_PLACEMENT_3D('',#9601,#9602,#9603);
#9601 = CARTESIAN_POINT('',(-2.8,-0.589491193792,-0.7));
#9602 = DIRECTION('',(-1.,0.,-0.));
#9603 = DIRECTION('',(0.,1.,-3.491481338843E-15));
#9604 = ADVANCED_FACE('',(#9605),#9633,.T.);
#9605 = FACE_BOUND('',#9606,.T.);
#9606 = EDGE_LOOP('',(#9607,#9614,#9615,#9622,#9623,#9624,#9625,#9626,
    #9627,#9628,#9629,#9630,#9631,#9632));
#9607 = ORIENTED_EDGE('',*,*,#9608,.F.);
#9608 = EDGE_CURVE('',#8406,#9315,#9609,.T.);
#9609 = CIRCLE('',#9610,0.2);
#9610 = AXIS2_PLACEMENT_3D('',#9611,#9612,#9613);
#9611 = CARTESIAN_POINT('',(1.55,-0.539491193792,-0.7));
#9612 = DIRECTION('',(0.,-3.491481338843E-15,-1.));
#9613 = DIRECTION('',(0.,1.,-3.491481338843E-15));
#9614 = ORIENTED_EDGE('',*,*,#8794,.T.);
#9615 = ORIENTED_EDGE('',*,*,#9616,.F.);
#9616 = EDGE_CURVE('',#9587,#8748,#9617,.T.);
#9617 = CIRCLE('',#9618,0.2);
#9618 = AXIS2_PLACEMENT_3D('',#9619,#9620,#9621);
#9619 = CARTESIAN_POINT('',(-2.6,-0.589491193792,-0.7));
#9620 = DIRECTION('',(0.,-3.491481338843E-15,-1.));
#9621 = DIRECTION('',(0.,-1.,3.491481338843E-15));
#9622 = ORIENTED_EDGE('',*,*,#9586,.F.);
#9623 = ORIENTED_EDGE('',*,*,#9555,.F.);
#9624 = ORIENTED_EDGE('',*,*,#6806,.T.);
#9625 = ORIENTED_EDGE('',*,*,#9512,.F.);
#9626 = ORIENTED_EDGE('',*,*,#9490,.F.);
#9627 = ORIENTED_EDGE('',*,*,#9458,.F.);
#9628 = ORIENTED_EDGE('',*,*,#9426,.F.);
#9629 = ORIENTED_EDGE('',*,*,#9394,.F.);
#9630 = ORIENTED_EDGE('',*,*,#9354,.F.);
#9631 = ORIENTED_EDGE('',*,*,#9339,.F.);
#9632 = ORIENTED_EDGE('',*,*,#9322,.F.);
#9633 = PLANE('',#9634);
#9634 = AXIS2_PLACEMENT_3D('',#9635,#9636,#9637);
#9635 = CARTESIAN_POINT('',(0.1,-3.949119379166E-02,-0.7));
#9636 = DIRECTION('',(0.,3.491481338843E-15,1.));
#9637 = DIRECTION('',(0.,-1.,3.491481338843E-15));
#9638 = ADVANCED_FACE('',(#9639),#9651,.T.);
#9639 = FACE_BOUND('',#9640,.T.);
#9640 = EDGE_LOOP('',(#9641,#9642,#9643,#9650));
#9641 = ORIENTED_EDGE('',*,*,#9616,.T.);
#9642 = ORIENTED_EDGE('',*,*,#8756,.T.);
#9643 = ORIENTED_EDGE('',*,*,#9644,.F.);
#9644 = EDGE_CURVE('',#9578,#8757,#9645,.T.);
#9645 = CIRCLE('',#9646,0.2);
#9646 = AXIS2_PLACEMENT_3D('',#9647,#9648,#9649);
#9647 = CARTESIAN_POINT('',(-2.6,-0.589491193792,-0.85));
#9648 = DIRECTION('',(0.,-3.491481338843E-15,-1.));
#9649 = DIRECTION('',(0.,-1.,3.491481338843E-15));
#9650 = ORIENTED_EDGE('',*,*,#9594,.F.);
#9651 = CYLINDRICAL_SURFACE('',#9652,0.2);
#9652 = AXIS2_PLACEMENT_3D('',#9653,#9654,#9655);
#9653 = CARTESIAN_POINT('',(-2.6,-0.589491193792,-0.7));
#9654 = DIRECTION('',(0.,-3.491481338843E-15,-1.));
#9655 = DIRECTION('',(0.,1.,-3.491481338843E-15));
#9656 = ADVANCED_FACE('',(#9657),#9679,.F.);
#9657 = FACE_BOUND('',#9658,.T.);
#9658 = EDGE_LOOP('',(#9659,#9660,#9667,#9668,#9669,#9670,#9671,#9672,
    #9673,#9674,#9675,#9676,#9677,#9678));
#9659 = ORIENTED_EDGE('',*,*,#8821,.F.);
#9660 = ORIENTED_EDGE('',*,*,#9661,.T.);
#9661 = EDGE_CURVE('',#8424,#9307,#9662,.T.);
#9662 = CIRCLE('',#9663,0.2);
#9663 = AXIS2_PLACEMENT_3D('',#9664,#9665,#9666);
#9664 = CARTESIAN_POINT('',(1.55,-0.539491193792,-0.85));
#9665 = DIRECTION('',(0.,-3.491481338843E-15,-1.));
#9666 = DIRECTION('',(0.,1.,-3.491481338843E-15));
#9667 = ORIENTED_EDGE('',*,*,#9306,.T.);
#9668 = ORIENTED_EDGE('',*,*,#9288,.T.);
#9669 = ORIENTED_EDGE('',*,*,#9370,.T.);
#9670 = ORIENTED_EDGE('',*,*,#9402,.T.);
#9671 = ORIENTED_EDGE('',*,*,#9417,.T.);
#9672 = ORIENTED_EDGE('',*,*,#9466,.T.);
#9673 = ORIENTED_EDGE('',*,*,#9481,.T.);
#9674 = ORIENTED_EDGE('',*,*,#9519,.T.);
#9675 = ORIENTED_EDGE('',*,*,#9273,.F.);
#9676 = ORIENTED_EDGE('',*,*,#9546,.T.);
#9677 = ORIENTED_EDGE('',*,*,#9577,.T.);
#9678 = ORIENTED_EDGE('',*,*,#9644,.T.);
#9679 = PLANE('',#9680);
#9680 = AXIS2_PLACEMENT_3D('',#9681,#9682,#9683);
#9681 = CARTESIAN_POINT('',(0.1,-3.949119379166E-02,-0.85));
#9682 = DIRECTION('',(0.,3.491481338843E-15,1.));
#9683 = DIRECTION('',(0.,-1.,3.491481338843E-15));
#9684 = ADVANCED_FACE('',(#9685),#9691,.T.);
#9685 = FACE_BOUND('',#9686,.T.);
#9686 = EDGE_LOOP('',(#9687,#9688,#9689,#9690));
#9687 = ORIENTED_EDGE('',*,*,#9661,.F.);
#9688 = ORIENTED_EDGE('',*,*,#8432,.T.);
#9689 = ORIENTED_EDGE('',*,*,#9608,.T.);
#9690 = ORIENTED_EDGE('',*,*,#9314,.T.);
#9691 = CYLINDRICAL_SURFACE('',#9692,0.2);
#9692 = AXIS2_PLACEMENT_3D('',#9693,#9694,#9695);
#9693 = CARTESIAN_POINT('',(1.55,-0.539491193792,-0.7));
#9694 = DIRECTION('',(0.,-3.491481338843E-15,-1.));
#9695 = DIRECTION('',(0.,1.,-3.491481338843E-15));
#9696 = ( GEOMETRIC_REPRESENTATION_CONTEXT(3) 
GLOBAL_UNCERTAINTY_ASSIGNED_CONTEXT((#9700)) 
GLOBAL_UNIT_ASSIGNED_CONTEXT((#9697,#9698,#9699)) REPRESENTATION_CONTEXT
('Context #1','3D Context with UNIT and UNCERTAINTY') );
#9697 = ( LENGTH_UNIT() NAMED_UNIT(*) SI_UNIT(.MILLI.,.METRE.) );
#9698 = ( NAMED_UNIT(*) PLANE_ANGLE_UNIT() SI_UNIT($,.RADIAN.) );
#9699 = ( NAMED_UNIT(*) SI_UNIT($,.STERADIAN.) SOLID_ANGLE_UNIT() );
#9700 = UNCERTAINTY_MEASURE_WITH_UNIT(LENGTH_MEASURE(5.E-05),#9697,
  'distance_accuracy_value','confusion accuracy');
#9701 = CONTEXT_DEPENDENT_SHAPE_REPRESENTATION(#9702,#9704);
#9702 = ( REPRESENTATION_RELATIONSHIP('','',#6799,#10) 
REPRESENTATION_RELATIONSHIP_WITH_TRANSFORMATION(#9703) 
SHAPE_REPRESENTATION_RELATIONSHIP() );
#9703 = ITEM_DEFINED_TRANSFORMATION('','',#11,#23);
#9704 = PRODUCT_DEFINITION_SHAPE('Placement','Placement of an item',
  #9705);
#9705 = NEXT_ASSEMBLY_USAGE_OCCURRENCE('3','pin003','',#5,#6794,$);
#9706 = PRODUCT_RELATED_PRODUCT_CATEGORY('part',$,(#6796));
ENDSEC;
END-ISO-10303-21;
