ISO-10303-21;
HEADER;
FILE_DESCRIPTION(('KiCad electronic assembly'),'2;1');
FILE_NAME('mesa1-left.step','2026-08-15T13:04:31',('Pcbnew'),('Kicad'),
  'Open CASCADE STEP processor 7.9','KiCad to STEP converter','Unknown'
  );
FILE_SCHEMA(('AUTOMOTIVE_DESIGN { 1 0 10303 214 1 1 1 1 }'));
ENDSEC;
DATA;
#1 = APPLICATION_PROTOCOL_DEFINITION('international standard',
  'automotive_design',2000,#2);
#2 = APPLICATION_CONTEXT(
  'core data for automotive mechanical design processes');
#3 = SHAPE_DEFINITION_REPRESENTATION(#4,#10);
#4 = PRODUCT_DEFINITION_SHAPE('','',#5);
#5 = PRODUCT_DEFINITION('design','',#6,#9);
#6 = PRODUCT_DEFINITION_FORMATION('','',#7);
#7 = PRODUCT('mesa1-left 1','mesa1-left 1','',(#8));
#8 = PRODUCT_CONTEXT('',#2,'mechanical');
#9 = PRODUCT_DEFINITION_CONTEXT('part definition',#2,'design');
#10 = SHAPE_REPRESENTATION('',(#11,#15,#19,#23,#27,#31,#35,#39,#43,#47,
    #51,#55,#59,#63,#67,#71,#75,#79,#83,#87,#91,#95,#99,#103,#107,#111,
    #115,#119,#123,#127,#131,#135),#139);
#11 = AXIS2_PLACEMENT_3D('',#12,#13,#14);
#12 = CARTESIAN_POINT('',(0.,0.,0.));
#13 = DIRECTION('',(0.,0.,1.));
#14 = DIRECTION('',(1.,0.,-0.));
#15 = AXIS2_PLACEMENT_3D('',#16,#17,#18);
#16 = CARTESIAN_POINT('',(181.,-86.,1.595));
#17 = DIRECTION('',(0.,0.,1.));
#18 = DIRECTION('',(-1.,1.224646799147E-16,0.));
#19 = AXIS2_PLACEMENT_3D('',#20,#21,#22);
#20 = CARTESIAN_POINT('',(145.,-64.,1.595));
#21 = DIRECTION('',(0.,0.,1.));
#22 = DIRECTION('',(-1.,1.224646799147E-16,0.));
#23 = AXIS2_PLACEMENT_3D('',#24,#25,#26);
#24 = CARTESIAN_POINT('',(127.,-75.,1.595));
#25 = DIRECTION('',(0.,0.,1.));
#26 = DIRECTION('',(-1.,1.224646799147E-16,0.));
#27 = AXIS2_PLACEMENT_3D('',#28,#29,#30);
#28 = CARTESIAN_POINT('',(199.,-86.,1.595));
#29 = DIRECTION('',(0.,0.,1.));
#30 = DIRECTION('',(-1.,1.224646799147E-16,0.));
#31 = AXIS2_PLACEMENT_3D('',#32,#33,#34);
#32 = CARTESIAN_POINT('',(145.,-81.,1.595));
#33 = DIRECTION('',(0.,0.,1.));
#34 = DIRECTION('',(-1.,1.224646799147E-16,0.));
#35 = AXIS2_PLACEMENT_3D('',#36,#37,#38);
#36 = CARTESIAN_POINT('',(163.,-59.,1.595));
#37 = DIRECTION('',(0.,0.,1.));
#38 = DIRECTION('',(-1.,1.224646799147E-16,0.));
#39 = AXIS2_PLACEMENT_3D('',#40,#41,#42);
#40 = CARTESIAN_POINT('',(109.,-75.,1.595));
#41 = DIRECTION('',(0.,0.,1.));
#42 = DIRECTION('',(-1.,1.224646799147E-16,0.));
#43 = AXIS2_PLACEMENT_3D('',#44,#45,#46);
#44 = CARTESIAN_POINT('',(109.,-92.,1.595));
#45 = DIRECTION('',(0.,0.,1.));
#46 = DIRECTION('',(-1.,1.224646799147E-16,0.));
#47 = AXIS2_PLACEMENT_3D('',#48,#49,#50);
#48 = CARTESIAN_POINT('',(127.,-92.,1.595));
#49 = DIRECTION('',(0.,0.,1.));
#50 = DIRECTION('',(-1.,1.224646799147E-16,0.));
#51 = AXIS2_PLACEMENT_3D('',#52,#53,#54);
#52 = CARTESIAN_POINT('',(163.,-76.,1.595));
#53 = DIRECTION('',(0.,0.,1.));
#54 = DIRECTION('',(-1.,1.224646799147E-16,0.));
#55 = AXIS2_PLACEMENT_3D('',#56,#57,#58);
#56 = CARTESIAN_POINT('',(184.1173,-113.366,1.595));
#57 = DIRECTION('',(-0.,0.,1.));
#58 = DIRECTION('',(0.866025403784,-0.5,0.));
#59 = AXIS2_PLACEMENT_3D('',#60,#61,#62);
#60 = CARTESIAN_POINT('',(199.7058,-122.366,1.595));
#61 = DIRECTION('',(-0.,0.,1.));
#62 = DIRECTION('',(0.866025403784,-0.5,0.));
#63 = AXIS2_PLACEMENT_3D('',#64,#65,#66);
#64 = CARTESIAN_POINT('',(199.,-69.,1.595));
#65 = DIRECTION('',(0.,0.,1.));
#66 = DIRECTION('',(-1.,1.224646799147E-16,0.));
#67 = AXIS2_PLACEMENT_3D('',#68,#69,#70);
#68 = CARTESIAN_POINT('',(215.2942,-131.366,1.595));
#69 = DIRECTION('',(-0.,0.,1.));
#70 = DIRECTION('',(0.866025403784,-0.5,0.));
#71 = AXIS2_PLACEMENT_3D('',#72,#73,#74);
#72 = CARTESIAN_POINT('',(181.,-69.,1.595));
#73 = DIRECTION('',(0.,0.,1.));
#74 = DIRECTION('',(-1.,1.224646799147E-16,0.));
#75 = AXIS2_PLACEMENT_3D('',#76,#77,#78);
#76 = CARTESIAN_POINT('',(217.6942,-127.2091,-8.5E-02));
#77 = DIRECTION('',(6.123233995737E-17,1.060575238725E-16,-1.));
#78 = DIRECTION('',(-0.866025403784,0.5,0.));
#79 = AXIS2_PLACEMENT_3D('',#80,#81,#82);
#80 = CARTESIAN_POINT('',(127.,-79.8,-8.5E-02));
#81 = DIRECTION('',(0.,-1.224646799147E-16,-1.));
#82 = DIRECTION('',(1.,0.,0.));
#83 = AXIS2_PLACEMENT_3D('',#84,#85,#86);
#84 = CARTESIAN_POINT('',(199.,-73.8,-8.5E-02));
#85 = DIRECTION('',(0.,-1.224646799147E-16,-1.));
#86 = DIRECTION('',(1.,0.,0.));
#87 = AXIS2_PLACEMENT_3D('',#88,#89,#90);
#88 = CARTESIAN_POINT('',(181.,-73.8,-8.5E-02));
#89 = DIRECTION('',(0.,-1.224646799147E-16,-1.));
#90 = DIRECTION('',(1.,0.,0.));
#91 = AXIS2_PLACEMENT_3D('',#92,#93,#94);
#92 = CARTESIAN_POINT('',(181.,-90.8,-8.5E-02));
#93 = DIRECTION('',(0.,-1.224646799147E-16,-1.));
#94 = DIRECTION('',(1.,0.,0.));
#95 = AXIS2_PLACEMENT_3D('',#96,#97,#98);
#96 = CARTESIAN_POINT('',(163.,-63.8,-8.5E-02));
#97 = DIRECTION('',(0.,-1.224646799147E-16,-1.));
#98 = DIRECTION('',(1.,0.,0.));
#99 = AXIS2_PLACEMENT_3D('',#100,#101,#102);
#100 = CARTESIAN_POINT('',(145.,-85.8,-8.5E-02));
#101 = DIRECTION('',(0.,-1.224646799147E-16,-1.));
#102 = DIRECTION('',(1.,0.,0.));
#103 = AXIS2_PLACEMENT_3D('',#104,#105,#106);
#104 = CARTESIAN_POINT('',(127.,-96.8,-8.5E-02));
#105 = DIRECTION('',(0.,-1.224646799147E-16,-1.));
#106 = DIRECTION('',(1.,0.,0.));
#107 = AXIS2_PLACEMENT_3D('',#108,#109,#110);
#108 = CARTESIAN_POINT('',(109.,-96.8,-8.5E-02));
#109 = DIRECTION('',(0.,-1.224646799147E-16,-1.));
#110 = DIRECTION('',(1.,0.,0.));
#111 = AXIS2_PLACEMENT_3D('',#112,#113,#114);
#112 = CARTESIAN_POINT('',(202.1058,-118.2091,-8.5E-02));
#113 = DIRECTION('',(6.123233995737E-17,1.060575238725E-16,-1.));
#114 = DIRECTION('',(-0.866025403784,0.5,0.));
#115 = AXIS2_PLACEMENT_3D('',#116,#117,#118);
#116 = CARTESIAN_POINT('',(163.,-80.8,-8.5E-02));
#117 = DIRECTION('',(0.,-1.224646799147E-16,-1.));
#118 = DIRECTION('',(1.,0.,0.));
#119 = AXIS2_PLACEMENT_3D('',#120,#121,#122);
#120 = CARTESIAN_POINT('',(109.,-79.8,-8.5E-02));
#121 = DIRECTION('',(0.,-1.224646799147E-16,-1.));
#122 = DIRECTION('',(1.,0.,0.));
#123 = AXIS2_PLACEMENT_3D('',#124,#125,#126);
#124 = CARTESIAN_POINT('',(186.5173,-109.2091,-8.5E-02));
#125 = DIRECTION('',(6.123233995737E-17,1.060575238725E-16,-1.));
#126 = DIRECTION('',(-0.866025403784,0.5,0.));
#127 = AXIS2_PLACEMENT_3D('',#128,#129,#130);
#128 = CARTESIAN_POINT('',(145.,-68.8,-8.5E-02));
#129 = DIRECTION('',(0.,-1.224646799147E-16,-1.));
#130 = DIRECTION('',(1.,0.,0.));
#131 = AXIS2_PLACEMENT_3D('',#132,#133,#134);
#132 = CARTESIAN_POINT('',(199.,-90.8,-8.5E-02));
#133 = DIRECTION('',(0.,-1.224646799147E-16,-1.));
#134 = DIRECTION('',(1.,0.,0.));
#135 = AXIS2_PLACEMENT_3D('',#136,#137,#138);
#136 = CARTESIAN_POINT('',(0.,0.,0.));
#137 = DIRECTION('',(0.,0.,1.));
#138 = DIRECTION('',(1.,0.,-0.));
#139 = ( GEOMETRIC_REPRESENTATION_CONTEXT(3) 
GLOBAL_UNCERTAINTY_ASSIGNED_CONTEXT((#143)) GLOBAL_UNIT_ASSIGNED_CONTEXT
((#140,#141,#142)) REPRESENTATION_CONTEXT('Context #1',
  '3D Context with UNIT and UNCERTAINTY') );
#140 = ( LENGTH_UNIT() NAMED_UNIT(*) SI_UNIT(.MILLI.,.METRE.) );
#141 = ( NAMED_UNIT(*) PLANE_ANGLE_UNIT() SI_UNIT($,.RADIAN.) );
#142 = ( NAMED_UNIT(*) SI_UNIT($,.STERADIAN.) SOLID_ANGLE_UNIT() );
#143 = UNCERTAINTY_MEASURE_WITH_UNIT(LENGTH_MEASURE(2.E-05),#140,
  'distance_accuracy_value','confusion accuracy');
#144 = PRODUCT_RELATED_PRODUCT_CATEGORY('part',$,(#7));
#145 = SHAPE_DEFINITION_REPRESENTATION(#146,#152);
#146 = PRODUCT_DEFINITION_SHAPE('','',#147);
#147 = PRODUCT_DEFINITION('design','',#148,#151);
#148 = PRODUCT_DEFINITION_FORMATION('','',#149);
#149 = PRODUCT('Kailh_socket_PG1350','Kailh_socket_PG1350','',(#150));
#150 = PRODUCT_CONTEXT('',#2,'mechanical');
#151 = PRODUCT_DEFINITION_CONTEXT('part definition',#2,'design');
#152 = SHAPE_REPRESENTATION('',(#11,#153),#157);
#153 = AXIS2_PLACEMENT_3D('',#154,#155,#156);
#154 = CARTESIAN_POINT('',(0.,0.,0.));
#155 = DIRECTION('',(0.,0.,1.));
#156 = DIRECTION('',(1.,0.,-0.));
#157 = ( GEOMETRIC_REPRESENTATION_CONTEXT(3) 
GLOBAL_UNCERTAINTY_ASSIGNED_CONTEXT((#161)) GLOBAL_UNIT_ASSIGNED_CONTEXT
((#158,#159,#160)) REPRESENTATION_CONTEXT('Context #1',
  '3D Context with UNIT and UNCERTAINTY') );
#158 = ( LENGTH_UNIT() NAMED_UNIT(*) SI_UNIT(.MILLI.,.METRE.) );
#159 = ( NAMED_UNIT(*) PLANE_ANGLE_UNIT() SI_UNIT($,.RADIAN.) );
#160 = ( NAMED_UNIT(*) SI_UNIT($,.STERADIAN.) SOLID_ANGLE_UNIT() );
#161 = UNCERTAINTY_MEASURE_WITH_UNIT(LENGTH_MEASURE(2.E-05),#158,
  'distance_accuracy_value','confusion accuracy');
#162 = CONTEXT_DEPENDENT_SHAPE_REPRESENTATION(#163,#165);
#163 = ( REPRESENTATION_RELATIONSHIP('','',#152,#10) 
REPRESENTATION_RELATIONSHIP_WITH_TRANSFORMATION(#164) 
SHAPE_REPRESENTATION_RELATIONSHIP() );
#164 = ITEM_DEFINED_TRANSFORMATION('','',#11,#15);
#165 = PRODUCT_DEFINITION_SHAPE('Placement','Placement of an item',#166
  );
#166 = NEXT_ASSEMBLY_USAGE_OCCURRENCE('5','L-R0','',#5,#147,$);
#167 = PRODUCT_RELATED_PRODUCT_CATEGORY('part',$,(#149));
#168 = SHAPE_DEFINITION_REPRESENTATION(#169,#175);
#169 = PRODUCT_DEFINITION_SHAPE('','',#170);
#170 = PRODUCT_DEFINITION('design','',#171,#174);
#171 = PRODUCT_DEFINITION_FORMATION('','',#172);
#172 = PRODUCT('d','d','',(#173));
#173 = PRODUCT_CONTEXT('',#2,'mechanical');
#174 = PRODUCT_DEFINITION_CONTEXT('part definition',#2,'design');
#175 = SHAPE_REPRESENTATION('',(#11,#176,#180,#184),#188);
#176 = AXIS2_PLACEMENT_3D('',#177,#178,#179);
#177 = CARTESIAN_POINT('',(5.,-3.75,-1.6));
#178 = DIRECTION('',(0.,-1.,2.22044604925E-16));
#179 = DIRECTION('',(1.,0.,0.));
#180 = AXIS2_PLACEMENT_3D('',#181,#182,#183);
#181 = CARTESIAN_POINT('',(2.2,-5.949999999996,-3.439491193792));
#182 = DIRECTION('',(-0.,1.,3.330669073875E-15));
#183 = DIRECTION('',(1.,0.,0.));
#184 = AXIS2_PLACEMENT_3D('',#185,#186,#187);
#185 = CARTESIAN_POINT('',(-7.2,-3.75,-3.439491193792));
#186 = DIRECTION('',(-2.379704662901E-29,-1.,-6.772360450213E-15));
#187 = DIRECTION('',(-1.,-2.349409363466E-29,6.982962677686E-15));
#188 = ( GEOMETRIC_REPRESENTATION_CONTEXT(3) 
GLOBAL_UNCERTAINTY_ASSIGNED_CONTEXT((#192)) GLOBAL_UNIT_ASSIGNED_CONTEXT
((#189,#190,#191)) REPRESENTATION_CONTEXT('Context #1',
  '3D Context with UNIT and UNCERTAINTY') );
#189 = ( LENGTH_UNIT() NAMED_UNIT(*) SI_UNIT(.MILLI.,.METRE.) );
#190 = ( NAMED_UNIT(*) PLANE_ANGLE_UNIT() SI_UNIT($,.RADIAN.) );
#191 = ( NAMED_UNIT(*) SI_UNIT($,.STERADIAN.) SOLID_ANGLE_UNIT() );
#192 = UNCERTAINTY_MEASURE_WITH_UNIT(LENGTH_MEASURE(2.E-05),#189,
  'distance_accuracy_value','confusion accuracy');
#193 = CONTEXT_DEPENDENT_SHAPE_REPRESENTATION(#194,#196);
#194 = ( REPRESENTATION_RELATIONSHIP('','',#175,#152) 
REPRESENTATION_RELATIONSHIP_WITH_TRANSFORMATION(#195) 
SHAPE_REPRESENTATION_RELATIONSHIP() );
#195 = ITEM_DEFINED_TRANSFORMATION('','',#11,#153);
#196 = PRODUCT_DEFINITION_SHAPE('Placement','Placement of an item',#197
  );
#197 = NEXT_ASSEMBLY_USAGE_OCCURRENCE('4','=>[0:1:1:3]','',#147,#170,$);
#198 = PRODUCT_RELATED_PRODUCT_CATEGORY('part',$,(#172));
#199 = SHAPE_DEFINITION_REPRESENTATION(#200,#206);
#200 = PRODUCT_DEFINITION_SHAPE('','',#201);
#201 = PRODUCT_DEFINITION('design','',#202,#205);
#202 = PRODUCT_DEFINITION_FORMATION('','',#203);
#203 = PRODUCT('socket001','socket001','',(#204));
#204 = PRODUCT_CONTEXT('',#2,'mechanical');
#205 = PRODUCT_DEFINITION_CONTEXT('part definition',#2,'design');
#206 = ADVANCED_BREP_SHAPE_REPRESENTATION('',(#11,#207),#4032);
#207 = MANIFOLD_SOLID_BREP('',#208);
#208 = CLOSED_SHELL('',(#209,#253,#297,#341,#385,#429,#471,#513,#545,
    #577,#892,#934,#965,#998,#1029,#1062,#1093,#1126,#1168,#1199,#1232,
    #1263,#1296,#1338,#1360,#1432,#1474,#1537,#1570,#1601,#1634,#1667,
    #1698,#1738,#1778,#1818,#1858,#1898,#1931,#1953,#2088,#2106,#2192,
    #2210,#2296,#2314,#2332,#2350,#2368,#2386,#2404,#2416,#2428,#2444,
    #2460,#2476,#2492,#2508,#2520,#2532,#2544,#2556,#2568,#2622,#2676,
    #2698,#2715,#2732,#2749,#2766,#2783,#2800,#2812,#2834,#2851,#2868,
    #2885,#2902,#2919,#2936,#2948,#2979,#3010,#3027,#3058,#3089,#3106,
    #3137,#3168,#3199,#3219,#3268,#3290,#3312,#3332,#3355,#3372,#3389,
    #3406,#3423,#3440,#3458,#3481,#3498,#3515,#3532,#3549,#3566,#3584,
    #3602,#3627,#3645,#3670,#3690,#3708,#3726,#3744,#3762,#3774,#3792,
    #3810,#3828,#3848,#3866,#3891,#3909,#3934,#3952,#3977,#3995,#4020));
#209 = ADVANCED_FACE('',(#210),#248,.T.);
#210 = FACE_BOUND('',#211,.T.);
#211 = EDGE_LOOP('',(#212,#223,#232,#241));
#212 = ORIENTED_EDGE('',*,*,#213,.T.);
#213 = EDGE_CURVE('',#214,#216,#218,.T.);
#214 = VERTEX_POINT('',#215);
#215 = CARTESIAN_POINT('',(-11.59999999999,-0.1,1.950000000007));
#216 = VERTEX_POINT('',#217);
#217 = CARTESIAN_POINT('',(-11.59999999999,-0.1,1.250000000007));
#218 = CIRCLE('',#219,0.35);
#219 = AXIS2_PLACEMENT_3D('',#220,#221,#222);
#220 = CARTESIAN_POINT('',(-11.59999999999,-0.1,1.600000000007));
#221 = DIRECTION('',(0.,1.,0.));
#222 = DIRECTION('',(0.,-0.,1.));
#223 = ORIENTED_EDGE('',*,*,#224,.T.);
#224 = EDGE_CURVE('',#216,#225,#227,.T.);
#225 = VERTEX_POINT('',#226);
#226 = CARTESIAN_POINT('',(-11.59999999999,0.,1.350000000007));
#227 = CIRCLE('',#228,0.1);
#228 = AXIS2_PLACEMENT_3D('',#229,#230,#231);
#229 = CARTESIAN_POINT('',(-11.59999999999,-0.1,1.350000000007));
#230 = DIRECTION('',(1.,-0.,1.224646799147E-16));
#231 = DIRECTION('',(1.224646799147E-16,0.,-1.));
#232 = ORIENTED_EDGE('',*,*,#233,.F.);
#233 = EDGE_CURVE('',#234,#225,#236,.T.);
#234 = VERTEX_POINT('',#235);
#235 = CARTESIAN_POINT('',(-11.59999999999,0.,1.850000000007));
#236 = CIRCLE('',#237,0.25);
#237 = AXIS2_PLACEMENT_3D('',#238,#239,#240);
#238 = CARTESIAN_POINT('',(-11.59999999999,0.,1.600000000007));
#239 = DIRECTION('',(0.,1.,0.));
#240 = DIRECTION('',(0.,-0.,1.));
#241 = ORIENTED_EDGE('',*,*,#242,.F.);
#242 = EDGE_CURVE('',#214,#234,#243,.T.);
#243 = CIRCLE('',#244,0.1);
#244 = AXIS2_PLACEMENT_3D('',#245,#246,#247);
#245 = CARTESIAN_POINT('',(-11.59999999999,-0.1,1.850000000007));
#246 = DIRECTION('',(-1.,0.,0.));
#247 = DIRECTION('',(0.,0.,1.));
#248 = TOROIDAL_SURFACE('',#249,0.25,0.1);
#249 = AXIS2_PLACEMENT_3D('',#250,#251,#252);
#250 = CARTESIAN_POINT('',(-11.59999999999,-0.1,1.600000000007));
#251 = DIRECTION('',(0.,1.,0.));
#252 = DIRECTION('',(0.,-0.,1.));
#253 = ADVANCED_FACE('',(#254),#292,.T.);
#254 = FACE_BOUND('',#255,.T.);
#255 = EDGE_LOOP('',(#256,#267,#276,#285));
#256 = ORIENTED_EDGE('',*,*,#257,.T.);
#257 = EDGE_CURVE('',#258,#260,#262,.T.);
#258 = VERTEX_POINT('',#259);
#259 = CARTESIAN_POINT('',(-11.6,-0.1,-1.250000000007));
#260 = VERTEX_POINT('',#261);
#261 = CARTESIAN_POINT('',(-11.6,-0.1,-1.950000000007));
#262 = CIRCLE('',#263,0.35);
#263 = AXIS2_PLACEMENT_3D('',#264,#265,#266);
#264 = CARTESIAN_POINT('',(-11.6,-0.1,-1.600000000007));
#265 = DIRECTION('',(0.,1.,0.));
#266 = DIRECTION('',(0.,-0.,1.));
#267 = ORIENTED_EDGE('',*,*,#268,.T.);
#268 = EDGE_CURVE('',#260,#269,#271,.T.);
#269 = VERTEX_POINT('',#270);
#270 = CARTESIAN_POINT('',(-11.6,0.,-1.850000000007));
#271 = CIRCLE('',#272,0.1);
#272 = AXIS2_PLACEMENT_3D('',#273,#274,#275);
#273 = CARTESIAN_POINT('',(-11.6,-0.1,-1.850000000007));
#274 = DIRECTION('',(1.,-0.,1.224646799147E-16));
#275 = DIRECTION('',(1.224646799147E-16,0.,-1.));
#276 = ORIENTED_EDGE('',*,*,#277,.F.);
#277 = EDGE_CURVE('',#278,#269,#280,.T.);
#278 = VERTEX_POINT('',#279);
#279 = CARTESIAN_POINT('',(-11.6,0.,-1.350000000007));
#280 = CIRCLE('',#281,0.25);
#281 = AXIS2_PLACEMENT_3D('',#282,#283,#284);
#282 = CARTESIAN_POINT('',(-11.6,0.,-1.600000000007));
#283 = DIRECTION('',(0.,1.,0.));
#284 = DIRECTION('',(0.,-0.,1.));
#285 = ORIENTED_EDGE('',*,*,#286,.F.);
#286 = EDGE_CURVE('',#258,#278,#287,.T.);
#287 = CIRCLE('',#288,0.1);
#288 = AXIS2_PLACEMENT_3D('',#289,#290,#291);
#289 = CARTESIAN_POINT('',(-11.6,-0.1,-1.350000000007));
#290 = DIRECTION('',(-1.,0.,0.));
#291 = DIRECTION('',(0.,0.,1.));
#292 = TOROIDAL_SURFACE('',#293,0.25,0.1);
#293 = AXIS2_PLACEMENT_3D('',#294,#295,#296);
#294 = CARTESIAN_POINT('',(-11.6,-0.1,-1.600000000007));
#295 = DIRECTION('',(0.,1.,0.));
#296 = DIRECTION('',(0.,-0.,1.));
#297 = ADVANCED_FACE('',(#298),#336,.T.);
#298 = FACE_BOUND('',#299,.T.);
#299 = EDGE_LOOP('',(#300,#311,#320,#329));
#300 = ORIENTED_EDGE('',*,*,#301,.T.);
#301 = EDGE_CURVE('',#302,#304,#306,.T.);
#302 = VERTEX_POINT('',#303);
#303 = CARTESIAN_POINT('',(-7.5,-0.1,1.7));
#304 = VERTEX_POINT('',#305);
#305 = CARTESIAN_POINT('',(-7.5,-0.1,1.));
#306 = CIRCLE('',#307,0.35);
#307 = AXIS2_PLACEMENT_3D('',#308,#309,#310);
#308 = CARTESIAN_POINT('',(-7.5,-0.1,1.35));
#309 = DIRECTION('',(0.,1.,-0.));
#310 = DIRECTION('',(0.,0.,1.));
#311 = ORIENTED_EDGE('',*,*,#312,.T.);
#312 = EDGE_CURVE('',#304,#313,#315,.T.);
#313 = VERTEX_POINT('',#314);
#314 = CARTESIAN_POINT('',(-7.5,0.,1.1));
#315 = CIRCLE('',#316,0.1);
#316 = AXIS2_PLACEMENT_3D('',#317,#318,#319);
#317 = CARTESIAN_POINT('',(-7.5,-0.1,1.1));
#318 = DIRECTION('',(1.,0.,1.224646799147E-16));
#319 = DIRECTION('',(1.224646799147E-16,0.,-1.));
#320 = ORIENTED_EDGE('',*,*,#321,.F.);
#321 = EDGE_CURVE('',#322,#313,#324,.T.);
#322 = VERTEX_POINT('',#323);
#323 = CARTESIAN_POINT('',(-7.5,0.,1.6));
#324 = CIRCLE('',#325,0.25);
#325 = AXIS2_PLACEMENT_3D('',#326,#327,#328);
#326 = CARTESIAN_POINT('',(-7.5,0.,1.35));
#327 = DIRECTION('',(0.,1.,-0.));
#328 = DIRECTION('',(0.,0.,1.));
#329 = ORIENTED_EDGE('',*,*,#330,.F.);
#330 = EDGE_CURVE('',#302,#322,#331,.T.);
#331 = CIRCLE('',#332,0.1);
#332 = AXIS2_PLACEMENT_3D('',#333,#334,#335);
#333 = CARTESIAN_POINT('',(-7.5,-0.1,1.6));
#334 = DIRECTION('',(-1.,0.,0.));
#335 = DIRECTION('',(0.,0.,1.));
#336 = TOROIDAL_SURFACE('',#337,0.25,0.1);
#337 = AXIS2_PLACEMENT_3D('',#338,#339,#340);
#338 = CARTESIAN_POINT('',(-7.5,-0.1,1.35));
#339 = DIRECTION('',(0.,1.,-0.));
#340 = DIRECTION('',(0.,0.,1.));
#341 = ADVANCED_FACE('',(#342),#380,.T.);
#342 = FACE_BOUND('',#343,.T.);
#343 = EDGE_LOOP('',(#344,#355,#364,#373));
#344 = ORIENTED_EDGE('',*,*,#345,.T.);
#345 = EDGE_CURVE('',#346,#348,#350,.T.);
#346 = VERTEX_POINT('',#347);
#347 = CARTESIAN_POINT('',(-3.4,-0.1,4.2));
#348 = VERTEX_POINT('',#349);
#349 = CARTESIAN_POINT('',(-3.4,-0.1,3.5));
#350 = CIRCLE('',#351,0.35);
#351 = AXIS2_PLACEMENT_3D('',#352,#353,#354);
#352 = CARTESIAN_POINT('',(-3.4,-0.1,3.85));
#353 = DIRECTION('',(0.,1.,-0.));
#354 = DIRECTION('',(0.,0.,1.));
#355 = ORIENTED_EDGE('',*,*,#356,.T.);
#356 = EDGE_CURVE('',#348,#357,#359,.T.);
#357 = VERTEX_POINT('',#358);
#358 = CARTESIAN_POINT('',(-3.4,0.,3.6));
#359 = CIRCLE('',#360,0.1);
#360 = AXIS2_PLACEMENT_3D('',#361,#362,#363);
#361 = CARTESIAN_POINT('',(-3.4,-0.1,3.6));
#362 = DIRECTION('',(1.,0.,1.224646799147E-16));
#363 = DIRECTION('',(1.224646799147E-16,0.,-1.));
#364 = ORIENTED_EDGE('',*,*,#365,.F.);
#365 = EDGE_CURVE('',#366,#357,#368,.T.);
#366 = VERTEX_POINT('',#367);
#367 = CARTESIAN_POINT('',(-3.4,0.,4.1));
#368 = CIRCLE('',#369,0.25);
#369 = AXIS2_PLACEMENT_3D('',#370,#371,#372);
#370 = CARTESIAN_POINT('',(-3.4,0.,3.85));
#371 = DIRECTION('',(0.,1.,-0.));
#372 = DIRECTION('',(0.,0.,1.));
#373 = ORIENTED_EDGE('',*,*,#374,.F.);
#374 = EDGE_CURVE('',#346,#366,#375,.T.);
#375 = CIRCLE('',#376,0.1);
#376 = AXIS2_PLACEMENT_3D('',#377,#378,#379);
#377 = CARTESIAN_POINT('',(-3.4,-0.1,4.1));
#378 = DIRECTION('',(-1.,0.,0.));
#379 = DIRECTION('',(0.,0.,1.));
#380 = TOROIDAL_SURFACE('',#381,0.25,0.1);
#381 = AXIS2_PLACEMENT_3D('',#382,#383,#384);
#382 = CARTESIAN_POINT('',(-3.4,-0.1,3.85));
#383 = DIRECTION('',(0.,1.,-0.));
#384 = DIRECTION('',(0.,0.,1.));
#385 = ADVANCED_FACE('',(#386),#424,.T.);
#386 = FACE_BOUND('',#387,.T.);
#387 = EDGE_LOOP('',(#388,#399,#408,#417));
#388 = ORIENTED_EDGE('',*,*,#389,.T.);
#389 = EDGE_CURVE('',#390,#392,#394,.T.);
#390 = VERTEX_POINT('',#391);
#391 = CARTESIAN_POINT('',(-3.4,-0.1,0.9));
#392 = VERTEX_POINT('',#393);
#393 = CARTESIAN_POINT('',(-3.4,-0.1,0.2));
#394 = CIRCLE('',#395,0.35);
#395 = AXIS2_PLACEMENT_3D('',#396,#397,#398);
#396 = CARTESIAN_POINT('',(-3.4,-0.1,0.55));
#397 = DIRECTION('',(0.,1.,-0.));
#398 = DIRECTION('',(0.,0.,1.));
#399 = ORIENTED_EDGE('',*,*,#400,.T.);
#400 = EDGE_CURVE('',#392,#401,#403,.T.);
#401 = VERTEX_POINT('',#402);
#402 = CARTESIAN_POINT('',(-3.4,0.,0.3));
#403 = CIRCLE('',#404,0.1);
#404 = AXIS2_PLACEMENT_3D('',#405,#406,#407);
#405 = CARTESIAN_POINT('',(-3.4,-0.1,0.3));
#406 = DIRECTION('',(1.,0.,1.224646799147E-16));
#407 = DIRECTION('',(1.224646799147E-16,0.,-1.));
#408 = ORIENTED_EDGE('',*,*,#409,.F.);
#409 = EDGE_CURVE('',#410,#401,#412,.T.);
#410 = VERTEX_POINT('',#411);
#411 = CARTESIAN_POINT('',(-3.4,0.,0.8));
#412 = CIRCLE('',#413,0.25);
#413 = AXIS2_PLACEMENT_3D('',#414,#415,#416);
#414 = CARTESIAN_POINT('',(-3.4,0.,0.55));
#415 = DIRECTION('',(0.,1.,-0.));
#416 = DIRECTION('',(0.,0.,1.));
#417 = ORIENTED_EDGE('',*,*,#418,.F.);
#418 = EDGE_CURVE('',#390,#410,#419,.T.);
#419 = CIRCLE('',#420,0.1);
#420 = AXIS2_PLACEMENT_3D('',#421,#422,#423);
#421 = CARTESIAN_POINT('',(-3.4,-0.1,0.8));
#422 = DIRECTION('',(-1.,0.,0.));
#423 = DIRECTION('',(0.,0.,1.));
#424 = TOROIDAL_SURFACE('',#425,0.25,0.1);
#425 = AXIS2_PLACEMENT_3D('',#426,#427,#428);
#426 = CARTESIAN_POINT('',(-3.4,-0.1,0.55));
#427 = DIRECTION('',(0.,1.,-0.));
#428 = DIRECTION('',(0.,0.,1.));
#429 = ADVANCED_FACE('',(#430),#466,.T.);
#430 = FACE_BOUND('',#431,.T.);
#431 = EDGE_LOOP('',(#432,#443,#451,#460));
#432 = ORIENTED_EDGE('',*,*,#433,.F.);
#433 = EDGE_CURVE('',#434,#436,#438,.T.);
#434 = VERTEX_POINT('',#435);
#435 = CARTESIAN_POINT('',(-10.,1.25,1.268014882867));
#436 = VERTEX_POINT('',#437);
#437 = CARTESIAN_POINT('',(-10.,1.25,-1.268014882867));
#438 = CIRCLE('',#439,1.268014882867);
#439 = AXIS2_PLACEMENT_3D('',#440,#441,#442);
#440 = CARTESIAN_POINT('',(-10.,1.25,6.123233995737E-16));
#441 = DIRECTION('',(0.,1.,0.));
#442 = DIRECTION('',(0.,-0.,1.));
#443 = ORIENTED_EDGE('',*,*,#444,.T.);
#444 = EDGE_CURVE('',#434,#445,#447,.T.);
#445 = VERTEX_POINT('',#446);
#446 = CARTESIAN_POINT('',(-10.,0.75,1.45));
#447 = LINE('',#448,#449);
#448 = CARTESIAN_POINT('',(-10.,1.25,1.268014882867));
#449 = VECTOR('',#450,1.);
#450 = DIRECTION('',(4.188538737676E-17,-0.939692620786,0.342020143326)
  );
#451 = ORIENTED_EDGE('',*,*,#452,.F.);
#452 = EDGE_CURVE('',#453,#445,#455,.T.);
#453 = VERTEX_POINT('',#454);
#454 = CARTESIAN_POINT('',(-10.,0.75,-1.45));
#455 = CIRCLE('',#456,1.45);
#456 = AXIS2_PLACEMENT_3D('',#457,#458,#459);
#457 = CARTESIAN_POINT('',(-10.,0.75,6.123233995737E-16));
#458 = DIRECTION('',(0.,-1.,0.));
#459 = DIRECTION('',(0.,0.,1.));
#460 = ORIENTED_EDGE('',*,*,#461,.F.);
#461 = EDGE_CURVE('',#436,#453,#462,.T.);
#462 = LINE('',#463,#464);
#463 = CARTESIAN_POINT('',(-10.,1.25,-1.268014882867));
#464 = VECTOR('',#465,1.);
#465 = DIRECTION('',(0.,-0.939692620786,-0.342020143326));
#466 = CONICAL_SURFACE('',#467,1.268014882867,0.349065850399);
#467 = AXIS2_PLACEMENT_3D('',#468,#469,#470);
#468 = CARTESIAN_POINT('',(-10.,1.25,6.123233995737E-16));
#469 = DIRECTION('',(0.,-1.,0.));
#470 = DIRECTION('',(0.,0.,-1.));
#471 = ADVANCED_FACE('',(#472),#508,.T.);
#472 = FACE_BOUND('',#473,.T.);
#473 = EDGE_LOOP('',(#474,#485,#493,#502));
#474 = ORIENTED_EDGE('',*,*,#475,.F.);
#475 = EDGE_CURVE('',#476,#478,#480,.T.);
#476 = VERTEX_POINT('',#477);
#477 = CARTESIAN_POINT('',(-5.,1.25,3.468014882867));
#478 = VERTEX_POINT('',#479);
#479 = CARTESIAN_POINT('',(-5.,1.25,0.931985117133));
#480 = CIRCLE('',#481,1.268014882867);
#481 = AXIS2_PLACEMENT_3D('',#482,#483,#484);
#482 = CARTESIAN_POINT('',(-5.,1.25,2.2));
#483 = DIRECTION('',(0.,1.,0.));
#484 = DIRECTION('',(0.,-0.,1.));
#485 = ORIENTED_EDGE('',*,*,#486,.T.);
#486 = EDGE_CURVE('',#476,#487,#489,.T.);
#487 = VERTEX_POINT('',#488);
#488 = CARTESIAN_POINT('',(-5.,0.75,3.65));
#489 = LINE('',#490,#491);
#490 = CARTESIAN_POINT('',(-5.,1.25,3.468014882867));
#491 = VECTOR('',#492,1.);
#492 = DIRECTION('',(4.188538737676E-17,-0.939692620786,0.342020143326)
  );
#493 = ORIENTED_EDGE('',*,*,#494,.F.);
#494 = EDGE_CURVE('',#495,#487,#497,.T.);
#495 = VERTEX_POINT('',#496);
#496 = CARTESIAN_POINT('',(-5.,0.75,0.75));
#497 = CIRCLE('',#498,1.45);
#498 = AXIS2_PLACEMENT_3D('',#499,#500,#501);
#499 = CARTESIAN_POINT('',(-5.,0.75,2.2));
#500 = DIRECTION('',(0.,-1.,0.));
#501 = DIRECTION('',(0.,0.,1.));
#502 = ORIENTED_EDGE('',*,*,#503,.F.);
#503 = EDGE_CURVE('',#478,#495,#504,.T.);
#504 = LINE('',#505,#506);
#505 = CARTESIAN_POINT('',(-5.,1.25,0.931985117133));
#506 = VECTOR('',#507,1.);
#507 = DIRECTION('',(0.,-0.939692620786,-0.342020143326));
#508 = CONICAL_SURFACE('',#509,1.268014882867,0.349065850399);
#509 = AXIS2_PLACEMENT_3D('',#510,#511,#512);
#510 = CARTESIAN_POINT('',(-5.,1.25,2.2));
#511 = DIRECTION('',(0.,-1.,0.));
#512 = DIRECTION('',(0.,0.,-1.));
#513 = ADVANCED_FACE('',(#514),#540,.T.);
#514 = FACE_BOUND('',#515,.T.);
#515 = EDGE_LOOP('',(#516,#517,#525,#534));
#516 = ORIENTED_EDGE('',*,*,#494,.T.);
#517 = ORIENTED_EDGE('',*,*,#518,.T.);
#518 = EDGE_CURVE('',#487,#519,#521,.T.);
#519 = VERTEX_POINT('',#520);
#520 = CARTESIAN_POINT('',(-5.,-0.1,3.65));
#521 = LINE('',#522,#523);
#522 = CARTESIAN_POINT('',(-5.,1.25,3.65));
#523 = VECTOR('',#524,1.);
#524 = DIRECTION('',(-0.,-1.,-0.));
#525 = ORIENTED_EDGE('',*,*,#526,.T.);
#526 = EDGE_CURVE('',#519,#527,#529,.T.);
#527 = VERTEX_POINT('',#528);
#528 = CARTESIAN_POINT('',(-5.,-0.1,0.75));
#529 = CIRCLE('',#530,1.45);
#530 = AXIS2_PLACEMENT_3D('',#531,#532,#533);
#531 = CARTESIAN_POINT('',(-5.,-0.1,2.2));
#532 = DIRECTION('',(0.,1.,0.));
#533 = DIRECTION('',(0.,-0.,1.));
#534 = ORIENTED_EDGE('',*,*,#535,.F.);
#535 = EDGE_CURVE('',#495,#527,#536,.T.);
#536 = LINE('',#537,#538);
#537 = CARTESIAN_POINT('',(-5.,1.25,0.75));
#538 = VECTOR('',#539,1.);
#539 = DIRECTION('',(-0.,-1.,-0.));
#540 = CYLINDRICAL_SURFACE('',#541,1.45);
#541 = AXIS2_PLACEMENT_3D('',#542,#543,#544);
#542 = CARTESIAN_POINT('',(-5.,1.25,2.2));
#543 = DIRECTION('',(-0.,-1.,-0.));
#544 = DIRECTION('',(0.,0.,-1.));
#545 = ADVANCED_FACE('',(#546),#572,.T.);
#546 = FACE_BOUND('',#547,.T.);
#547 = EDGE_LOOP('',(#548,#549,#557,#566));
#548 = ORIENTED_EDGE('',*,*,#452,.T.);
#549 = ORIENTED_EDGE('',*,*,#550,.T.);
#550 = EDGE_CURVE('',#445,#551,#553,.T.);
#551 = VERTEX_POINT('',#552);
#552 = CARTESIAN_POINT('',(-10.,-0.1,1.45));
#553 = LINE('',#554,#555);
#554 = CARTESIAN_POINT('',(-10.,1.25,1.45));
#555 = VECTOR('',#556,1.);
#556 = DIRECTION('',(-0.,-1.,-0.));
#557 = ORIENTED_EDGE('',*,*,#558,.T.);
#558 = EDGE_CURVE('',#551,#559,#561,.T.);
#559 = VERTEX_POINT('',#560);
#560 = CARTESIAN_POINT('',(-10.,-0.1,-1.45));
#561 = CIRCLE('',#562,1.45);
#562 = AXIS2_PLACEMENT_3D('',#563,#564,#565);
#563 = CARTESIAN_POINT('',(-10.,-0.1,6.123233995737E-16));
#564 = DIRECTION('',(0.,1.,0.));
#565 = DIRECTION('',(0.,-0.,1.));
#566 = ORIENTED_EDGE('',*,*,#567,.F.);
#567 = EDGE_CURVE('',#453,#559,#568,.T.);
#568 = LINE('',#569,#570);
#569 = CARTESIAN_POINT('',(-10.,1.25,-1.45));
#570 = VECTOR('',#571,1.);
#571 = DIRECTION('',(-0.,-1.,-0.));
#572 = CYLINDRICAL_SURFACE('',#573,1.45);
#573 = AXIS2_PLACEMENT_3D('',#574,#575,#576);
#574 = CARTESIAN_POINT('',(-10.,1.25,6.123233995737E-16));
#575 = DIRECTION('',(-0.,-1.,-0.));
#576 = DIRECTION('',(0.,0.,-1.));
#577 = ADVANCED_FACE('',(#578),#887,.F.);
#578 = FACE_BOUND('',#579,.T.);
#579 = EDGE_LOOP('',(#580,#590,#598,#607,#615,#624,#633,#641,#650,#658,
    #667,#675,#683,#691,#699,#707,#715,#723,#731,#739,#748,#756,#765,
    #773,#782,#790,#799,#807,#816,#824,#833,#841,#849,#857,#865,#873,
    #881));
#580 = ORIENTED_EDGE('',*,*,#581,.T.);
#581 = EDGE_CURVE('',#582,#584,#586,.T.);
#582 = VERTEX_POINT('',#583);
#583 = CARTESIAN_POINT('',(-11.,-1.8,-1.05));
#584 = VERTEX_POINT('',#585);
#585 = CARTESIAN_POINT('',(-12.1,-1.8,-1.05));
#586 = LINE('',#587,#588);
#587 = CARTESIAN_POINT('',(-11.49999999999,-1.8,-1.05));
#588 = VECTOR('',#589,1.);
#589 = DIRECTION('',(-1.,0.,0.));
#590 = ORIENTED_EDGE('',*,*,#591,.T.);
#591 = EDGE_CURVE('',#584,#592,#594,.T.);
#592 = VERTEX_POINT('',#593);
#593 = CARTESIAN_POINT('',(-12.1,-1.8,-1.5));
#594 = LINE('',#595,#596);
#595 = CARTESIAN_POINT('',(-12.1,-1.8,1.5));
#596 = VECTOR('',#597,1.);
#597 = DIRECTION('',(0.,0.,-1.));
#598 = ORIENTED_EDGE('',*,*,#599,.T.);
#599 = EDGE_CURVE('',#592,#600,#602,.T.);
#600 = VERTEX_POINT('',#601);
#601 = CARTESIAN_POINT('',(-11.49999999998,-1.8,-2.100000000007));
#602 = CIRCLE('',#603,0.600000000007);
#603 = AXIS2_PLACEMENT_3D('',#604,#605,#606);
#604 = CARTESIAN_POINT('',(-11.49999999999,-1.8,-1.5));
#605 = DIRECTION('',(0.,-1.,0.));
#606 = DIRECTION('',(0.,0.,1.));
#607 = ORIENTED_EDGE('',*,*,#608,.T.);
#608 = EDGE_CURVE('',#600,#609,#611,.T.);
#609 = VERTEX_POINT('',#610);
#610 = CARTESIAN_POINT('',(-8.199999999985,-1.8,-2.100000000007));
#611 = LINE('',#612,#613);
#612 = CARTESIAN_POINT('',(-11.49999999999,-1.8,-2.100000000007));
#613 = VECTOR('',#614,1.);
#614 = DIRECTION('',(1.,0.,-2.628368902995E-16));
#615 = ORIENTED_EDGE('',*,*,#616,.T.);
#616 = EDGE_CURVE('',#609,#617,#619,.T.);
#617 = VERTEX_POINT('',#618);
#618 = CARTESIAN_POINT('',(-7.435439815845,-1.8,-1.539746727708));
#619 = CIRCLE('',#620,0.801812366581);
#620 = AXIS2_PLACEMENT_3D('',#621,#622,#623);
#621 = CARTESIAN_POINT('',(-8.199999999985,-1.8,-1.298187633426));
#622 = DIRECTION('',(0.,-1.,0.));
#623 = DIRECTION('',(0.,0.,1.));
#624 = ORIENTED_EDGE('',*,*,#625,.T.);
#625 = EDGE_CURVE('',#617,#626,#628,.T.);
#626 = VERTEX_POINT('',#627);
#627 = CARTESIAN_POINT('',(-5.564753672312,-1.8,5.E-02));
#628 = CIRCLE('',#629,2.309392578673);
#629 = AXIS2_PLACEMENT_3D('',#630,#631,#632);
#630 = CARTESIAN_POINT('',(-5.233341558455,-1.8,-2.235489027149));
#631 = DIRECTION('',(0.,1.,0.));
#632 = DIRECTION('',(0.,-0.,1.));
#633 = ORIENTED_EDGE('',*,*,#634,.T.);
#634 = EDGE_CURVE('',#626,#635,#637,.T.);
#635 = VERTEX_POINT('',#636);
#636 = CARTESIAN_POINT('',(-3.674264068712,-1.8,5.E-02));
#637 = LINE('',#638,#639);
#638 = CARTESIAN_POINT('',(-3.674264068712,-1.8,5.E-02));
#639 = VECTOR('',#640,1.);
#640 = DIRECTION('',(1.,-0.,-1.219727444046E-16));
#641 = ORIENTED_EDGE('',*,*,#642,.T.);
#642 = EDGE_CURVE('',#635,#643,#645,.T.);
#643 = VERTEX_POINT('',#644);
#644 = CARTESIAN_POINT('',(-3.603553390593,-1.8,7.928932188135E-02));
#645 = CIRCLE('',#646,0.1);
#646 = AXIS2_PLACEMENT_3D('',#647,#648,#649);
#647 = CARTESIAN_POINT('',(-3.674264068712,-1.8,0.15));
#648 = DIRECTION('',(0.,-1.,0.));
#649 = DIRECTION('',(8.673617379884E-15,0.,1.));
#650 = ORIENTED_EDGE('',*,*,#651,.T.);
#651 = EDGE_CURVE('',#643,#652,#654,.T.);
#652 = VERTEX_POINT('',#653);
#653 = CARTESIAN_POINT('',(-2.929289321881,-1.8,0.753553390593));
#654 = LINE('',#655,#656);
#655 = CARTESIAN_POINT('',(-2.929289321881,-1.8,0.753553390593));
#656 = VECTOR('',#657,1.);
#657 = DIRECTION('',(0.707106781187,-0.,0.707106781187));
#658 = ORIENTED_EDGE('',*,*,#659,.T.);
#659 = EDGE_CURVE('',#652,#660,#662,.T.);
#660 = VERTEX_POINT('',#661);
#661 = CARTESIAN_POINT('',(-2.9,-1.8,0.824264068712));
#662 = CIRCLE('',#663,0.1);
#663 = AXIS2_PLACEMENT_3D('',#664,#665,#666);
#664 = CARTESIAN_POINT('',(-3.,-1.8,0.824264068712));
#665 = DIRECTION('',(0.,-1.,0.));
#666 = DIRECTION('',(0.,0.,1.));
#667 = ORIENTED_EDGE('',*,*,#668,.T.);
#668 = EDGE_CURVE('',#660,#669,#671,.T.);
#669 = VERTEX_POINT('',#670);
#670 = CARTESIAN_POINT('',(-2.9,-1.8,1.15));
#671 = LINE('',#672,#673);
#672 = CARTESIAN_POINT('',(-2.9,-1.8,1.15));
#673 = VECTOR('',#674,1.);
#674 = DIRECTION('',(1.445602896647E-16,-0.,1.));
#675 = ORIENTED_EDGE('',*,*,#676,.T.);
#676 = EDGE_CURVE('',#669,#677,#679,.T.);
#677 = VERTEX_POINT('',#678);
#678 = CARTESIAN_POINT('',(-4.,-1.8,1.15));
#679 = LINE('',#680,#681);
#680 = CARTESIAN_POINT('',(-4.2,-1.8,1.15));
#681 = VECTOR('',#682,1.);
#682 = DIRECTION('',(-1.,0.,-1.445602896645E-16));
#683 = ORIENTED_EDGE('',*,*,#684,.T.);
#684 = EDGE_CURVE('',#677,#685,#687,.T.);
#685 = VERTEX_POINT('',#686);
#686 = CARTESIAN_POINT('',(-4.,-1.8,0.95));
#687 = LINE('',#688,#689);
#688 = CARTESIAN_POINT('',(-4.,-1.8,1.5));
#689 = VECTOR('',#690,1.);
#690 = DIRECTION('',(0.,0.,-1.));
#691 = ORIENTED_EDGE('',*,*,#692,.T.);
#692 = EDGE_CURVE('',#685,#693,#695,.T.);
#693 = VERTEX_POINT('',#694);
#694 = CARTESIAN_POINT('',(-5.8,-1.8,0.949999999997));
#695 = LINE('',#696,#697);
#696 = CARTESIAN_POINT('',(-5.6,-1.8,0.949999999998));
#697 = VECTOR('',#698,1.);
#698 = DIRECTION('',(-1.,0.,-1.591763675233E-12));
#699 = ORIENTED_EDGE('',*,*,#700,.T.);
#700 = EDGE_CURVE('',#693,#701,#703,.T.);
#701 = VERTEX_POINT('',#702);
#702 = CARTESIAN_POINT('',(-5.8,-1.8,3.449999999998));
#703 = LINE('',#704,#705);
#704 = CARTESIAN_POINT('',(-5.8,-1.8,1.5));
#705 = VECTOR('',#706,1.);
#706 = DIRECTION('',(0.,0.,1.));
#707 = ORIENTED_EDGE('',*,*,#708,.T.);
#708 = EDGE_CURVE('',#701,#709,#711,.T.);
#709 = VERTEX_POINT('',#710);
#710 = CARTESIAN_POINT('',(-4.,-1.8,3.449999999998));
#711 = LINE('',#712,#713);
#712 = CARTESIAN_POINT('',(-4.2,-1.8,3.449999999998));
#713 = VECTOR('',#714,1.);
#714 = DIRECTION('',(1.,0.,0.));
#715 = ORIENTED_EDGE('',*,*,#716,.T.);
#716 = EDGE_CURVE('',#709,#717,#719,.T.);
#717 = VERTEX_POINT('',#718);
#718 = CARTESIAN_POINT('',(-4.,-1.8,3.249999999998));
#719 = LINE('',#720,#721);
#720 = CARTESIAN_POINT('',(-4.,-1.8,1.5));
#721 = VECTOR('',#722,1.);
#722 = DIRECTION('',(0.,0.,-1.));
#723 = ORIENTED_EDGE('',*,*,#724,.T.);
#724 = EDGE_CURVE('',#717,#725,#727,.T.);
#725 = VERTEX_POINT('',#726);
#726 = CARTESIAN_POINT('',(-2.9,-1.8,3.25));
#727 = LINE('',#728,#729);
#728 = CARTESIAN_POINT('',(-2.7,-1.8,3.25));
#729 = VECTOR('',#730,1.);
#730 = DIRECTION('',(1.,0.,1.485790657181E-12));
#731 = ORIENTED_EDGE('',*,*,#732,.T.);
#732 = EDGE_CURVE('',#725,#733,#735,.T.);
#733 = VERTEX_POINT('',#734);
#734 = CARTESIAN_POINT('',(-2.9,-1.8,3.575735931288));
#735 = LINE('',#736,#737);
#736 = CARTESIAN_POINT('',(-2.9,-1.8,3.575735931288));
#737 = VECTOR('',#738,1.);
#738 = DIRECTION('',(1.445602896647E-16,-0.,1.));
#739 = ORIENTED_EDGE('',*,*,#740,.T.);
#740 = EDGE_CURVE('',#733,#741,#743,.T.);
#741 = VERTEX_POINT('',#742);
#742 = CARTESIAN_POINT('',(-2.929289321881,-1.8,3.646446609407));
#743 = CIRCLE('',#744,0.1);
#744 = AXIS2_PLACEMENT_3D('',#745,#746,#747);
#745 = CARTESIAN_POINT('',(-3.,-1.8,3.575735931288));
#746 = DIRECTION('',(0.,-1.,0.));
#747 = DIRECTION('',(0.,0.,1.));
#748 = ORIENTED_EDGE('',*,*,#749,.T.);
#749 = EDGE_CURVE('',#741,#750,#752,.T.);
#750 = VERTEX_POINT('',#751);
#751 = CARTESIAN_POINT('',(-3.603553390593,-1.8,4.320710678119));
#752 = LINE('',#753,#754);
#753 = CARTESIAN_POINT('',(-6.141421356234,-1.8,6.858578643759));
#754 = VECTOR('',#755,1.);
#755 = DIRECTION('',(-0.707106781187,0.,0.707106781187));
#756 = ORIENTED_EDGE('',*,*,#757,.T.);
#757 = EDGE_CURVE('',#750,#758,#760,.T.);
#758 = VERTEX_POINT('',#759);
#759 = CARTESIAN_POINT('',(-3.674264068712,-1.8,4.35));
#760 = CIRCLE('',#761,0.1);
#761 = AXIS2_PLACEMENT_3D('',#762,#763,#764);
#762 = CARTESIAN_POINT('',(-3.674264068712,-1.8,4.25));
#763 = DIRECTION('',(0.,-1.,0.));
#764 = DIRECTION('',(0.,0.,1.));
#765 = ORIENTED_EDGE('',*,*,#766,.T.);
#766 = EDGE_CURVE('',#758,#767,#769,.T.);
#767 = VERTEX_POINT('',#768);
#768 = CARTESIAN_POINT('',(-6.425735931288,-1.8,4.35));
#769 = LINE('',#770,#771);
#770 = CARTESIAN_POINT('',(-11.49999999999,-1.8,4.35));
#771 = VECTOR('',#772,1.);
#772 = DIRECTION('',(-1.,0.,0.));
#773 = ORIENTED_EDGE('',*,*,#774,.T.);
#774 = EDGE_CURVE('',#767,#775,#777,.T.);
#775 = VERTEX_POINT('',#776);
#776 = CARTESIAN_POINT('',(-6.496446609407,-1.8,4.320710678119));
#777 = CIRCLE('',#778,0.1);
#778 = AXIS2_PLACEMENT_3D('',#779,#780,#781);
#779 = CARTESIAN_POINT('',(-6.425735931288,-1.8,4.25));
#780 = DIRECTION('',(0.,-1.,0.));
#781 = DIRECTION('',(0.,0.,1.));
#782 = ORIENTED_EDGE('',*,*,#783,.T.);
#783 = EDGE_CURVE('',#775,#784,#786,.T.);
#784 = VERTEX_POINT('',#785);
#785 = CARTESIAN_POINT('',(-7.170710678119,-1.8,3.646446609407));
#786 = LINE('',#787,#788);
#787 = CARTESIAN_POINT('',(-10.40857864375,-1.8,0.408578643766));
#788 = VECTOR('',#789,1.);
#789 = DIRECTION('',(-0.707106781187,0.,-0.707106781187));
#790 = ORIENTED_EDGE('',*,*,#791,.T.);
#791 = EDGE_CURVE('',#784,#792,#794,.T.);
#792 = VERTEX_POINT('',#793);
#793 = CARTESIAN_POINT('',(-7.2,-1.8,3.575735931288));
#794 = CIRCLE('',#795,0.1);
#795 = AXIS2_PLACEMENT_3D('',#796,#797,#798);
#796 = CARTESIAN_POINT('',(-7.1,-1.8,3.575735931288));
#797 = DIRECTION('',(0.,-1.,0.));
#798 = DIRECTION('',(0.,0.,1.));
#799 = ORIENTED_EDGE('',*,*,#800,.T.);
#800 = EDGE_CURVE('',#792,#801,#803,.T.);
#801 = VERTEX_POINT('',#802);
#802 = CARTESIAN_POINT('',(-7.2,-1.8,3.391638705923));
#803 = LINE('',#804,#805);
#804 = CARTESIAN_POINT('',(-7.2,-1.8,1.5));
#805 = VECTOR('',#806,1.);
#806 = DIRECTION('',(1.734723475977E-14,0.,-1.));
#807 = ORIENTED_EDGE('',*,*,#808,.T.);
#808 = EDGE_CURVE('',#801,#809,#811,.T.);
#809 = VERTEX_POINT('',#810);
#810 = CARTESIAN_POINT('',(-8.599999999985,-1.8,2.100000000007));
#811 = CIRCLE('',#812,1.40454545453);
#812 = AXIS2_PLACEMENT_3D('',#813,#814,#815);
#813 = CARTESIAN_POINT('',(-8.599999999985,-1.8,3.504545454537));
#814 = DIRECTION('',(0.,1.,0.));
#815 = DIRECTION('',(0.,-0.,1.));
#816 = ORIENTED_EDGE('',*,*,#817,.T.);
#817 = EDGE_CURVE('',#809,#818,#820,.T.);
#818 = VERTEX_POINT('',#819);
#819 = CARTESIAN_POINT('',(-11.49999999998,-1.8,2.100000000007));
#820 = LINE('',#821,#822);
#821 = CARTESIAN_POINT('',(-11.49999999998,-1.8,2.100000000007));
#822 = VECTOR('',#823,1.);
#823 = DIRECTION('',(-1.,0.,-0.));
#824 = ORIENTED_EDGE('',*,*,#825,.T.);
#825 = EDGE_CURVE('',#818,#826,#828,.T.);
#826 = VERTEX_POINT('',#827);
#827 = CARTESIAN_POINT('',(-12.1,-1.8,1.5));
#828 = CIRCLE('',#829,0.600000000007);
#829 = AXIS2_PLACEMENT_3D('',#830,#831,#832);
#830 = CARTESIAN_POINT('',(-11.49999999999,-1.8,1.5));
#831 = DIRECTION('',(0.,-1.,0.));
#832 = DIRECTION('',(0.,0.,1.));
#833 = ORIENTED_EDGE('',*,*,#834,.T.);
#834 = EDGE_CURVE('',#826,#835,#837,.T.);
#835 = VERTEX_POINT('',#836);
#836 = CARTESIAN_POINT('',(-12.1,-1.8,1.05));
#837 = LINE('',#838,#839);
#838 = CARTESIAN_POINT('',(-12.1,-1.8,1.5));
#839 = VECTOR('',#840,1.);
#840 = DIRECTION('',(0.,0.,-1.));
#841 = ORIENTED_EDGE('',*,*,#842,.T.);
#842 = EDGE_CURVE('',#835,#843,#845,.T.);
#843 = VERTEX_POINT('',#844);
#844 = CARTESIAN_POINT('',(-11.,-1.8,1.05));
#845 = LINE('',#846,#847);
#846 = CARTESIAN_POINT('',(-11.49999999999,-1.8,1.05));
#847 = VECTOR('',#848,1.);
#848 = DIRECTION('',(1.,0.,7.228014483173E-17));
#849 = ORIENTED_EDGE('',*,*,#850,.T.);
#850 = EDGE_CURVE('',#843,#851,#853,.T.);
#851 = VERTEX_POINT('',#852);
#852 = CARTESIAN_POINT('',(-11.,-1.8,1.25));
#853 = LINE('',#854,#855);
#854 = CARTESIAN_POINT('',(-11.,-1.8,1.05));
#855 = VECTOR('',#856,1.);
#856 = DIRECTION('',(0.,0.,1.));
#857 = ORIENTED_EDGE('',*,*,#858,.T.);
#858 = EDGE_CURVE('',#851,#859,#861,.T.);
#859 = VERTEX_POINT('',#860);
#860 = CARTESIAN_POINT('',(-9.2,-1.8,1.25));
#861 = LINE('',#862,#863);
#862 = CARTESIAN_POINT('',(-11.49999999999,-1.8,1.25));
#863 = VECTOR('',#864,1.);
#864 = DIRECTION('',(1.,0.,-0.));
#865 = ORIENTED_EDGE('',*,*,#866,.T.);
#866 = EDGE_CURVE('',#859,#867,#869,.T.);
#867 = VERTEX_POINT('',#868);
#868 = CARTESIAN_POINT('',(-9.2,-1.8,-1.249999999996));
#869 = LINE('',#870,#871);
#870 = CARTESIAN_POINT('',(-9.2,-1.8,1.5));
#871 = VECTOR('',#872,1.);
#872 = DIRECTION('',(0.,0.,-1.));
#873 = ORIENTED_EDGE('',*,*,#874,.T.);
#874 = EDGE_CURVE('',#867,#875,#877,.T.);
#875 = VERTEX_POINT('',#876);
#876 = CARTESIAN_POINT('',(-11.,-1.8,-1.249999999996));
#877 = LINE('',#878,#879);
#878 = CARTESIAN_POINT('',(-11.49999999999,-1.8,-1.249999999996));
#879 = VECTOR('',#880,1.);
#880 = DIRECTION('',(-1.,0.,0.));
#881 = ORIENTED_EDGE('',*,*,#882,.T.);
#882 = EDGE_CURVE('',#875,#582,#883,.T.);
#883 = LINE('',#884,#885);
#884 = CARTESIAN_POINT('',(-11.,-1.8,-0.85));
#885 = VECTOR('',#886,1.);
#886 = DIRECTION('',(0.,0.,1.));
#887 = PLANE('',#888);
#888 = AXIS2_PLACEMENT_3D('',#889,#890,#891);
#889 = CARTESIAN_POINT('',(-11.49999999999,-1.8,1.5));
#890 = DIRECTION('',(0.,1.,0.));
#891 = DIRECTION('',(0.,-0.,1.));
#892 = ADVANCED_FACE('',(#893),#929,.F.);
#893 = FACE_BOUND('',#894,.F.);
#894 = EDGE_LOOP('',(#895,#905,#914,#922));
#895 = ORIENTED_EDGE('',*,*,#896,.T.);
#896 = EDGE_CURVE('',#897,#899,#901,.T.);
#897 = VERTEX_POINT('',#898);
#898 = CARTESIAN_POINT('',(-5.6,0.6,2.15));
#899 = VERTEX_POINT('',#900);
#900 = CARTESIAN_POINT('',(-5.6,0.85,2.15));
#901 = LINE('',#902,#903);
#902 = CARTESIAN_POINT('',(-5.6,-1.8,2.15));
#903 = VECTOR('',#904,1.);
#904 = DIRECTION('',(-0.,1.,-0.));
#905 = ORIENTED_EDGE('',*,*,#906,.F.);
#906 = EDGE_CURVE('',#907,#899,#909,.T.);
#907 = VERTEX_POINT('',#908);
#908 = CARTESIAN_POINT('',(-5.5,0.85,2.05));
#909 = CIRCLE('',#910,0.1);
#910 = AXIS2_PLACEMENT_3D('',#911,#912,#913);
#911 = CARTESIAN_POINT('',(-5.5,0.85,2.15));
#912 = DIRECTION('',(0.,1.,0.));
#913 = DIRECTION('',(0.,-0.,1.));
#914 = ORIENTED_EDGE('',*,*,#915,.F.);
#915 = EDGE_CURVE('',#916,#907,#918,.T.);
#916 = VERTEX_POINT('',#917);
#917 = CARTESIAN_POINT('',(-5.5,0.6,2.05));
#918 = LINE('',#919,#920);
#919 = CARTESIAN_POINT('',(-5.5,-1.8,2.05));
#920 = VECTOR('',#921,1.);
#921 = DIRECTION('',(-0.,1.,-0.));
#922 = ORIENTED_EDGE('',*,*,#923,.T.);
#923 = EDGE_CURVE('',#916,#897,#924,.T.);
#924 = CIRCLE('',#925,0.1);
#925 = AXIS2_PLACEMENT_3D('',#926,#927,#928);
#926 = CARTESIAN_POINT('',(-5.5,0.6,2.15));
#927 = DIRECTION('',(0.,1.,0.));
#928 = DIRECTION('',(0.,0.,-1.));
#929 = CYLINDRICAL_SURFACE('',#930,0.1);
#930 = AXIS2_PLACEMENT_3D('',#931,#932,#933);
#931 = CARTESIAN_POINT('',(-5.5,-1.8,2.15));
#932 = DIRECTION('',(-0.,1.,-0.));
#933 = DIRECTION('',(0.,0.,1.));
#934 = ADVANCED_FACE('',(#935),#960,.F.);
#935 = FACE_BOUND('',#936,.T.);
#936 = EDGE_LOOP('',(#937,#945,#953,#959));
#937 = ORIENTED_EDGE('',*,*,#938,.F.);
#938 = EDGE_CURVE('',#939,#916,#941,.T.);
#939 = VERTEX_POINT('',#940);
#940 = CARTESIAN_POINT('',(-4.5,0.6,2.05));
#941 = LINE('',#942,#943);
#942 = CARTESIAN_POINT('',(0.,0.6,2.05));
#943 = VECTOR('',#944,1.);
#944 = DIRECTION('',(-1.,0.,0.));
#945 = ORIENTED_EDGE('',*,*,#946,.T.);
#946 = EDGE_CURVE('',#939,#947,#949,.T.);
#947 = VERTEX_POINT('',#948);
#948 = CARTESIAN_POINT('',(-4.5,0.85,2.05));
#949 = LINE('',#950,#951);
#950 = CARTESIAN_POINT('',(-4.5,-1.8,2.05));
#951 = VECTOR('',#952,1.);
#952 = DIRECTION('',(-0.,1.,-0.));
#953 = ORIENTED_EDGE('',*,*,#954,.T.);
#954 = EDGE_CURVE('',#947,#907,#955,.T.);
#955 = LINE('',#956,#957);
#956 = CARTESIAN_POINT('',(-5.5,0.85,2.05));
#957 = VECTOR('',#958,1.);
#958 = DIRECTION('',(-1.,0.,0.));
#959 = ORIENTED_EDGE('',*,*,#915,.F.);
#960 = PLANE('',#961);
#961 = AXIS2_PLACEMENT_3D('',#962,#963,#964);
#962 = CARTESIAN_POINT('',(-5.5,-1.8,2.05));
#963 = DIRECTION('',(0.,0.,-1.));
#964 = DIRECTION('',(-1.,0.,-0.));
#965 = ADVANCED_FACE('',(#966),#993,.F.);
#966 = FACE_BOUND('',#967,.F.);
#967 = EDGE_LOOP('',(#968,#969,#978,#986));
#968 = ORIENTED_EDGE('',*,*,#946,.T.);
#969 = ORIENTED_EDGE('',*,*,#970,.F.);
#970 = EDGE_CURVE('',#971,#947,#973,.T.);
#971 = VERTEX_POINT('',#972);
#972 = CARTESIAN_POINT('',(-4.4,0.85,2.15));
#973 = CIRCLE('',#974,0.1);
#974 = AXIS2_PLACEMENT_3D('',#975,#976,#977);
#975 = CARTESIAN_POINT('',(-4.5,0.85,2.15));
#976 = DIRECTION('',(0.,1.,0.));
#977 = DIRECTION('',(0.,-0.,1.));
#978 = ORIENTED_EDGE('',*,*,#979,.F.);
#979 = EDGE_CURVE('',#980,#971,#982,.T.);
#980 = VERTEX_POINT('',#981);
#981 = CARTESIAN_POINT('',(-4.4,0.6,2.15));
#982 = LINE('',#983,#984);
#983 = CARTESIAN_POINT('',(-4.4,-1.8,2.15));
#984 = VECTOR('',#985,1.);
#985 = DIRECTION('',(-0.,1.,-0.));
#986 = ORIENTED_EDGE('',*,*,#987,.T.);
#987 = EDGE_CURVE('',#980,#939,#988,.T.);
#988 = CIRCLE('',#989,0.1);
#989 = AXIS2_PLACEMENT_3D('',#990,#991,#992);
#990 = CARTESIAN_POINT('',(-4.5,0.6,2.15));
#991 = DIRECTION('',(0.,1.,0.));
#992 = DIRECTION('',(0.,0.,-1.));
#993 = CYLINDRICAL_SURFACE('',#994,0.1);
#994 = AXIS2_PLACEMENT_3D('',#995,#996,#997);
#995 = CARTESIAN_POINT('',(-4.5,-1.8,2.15));
#996 = DIRECTION('',(-0.,1.,-0.));
#997 = DIRECTION('',(0.,0.,1.));
#998 = ADVANCED_FACE('',(#999),#1024,.F.);
#999 = FACE_BOUND('',#1000,.T.);
#1000 = EDGE_LOOP('',(#1001,#1009,#1017,#1023));
#1001 = ORIENTED_EDGE('',*,*,#1002,.F.);
#1002 = EDGE_CURVE('',#1003,#980,#1005,.T.);
#1003 = VERTEX_POINT('',#1004);
#1004 = CARTESIAN_POINT('',(-4.4,0.6,2.25));
#1005 = LINE('',#1006,#1007);
#1006 = CARTESIAN_POINT('',(-4.4,0.6,0.));
#1007 = VECTOR('',#1008,1.);
#1008 = DIRECTION('',(0.,0.,-1.));
#1009 = ORIENTED_EDGE('',*,*,#1010,.T.);
#1010 = EDGE_CURVE('',#1003,#1011,#1013,.T.);
#1011 = VERTEX_POINT('',#1012);
#1012 = CARTESIAN_POINT('',(-4.4,0.85,2.25));
#1013 = LINE('',#1014,#1015);
#1014 = CARTESIAN_POINT('',(-4.4,-1.8,2.25));
#1015 = VECTOR('',#1016,1.);
#1016 = DIRECTION('',(-0.,1.,-0.));
#1017 = ORIENTED_EDGE('',*,*,#1018,.T.);
#1018 = EDGE_CURVE('',#1011,#971,#1019,.T.);
#1019 = LINE('',#1020,#1021);
#1020 = CARTESIAN_POINT('',(-4.4,0.85,2.15));
#1021 = VECTOR('',#1022,1.);
#1022 = DIRECTION('',(0.,0.,-1.));
#1023 = ORIENTED_EDGE('',*,*,#979,.F.);
#1024 = PLANE('',#1025);
#1025 = AXIS2_PLACEMENT_3D('',#1026,#1027,#1028);
#1026 = CARTESIAN_POINT('',(-4.4,-1.8,2.15));
#1027 = DIRECTION('',(1.,0.,-0.));
#1028 = DIRECTION('',(-0.,0.,-1.));
#1029 = ADVANCED_FACE('',(#1030),#1057,.F.);
#1030 = FACE_BOUND('',#1031,.F.);
#1031 = EDGE_LOOP('',(#1032,#1033,#1042,#1050));
#1032 = ORIENTED_EDGE('',*,*,#1010,.T.);
#1033 = ORIENTED_EDGE('',*,*,#1034,.F.);
#1034 = EDGE_CURVE('',#1035,#1011,#1037,.T.);
#1035 = VERTEX_POINT('',#1036);
#1036 = CARTESIAN_POINT('',(-4.5,0.85,2.35));
#1037 = CIRCLE('',#1038,0.1);
#1038 = AXIS2_PLACEMENT_3D('',#1039,#1040,#1041);
#1039 = CARTESIAN_POINT('',(-4.5,0.85,2.25));
#1040 = DIRECTION('',(0.,1.,0.));
#1041 = DIRECTION('',(0.,-0.,1.));
#1042 = ORIENTED_EDGE('',*,*,#1043,.F.);
#1043 = EDGE_CURVE('',#1044,#1035,#1046,.T.);
#1044 = VERTEX_POINT('',#1045);
#1045 = CARTESIAN_POINT('',(-4.5,0.6,2.35));
#1046 = LINE('',#1047,#1048);
#1047 = CARTESIAN_POINT('',(-4.5,-1.8,2.35));
#1048 = VECTOR('',#1049,1.);
#1049 = DIRECTION('',(-0.,1.,-0.));
#1050 = ORIENTED_EDGE('',*,*,#1051,.T.);
#1051 = EDGE_CURVE('',#1044,#1003,#1052,.T.);
#1052 = CIRCLE('',#1053,0.1);
#1053 = AXIS2_PLACEMENT_3D('',#1054,#1055,#1056);
#1054 = CARTESIAN_POINT('',(-4.5,0.6,2.25));
#1055 = DIRECTION('',(0.,1.,0.));
#1056 = DIRECTION('',(0.,0.,-1.));
#1057 = CYLINDRICAL_SURFACE('',#1058,0.1);
#1058 = AXIS2_PLACEMENT_3D('',#1059,#1060,#1061);
#1059 = CARTESIAN_POINT('',(-4.5,-1.8,2.25));
#1060 = DIRECTION('',(-0.,1.,-0.));
#1061 = DIRECTION('',(0.,0.,1.));
#1062 = ADVANCED_FACE('',(#1063),#1088,.F.);
#1063 = FACE_BOUND('',#1064,.T.);
#1064 = EDGE_LOOP('',(#1065,#1073,#1081,#1087));
#1065 = ORIENTED_EDGE('',*,*,#1066,.F.);
#1066 = EDGE_CURVE('',#1067,#1044,#1069,.T.);
#1067 = VERTEX_POINT('',#1068);
#1068 = CARTESIAN_POINT('',(-5.5,0.6,2.35));
#1069 = LINE('',#1070,#1071);
#1070 = CARTESIAN_POINT('',(0.,0.6,2.35));
#1071 = VECTOR('',#1072,1.);
#1072 = DIRECTION('',(1.,0.,0.));
#1073 = ORIENTED_EDGE('',*,*,#1074,.T.);
#1074 = EDGE_CURVE('',#1067,#1075,#1077,.T.);
#1075 = VERTEX_POINT('',#1076);
#1076 = CARTESIAN_POINT('',(-5.5,0.85,2.35));
#1077 = LINE('',#1078,#1079);
#1078 = CARTESIAN_POINT('',(-5.5,-1.8,2.35));
#1079 = VECTOR('',#1080,1.);
#1080 = DIRECTION('',(-0.,1.,-0.));
#1081 = ORIENTED_EDGE('',*,*,#1082,.T.);
#1082 = EDGE_CURVE('',#1075,#1035,#1083,.T.);
#1083 = LINE('',#1084,#1085);
#1084 = CARTESIAN_POINT('',(-4.5,0.85,2.35));
#1085 = VECTOR('',#1086,1.);
#1086 = DIRECTION('',(1.,0.,0.));
#1087 = ORIENTED_EDGE('',*,*,#1043,.F.);
#1088 = PLANE('',#1089);
#1089 = AXIS2_PLACEMENT_3D('',#1090,#1091,#1092);
#1090 = CARTESIAN_POINT('',(-4.5,-1.8,2.35));
#1091 = DIRECTION('',(0.,0.,1.));
#1092 = DIRECTION('',(1.,0.,-0.));
#1093 = ADVANCED_FACE('',(#1094),#1121,.F.);
#1094 = FACE_BOUND('',#1095,.F.);
#1095 = EDGE_LOOP('',(#1096,#1097,#1106,#1114));
#1096 = ORIENTED_EDGE('',*,*,#1074,.T.);
#1097 = ORIENTED_EDGE('',*,*,#1098,.F.);
#1098 = EDGE_CURVE('',#1099,#1075,#1101,.T.);
#1099 = VERTEX_POINT('',#1100);
#1100 = CARTESIAN_POINT('',(-5.6,0.85,2.25));
#1101 = CIRCLE('',#1102,0.1);
#1102 = AXIS2_PLACEMENT_3D('',#1103,#1104,#1105);
#1103 = CARTESIAN_POINT('',(-5.5,0.85,2.25));
#1104 = DIRECTION('',(0.,1.,0.));
#1105 = DIRECTION('',(0.,-0.,1.));
#1106 = ORIENTED_EDGE('',*,*,#1107,.F.);
#1107 = EDGE_CURVE('',#1108,#1099,#1110,.T.);
#1108 = VERTEX_POINT('',#1109);
#1109 = CARTESIAN_POINT('',(-5.6,0.6,2.25));
#1110 = LINE('',#1111,#1112);
#1111 = CARTESIAN_POINT('',(-5.6,-1.8,2.25));
#1112 = VECTOR('',#1113,1.);
#1113 = DIRECTION('',(-0.,1.,-0.));
#1114 = ORIENTED_EDGE('',*,*,#1115,.T.);
#1115 = EDGE_CURVE('',#1108,#1067,#1116,.T.);
#1116 = CIRCLE('',#1117,0.1);
#1117 = AXIS2_PLACEMENT_3D('',#1118,#1119,#1120);
#1118 = CARTESIAN_POINT('',(-5.5,0.6,2.25));
#1119 = DIRECTION('',(0.,1.,0.));
#1120 = DIRECTION('',(0.,0.,-1.));
#1121 = CYLINDRICAL_SURFACE('',#1122,0.1);
#1122 = AXIS2_PLACEMENT_3D('',#1123,#1124,#1125);
#1123 = CARTESIAN_POINT('',(-5.5,-1.8,2.25));
#1124 = DIRECTION('',(-0.,1.,-0.));
#1125 = DIRECTION('',(0.,0.,1.));
#1126 = ADVANCED_FACE('',(#1127),#1163,.F.);
#1127 = FACE_BOUND('',#1128,.F.);
#1128 = EDGE_LOOP('',(#1129,#1139,#1148,#1156));
#1129 = ORIENTED_EDGE('',*,*,#1130,.T.);
#1130 = EDGE_CURVE('',#1131,#1133,#1135,.T.);
#1131 = VERTEX_POINT('',#1132);
#1132 = CARTESIAN_POINT('',(-10.5,0.6,0.25));
#1133 = VERTEX_POINT('',#1134);
#1134 = CARTESIAN_POINT('',(-10.5,0.85,0.25));
#1135 = LINE('',#1136,#1137);
#1136 = CARTESIAN_POINT('',(-10.5,-1.8,0.25));
#1137 = VECTOR('',#1138,1.);
#1138 = DIRECTION('',(-0.,1.,-0.));
#1139 = ORIENTED_EDGE('',*,*,#1140,.F.);
#1140 = EDGE_CURVE('',#1141,#1133,#1143,.T.);
#1141 = VERTEX_POINT('',#1142);
#1142 = CARTESIAN_POINT('',(-10.6,0.85,0.15));
#1143 = CIRCLE('',#1144,0.1);
#1144 = AXIS2_PLACEMENT_3D('',#1145,#1146,#1147);
#1145 = CARTESIAN_POINT('',(-10.5,0.85,0.15));
#1146 = DIRECTION('',(0.,1.,0.));
#1147 = DIRECTION('',(0.,-0.,1.));
#1148 = ORIENTED_EDGE('',*,*,#1149,.F.);
#1149 = EDGE_CURVE('',#1150,#1141,#1152,.T.);
#1150 = VERTEX_POINT('',#1151);
#1151 = CARTESIAN_POINT('',(-10.6,0.6,0.15));
#1152 = LINE('',#1153,#1154);
#1153 = CARTESIAN_POINT('',(-10.6,-1.8,0.15));
#1154 = VECTOR('',#1155,1.);
#1155 = DIRECTION('',(-0.,1.,-0.));
#1156 = ORIENTED_EDGE('',*,*,#1157,.T.);
#1157 = EDGE_CURVE('',#1150,#1131,#1158,.T.);
#1158 = CIRCLE('',#1159,0.1);
#1159 = AXIS2_PLACEMENT_3D('',#1160,#1161,#1162);
#1160 = CARTESIAN_POINT('',(-10.5,0.6,0.15));
#1161 = DIRECTION('',(0.,1.,0.));
#1162 = DIRECTION('',(0.,0.,-1.));
#1163 = CYLINDRICAL_SURFACE('',#1164,0.1);
#1164 = AXIS2_PLACEMENT_3D('',#1165,#1166,#1167);
#1165 = CARTESIAN_POINT('',(-10.5,-1.8,0.15));
#1166 = DIRECTION('',(-0.,1.,-0.));
#1167 = DIRECTION('',(0.,0.,1.));
#1168 = ADVANCED_FACE('',(#1169),#1194,.F.);
#1169 = FACE_BOUND('',#1170,.T.);
#1170 = EDGE_LOOP('',(#1171,#1179,#1187,#1193));
#1171 = ORIENTED_EDGE('',*,*,#1172,.F.);
#1172 = EDGE_CURVE('',#1173,#1150,#1175,.T.);
#1173 = VERTEX_POINT('',#1174);
#1174 = CARTESIAN_POINT('',(-10.6,0.6,-0.15));
#1175 = LINE('',#1176,#1177);
#1176 = CARTESIAN_POINT('',(-10.6,0.6,0.));
#1177 = VECTOR('',#1178,1.);
#1178 = DIRECTION('',(-0.,0.,1.));
#1179 = ORIENTED_EDGE('',*,*,#1180,.T.);
#1180 = EDGE_CURVE('',#1173,#1181,#1183,.T.);
#1181 = VERTEX_POINT('',#1182);
#1182 = CARTESIAN_POINT('',(-10.6,0.85,-0.15));
#1183 = LINE('',#1184,#1185);
#1184 = CARTESIAN_POINT('',(-10.6,-1.8,-0.15));
#1185 = VECTOR('',#1186,1.);
#1186 = DIRECTION('',(-0.,1.,-0.));
#1187 = ORIENTED_EDGE('',*,*,#1188,.T.);
#1188 = EDGE_CURVE('',#1181,#1141,#1189,.T.);
#1189 = LINE('',#1190,#1191);
#1190 = CARTESIAN_POINT('',(-10.6,0.85,0.15));
#1191 = VECTOR('',#1192,1.);
#1192 = DIRECTION('',(0.,0.,1.));
#1193 = ORIENTED_EDGE('',*,*,#1149,.F.);
#1194 = PLANE('',#1195);
#1195 = AXIS2_PLACEMENT_3D('',#1196,#1197,#1198);
#1196 = CARTESIAN_POINT('',(-10.6,-1.8,0.15));
#1197 = DIRECTION('',(-1.,0.,-0.));
#1198 = DIRECTION('',(0.,0.,1.));
#1199 = ADVANCED_FACE('',(#1200),#1227,.F.);
#1200 = FACE_BOUND('',#1201,.F.);
#1201 = EDGE_LOOP('',(#1202,#1203,#1212,#1220));
#1202 = ORIENTED_EDGE('',*,*,#1180,.T.);
#1203 = ORIENTED_EDGE('',*,*,#1204,.F.);
#1204 = EDGE_CURVE('',#1205,#1181,#1207,.T.);
#1205 = VERTEX_POINT('',#1206);
#1206 = CARTESIAN_POINT('',(-10.5,0.85,-0.25));
#1207 = CIRCLE('',#1208,0.1);
#1208 = AXIS2_PLACEMENT_3D('',#1209,#1210,#1211);
#1209 = CARTESIAN_POINT('',(-10.5,0.85,-0.15));
#1210 = DIRECTION('',(0.,1.,0.));
#1211 = DIRECTION('',(0.,-0.,1.));
#1212 = ORIENTED_EDGE('',*,*,#1213,.F.);
#1213 = EDGE_CURVE('',#1214,#1205,#1216,.T.);
#1214 = VERTEX_POINT('',#1215);
#1215 = CARTESIAN_POINT('',(-10.5,0.6,-0.25));
#1216 = LINE('',#1217,#1218);
#1217 = CARTESIAN_POINT('',(-10.5,-1.8,-0.25));
#1218 = VECTOR('',#1219,1.);
#1219 = DIRECTION('',(-0.,1.,-0.));
#1220 = ORIENTED_EDGE('',*,*,#1221,.T.);
#1221 = EDGE_CURVE('',#1214,#1173,#1222,.T.);
#1222 = CIRCLE('',#1223,0.1);
#1223 = AXIS2_PLACEMENT_3D('',#1224,#1225,#1226);
#1224 = CARTESIAN_POINT('',(-10.5,0.6,-0.15));
#1225 = DIRECTION('',(0.,1.,0.));
#1226 = DIRECTION('',(0.,0.,-1.));
#1227 = CYLINDRICAL_SURFACE('',#1228,0.1);
#1228 = AXIS2_PLACEMENT_3D('',#1229,#1230,#1231);
#1229 = CARTESIAN_POINT('',(-10.5,-1.8,-0.15));
#1230 = DIRECTION('',(-0.,1.,-0.));
#1231 = DIRECTION('',(0.,0.,1.));
#1232 = ADVANCED_FACE('',(#1233),#1258,.F.);
#1233 = FACE_BOUND('',#1234,.T.);
#1234 = EDGE_LOOP('',(#1235,#1243,#1251,#1257));
#1235 = ORIENTED_EDGE('',*,*,#1236,.F.);
#1236 = EDGE_CURVE('',#1237,#1214,#1239,.T.);
#1237 = VERTEX_POINT('',#1238);
#1238 = CARTESIAN_POINT('',(-9.5,0.6,-0.25));
#1239 = LINE('',#1240,#1241);
#1240 = CARTESIAN_POINT('',(0.,0.6,-0.25));
#1241 = VECTOR('',#1242,1.);
#1242 = DIRECTION('',(-1.,0.,0.));
#1243 = ORIENTED_EDGE('',*,*,#1244,.T.);
#1244 = EDGE_CURVE('',#1237,#1245,#1247,.T.);
#1245 = VERTEX_POINT('',#1246);
#1246 = CARTESIAN_POINT('',(-9.5,0.85,-0.25));
#1247 = LINE('',#1248,#1249);
#1248 = CARTESIAN_POINT('',(-9.5,-1.8,-0.25));
#1249 = VECTOR('',#1250,1.);
#1250 = DIRECTION('',(-0.,1.,-0.));
#1251 = ORIENTED_EDGE('',*,*,#1252,.T.);
#1252 = EDGE_CURVE('',#1245,#1205,#1253,.T.);
#1253 = LINE('',#1254,#1255);
#1254 = CARTESIAN_POINT('',(-10.5,0.85,-0.25));
#1255 = VECTOR('',#1256,1.);
#1256 = DIRECTION('',(-1.,0.,0.));
#1257 = ORIENTED_EDGE('',*,*,#1213,.F.);
#1258 = PLANE('',#1259);
#1259 = AXIS2_PLACEMENT_3D('',#1260,#1261,#1262);
#1260 = CARTESIAN_POINT('',(-10.5,-1.8,-0.25));
#1261 = DIRECTION('',(0.,0.,-1.));
#1262 = DIRECTION('',(-1.,0.,-0.));
#1263 = ADVANCED_FACE('',(#1264),#1291,.F.);
#1264 = FACE_BOUND('',#1265,.F.);
#1265 = EDGE_LOOP('',(#1266,#1267,#1276,#1284));
#1266 = ORIENTED_EDGE('',*,*,#1244,.T.);
#1267 = ORIENTED_EDGE('',*,*,#1268,.F.);
#1268 = EDGE_CURVE('',#1269,#1245,#1271,.T.);
#1269 = VERTEX_POINT('',#1270);
#1270 = CARTESIAN_POINT('',(-9.4,0.85,-0.15));
#1271 = CIRCLE('',#1272,0.1);
#1272 = AXIS2_PLACEMENT_3D('',#1273,#1274,#1275);
#1273 = CARTESIAN_POINT('',(-9.5,0.85,-0.15));
#1274 = DIRECTION('',(0.,1.,0.));
#1275 = DIRECTION('',(0.,-0.,1.));
#1276 = ORIENTED_EDGE('',*,*,#1277,.F.);
#1277 = EDGE_CURVE('',#1278,#1269,#1280,.T.);
#1278 = VERTEX_POINT('',#1279);
#1279 = CARTESIAN_POINT('',(-9.4,0.6,-0.15));
#1280 = LINE('',#1281,#1282);
#1281 = CARTESIAN_POINT('',(-9.4,-1.8,-0.15));
#1282 = VECTOR('',#1283,1.);
#1283 = DIRECTION('',(-0.,1.,-0.));
#1284 = ORIENTED_EDGE('',*,*,#1285,.T.);
#1285 = EDGE_CURVE('',#1278,#1237,#1286,.T.);
#1286 = CIRCLE('',#1287,0.1);
#1287 = AXIS2_PLACEMENT_3D('',#1288,#1289,#1290);
#1288 = CARTESIAN_POINT('',(-9.5,0.6,-0.15));
#1289 = DIRECTION('',(0.,1.,0.));
#1290 = DIRECTION('',(5.20417042793E-14,0.,-1.));
#1291 = CYLINDRICAL_SURFACE('',#1292,0.1);
#1292 = AXIS2_PLACEMENT_3D('',#1293,#1294,#1295);
#1293 = CARTESIAN_POINT('',(-9.5,-1.8,-0.15));
#1294 = DIRECTION('',(-0.,1.,-0.));
#1295 = DIRECTION('',(0.,0.,1.));
#1296 = ADVANCED_FACE('',(#1297),#1333,.F.);
#1297 = FACE_BOUND('',#1298,.F.);
#1298 = EDGE_LOOP('',(#1299,#1309,#1318,#1326));
#1299 = ORIENTED_EDGE('',*,*,#1300,.T.);
#1300 = EDGE_CURVE('',#1301,#1303,#1305,.T.);
#1301 = VERTEX_POINT('',#1302);
#1302 = CARTESIAN_POINT('',(-9.4,0.6,0.15));
#1303 = VERTEX_POINT('',#1304);
#1304 = CARTESIAN_POINT('',(-9.4,0.85,0.15));
#1305 = LINE('',#1306,#1307);
#1306 = CARTESIAN_POINT('',(-9.4,-1.8,0.15));
#1307 = VECTOR('',#1308,1.);
#1308 = DIRECTION('',(-0.,1.,-0.));
#1309 = ORIENTED_EDGE('',*,*,#1310,.F.);
#1310 = EDGE_CURVE('',#1311,#1303,#1313,.T.);
#1311 = VERTEX_POINT('',#1312);
#1312 = CARTESIAN_POINT('',(-9.5,0.85,0.25));
#1313 = CIRCLE('',#1314,0.1);
#1314 = AXIS2_PLACEMENT_3D('',#1315,#1316,#1317);
#1315 = CARTESIAN_POINT('',(-9.5,0.85,0.15));
#1316 = DIRECTION('',(0.,1.,0.));
#1317 = DIRECTION('',(0.,-0.,1.));
#1318 = ORIENTED_EDGE('',*,*,#1319,.F.);
#1319 = EDGE_CURVE('',#1320,#1311,#1322,.T.);
#1320 = VERTEX_POINT('',#1321);
#1321 = CARTESIAN_POINT('',(-9.5,0.6,0.25));
#1322 = LINE('',#1323,#1324);
#1323 = CARTESIAN_POINT('',(-9.5,-1.8,0.25));
#1324 = VECTOR('',#1325,1.);
#1325 = DIRECTION('',(-0.,1.,-0.));
#1326 = ORIENTED_EDGE('',*,*,#1327,.T.);
#1327 = EDGE_CURVE('',#1320,#1301,#1328,.T.);
#1328 = CIRCLE('',#1329,0.1);
#1329 = AXIS2_PLACEMENT_3D('',#1330,#1331,#1332);
#1330 = CARTESIAN_POINT('',(-9.5,0.6,0.15));
#1331 = DIRECTION('',(0.,1.,0.));
#1332 = DIRECTION('',(0.,0.,-1.));
#1333 = CYLINDRICAL_SURFACE('',#1334,0.1);
#1334 = AXIS2_PLACEMENT_3D('',#1335,#1336,#1337);
#1335 = CARTESIAN_POINT('',(-9.5,-1.8,0.15));
#1336 = DIRECTION('',(-0.,1.,-0.));
#1337 = DIRECTION('',(0.,0.,1.));
#1338 = ADVANCED_FACE('',(#1339),#1355,.F.);
#1339 = FACE_BOUND('',#1340,.T.);
#1340 = EDGE_LOOP('',(#1341,#1347,#1348,#1354));
#1341 = ORIENTED_EDGE('',*,*,#1342,.F.);
#1342 = EDGE_CURVE('',#1131,#1320,#1343,.T.);
#1343 = LINE('',#1344,#1345);
#1344 = CARTESIAN_POINT('',(0.,0.6,0.25));
#1345 = VECTOR('',#1346,1.);
#1346 = DIRECTION('',(1.,0.,0.));
#1347 = ORIENTED_EDGE('',*,*,#1130,.T.);
#1348 = ORIENTED_EDGE('',*,*,#1349,.T.);
#1349 = EDGE_CURVE('',#1133,#1311,#1350,.T.);
#1350 = LINE('',#1351,#1352);
#1351 = CARTESIAN_POINT('',(-9.5,0.85,0.25));
#1352 = VECTOR('',#1353,1.);
#1353 = DIRECTION('',(1.,0.,0.));
#1354 = ORIENTED_EDGE('',*,*,#1319,.F.);
#1355 = PLANE('',#1356);
#1356 = AXIS2_PLACEMENT_3D('',#1357,#1358,#1359);
#1357 = CARTESIAN_POINT('',(-9.5,-1.8,0.25));
#1358 = DIRECTION('',(0.,0.,1.));
#1359 = DIRECTION('',(1.,0.,-0.));
#1360 = ADVANCED_FACE('',(#1361),#1427,.T.);
#1361 = FACE_BOUND('',#1362,.T.);
#1362 = EDGE_LOOP('',(#1363,#1373,#1381,#1389,#1397,#1405,#1413,#1421));
#1363 = ORIENTED_EDGE('',*,*,#1364,.T.);
#1364 = EDGE_CURVE('',#1365,#1367,#1369,.T.);
#1365 = VERTEX_POINT('',#1366);
#1366 = CARTESIAN_POINT('',(-2.7,-0.6,1.35));
#1367 = VERTEX_POINT('',#1368);
#1368 = CARTESIAN_POINT('',(-2.7,-1.6,1.35));
#1369 = LINE('',#1370,#1371);
#1370 = CARTESIAN_POINT('',(-2.7,-0.6,1.35));
#1371 = VECTOR('',#1372,1.);
#1372 = DIRECTION('',(-0.,-1.,-0.));
#1373 = ORIENTED_EDGE('',*,*,#1374,.T.);
#1374 = EDGE_CURVE('',#1367,#1375,#1377,.T.);
#1375 = VERTEX_POINT('',#1376);
#1376 = CARTESIAN_POINT('',(-2.7,-1.6,0.824264068712));
#1377 = LINE('',#1378,#1379);
#1378 = CARTESIAN_POINT('',(-2.7,-1.6,0.824264068712));
#1379 = VECTOR('',#1380,1.);
#1380 = DIRECTION('',(-1.445602896647E-16,0.,-1.));
#1381 = ORIENTED_EDGE('',*,*,#1382,.T.);
#1382 = EDGE_CURVE('',#1375,#1383,#1385,.T.);
#1383 = VERTEX_POINT('',#1384);
#1384 = CARTESIAN_POINT('',(-2.7,-0.1,0.824264068712));
#1385 = LINE('',#1386,#1387);
#1386 = CARTESIAN_POINT('',(-2.7,-1.8,0.824264068712));
#1387 = VECTOR('',#1388,1.);
#1388 = DIRECTION('',(0.,1.,0.));
#1389 = ORIENTED_EDGE('',*,*,#1390,.F.);
#1390 = EDGE_CURVE('',#1391,#1383,#1393,.T.);
#1391 = VERTEX_POINT('',#1392);
#1392 = CARTESIAN_POINT('',(-2.7,-0.1,3.575735931288));
#1393 = LINE('',#1394,#1395);
#1394 = CARTESIAN_POINT('',(-2.7,-0.1,3.7));
#1395 = VECTOR('',#1396,1.);
#1396 = DIRECTION('',(-1.445602896647E-16,0.,-1.));
#1397 = ORIENTED_EDGE('',*,*,#1398,.T.);
#1398 = EDGE_CURVE('',#1391,#1399,#1401,.T.);
#1399 = VERTEX_POINT('',#1400);
#1400 = CARTESIAN_POINT('',(-2.7,-1.6,3.575735931288));
#1401 = LINE('',#1402,#1403);
#1402 = CARTESIAN_POINT('',(-2.7,-1.8,3.575735931288));
#1403 = VECTOR('',#1404,1.);
#1404 = DIRECTION('',(0.,-1.,-0.));
#1405 = ORIENTED_EDGE('',*,*,#1406,.T.);
#1406 = EDGE_CURVE('',#1399,#1407,#1409,.T.);
#1407 = VERTEX_POINT('',#1408);
#1408 = CARTESIAN_POINT('',(-2.7,-1.6,3.05));
#1409 = LINE('',#1410,#1411);
#1410 = CARTESIAN_POINT('',(-2.7,-1.6,3.25));
#1411 = VECTOR('',#1412,1.);
#1412 = DIRECTION('',(-1.445602896647E-16,0.,-1.));
#1413 = ORIENTED_EDGE('',*,*,#1414,.F.);
#1414 = EDGE_CURVE('',#1415,#1407,#1417,.T.);
#1415 = VERTEX_POINT('',#1416);
#1416 = CARTESIAN_POINT('',(-2.7,-0.6,3.05));
#1417 = LINE('',#1418,#1419);
#1418 = CARTESIAN_POINT('',(-2.7,-0.6,3.05));
#1419 = VECTOR('',#1420,1.);
#1420 = DIRECTION('',(-0.,-1.,-0.));
#1421 = ORIENTED_EDGE('',*,*,#1422,.F.);
#1422 = EDGE_CURVE('',#1365,#1415,#1423,.T.);
#1423 = LINE('',#1424,#1425);
#1424 = CARTESIAN_POINT('',(-2.7,-0.6,3.903127820948E-16));
#1425 = VECTOR('',#1426,1.);
#1426 = DIRECTION('',(1.445602896647E-16,0.,1.));
#1427 = PLANE('',#1428);
#1428 = AXIS2_PLACEMENT_3D('',#1429,#1430,#1431);
#1429 = CARTESIAN_POINT('',(-2.7,-1.8,3.7));
#1430 = DIRECTION('',(1.,0.,-1.445602896647E-16));
#1431 = DIRECTION('',(-1.445602896647E-16,0.,-1.));
#1432 = ADVANCED_FACE('',(#1433),#1469,.T.);
#1433 = FACE_BOUND('',#1434,.T.);
#1434 = EDGE_LOOP('',(#1435,#1445,#1454,#1462));
#1435 = ORIENTED_EDGE('',*,*,#1436,.F.);
#1436 = EDGE_CURVE('',#1437,#1439,#1441,.T.);
#1437 = VERTEX_POINT('',#1438);
#1438 = CARTESIAN_POINT('',(-12.3,-1.6,1.5));
#1439 = VERTEX_POINT('',#1440);
#1440 = CARTESIAN_POINT('',(-12.3,-0.1,1.5));
#1441 = LINE('',#1442,#1443);
#1442 = CARTESIAN_POINT('',(-12.3,-1.8,1.5));
#1443 = VECTOR('',#1444,1.);
#1444 = DIRECTION('',(0.,1.,0.));
#1445 = ORIENTED_EDGE('',*,*,#1446,.T.);
#1446 = EDGE_CURVE('',#1437,#1447,#1449,.T.);
#1447 = VERTEX_POINT('',#1448);
#1448 = CARTESIAN_POINT('',(-11.49999999998,-1.6,2.300000000007));
#1449 = CIRCLE('',#1450,0.800000000007);
#1450 = AXIS2_PLACEMENT_3D('',#1451,#1452,#1453);
#1451 = CARTESIAN_POINT('',(-11.49999999999,-1.6,1.5));
#1452 = DIRECTION('',(0.,1.,0.));
#1453 = DIRECTION('',(0.,-0.,1.));
#1454 = ORIENTED_EDGE('',*,*,#1455,.T.);
#1455 = EDGE_CURVE('',#1447,#1456,#1458,.T.);
#1456 = VERTEX_POINT('',#1457);
#1457 = CARTESIAN_POINT('',(-11.49999999998,-0.1,2.300000000007));
#1458 = LINE('',#1459,#1460);
#1459 = CARTESIAN_POINT('',(-11.49999999998,-1.8,2.300000000007));
#1460 = VECTOR('',#1461,1.);
#1461 = DIRECTION('',(0.,1.,0.));
#1462 = ORIENTED_EDGE('',*,*,#1463,.F.);
#1463 = EDGE_CURVE('',#1439,#1456,#1464,.T.);
#1464 = CIRCLE('',#1465,0.800000000007);
#1465 = AXIS2_PLACEMENT_3D('',#1466,#1467,#1468);
#1466 = CARTESIAN_POINT('',(-11.49999999999,-0.1,1.5));
#1467 = DIRECTION('',(0.,1.,0.));
#1468 = DIRECTION('',(0.,-0.,1.));
#1469 = CYLINDRICAL_SURFACE('',#1470,0.800000000007);
#1470 = AXIS2_PLACEMENT_3D('',#1471,#1472,#1473);
#1471 = CARTESIAN_POINT('',(-11.49999999999,-1.8,1.5));
#1472 = DIRECTION('',(0.,1.,0.));
#1473 = DIRECTION('',(0.,-0.,1.));
#1474 = ADVANCED_FACE('',(#1475),#1532,.F.);
#1475 = FACE_BOUND('',#1476,.T.);
#1476 = EDGE_LOOP('',(#1477,#1487,#1495,#1503,#1511,#1519,#1525,#1526));
#1477 = ORIENTED_EDGE('',*,*,#1478,.F.);
#1478 = EDGE_CURVE('',#1479,#1481,#1483,.T.);
#1479 = VERTEX_POINT('',#1480);
#1480 = CARTESIAN_POINT('',(-12.3,-1.6,-1.5));
#1481 = VERTEX_POINT('',#1482);
#1482 = CARTESIAN_POINT('',(-12.3,-0.1,-1.5));
#1483 = LINE('',#1484,#1485);
#1484 = CARTESIAN_POINT('',(-12.3,-1.8,-1.5));
#1485 = VECTOR('',#1486,1.);
#1486 = DIRECTION('',(0.,1.,0.));
#1487 = ORIENTED_EDGE('',*,*,#1488,.T.);
#1488 = EDGE_CURVE('',#1479,#1489,#1491,.T.);
#1489 = VERTEX_POINT('',#1490);
#1490 = CARTESIAN_POINT('',(-12.3,-1.6,-0.85));
#1491 = LINE('',#1492,#1493);
#1492 = CARTESIAN_POINT('',(-12.3,-1.6,1.5));
#1493 = VECTOR('',#1494,1.);
#1494 = DIRECTION('',(-0.,-0.,1.));
#1495 = ORIENTED_EDGE('',*,*,#1496,.F.);
#1496 = EDGE_CURVE('',#1497,#1489,#1499,.T.);
#1497 = VERTEX_POINT('',#1498);
#1498 = CARTESIAN_POINT('',(-12.3,-0.6,-0.85));
#1499 = LINE('',#1500,#1501);
#1500 = CARTESIAN_POINT('',(-12.3,-0.6,-0.85));
#1501 = VECTOR('',#1502,1.);
#1502 = DIRECTION('',(-0.,-1.,-0.));
#1503 = ORIENTED_EDGE('',*,*,#1504,.F.);
#1504 = EDGE_CURVE('',#1505,#1497,#1507,.T.);
#1505 = VERTEX_POINT('',#1506);
#1506 = CARTESIAN_POINT('',(-12.3,-0.6,0.85));
#1507 = LINE('',#1508,#1509);
#1508 = CARTESIAN_POINT('',(-12.3,-0.6,0.));
#1509 = VECTOR('',#1510,1.);
#1510 = DIRECTION('',(0.,0.,-1.));
#1511 = ORIENTED_EDGE('',*,*,#1512,.T.);
#1512 = EDGE_CURVE('',#1505,#1513,#1515,.T.);
#1513 = VERTEX_POINT('',#1514);
#1514 = CARTESIAN_POINT('',(-12.3,-1.6,0.85));
#1515 = LINE('',#1516,#1517);
#1516 = CARTESIAN_POINT('',(-12.3,-0.6,0.85));
#1517 = VECTOR('',#1518,1.);
#1518 = DIRECTION('',(-0.,-1.,-0.));
#1519 = ORIENTED_EDGE('',*,*,#1520,.T.);
#1520 = EDGE_CURVE('',#1513,#1437,#1521,.T.);
#1521 = LINE('',#1522,#1523);
#1522 = CARTESIAN_POINT('',(-12.3,-1.6,1.5));
#1523 = VECTOR('',#1524,1.);
#1524 = DIRECTION('',(-0.,-0.,1.));
#1525 = ORIENTED_EDGE('',*,*,#1436,.T.);
#1526 = ORIENTED_EDGE('',*,*,#1527,.T.);
#1527 = EDGE_CURVE('',#1439,#1481,#1528,.T.);
#1528 = LINE('',#1529,#1530);
#1529 = CARTESIAN_POINT('',(-12.3,-0.1,1.5));
#1530 = VECTOR('',#1531,1.);
#1531 = DIRECTION('',(0.,0.,-1.));
#1532 = PLANE('',#1533);
#1533 = AXIS2_PLACEMENT_3D('',#1534,#1535,#1536);
#1534 = CARTESIAN_POINT('',(-12.3,-1.8,1.5));
#1535 = DIRECTION('',(1.,-0.,0.));
#1536 = DIRECTION('',(0.,0.,-1.));
#1537 = ADVANCED_FACE('',(#1538),#1565,.T.);
#1538 = FACE_BOUND('',#1539,.T.);
#1539 = EDGE_LOOP('',(#1540,#1550,#1557,#1558));
#1540 = ORIENTED_EDGE('',*,*,#1541,.F.);
#1541 = EDGE_CURVE('',#1542,#1544,#1546,.T.);
#1542 = VERTEX_POINT('',#1543);
#1543 = CARTESIAN_POINT('',(-11.49999999998,-1.6,-2.300000000007));
#1544 = VERTEX_POINT('',#1545);
#1545 = CARTESIAN_POINT('',(-11.49999999998,-0.1,-2.300000000007));
#1546 = LINE('',#1547,#1548);
#1547 = CARTESIAN_POINT('',(-11.49999999998,-1.8,-2.300000000007));
#1548 = VECTOR('',#1549,1.);
#1549 = DIRECTION('',(0.,1.,0.));
#1550 = ORIENTED_EDGE('',*,*,#1551,.T.);
#1551 = EDGE_CURVE('',#1542,#1479,#1552,.T.);
#1552 = CIRCLE('',#1553,0.800000000007);
#1553 = AXIS2_PLACEMENT_3D('',#1554,#1555,#1556);
#1554 = CARTESIAN_POINT('',(-11.49999999999,-1.6,-1.5));
#1555 = DIRECTION('',(0.,1.,0.));
#1556 = DIRECTION('',(0.,-0.,1.));
#1557 = ORIENTED_EDGE('',*,*,#1478,.T.);
#1558 = ORIENTED_EDGE('',*,*,#1559,.T.);
#1559 = EDGE_CURVE('',#1481,#1544,#1560,.T.);
#1560 = CIRCLE('',#1561,0.800000000007);
#1561 = AXIS2_PLACEMENT_3D('',#1562,#1563,#1564);
#1562 = CARTESIAN_POINT('',(-11.49999999999,-0.1,-1.5));
#1563 = DIRECTION('',(-0.,-1.,0.));
#1564 = DIRECTION('',(-0.,0.,-1.));
#1565 = CYLINDRICAL_SURFACE('',#1566,0.800000000007);
#1566 = AXIS2_PLACEMENT_3D('',#1567,#1568,#1569);
#1567 = CARTESIAN_POINT('',(-11.49999999999,-1.8,-1.5));
#1568 = DIRECTION('',(0.,1.,0.));
#1569 = DIRECTION('',(0.,-0.,1.));
#1570 = ADVANCED_FACE('',(#1571),#1596,.F.);
#1571 = FACE_BOUND('',#1572,.T.);
#1572 = EDGE_LOOP('',(#1573,#1583,#1589,#1590));
#1573 = ORIENTED_EDGE('',*,*,#1574,.F.);
#1574 = EDGE_CURVE('',#1575,#1577,#1579,.T.);
#1575 = VERTEX_POINT('',#1576);
#1576 = CARTESIAN_POINT('',(-8.199999999985,-1.6,-2.300000000007));
#1577 = VERTEX_POINT('',#1578);
#1578 = CARTESIAN_POINT('',(-8.199999999985,-0.1,-2.300000000007));
#1579 = LINE('',#1580,#1581);
#1580 = CARTESIAN_POINT('',(-8.199999999985,-1.8,-2.300000000007));
#1581 = VECTOR('',#1582,1.);
#1582 = DIRECTION('',(0.,1.,0.));
#1583 = ORIENTED_EDGE('',*,*,#1584,.T.);
#1584 = EDGE_CURVE('',#1575,#1542,#1585,.T.);
#1585 = LINE('',#1586,#1587);
#1586 = CARTESIAN_POINT('',(-11.49999999998,-1.6,-2.300000000007));
#1587 = VECTOR('',#1588,1.);
#1588 = DIRECTION('',(-1.,-0.,2.628368902995E-16));
#1589 = ORIENTED_EDGE('',*,*,#1541,.T.);
#1590 = ORIENTED_EDGE('',*,*,#1591,.T.);
#1591 = EDGE_CURVE('',#1544,#1577,#1592,.T.);
#1592 = LINE('',#1593,#1594);
#1593 = CARTESIAN_POINT('',(-11.49999999998,-0.1,-2.300000000007));
#1594 = VECTOR('',#1595,1.);
#1595 = DIRECTION('',(1.,0.,-2.628368902995E-16));
#1596 = PLANE('',#1597);
#1597 = AXIS2_PLACEMENT_3D('',#1598,#1599,#1600);
#1598 = CARTESIAN_POINT('',(-11.49999999998,-1.8,-2.300000000007));
#1599 = DIRECTION('',(2.628368902995E-16,-0.,1.));
#1600 = DIRECTION('',(1.,0.,-2.628368902995E-16));
#1601 = ADVANCED_FACE('',(#1602),#1629,.T.);
#1602 = FACE_BOUND('',#1603,.T.);
#1603 = EDGE_LOOP('',(#1604,#1614,#1621,#1622));
#1604 = ORIENTED_EDGE('',*,*,#1605,.F.);
#1605 = EDGE_CURVE('',#1606,#1608,#1610,.T.);
#1606 = VERTEX_POINT('',#1607);
#1607 = CARTESIAN_POINT('',(-7.244731810829,-1.6,-1.600000000007));
#1608 = VERTEX_POINT('',#1609);
#1609 = CARTESIAN_POINT('',(-7.244731810829,-0.1,-1.600000000007));
#1610 = LINE('',#1611,#1612);
#1611 = CARTESIAN_POINT('',(-7.244731810829,-1.8,-1.600000000007));
#1612 = VECTOR('',#1613,1.);
#1613 = DIRECTION('',(0.,1.,0.));
#1614 = ORIENTED_EDGE('',*,*,#1615,.T.);
#1615 = EDGE_CURVE('',#1606,#1575,#1616,.T.);
#1616 = CIRCLE('',#1617,1.001812366581);
#1617 = AXIS2_PLACEMENT_3D('',#1618,#1619,#1620);
#1618 = CARTESIAN_POINT('',(-8.199999999985,-1.6,-1.298187633426));
#1619 = DIRECTION('',(0.,1.,0.));
#1620 = DIRECTION('',(0.,-0.,1.));
#1621 = ORIENTED_EDGE('',*,*,#1574,.T.);
#1622 = ORIENTED_EDGE('',*,*,#1623,.T.);
#1623 = EDGE_CURVE('',#1577,#1608,#1624,.T.);
#1624 = CIRCLE('',#1625,1.001812366581);
#1625 = AXIS2_PLACEMENT_3D('',#1626,#1627,#1628);
#1626 = CARTESIAN_POINT('',(-8.199999999985,-0.1,-1.298187633426));
#1627 = DIRECTION('',(-0.,-1.,0.));
#1628 = DIRECTION('',(-0.,0.,-1.));
#1629 = CYLINDRICAL_SURFACE('',#1630,1.001812366581);
#1630 = AXIS2_PLACEMENT_3D('',#1631,#1632,#1633);
#1631 = CARTESIAN_POINT('',(-8.199999999985,-1.8,-1.298187633426));
#1632 = DIRECTION('',(0.,1.,0.));
#1633 = DIRECTION('',(0.,-0.,1.));
#1634 = ADVANCED_FACE('',(#1635),#1662,.F.);
#1635 = FACE_BOUND('',#1636,.F.);
#1636 = EDGE_LOOP('',(#1637,#1646,#1647,#1656));
#1637 = ORIENTED_EDGE('',*,*,#1638,.F.);
#1638 = EDGE_CURVE('',#1608,#1639,#1641,.T.);
#1639 = VERTEX_POINT('',#1640);
#1640 = CARTESIAN_POINT('',(-5.55,-0.1,-0.15));
#1641 = CIRCLE('',#1642,2.109392578673);
#1642 = AXIS2_PLACEMENT_3D('',#1643,#1644,#1645);
#1643 = CARTESIAN_POINT('',(-5.233341558455,-0.1,-2.235489027149));
#1644 = DIRECTION('',(0.,1.,0.));
#1645 = DIRECTION('',(0.,-0.,1.));
#1646 = ORIENTED_EDGE('',*,*,#1605,.F.);
#1647 = ORIENTED_EDGE('',*,*,#1648,.F.);
#1648 = EDGE_CURVE('',#1649,#1606,#1651,.T.);
#1649 = VERTEX_POINT('',#1650);
#1650 = CARTESIAN_POINT('',(-5.55,-1.6,-0.15));
#1651 = CIRCLE('',#1652,2.109392578673);
#1652 = AXIS2_PLACEMENT_3D('',#1653,#1654,#1655);
#1653 = CARTESIAN_POINT('',(-5.233341558455,-1.6,-2.235489027149));
#1654 = DIRECTION('',(0.,-1.,0.));
#1655 = DIRECTION('',(0.,0.,1.));
#1656 = ORIENTED_EDGE('',*,*,#1657,.T.);
#1657 = EDGE_CURVE('',#1649,#1639,#1658,.T.);
#1658 = LINE('',#1659,#1660);
#1659 = CARTESIAN_POINT('',(-5.55,-1.8,-0.15));
#1660 = VECTOR('',#1661,1.);
#1661 = DIRECTION('',(0.,1.,0.));
#1662 = CYLINDRICAL_SURFACE('',#1663,2.109392578673);
#1663 = AXIS2_PLACEMENT_3D('',#1664,#1665,#1666);
#1664 = CARTESIAN_POINT('',(-5.233341558455,-1.8,-2.235489027149));
#1665 = DIRECTION('',(0.,1.,0.));
#1666 = DIRECTION('',(0.,-0.,1.));
#1667 = ADVANCED_FACE('',(#1668),#1693,.T.);
#1668 = FACE_BOUND('',#1669,.T.);
#1669 = EDGE_LOOP('',(#1670,#1680,#1686,#1687));
#1670 = ORIENTED_EDGE('',*,*,#1671,.T.);
#1671 = EDGE_CURVE('',#1672,#1674,#1676,.T.);
#1672 = VERTEX_POINT('',#1673);
#1673 = CARTESIAN_POINT('',(-3.674264068712,-0.1,-0.15));
#1674 = VERTEX_POINT('',#1675);
#1675 = CARTESIAN_POINT('',(-3.674264068712,-1.6,-0.15));
#1676 = LINE('',#1677,#1678);
#1677 = CARTESIAN_POINT('',(-3.674264068712,-1.8,-0.15));
#1678 = VECTOR('',#1679,1.);
#1679 = DIRECTION('',(-0.,-1.,-0.));
#1680 = ORIENTED_EDGE('',*,*,#1681,.T.);
#1681 = EDGE_CURVE('',#1674,#1649,#1682,.T.);
#1682 = LINE('',#1683,#1684);
#1683 = CARTESIAN_POINT('',(-5.55,-1.6,-0.15));
#1684 = VECTOR('',#1685,1.);
#1685 = DIRECTION('',(-1.,0.,1.219727444046E-16));
#1686 = ORIENTED_EDGE('',*,*,#1657,.T.);
#1687 = ORIENTED_EDGE('',*,*,#1688,.F.);
#1688 = EDGE_CURVE('',#1672,#1639,#1689,.T.);
#1689 = LINE('',#1690,#1691);
#1690 = CARTESIAN_POINT('',(-3.55,-0.1,-0.15));
#1691 = VECTOR('',#1692,1.);
#1692 = DIRECTION('',(-1.,0.,1.219727444046E-16));
#1693 = PLANE('',#1694);
#1694 = AXIS2_PLACEMENT_3D('',#1695,#1696,#1697);
#1695 = CARTESIAN_POINT('',(-3.55,-1.8,-0.15));
#1696 = DIRECTION('',(-1.219727444046E-16,0.,-1.));
#1697 = DIRECTION('',(-1.,0.,1.219727444046E-16));
#1698 = ADVANCED_FACE('',(#1699),#1733,.T.);
#1699 = FACE_BOUND('',#1700,.T.);
#1700 = EDGE_LOOP('',(#1701,#1711,#1719,#1727));
#1701 = ORIENTED_EDGE('',*,*,#1702,.T.);
#1702 = EDGE_CURVE('',#1703,#1705,#1707,.T.);
#1703 = VERTEX_POINT('',#1704);
#1704 = CARTESIAN_POINT('',(-2.787867965644,-0.1,0.612132034356));
#1705 = VERTEX_POINT('',#1706);
#1706 = CARTESIAN_POINT('',(-2.787867965644,-1.6,0.612132034356));
#1707 = LINE('',#1708,#1709);
#1708 = CARTESIAN_POINT('',(-2.787867965644,-1.8,0.612132034356));
#1709 = VECTOR('',#1710,1.);
#1710 = DIRECTION('',(-0.,-1.,-0.));
#1711 = ORIENTED_EDGE('',*,*,#1712,.T.);
#1712 = EDGE_CURVE('',#1705,#1713,#1715,.T.);
#1713 = VERTEX_POINT('',#1714);
#1714 = CARTESIAN_POINT('',(-3.462132034356,-1.6,-6.213203435596E-02));
#1715 = LINE('',#1716,#1717);
#1716 = CARTESIAN_POINT('',(-3.462132034356,-1.6,-6.213203435596E-02));
#1717 = VECTOR('',#1718,1.);
#1718 = DIRECTION('',(-0.707106781187,0.,-0.707106781187));
#1719 = ORIENTED_EDGE('',*,*,#1720,.T.);
#1720 = EDGE_CURVE('',#1713,#1721,#1723,.T.);
#1721 = VERTEX_POINT('',#1722);
#1722 = CARTESIAN_POINT('',(-3.462132034356,-0.1,-6.213203435596E-02));
#1723 = LINE('',#1724,#1725);
#1724 = CARTESIAN_POINT('',(-3.462132034356,-1.8,-6.213203435596E-02));
#1725 = VECTOR('',#1726,1.);
#1726 = DIRECTION('',(0.,1.,0.));
#1727 = ORIENTED_EDGE('',*,*,#1728,.F.);
#1728 = EDGE_CURVE('',#1703,#1721,#1729,.T.);
#1729 = LINE('',#1730,#1731);
#1730 = CARTESIAN_POINT('',(-2.7,-0.1,0.7));
#1731 = VECTOR('',#1732,1.);
#1732 = DIRECTION('',(-0.707106781187,0.,-0.707106781187));
#1733 = PLANE('',#1734);
#1734 = AXIS2_PLACEMENT_3D('',#1735,#1736,#1737);
#1735 = CARTESIAN_POINT('',(-2.7,-1.8,0.7));
#1736 = DIRECTION('',(0.707106781187,0.,-0.707106781187));
#1737 = DIRECTION('',(-0.707106781187,0.,-0.707106781187));
#1738 = ADVANCED_FACE('',(#1739),#1773,.F.);
#1739 = FACE_BOUND('',#1740,.T.);
#1740 = EDGE_LOOP('',(#1741,#1751,#1759,#1767));
#1741 = ORIENTED_EDGE('',*,*,#1742,.T.);
#1742 = EDGE_CURVE('',#1743,#1745,#1747,.T.);
#1743 = VERTEX_POINT('',#1744);
#1744 = CARTESIAN_POINT('',(-3.462132034356,-0.1,4.462132034356));
#1745 = VERTEX_POINT('',#1746);
#1746 = CARTESIAN_POINT('',(-3.462132034356,-1.6,4.462132034356));
#1747 = LINE('',#1748,#1749);
#1748 = CARTESIAN_POINT('',(-3.462132034356,-1.8,4.462132034356));
#1749 = VECTOR('',#1750,1.);
#1750 = DIRECTION('',(-0.,-1.,-0.));
#1751 = ORIENTED_EDGE('',*,*,#1752,.T.);
#1752 = EDGE_CURVE('',#1745,#1753,#1755,.T.);
#1753 = VERTEX_POINT('',#1754);
#1754 = CARTESIAN_POINT('',(-2.787867965644,-1.6,3.787867965644));
#1755 = LINE('',#1756,#1757);
#1756 = CARTESIAN_POINT('',(-2.7,-1.6,3.7));
#1757 = VECTOR('',#1758,1.);
#1758 = DIRECTION('',(0.707106781187,-0.,-0.707106781187));
#1759 = ORIENTED_EDGE('',*,*,#1760,.T.);
#1760 = EDGE_CURVE('',#1753,#1761,#1763,.T.);
#1761 = VERTEX_POINT('',#1762);
#1762 = CARTESIAN_POINT('',(-2.787867965644,-0.1,3.787867965644));
#1763 = LINE('',#1764,#1765);
#1764 = CARTESIAN_POINT('',(-2.787867965644,-0.1,3.787867965644));
#1765 = VECTOR('',#1766,1.);
#1766 = DIRECTION('',(0.,1.,0.));
#1767 = ORIENTED_EDGE('',*,*,#1768,.T.);
#1768 = EDGE_CURVE('',#1761,#1743,#1769,.T.);
#1769 = LINE('',#1770,#1771);
#1770 = CARTESIAN_POINT('',(-2.7,-0.1,3.7));
#1771 = VECTOR('',#1772,1.);
#1772 = DIRECTION('',(-0.707106781187,0.,0.707106781187));
#1773 = PLANE('',#1774);
#1774 = AXIS2_PLACEMENT_3D('',#1775,#1776,#1777);
#1775 = CARTESIAN_POINT('',(-2.7,-1.8,3.7));
#1776 = DIRECTION('',(-0.707106781187,0.,-0.707106781187));
#1777 = DIRECTION('',(-0.707106781187,0.,0.707106781187));
#1778 = ADVANCED_FACE('',(#1779),#1813,.F.);
#1779 = FACE_BOUND('',#1780,.T.);
#1780 = EDGE_LOOP('',(#1781,#1791,#1799,#1807));
#1781 = ORIENTED_EDGE('',*,*,#1782,.T.);
#1782 = EDGE_CURVE('',#1783,#1785,#1787,.T.);
#1783 = VERTEX_POINT('',#1784);
#1784 = CARTESIAN_POINT('',(-6.425735931288,-0.1,4.55));
#1785 = VERTEX_POINT('',#1786);
#1786 = CARTESIAN_POINT('',(-6.425735931288,-1.6,4.55));
#1787 = LINE('',#1788,#1789);
#1788 = CARTESIAN_POINT('',(-6.425735931288,-1.8,4.55));
#1789 = VECTOR('',#1790,1.);
#1790 = DIRECTION('',(-0.,-1.,-0.));
#1791 = ORIENTED_EDGE('',*,*,#1792,.T.);
#1792 = EDGE_CURVE('',#1785,#1793,#1795,.T.);
#1793 = VERTEX_POINT('',#1794);
#1794 = CARTESIAN_POINT('',(-3.674264068712,-1.6,4.55));
#1795 = LINE('',#1796,#1797);
#1796 = CARTESIAN_POINT('',(-3.55,-1.6,4.55));
#1797 = VECTOR('',#1798,1.);
#1798 = DIRECTION('',(1.,-0.,-0.));
#1799 = ORIENTED_EDGE('',*,*,#1800,.T.);
#1800 = EDGE_CURVE('',#1793,#1801,#1803,.T.);
#1801 = VERTEX_POINT('',#1802);
#1802 = CARTESIAN_POINT('',(-3.674264068712,-0.1,4.55));
#1803 = LINE('',#1804,#1805);
#1804 = CARTESIAN_POINT('',(-3.674264068712,-1.8,4.55));
#1805 = VECTOR('',#1806,1.);
#1806 = DIRECTION('',(0.,1.,0.));
#1807 = ORIENTED_EDGE('',*,*,#1808,.T.);
#1808 = EDGE_CURVE('',#1801,#1783,#1809,.T.);
#1809 = LINE('',#1810,#1811);
#1810 = CARTESIAN_POINT('',(-3.55,-0.1,4.55));
#1811 = VECTOR('',#1812,1.);
#1812 = DIRECTION('',(-1.,0.,0.));
#1813 = PLANE('',#1814);
#1814 = AXIS2_PLACEMENT_3D('',#1815,#1816,#1817);
#1815 = CARTESIAN_POINT('',(-3.55,-1.8,4.55));
#1816 = DIRECTION('',(0.,0.,-1.));
#1817 = DIRECTION('',(-1.,0.,-0.));
#1818 = ADVANCED_FACE('',(#1819),#1853,.F.);
#1819 = FACE_BOUND('',#1820,.T.);
#1820 = EDGE_LOOP('',(#1821,#1831,#1839,#1847));
#1821 = ORIENTED_EDGE('',*,*,#1822,.T.);
#1822 = EDGE_CURVE('',#1823,#1825,#1827,.T.);
#1823 = VERTEX_POINT('',#1824);
#1824 = CARTESIAN_POINT('',(-7.312132034356,-0.1,3.787867965644));
#1825 = VERTEX_POINT('',#1826);
#1826 = CARTESIAN_POINT('',(-7.312132034356,-1.6,3.787867965644));
#1827 = LINE('',#1828,#1829);
#1828 = CARTESIAN_POINT('',(-7.312132034356,-1.8,3.787867965644));
#1829 = VECTOR('',#1830,1.);
#1830 = DIRECTION('',(-0.,-1.,-0.));
#1831 = ORIENTED_EDGE('',*,*,#1832,.T.);
#1832 = EDGE_CURVE('',#1825,#1833,#1835,.T.);
#1833 = VERTEX_POINT('',#1834);
#1834 = CARTESIAN_POINT('',(-6.637867965644,-1.6,4.462132034356));
#1835 = LINE('',#1836,#1837);
#1836 = CARTESIAN_POINT('',(-6.55,-1.6,4.55));
#1837 = VECTOR('',#1838,1.);
#1838 = DIRECTION('',(0.707106781187,-0.,0.707106781187));
#1839 = ORIENTED_EDGE('',*,*,#1840,.T.);
#1840 = EDGE_CURVE('',#1833,#1841,#1843,.T.);
#1841 = VERTEX_POINT('',#1842);
#1842 = CARTESIAN_POINT('',(-6.637867965644,-0.1,4.462132034356));
#1843 = LINE('',#1844,#1845);
#1844 = CARTESIAN_POINT('',(-6.637867965644,-1.8,4.462132034356));
#1845 = VECTOR('',#1846,1.);
#1846 = DIRECTION('',(0.,1.,0.));
#1847 = ORIENTED_EDGE('',*,*,#1848,.T.);
#1848 = EDGE_CURVE('',#1841,#1823,#1849,.T.);
#1849 = LINE('',#1850,#1851);
#1850 = CARTESIAN_POINT('',(-6.55,-0.1,4.55));
#1851 = VECTOR('',#1852,1.);
#1852 = DIRECTION('',(-0.707106781187,0.,-0.707106781187));
#1853 = PLANE('',#1854);
#1854 = AXIS2_PLACEMENT_3D('',#1855,#1856,#1857);
#1855 = CARTESIAN_POINT('',(-6.55,-1.8,4.55));
#1856 = DIRECTION('',(0.707106781187,0.,-0.707106781187));
#1857 = DIRECTION('',(-0.707106781187,0.,-0.707106781187));
#1858 = ADVANCED_FACE('',(#1859),#1893,.F.);
#1859 = FACE_BOUND('',#1860,.T.);
#1860 = EDGE_LOOP('',(#1861,#1871,#1879,#1887));
#1861 = ORIENTED_EDGE('',*,*,#1862,.F.);
#1862 = EDGE_CURVE('',#1863,#1865,#1867,.T.);
#1863 = VERTEX_POINT('',#1864);
#1864 = CARTESIAN_POINT('',(-7.4,-1.6,3.4));
#1865 = VERTEX_POINT('',#1866);
#1866 = CARTESIAN_POINT('',(-7.4,-0.1,3.4));
#1867 = LINE('',#1868,#1869);
#1868 = CARTESIAN_POINT('',(-7.4,-1.8,3.4));
#1869 = VECTOR('',#1870,1.);
#1870 = DIRECTION('',(0.,1.,0.));
#1871 = ORIENTED_EDGE('',*,*,#1872,.T.);
#1872 = EDGE_CURVE('',#1863,#1873,#1875,.T.);
#1873 = VERTEX_POINT('',#1874);
#1874 = CARTESIAN_POINT('',(-7.4,-1.6,3.575735931288));
#1875 = LINE('',#1876,#1877);
#1876 = CARTESIAN_POINT('',(-7.4,-1.6,3.7));
#1877 = VECTOR('',#1878,1.);
#1878 = DIRECTION('',(-1.734723475977E-14,-0.,1.));
#1879 = ORIENTED_EDGE('',*,*,#1880,.T.);
#1880 = EDGE_CURVE('',#1873,#1881,#1883,.T.);
#1881 = VERTEX_POINT('',#1882);
#1882 = CARTESIAN_POINT('',(-7.4,-0.1,3.575735931288));
#1883 = LINE('',#1884,#1885);
#1884 = CARTESIAN_POINT('',(-7.4,-1.8,3.575735931288));
#1885 = VECTOR('',#1886,1.);
#1886 = DIRECTION('',(0.,1.,0.));
#1887 = ORIENTED_EDGE('',*,*,#1888,.T.);
#1888 = EDGE_CURVE('',#1881,#1865,#1889,.T.);
#1889 = LINE('',#1890,#1891);
#1890 = CARTESIAN_POINT('',(-7.4,-0.1,3.7));
#1891 = VECTOR('',#1892,1.);
#1892 = DIRECTION('',(1.734723475977E-14,0.,-1.));
#1893 = PLANE('',#1894);
#1894 = AXIS2_PLACEMENT_3D('',#1895,#1896,#1897);
#1895 = CARTESIAN_POINT('',(-7.4,-1.8,3.7));
#1896 = DIRECTION('',(1.,-0.,1.734723475977E-14));
#1897 = DIRECTION('',(1.734723475977E-14,0.,-1.));
#1898 = ADVANCED_FACE('',(#1899),#1926,.F.);
#1899 = FACE_BOUND('',#1900,.F.);
#1900 = EDGE_LOOP('',(#1901,#1910,#1911,#1920));
#1901 = ORIENTED_EDGE('',*,*,#1902,.T.);
#1902 = EDGE_CURVE('',#1903,#1865,#1905,.T.);
#1903 = VERTEX_POINT('',#1904);
#1904 = CARTESIAN_POINT('',(-8.599999999985,-0.1,2.300000000007));
#1905 = CIRCLE('',#1906,1.20454545453);
#1906 = AXIS2_PLACEMENT_3D('',#1907,#1908,#1909);
#1907 = CARTESIAN_POINT('',(-8.599999999985,-0.1,3.504545454537));
#1908 = DIRECTION('',(-0.,-1.,0.));
#1909 = DIRECTION('',(-0.,0.,-1.));
#1910 = ORIENTED_EDGE('',*,*,#1862,.F.);
#1911 = ORIENTED_EDGE('',*,*,#1912,.F.);
#1912 = EDGE_CURVE('',#1913,#1863,#1915,.T.);
#1913 = VERTEX_POINT('',#1914);
#1914 = CARTESIAN_POINT('',(-8.599999999985,-1.6,2.300000000007));
#1915 = CIRCLE('',#1916,1.20454545453);
#1916 = AXIS2_PLACEMENT_3D('',#1917,#1918,#1919);
#1917 = CARTESIAN_POINT('',(-8.599999999985,-1.6,3.504545454537));
#1918 = DIRECTION('',(0.,-1.,0.));
#1919 = DIRECTION('',(0.,0.,1.));
#1920 = ORIENTED_EDGE('',*,*,#1921,.T.);
#1921 = EDGE_CURVE('',#1913,#1903,#1922,.T.);
#1922 = LINE('',#1923,#1924);
#1923 = CARTESIAN_POINT('',(-8.599999999985,-1.8,2.300000000007));
#1924 = VECTOR('',#1925,1.);
#1925 = DIRECTION('',(0.,1.,0.));
#1926 = CYLINDRICAL_SURFACE('',#1927,1.20454545453);
#1927 = AXIS2_PLACEMENT_3D('',#1928,#1929,#1930);
#1928 = CARTESIAN_POINT('',(-8.599999999985,-1.8,3.504545454537));
#1929 = DIRECTION('',(0.,1.,0.));
#1930 = DIRECTION('',(0.,-0.,1.));
#1931 = ADVANCED_FACE('',(#1932),#1948,.T.);
#1932 = FACE_BOUND('',#1933,.T.);
#1933 = EDGE_LOOP('',(#1934,#1935,#1941,#1942));
#1934 = ORIENTED_EDGE('',*,*,#1455,.F.);
#1935 = ORIENTED_EDGE('',*,*,#1936,.T.);
#1936 = EDGE_CURVE('',#1447,#1913,#1937,.T.);
#1937 = LINE('',#1938,#1939);
#1938 = CARTESIAN_POINT('',(-8.599999999985,-1.6,2.300000000007));
#1939 = VECTOR('',#1940,1.);
#1940 = DIRECTION('',(1.,-0.,0.));
#1941 = ORIENTED_EDGE('',*,*,#1921,.T.);
#1942 = ORIENTED_EDGE('',*,*,#1943,.F.);
#1943 = EDGE_CURVE('',#1456,#1903,#1944,.T.);
#1944 = LINE('',#1945,#1946);
#1945 = CARTESIAN_POINT('',(-11.49999999998,-0.1,2.300000000007));
#1946 = VECTOR('',#1947,1.);
#1947 = DIRECTION('',(1.,0.,0.));
#1948 = PLANE('',#1949);
#1949 = AXIS2_PLACEMENT_3D('',#1950,#1951,#1952);
#1950 = CARTESIAN_POINT('',(-11.49999999998,-1.8,2.300000000007));
#1951 = DIRECTION('',(0.,0.,1.));
#1952 = DIRECTION('',(1.,0.,-0.));
#1953 = ADVANCED_FACE('',(#1954,#1964,#1974,#1984,#1994,#2004,#2014,
    #2024),#2083,.T.);
#1954 = FACE_BOUND('',#1955,.T.);
#1955 = EDGE_LOOP('',(#1956,#1957));
#1956 = ORIENTED_EDGE('',*,*,#213,.F.);
#1957 = ORIENTED_EDGE('',*,*,#1958,.F.);
#1958 = EDGE_CURVE('',#216,#214,#1959,.T.);
#1959 = CIRCLE('',#1960,0.35);
#1960 = AXIS2_PLACEMENT_3D('',#1961,#1962,#1963);
#1961 = CARTESIAN_POINT('',(-11.59999999999,-0.1,1.600000000007));
#1962 = DIRECTION('',(0.,1.,0.));
#1963 = DIRECTION('',(0.,-0.,1.));
#1964 = FACE_BOUND('',#1965,.T.);
#1965 = EDGE_LOOP('',(#1966,#1967));
#1966 = ORIENTED_EDGE('',*,*,#257,.F.);
#1967 = ORIENTED_EDGE('',*,*,#1968,.F.);
#1968 = EDGE_CURVE('',#260,#258,#1969,.T.);
#1969 = CIRCLE('',#1970,0.35);
#1970 = AXIS2_PLACEMENT_3D('',#1971,#1972,#1973);
#1971 = CARTESIAN_POINT('',(-11.6,-0.1,-1.600000000007));
#1972 = DIRECTION('',(0.,1.,0.));
#1973 = DIRECTION('',(0.,-0.,1.));
#1974 = FACE_BOUND('',#1975,.T.);
#1975 = EDGE_LOOP('',(#1976,#1977));
#1976 = ORIENTED_EDGE('',*,*,#345,.F.);
#1977 = ORIENTED_EDGE('',*,*,#1978,.F.);
#1978 = EDGE_CURVE('',#348,#346,#1979,.T.);
#1979 = CIRCLE('',#1980,0.35);
#1980 = AXIS2_PLACEMENT_3D('',#1981,#1982,#1983);
#1981 = CARTESIAN_POINT('',(-3.4,-0.1,3.85));
#1982 = DIRECTION('',(0.,1.,-0.));
#1983 = DIRECTION('',(0.,0.,1.));
#1984 = FACE_BOUND('',#1985,.T.);
#1985 = EDGE_LOOP('',(#1986,#1987));
#1986 = ORIENTED_EDGE('',*,*,#389,.F.);
#1987 = ORIENTED_EDGE('',*,*,#1988,.F.);
#1988 = EDGE_CURVE('',#392,#390,#1989,.T.);
#1989 = CIRCLE('',#1990,0.35);
#1990 = AXIS2_PLACEMENT_3D('',#1991,#1992,#1993);
#1991 = CARTESIAN_POINT('',(-3.4,-0.1,0.55));
#1992 = DIRECTION('',(0.,1.,-0.));
#1993 = DIRECTION('',(0.,0.,1.));
#1994 = FACE_BOUND('',#1995,.T.);
#1995 = EDGE_LOOP('',(#1996,#1997));
#1996 = ORIENTED_EDGE('',*,*,#301,.F.);
#1997 = ORIENTED_EDGE('',*,*,#1998,.F.);
#1998 = EDGE_CURVE('',#304,#302,#1999,.T.);
#1999 = CIRCLE('',#2000,0.35);
#2000 = AXIS2_PLACEMENT_3D('',#2001,#2002,#2003);
#2001 = CARTESIAN_POINT('',(-7.5,-0.1,1.35));
#2002 = DIRECTION('',(0.,1.,-0.));
#2003 = DIRECTION('',(0.,0.,1.));
#2004 = FACE_BOUND('',#2005,.T.);
#2005 = EDGE_LOOP('',(#2006,#2013));
#2006 = ORIENTED_EDGE('',*,*,#2007,.F.);
#2007 = EDGE_CURVE('',#527,#519,#2008,.T.);
#2008 = CIRCLE('',#2009,1.45);
#2009 = AXIS2_PLACEMENT_3D('',#2010,#2011,#2012);
#2010 = CARTESIAN_POINT('',(-5.,-0.1,2.2));
#2011 = DIRECTION('',(0.,1.,0.));
#2012 = DIRECTION('',(0.,-0.,1.));
#2013 = ORIENTED_EDGE('',*,*,#526,.F.);
#2014 = FACE_BOUND('',#2015,.T.);
#2015 = EDGE_LOOP('',(#2016,#2023));
#2016 = ORIENTED_EDGE('',*,*,#2017,.F.);
#2017 = EDGE_CURVE('',#559,#551,#2018,.T.);
#2018 = CIRCLE('',#2019,1.45);
#2019 = AXIS2_PLACEMENT_3D('',#2020,#2021,#2022);
#2020 = CARTESIAN_POINT('',(-10.,-0.1,6.123233995737E-16));
#2021 = DIRECTION('',(0.,1.,0.));
#2022 = DIRECTION('',(0.,-0.,1.));
#2023 = ORIENTED_EDGE('',*,*,#558,.F.);
#2024 = FACE_BOUND('',#2025,.T.);
#2025 = EDGE_LOOP('',(#2026,#2027,#2034,#2035,#2036,#2037,#2038,#2039,
    #2040,#2041,#2042,#2043,#2044,#2051,#2052,#2059,#2060,#2067,#2068,
    #2075,#2076));
#2026 = ORIENTED_EDGE('',*,*,#1728,.T.);
#2027 = ORIENTED_EDGE('',*,*,#2028,.T.);
#2028 = EDGE_CURVE('',#1721,#1672,#2029,.T.);
#2029 = CIRCLE('',#2030,0.3);
#2030 = AXIS2_PLACEMENT_3D('',#2031,#2032,#2033);
#2031 = CARTESIAN_POINT('',(-3.674264068712,-0.1,0.15));
#2032 = DIRECTION('',(0.,1.,0.));
#2033 = DIRECTION('',(0.,-0.,1.));
#2034 = ORIENTED_EDGE('',*,*,#1688,.T.);
#2035 = ORIENTED_EDGE('',*,*,#1638,.F.);
#2036 = ORIENTED_EDGE('',*,*,#1623,.F.);
#2037 = ORIENTED_EDGE('',*,*,#1591,.F.);
#2038 = ORIENTED_EDGE('',*,*,#1559,.F.);
#2039 = ORIENTED_EDGE('',*,*,#1527,.F.);
#2040 = ORIENTED_EDGE('',*,*,#1463,.T.);
#2041 = ORIENTED_EDGE('',*,*,#1943,.T.);
#2042 = ORIENTED_EDGE('',*,*,#1902,.T.);
#2043 = ORIENTED_EDGE('',*,*,#1888,.F.);
#2044 = ORIENTED_EDGE('',*,*,#2045,.T.);
#2045 = EDGE_CURVE('',#1881,#1823,#2046,.T.);
#2046 = CIRCLE('',#2047,0.3);
#2047 = AXIS2_PLACEMENT_3D('',#2048,#2049,#2050);
#2048 = CARTESIAN_POINT('',(-7.1,-0.1,3.575735931288));
#2049 = DIRECTION('',(0.,1.,0.));
#2050 = DIRECTION('',(0.,-0.,1.));
#2051 = ORIENTED_EDGE('',*,*,#1848,.F.);
#2052 = ORIENTED_EDGE('',*,*,#2053,.T.);
#2053 = EDGE_CURVE('',#1841,#1783,#2054,.T.);
#2054 = CIRCLE('',#2055,0.3);
#2055 = AXIS2_PLACEMENT_3D('',#2056,#2057,#2058);
#2056 = CARTESIAN_POINT('',(-6.425735931288,-0.1,4.25));
#2057 = DIRECTION('',(0.,1.,0.));
#2058 = DIRECTION('',(0.,-0.,1.));
#2059 = ORIENTED_EDGE('',*,*,#1808,.F.);
#2060 = ORIENTED_EDGE('',*,*,#2061,.T.);
#2061 = EDGE_CURVE('',#1801,#1743,#2062,.T.);
#2062 = CIRCLE('',#2063,0.3);
#2063 = AXIS2_PLACEMENT_3D('',#2064,#2065,#2066);
#2064 = CARTESIAN_POINT('',(-3.674264068712,-0.1,4.25));
#2065 = DIRECTION('',(0.,1.,0.));
#2066 = DIRECTION('',(0.,-0.,1.));
#2067 = ORIENTED_EDGE('',*,*,#1768,.F.);
#2068 = ORIENTED_EDGE('',*,*,#2069,.T.);
#2069 = EDGE_CURVE('',#1761,#1391,#2070,.T.);
#2070 = CIRCLE('',#2071,0.3);
#2071 = AXIS2_PLACEMENT_3D('',#2072,#2073,#2074);
#2072 = CARTESIAN_POINT('',(-3.,-0.1,3.575735931288));
#2073 = DIRECTION('',(0.,1.,0.));
#2074 = DIRECTION('',(0.,-0.,1.));
#2075 = ORIENTED_EDGE('',*,*,#1390,.T.);
#2076 = ORIENTED_EDGE('',*,*,#2077,.T.);
#2077 = EDGE_CURVE('',#1383,#1703,#2078,.T.);
#2078 = CIRCLE('',#2079,0.3);
#2079 = AXIS2_PLACEMENT_3D('',#2080,#2081,#2082);
#2080 = CARTESIAN_POINT('',(-3.,-0.1,0.824264068712));
#2081 = DIRECTION('',(0.,1.,0.));
#2082 = DIRECTION('',(0.,-0.,1.));
#2083 = PLANE('',#2084);
#2084 = AXIS2_PLACEMENT_3D('',#2085,#2086,#2087);
#2085 = CARTESIAN_POINT('',(-11.49999999999,-0.1,1.5));
#2086 = DIRECTION('',(0.,1.,0.));
#2087 = DIRECTION('',(0.,-0.,1.));
#2088 = ADVANCED_FACE('',(#2089),#2101,.T.);
#2089 = FACE_BOUND('',#2090,.T.);
#2090 = EDGE_LOOP('',(#2091,#2092,#2099,#2100));
#2091 = ORIENTED_EDGE('',*,*,#550,.F.);
#2092 = ORIENTED_EDGE('',*,*,#2093,.T.);
#2093 = EDGE_CURVE('',#445,#453,#2094,.T.);
#2094 = CIRCLE('',#2095,1.45);
#2095 = AXIS2_PLACEMENT_3D('',#2096,#2097,#2098);
#2096 = CARTESIAN_POINT('',(-10.,0.75,6.123233995737E-16));
#2097 = DIRECTION('',(0.,-1.,0.));
#2098 = DIRECTION('',(0.,0.,1.));
#2099 = ORIENTED_EDGE('',*,*,#567,.T.);
#2100 = ORIENTED_EDGE('',*,*,#2017,.T.);
#2101 = CYLINDRICAL_SURFACE('',#2102,1.45);
#2102 = AXIS2_PLACEMENT_3D('',#2103,#2104,#2105);
#2103 = CARTESIAN_POINT('',(-10.,1.25,6.123233995737E-16));
#2104 = DIRECTION('',(-0.,-1.,-0.));
#2105 = DIRECTION('',(0.,0.,-1.));
#2106 = ADVANCED_FACE('',(#2107,#2177),#2187,.T.);
#2107 = FACE_BOUND('',#2108,.T.);
#2108 = EDGE_LOOP('',(#2109,#2119,#2128,#2136,#2145,#2153,#2162,#2170));
#2109 = ORIENTED_EDGE('',*,*,#2110,.T.);
#2110 = EDGE_CURVE('',#2111,#2113,#2115,.T.);
#2111 = VERTEX_POINT('',#2112);
#2112 = CARTESIAN_POINT('',(-9.,1.25,-0.15));
#2113 = VERTEX_POINT('',#2114);
#2114 = CARTESIAN_POINT('',(-9.,1.25,0.15));
#2115 = LINE('',#2116,#2117);
#2116 = CARTESIAN_POINT('',(-9.,1.25,0.15));
#2117 = VECTOR('',#2118,1.);
#2118 = DIRECTION('',(0.,0.,1.));
#2119 = ORIENTED_EDGE('',*,*,#2120,.T.);
#2120 = EDGE_CURVE('',#2113,#2121,#2123,.T.);
#2121 = VERTEX_POINT('',#2122);
#2122 = CARTESIAN_POINT('',(-9.5,1.25,0.65));
#2123 = CIRCLE('',#2124,0.5);
#2124 = AXIS2_PLACEMENT_3D('',#2125,#2126,#2127);
#2125 = CARTESIAN_POINT('',(-9.5,1.25,0.15));
#2126 = DIRECTION('',(0.,-1.,0.));
#2127 = DIRECTION('',(5.20417042793E-14,0.,1.));
#2128 = ORIENTED_EDGE('',*,*,#2129,.T.);
#2129 = EDGE_CURVE('',#2121,#2130,#2132,.T.);
#2130 = VERTEX_POINT('',#2131);
#2131 = CARTESIAN_POINT('',(-10.5,1.25,0.65));
#2132 = LINE('',#2133,#2134);
#2133 = CARTESIAN_POINT('',(-10.5,1.25,0.65));
#2134 = VECTOR('',#2135,1.);
#2135 = DIRECTION('',(-1.,0.,0.));
#2136 = ORIENTED_EDGE('',*,*,#2137,.T.);
#2137 = EDGE_CURVE('',#2130,#2138,#2140,.T.);
#2138 = VERTEX_POINT('',#2139);
#2139 = CARTESIAN_POINT('',(-11.,1.25,0.15));
#2140 = CIRCLE('',#2141,0.5);
#2141 = AXIS2_PLACEMENT_3D('',#2142,#2143,#2144);
#2142 = CARTESIAN_POINT('',(-10.5,1.25,0.15));
#2143 = DIRECTION('',(0.,-1.,0.));
#2144 = DIRECTION('',(0.,0.,1.));
#2145 = ORIENTED_EDGE('',*,*,#2146,.T.);
#2146 = EDGE_CURVE('',#2138,#2147,#2149,.T.);
#2147 = VERTEX_POINT('',#2148);
#2148 = CARTESIAN_POINT('',(-11.,1.25,-0.15));
#2149 = LINE('',#2150,#2151);
#2150 = CARTESIAN_POINT('',(-11.,1.25,-0.15));
#2151 = VECTOR('',#2152,1.);
#2152 = DIRECTION('',(0.,0.,-1.));
#2153 = ORIENTED_EDGE('',*,*,#2154,.T.);
#2154 = EDGE_CURVE('',#2147,#2155,#2157,.T.);
#2155 = VERTEX_POINT('',#2156);
#2156 = CARTESIAN_POINT('',(-10.5,1.25,-0.65));
#2157 = CIRCLE('',#2158,0.5);
#2158 = AXIS2_PLACEMENT_3D('',#2159,#2160,#2161);
#2159 = CARTESIAN_POINT('',(-10.5,1.25,-0.15));
#2160 = DIRECTION('',(0.,-1.,0.));
#2161 = DIRECTION('',(0.,0.,1.));
#2162 = ORIENTED_EDGE('',*,*,#2163,.T.);
#2163 = EDGE_CURVE('',#2155,#2164,#2166,.T.);
#2164 = VERTEX_POINT('',#2165);
#2165 = CARTESIAN_POINT('',(-9.5,1.25,-0.65));
#2166 = LINE('',#2167,#2168);
#2167 = CARTESIAN_POINT('',(-9.5,1.25,-0.65));
#2168 = VECTOR('',#2169,1.);
#2169 = DIRECTION('',(1.,0.,0.));
#2170 = ORIENTED_EDGE('',*,*,#2171,.T.);
#2171 = EDGE_CURVE('',#2164,#2111,#2172,.T.);
#2172 = CIRCLE('',#2173,0.5);
#2173 = AXIS2_PLACEMENT_3D('',#2174,#2175,#2176);
#2174 = CARTESIAN_POINT('',(-9.5,1.25,-0.15));
#2175 = DIRECTION('',(0.,-1.,0.));
#2176 = DIRECTION('',(0.,0.,1.));
#2177 = FACE_BOUND('',#2178,.T.);
#2178 = EDGE_LOOP('',(#2179,#2186));
#2179 = ORIENTED_EDGE('',*,*,#2180,.T.);
#2180 = EDGE_CURVE('',#436,#434,#2181,.T.);
#2181 = CIRCLE('',#2182,1.268014882867);
#2182 = AXIS2_PLACEMENT_3D('',#2183,#2184,#2185);
#2183 = CARTESIAN_POINT('',(-10.,1.25,6.123233995737E-16));
#2184 = DIRECTION('',(0.,1.,0.));
#2185 = DIRECTION('',(0.,-0.,1.));
#2186 = ORIENTED_EDGE('',*,*,#433,.T.);
#2187 = PLANE('',#2188);
#2188 = AXIS2_PLACEMENT_3D('',#2189,#2190,#2191);
#2189 = CARTESIAN_POINT('',(-10.,1.25,6.123233995737E-16));
#2190 = DIRECTION('',(0.,1.,0.));
#2191 = DIRECTION('',(0.,-0.,1.));
#2192 = ADVANCED_FACE('',(#2193),#2205,.T.);
#2193 = FACE_BOUND('',#2194,.T.);
#2194 = EDGE_LOOP('',(#2195,#2196,#2203,#2204));
#2195 = ORIENTED_EDGE('',*,*,#518,.F.);
#2196 = ORIENTED_EDGE('',*,*,#2197,.T.);
#2197 = EDGE_CURVE('',#487,#495,#2198,.T.);
#2198 = CIRCLE('',#2199,1.45);
#2199 = AXIS2_PLACEMENT_3D('',#2200,#2201,#2202);
#2200 = CARTESIAN_POINT('',(-5.,0.75,2.2));
#2201 = DIRECTION('',(0.,-1.,0.));
#2202 = DIRECTION('',(0.,0.,1.));
#2203 = ORIENTED_EDGE('',*,*,#535,.T.);
#2204 = ORIENTED_EDGE('',*,*,#2007,.T.);
#2205 = CYLINDRICAL_SURFACE('',#2206,1.45);
#2206 = AXIS2_PLACEMENT_3D('',#2207,#2208,#2209);
#2207 = CARTESIAN_POINT('',(-5.,1.25,2.2));
#2208 = DIRECTION('',(-0.,-1.,-0.));
#2209 = DIRECTION('',(0.,0.,-1.));
#2210 = ADVANCED_FACE('',(#2211,#2281),#2291,.T.);
#2211 = FACE_BOUND('',#2212,.T.);
#2212 = EDGE_LOOP('',(#2213,#2223,#2232,#2240,#2249,#2257,#2266,#2274));
#2213 = ORIENTED_EDGE('',*,*,#2214,.T.);
#2214 = EDGE_CURVE('',#2215,#2217,#2219,.T.);
#2215 = VERTEX_POINT('',#2216);
#2216 = CARTESIAN_POINT('',(-5.5,1.25,1.65));
#2217 = VERTEX_POINT('',#2218);
#2218 = CARTESIAN_POINT('',(-4.5,1.25,1.65));
#2219 = LINE('',#2220,#2221);
#2220 = CARTESIAN_POINT('',(-4.5,1.25,1.65));
#2221 = VECTOR('',#2222,1.);
#2222 = DIRECTION('',(1.,0.,0.));
#2223 = ORIENTED_EDGE('',*,*,#2224,.T.);
#2224 = EDGE_CURVE('',#2217,#2225,#2227,.T.);
#2225 = VERTEX_POINT('',#2226);
#2226 = CARTESIAN_POINT('',(-4.,1.25,2.15));
#2227 = CIRCLE('',#2228,0.5);
#2228 = AXIS2_PLACEMENT_3D('',#2229,#2230,#2231);
#2229 = CARTESIAN_POINT('',(-4.5,1.25,2.15));
#2230 = DIRECTION('',(0.,-1.,0.));
#2231 = DIRECTION('',(0.,0.,1.));
#2232 = ORIENTED_EDGE('',*,*,#2233,.T.);
#2233 = EDGE_CURVE('',#2225,#2234,#2236,.T.);
#2234 = VERTEX_POINT('',#2235);
#2235 = CARTESIAN_POINT('',(-4.,1.25,2.25));
#2236 = LINE('',#2237,#2238);
#2237 = CARTESIAN_POINT('',(-4.,1.25,2.25));
#2238 = VECTOR('',#2239,1.);
#2239 = DIRECTION('',(0.,0.,1.));
#2240 = ORIENTED_EDGE('',*,*,#2241,.T.);
#2241 = EDGE_CURVE('',#2234,#2242,#2244,.T.);
#2242 = VERTEX_POINT('',#2243);
#2243 = CARTESIAN_POINT('',(-4.5,1.25,2.75));
#2244 = CIRCLE('',#2245,0.5);
#2245 = AXIS2_PLACEMENT_3D('',#2246,#2247,#2248);
#2246 = CARTESIAN_POINT('',(-4.5,1.25,2.25));
#2247 = DIRECTION('',(0.,-1.,0.));
#2248 = DIRECTION('',(0.,0.,1.));
#2249 = ORIENTED_EDGE('',*,*,#2250,.T.);
#2250 = EDGE_CURVE('',#2242,#2251,#2253,.T.);
#2251 = VERTEX_POINT('',#2252);
#2252 = CARTESIAN_POINT('',(-5.5,1.25,2.75));
#2253 = LINE('',#2254,#2255);
#2254 = CARTESIAN_POINT('',(-5.5,1.25,2.75));
#2255 = VECTOR('',#2256,1.);
#2256 = DIRECTION('',(-1.,0.,0.));
#2257 = ORIENTED_EDGE('',*,*,#2258,.T.);
#2258 = EDGE_CURVE('',#2251,#2259,#2261,.T.);
#2259 = VERTEX_POINT('',#2260);
#2260 = CARTESIAN_POINT('',(-6.,1.25,2.25));
#2261 = CIRCLE('',#2262,0.5);
#2262 = AXIS2_PLACEMENT_3D('',#2263,#2264,#2265);
#2263 = CARTESIAN_POINT('',(-5.5,1.25,2.25));
#2264 = DIRECTION('',(0.,-1.,0.));
#2265 = DIRECTION('',(0.,0.,1.));
#2266 = ORIENTED_EDGE('',*,*,#2267,.T.);
#2267 = EDGE_CURVE('',#2259,#2268,#2270,.T.);
#2268 = VERTEX_POINT('',#2269);
#2269 = CARTESIAN_POINT('',(-6.,1.25,2.15));
#2270 = LINE('',#2271,#2272);
#2271 = CARTESIAN_POINT('',(-6.,1.25,2.15));
#2272 = VECTOR('',#2273,1.);
#2273 = DIRECTION('',(0.,0.,-1.));
#2274 = ORIENTED_EDGE('',*,*,#2275,.T.);
#2275 = EDGE_CURVE('',#2268,#2215,#2276,.T.);
#2276 = CIRCLE('',#2277,0.5);
#2277 = AXIS2_PLACEMENT_3D('',#2278,#2279,#2280);
#2278 = CARTESIAN_POINT('',(-5.5,1.25,2.15));
#2279 = DIRECTION('',(0.,-1.,0.));
#2280 = DIRECTION('',(0.,0.,1.));
#2281 = FACE_BOUND('',#2282,.T.);
#2282 = EDGE_LOOP('',(#2283,#2290));
#2283 = ORIENTED_EDGE('',*,*,#2284,.T.);
#2284 = EDGE_CURVE('',#478,#476,#2285,.T.);
#2285 = CIRCLE('',#2286,1.268014882867);
#2286 = AXIS2_PLACEMENT_3D('',#2287,#2288,#2289);
#2287 = CARTESIAN_POINT('',(-5.,1.25,2.2));
#2288 = DIRECTION('',(0.,1.,0.));
#2289 = DIRECTION('',(0.,-0.,1.));
#2290 = ORIENTED_EDGE('',*,*,#475,.T.);
#2291 = PLANE('',#2292);
#2292 = AXIS2_PLACEMENT_3D('',#2293,#2294,#2295);
#2293 = CARTESIAN_POINT('',(-5.,1.25,2.2));
#2294 = DIRECTION('',(0.,1.,0.));
#2295 = DIRECTION('',(0.,-0.,1.));
#2296 = ADVANCED_FACE('',(#2297),#2309,.T.);
#2297 = FACE_BOUND('',#2298,.T.);
#2298 = EDGE_LOOP('',(#2299,#2300,#2307,#2308));
#2299 = ORIENTED_EDGE('',*,*,#1720,.F.);
#2300 = ORIENTED_EDGE('',*,*,#2301,.T.);
#2301 = EDGE_CURVE('',#1713,#1674,#2302,.T.);
#2302 = CIRCLE('',#2303,0.3);
#2303 = AXIS2_PLACEMENT_3D('',#2304,#2305,#2306);
#2304 = CARTESIAN_POINT('',(-3.674264068712,-1.6,0.15));
#2305 = DIRECTION('',(0.,1.,0.));
#2306 = DIRECTION('',(0.,-0.,1.));
#2307 = ORIENTED_EDGE('',*,*,#1671,.F.);
#2308 = ORIENTED_EDGE('',*,*,#2028,.F.);
#2309 = CYLINDRICAL_SURFACE('',#2310,0.3);
#2310 = AXIS2_PLACEMENT_3D('',#2311,#2312,#2313);
#2311 = CARTESIAN_POINT('',(-3.674264068712,-1.8,0.15));
#2312 = DIRECTION('',(0.,1.,0.));
#2313 = DIRECTION('',(0.,-0.,1.));
#2314 = ADVANCED_FACE('',(#2315),#2327,.T.);
#2315 = FACE_BOUND('',#2316,.T.);
#2316 = EDGE_LOOP('',(#2317,#2318,#2325,#2326));
#2317 = ORIENTED_EDGE('',*,*,#1382,.F.);
#2318 = ORIENTED_EDGE('',*,*,#2319,.T.);
#2319 = EDGE_CURVE('',#1375,#1705,#2320,.T.);
#2320 = CIRCLE('',#2321,0.3);
#2321 = AXIS2_PLACEMENT_3D('',#2322,#2323,#2324);
#2322 = CARTESIAN_POINT('',(-3.,-1.6,0.824264068712));
#2323 = DIRECTION('',(0.,1.,0.));
#2324 = DIRECTION('',(0.,-0.,1.));
#2325 = ORIENTED_EDGE('',*,*,#1702,.F.);
#2326 = ORIENTED_EDGE('',*,*,#2077,.F.);
#2327 = CYLINDRICAL_SURFACE('',#2328,0.3);
#2328 = AXIS2_PLACEMENT_3D('',#2329,#2330,#2331);
#2329 = CARTESIAN_POINT('',(-3.,-1.8,0.824264068712));
#2330 = DIRECTION('',(0.,1.,0.));
#2331 = DIRECTION('',(0.,-0.,1.));
#2332 = ADVANCED_FACE('',(#2333),#2345,.T.);
#2333 = FACE_BOUND('',#2334,.T.);
#2334 = EDGE_LOOP('',(#2335,#2336,#2343,#2344));
#2335 = ORIENTED_EDGE('',*,*,#1760,.F.);
#2336 = ORIENTED_EDGE('',*,*,#2337,.T.);
#2337 = EDGE_CURVE('',#1753,#1399,#2338,.T.);
#2338 = CIRCLE('',#2339,0.3);
#2339 = AXIS2_PLACEMENT_3D('',#2340,#2341,#2342);
#2340 = CARTESIAN_POINT('',(-3.,-1.6,3.575735931288));
#2341 = DIRECTION('',(0.,1.,0.));
#2342 = DIRECTION('',(0.,-0.,1.));
#2343 = ORIENTED_EDGE('',*,*,#1398,.F.);
#2344 = ORIENTED_EDGE('',*,*,#2069,.F.);
#2345 = CYLINDRICAL_SURFACE('',#2346,0.3);
#2346 = AXIS2_PLACEMENT_3D('',#2347,#2348,#2349);
#2347 = CARTESIAN_POINT('',(-3.,-1.8,3.575735931288));
#2348 = DIRECTION('',(0.,-1.,0.));
#2349 = DIRECTION('',(0.,0.,-1.));
#2350 = ADVANCED_FACE('',(#2351),#2363,.T.);
#2351 = FACE_BOUND('',#2352,.T.);
#2352 = EDGE_LOOP('',(#2353,#2354,#2361,#2362));
#2353 = ORIENTED_EDGE('',*,*,#1800,.F.);
#2354 = ORIENTED_EDGE('',*,*,#2355,.T.);
#2355 = EDGE_CURVE('',#1793,#1745,#2356,.T.);
#2356 = CIRCLE('',#2357,0.3);
#2357 = AXIS2_PLACEMENT_3D('',#2358,#2359,#2360);
#2358 = CARTESIAN_POINT('',(-3.674264068712,-1.6,4.25));
#2359 = DIRECTION('',(0.,1.,0.));
#2360 = DIRECTION('',(0.,-0.,1.));
#2361 = ORIENTED_EDGE('',*,*,#1742,.F.);
#2362 = ORIENTED_EDGE('',*,*,#2061,.F.);
#2363 = CYLINDRICAL_SURFACE('',#2364,0.3);
#2364 = AXIS2_PLACEMENT_3D('',#2365,#2366,#2367);
#2365 = CARTESIAN_POINT('',(-3.674264068712,-1.8,4.25));
#2366 = DIRECTION('',(0.,1.,0.));
#2367 = DIRECTION('',(0.,-0.,1.));
#2368 = ADVANCED_FACE('',(#2369),#2381,.T.);
#2369 = FACE_BOUND('',#2370,.T.);
#2370 = EDGE_LOOP('',(#2371,#2372,#2379,#2380));
#2371 = ORIENTED_EDGE('',*,*,#1840,.F.);
#2372 = ORIENTED_EDGE('',*,*,#2373,.T.);
#2373 = EDGE_CURVE('',#1833,#1785,#2374,.T.);
#2374 = CIRCLE('',#2375,0.3);
#2375 = AXIS2_PLACEMENT_3D('',#2376,#2377,#2378);
#2376 = CARTESIAN_POINT('',(-6.425735931288,-1.6,4.25));
#2377 = DIRECTION('',(0.,1.,0.));
#2378 = DIRECTION('',(0.,-0.,1.));
#2379 = ORIENTED_EDGE('',*,*,#1782,.F.);
#2380 = ORIENTED_EDGE('',*,*,#2053,.F.);
#2381 = CYLINDRICAL_SURFACE('',#2382,0.3);
#2382 = AXIS2_PLACEMENT_3D('',#2383,#2384,#2385);
#2383 = CARTESIAN_POINT('',(-6.425735931288,-1.8,4.25));
#2384 = DIRECTION('',(0.,1.,0.));
#2385 = DIRECTION('',(0.,-0.,1.));
#2386 = ADVANCED_FACE('',(#2387),#2399,.T.);
#2387 = FACE_BOUND('',#2388,.T.);
#2388 = EDGE_LOOP('',(#2389,#2390,#2397,#2398));
#2389 = ORIENTED_EDGE('',*,*,#1880,.F.);
#2390 = ORIENTED_EDGE('',*,*,#2391,.T.);
#2391 = EDGE_CURVE('',#1873,#1825,#2392,.T.);
#2392 = CIRCLE('',#2393,0.3);
#2393 = AXIS2_PLACEMENT_3D('',#2394,#2395,#2396);
#2394 = CARTESIAN_POINT('',(-7.1,-1.6,3.575735931288));
#2395 = DIRECTION('',(0.,1.,0.));
#2396 = DIRECTION('',(0.,-0.,1.));
#2397 = ORIENTED_EDGE('',*,*,#1822,.F.);
#2398 = ORIENTED_EDGE('',*,*,#2045,.F.);
#2399 = CYLINDRICAL_SURFACE('',#2400,0.3);
#2400 = AXIS2_PLACEMENT_3D('',#2401,#2402,#2403);
#2401 = CARTESIAN_POINT('',(-7.1,-1.8,3.575735931288));
#2402 = DIRECTION('',(0.,1.,0.));
#2403 = DIRECTION('',(0.,-0.,1.));
#2404 = ADVANCED_FACE('',(#2405),#2411,.T.);
#2405 = FACE_BOUND('',#2406,.T.);
#2406 = EDGE_LOOP('',(#2407,#2408,#2409,#2410));
#2407 = ORIENTED_EDGE('',*,*,#486,.F.);
#2408 = ORIENTED_EDGE('',*,*,#2284,.F.);
#2409 = ORIENTED_EDGE('',*,*,#503,.T.);
#2410 = ORIENTED_EDGE('',*,*,#2197,.F.);
#2411 = CONICAL_SURFACE('',#2412,1.268014882867,0.349065850399);
#2412 = AXIS2_PLACEMENT_3D('',#2413,#2414,#2415);
#2413 = CARTESIAN_POINT('',(-5.,1.25,2.2));
#2414 = DIRECTION('',(0.,-1.,0.));
#2415 = DIRECTION('',(0.,0.,-1.));
#2416 = ADVANCED_FACE('',(#2417),#2423,.T.);
#2417 = FACE_BOUND('',#2418,.T.);
#2418 = EDGE_LOOP('',(#2419,#2420,#2421,#2422));
#2419 = ORIENTED_EDGE('',*,*,#444,.F.);
#2420 = ORIENTED_EDGE('',*,*,#2180,.F.);
#2421 = ORIENTED_EDGE('',*,*,#461,.T.);
#2422 = ORIENTED_EDGE('',*,*,#2093,.F.);
#2423 = CONICAL_SURFACE('',#2424,1.268014882867,0.349065850399);
#2424 = AXIS2_PLACEMENT_3D('',#2425,#2426,#2427);
#2425 = CARTESIAN_POINT('',(-10.,1.25,6.123233995737E-16));
#2426 = DIRECTION('',(0.,-1.,0.));
#2427 = DIRECTION('',(0.,0.,-1.));
#2428 = ADVANCED_FACE('',(#2429),#2439,.T.);
#2429 = FACE_BOUND('',#2430,.T.);
#2430 = EDGE_LOOP('',(#2431,#2432));
#2431 = ORIENTED_EDGE('',*,*,#321,.T.);
#2432 = ORIENTED_EDGE('',*,*,#2433,.T.);
#2433 = EDGE_CURVE('',#313,#322,#2434,.T.);
#2434 = CIRCLE('',#2435,0.25);
#2435 = AXIS2_PLACEMENT_3D('',#2436,#2437,#2438);
#2436 = CARTESIAN_POINT('',(-7.5,0.,1.35));
#2437 = DIRECTION('',(0.,1.,-0.));
#2438 = DIRECTION('',(0.,0.,1.));
#2439 = PLANE('',#2440);
#2440 = AXIS2_PLACEMENT_3D('',#2441,#2442,#2443);
#2441 = CARTESIAN_POINT('',(0.,0.,0.));
#2442 = DIRECTION('',(0.,1.,-0.));
#2443 = DIRECTION('',(0.,0.,1.));
#2444 = ADVANCED_FACE('',(#2445),#2455,.T.);
#2445 = FACE_BOUND('',#2446,.T.);
#2446 = EDGE_LOOP('',(#2447,#2448));
#2447 = ORIENTED_EDGE('',*,*,#409,.T.);
#2448 = ORIENTED_EDGE('',*,*,#2449,.T.);
#2449 = EDGE_CURVE('',#401,#410,#2450,.T.);
#2450 = CIRCLE('',#2451,0.25);
#2451 = AXIS2_PLACEMENT_3D('',#2452,#2453,#2454);
#2452 = CARTESIAN_POINT('',(-3.4,0.,0.55));
#2453 = DIRECTION('',(0.,1.,-0.));
#2454 = DIRECTION('',(0.,0.,1.));
#2455 = PLANE('',#2456);
#2456 = AXIS2_PLACEMENT_3D('',#2457,#2458,#2459);
#2457 = CARTESIAN_POINT('',(0.,0.,0.));
#2458 = DIRECTION('',(0.,1.,-0.));
#2459 = DIRECTION('',(0.,0.,1.));
#2460 = ADVANCED_FACE('',(#2461),#2471,.T.);
#2461 = FACE_BOUND('',#2462,.T.);
#2462 = EDGE_LOOP('',(#2463,#2464));
#2463 = ORIENTED_EDGE('',*,*,#365,.T.);
#2464 = ORIENTED_EDGE('',*,*,#2465,.T.);
#2465 = EDGE_CURVE('',#357,#366,#2466,.T.);
#2466 = CIRCLE('',#2467,0.25);
#2467 = AXIS2_PLACEMENT_3D('',#2468,#2469,#2470);
#2468 = CARTESIAN_POINT('',(-3.4,0.,3.85));
#2469 = DIRECTION('',(0.,1.,-0.));
#2470 = DIRECTION('',(0.,0.,1.));
#2471 = PLANE('',#2472);
#2472 = AXIS2_PLACEMENT_3D('',#2473,#2474,#2475);
#2473 = CARTESIAN_POINT('',(0.,0.,0.));
#2474 = DIRECTION('',(0.,1.,-0.));
#2475 = DIRECTION('',(0.,0.,1.));
#2476 = ADVANCED_FACE('',(#2477),#2487,.T.);
#2477 = FACE_BOUND('',#2478,.T.);
#2478 = EDGE_LOOP('',(#2479,#2480));
#2479 = ORIENTED_EDGE('',*,*,#277,.T.);
#2480 = ORIENTED_EDGE('',*,*,#2481,.T.);
#2481 = EDGE_CURVE('',#269,#278,#2482,.T.);
#2482 = CIRCLE('',#2483,0.25);
#2483 = AXIS2_PLACEMENT_3D('',#2484,#2485,#2486);
#2484 = CARTESIAN_POINT('',(-11.6,0.,-1.600000000007));
#2485 = DIRECTION('',(0.,1.,0.));
#2486 = DIRECTION('',(0.,-0.,1.));
#2487 = PLANE('',#2488);
#2488 = AXIS2_PLACEMENT_3D('',#2489,#2490,#2491);
#2489 = CARTESIAN_POINT('',(-11.6,0.,-1.600000000007));
#2490 = DIRECTION('',(0.,1.,0.));
#2491 = DIRECTION('',(0.,-0.,1.));
#2492 = ADVANCED_FACE('',(#2493),#2503,.T.);
#2493 = FACE_BOUND('',#2494,.T.);
#2494 = EDGE_LOOP('',(#2495,#2496));
#2495 = ORIENTED_EDGE('',*,*,#233,.T.);
#2496 = ORIENTED_EDGE('',*,*,#2497,.T.);
#2497 = EDGE_CURVE('',#225,#234,#2498,.T.);
#2498 = CIRCLE('',#2499,0.25);
#2499 = AXIS2_PLACEMENT_3D('',#2500,#2501,#2502);
#2500 = CARTESIAN_POINT('',(-11.59999999999,0.,1.600000000007));
#2501 = DIRECTION('',(0.,1.,0.));
#2502 = DIRECTION('',(0.,-0.,1.));
#2503 = PLANE('',#2504);
#2504 = AXIS2_PLACEMENT_3D('',#2505,#2506,#2507);
#2505 = CARTESIAN_POINT('',(-11.59999999999,0.,1.600000000007));
#2506 = DIRECTION('',(0.,1.,0.));
#2507 = DIRECTION('',(0.,-0.,1.));
#2508 = ADVANCED_FACE('',(#2509),#2515,.T.);
#2509 = FACE_BOUND('',#2510,.T.);
#2510 = EDGE_LOOP('',(#2511,#2512,#2513,#2514));
#2511 = ORIENTED_EDGE('',*,*,#400,.F.);
#2512 = ORIENTED_EDGE('',*,*,#1988,.T.);
#2513 = ORIENTED_EDGE('',*,*,#418,.T.);
#2514 = ORIENTED_EDGE('',*,*,#2449,.F.);
#2515 = TOROIDAL_SURFACE('',#2516,0.25,0.1);
#2516 = AXIS2_PLACEMENT_3D('',#2517,#2518,#2519);
#2517 = CARTESIAN_POINT('',(-3.4,-0.1,0.55));
#2518 = DIRECTION('',(0.,1.,-0.));
#2519 = DIRECTION('',(0.,0.,1.));
#2520 = ADVANCED_FACE('',(#2521),#2527,.T.);
#2521 = FACE_BOUND('',#2522,.T.);
#2522 = EDGE_LOOP('',(#2523,#2524,#2525,#2526));
#2523 = ORIENTED_EDGE('',*,*,#356,.F.);
#2524 = ORIENTED_EDGE('',*,*,#1978,.T.);
#2525 = ORIENTED_EDGE('',*,*,#374,.T.);
#2526 = ORIENTED_EDGE('',*,*,#2465,.F.);
#2527 = TOROIDAL_SURFACE('',#2528,0.25,0.1);
#2528 = AXIS2_PLACEMENT_3D('',#2529,#2530,#2531);
#2529 = CARTESIAN_POINT('',(-3.4,-0.1,3.85));
#2530 = DIRECTION('',(0.,1.,-0.));
#2531 = DIRECTION('',(0.,0.,1.));
#2532 = ADVANCED_FACE('',(#2533),#2539,.T.);
#2533 = FACE_BOUND('',#2534,.T.);
#2534 = EDGE_LOOP('',(#2535,#2536,#2537,#2538));
#2535 = ORIENTED_EDGE('',*,*,#312,.F.);
#2536 = ORIENTED_EDGE('',*,*,#1998,.T.);
#2537 = ORIENTED_EDGE('',*,*,#330,.T.);
#2538 = ORIENTED_EDGE('',*,*,#2433,.F.);
#2539 = TOROIDAL_SURFACE('',#2540,0.25,0.1);
#2540 = AXIS2_PLACEMENT_3D('',#2541,#2542,#2543);
#2541 = CARTESIAN_POINT('',(-7.5,-0.1,1.35));
#2542 = DIRECTION('',(0.,1.,-0.));
#2543 = DIRECTION('',(0.,0.,1.));
#2544 = ADVANCED_FACE('',(#2545),#2551,.T.);
#2545 = FACE_BOUND('',#2546,.T.);
#2546 = EDGE_LOOP('',(#2547,#2548,#2549,#2550));
#2547 = ORIENTED_EDGE('',*,*,#268,.F.);
#2548 = ORIENTED_EDGE('',*,*,#1968,.T.);
#2549 = ORIENTED_EDGE('',*,*,#286,.T.);
#2550 = ORIENTED_EDGE('',*,*,#2481,.F.);
#2551 = TOROIDAL_SURFACE('',#2552,0.25,0.1);
#2552 = AXIS2_PLACEMENT_3D('',#2553,#2554,#2555);
#2553 = CARTESIAN_POINT('',(-11.6,-0.1,-1.600000000007));
#2554 = DIRECTION('',(0.,1.,0.));
#2555 = DIRECTION('',(0.,-0.,1.));
#2556 = ADVANCED_FACE('',(#2557),#2563,.T.);
#2557 = FACE_BOUND('',#2558,.T.);
#2558 = EDGE_LOOP('',(#2559,#2560,#2561,#2562));
#2559 = ORIENTED_EDGE('',*,*,#224,.F.);
#2560 = ORIENTED_EDGE('',*,*,#1958,.T.);
#2561 = ORIENTED_EDGE('',*,*,#242,.T.);
#2562 = ORIENTED_EDGE('',*,*,#2497,.F.);
#2563 = TOROIDAL_SURFACE('',#2564,0.25,0.1);
#2564 = AXIS2_PLACEMENT_3D('',#2565,#2566,#2567);
#2565 = CARTESIAN_POINT('',(-11.59999999999,-0.1,1.600000000007));
#2566 = DIRECTION('',(0.,1.,0.));
#2567 = DIRECTION('',(0.,-0.,1.));
#2568 = ADVANCED_FACE('',(#2569),#2617,.F.);
#2569 = FACE_BOUND('',#2570,.T.);
#2570 = EDGE_LOOP('',(#2571,#2581,#2589,#2597,#2603,#2604,#2610,#2611));
#2571 = ORIENTED_EDGE('',*,*,#2572,.T.);
#2572 = EDGE_CURVE('',#2573,#2575,#2577,.T.);
#2573 = VERTEX_POINT('',#2574);
#2574 = CARTESIAN_POINT('',(-5.6,0.6,3.249999999998));
#2575 = VERTEX_POINT('',#2576);
#2576 = CARTESIAN_POINT('',(-5.6,-1.6,3.249999999998));
#2577 = LINE('',#2578,#2579);
#2578 = CARTESIAN_POINT('',(-5.6,0.6,3.249999999998));
#2579 = VECTOR('',#2580,1.);
#2580 = DIRECTION('',(-0.,-1.,-0.));
#2581 = ORIENTED_EDGE('',*,*,#2582,.T.);
#2582 = EDGE_CURVE('',#2575,#2583,#2585,.T.);
#2583 = VERTEX_POINT('',#2584);
#2584 = CARTESIAN_POINT('',(-5.6,-1.6,1.149999999998));
#2585 = LINE('',#2586,#2587);
#2586 = CARTESIAN_POINT('',(-5.6,-1.6,2.15));
#2587 = VECTOR('',#2588,1.);
#2588 = DIRECTION('',(0.,0.,-1.));
#2589 = ORIENTED_EDGE('',*,*,#2590,.F.);
#2590 = EDGE_CURVE('',#2591,#2583,#2593,.T.);
#2591 = VERTEX_POINT('',#2592);
#2592 = CARTESIAN_POINT('',(-5.6,0.6,1.149999999998));
#2593 = LINE('',#2594,#2595);
#2594 = CARTESIAN_POINT('',(-5.6,0.6,1.149999999998));
#2595 = VECTOR('',#2596,1.);
#2596 = DIRECTION('',(-0.,-1.,-0.));
#2597 = ORIENTED_EDGE('',*,*,#2598,.T.);
#2598 = EDGE_CURVE('',#2591,#897,#2599,.T.);
#2599 = LINE('',#2600,#2601);
#2600 = CARTESIAN_POINT('',(-5.6,0.6,0.));
#2601 = VECTOR('',#2602,1.);
#2602 = DIRECTION('',(0.,0.,1.));
#2603 = ORIENTED_EDGE('',*,*,#896,.T.);
#2604 = ORIENTED_EDGE('',*,*,#2605,.T.);
#2605 = EDGE_CURVE('',#899,#1099,#2606,.T.);
#2606 = LINE('',#2607,#2608);
#2607 = CARTESIAN_POINT('',(-5.6,0.85,2.25));
#2608 = VECTOR('',#2609,1.);
#2609 = DIRECTION('',(0.,-0.,1.));
#2610 = ORIENTED_EDGE('',*,*,#1107,.F.);
#2611 = ORIENTED_EDGE('',*,*,#2612,.T.);
#2612 = EDGE_CURVE('',#1108,#2573,#2613,.T.);
#2613 = LINE('',#2614,#2615);
#2614 = CARTESIAN_POINT('',(-5.6,0.6,0.));
#2615 = VECTOR('',#2616,1.);
#2616 = DIRECTION('',(0.,0.,1.));
#2617 = PLANE('',#2618);
#2618 = AXIS2_PLACEMENT_3D('',#2619,#2620,#2621);
#2619 = CARTESIAN_POINT('',(-5.6,-1.8,2.15));
#2620 = DIRECTION('',(-1.,0.,0.));
#2621 = DIRECTION('',(0.,0.,1.));
#2622 = ADVANCED_FACE('',(#2623),#2671,.F.);
#2623 = FACE_BOUND('',#2624,.T.);
#2624 = EDGE_LOOP('',(#2625,#2635,#2643,#2651,#2657,#2658,#2664,#2665));
#2625 = ORIENTED_EDGE('',*,*,#2626,.T.);
#2626 = EDGE_CURVE('',#2627,#2629,#2631,.T.);
#2627 = VERTEX_POINT('',#2628);
#2628 = CARTESIAN_POINT('',(-9.4,0.6,-1.049999999996));
#2629 = VERTEX_POINT('',#2630);
#2630 = CARTESIAN_POINT('',(-9.4,-1.6,-1.049999999996));
#2631 = LINE('',#2632,#2633);
#2632 = CARTESIAN_POINT('',(-9.4,0.6,-1.049999999996));
#2633 = VECTOR('',#2634,1.);
#2634 = DIRECTION('',(-0.,-1.,-0.));
#2635 = ORIENTED_EDGE('',*,*,#2636,.T.);
#2636 = EDGE_CURVE('',#2629,#2637,#2639,.T.);
#2637 = VERTEX_POINT('',#2638);
#2638 = CARTESIAN_POINT('',(-9.4,-1.6,1.05));
#2639 = LINE('',#2640,#2641);
#2640 = CARTESIAN_POINT('',(-9.4,-1.6,-0.15));
#2641 = VECTOR('',#2642,1.);
#2642 = DIRECTION('',(0.,0.,1.));
#2643 = ORIENTED_EDGE('',*,*,#2644,.F.);
#2644 = EDGE_CURVE('',#2645,#2637,#2647,.T.);
#2645 = VERTEX_POINT('',#2646);
#2646 = CARTESIAN_POINT('',(-9.4,0.6,1.05));
#2647 = LINE('',#2648,#2649);
#2648 = CARTESIAN_POINT('',(-9.4,0.6,1.05));
#2649 = VECTOR('',#2650,1.);
#2650 = DIRECTION('',(-0.,-1.,-0.));
#2651 = ORIENTED_EDGE('',*,*,#2652,.F.);
#2652 = EDGE_CURVE('',#1301,#2645,#2653,.T.);
#2653 = LINE('',#2654,#2655);
#2654 = CARTESIAN_POINT('',(-9.4,0.6,0.));
#2655 = VECTOR('',#2656,1.);
#2656 = DIRECTION('',(0.,0.,1.));
#2657 = ORIENTED_EDGE('',*,*,#1300,.T.);
#2658 = ORIENTED_EDGE('',*,*,#2659,.T.);
#2659 = EDGE_CURVE('',#1303,#1269,#2660,.T.);
#2660 = LINE('',#2661,#2662);
#2661 = CARTESIAN_POINT('',(-9.4,0.85,-0.15));
#2662 = VECTOR('',#2663,1.);
#2663 = DIRECTION('',(0.,0.,-1.));
#2664 = ORIENTED_EDGE('',*,*,#1277,.F.);
#2665 = ORIENTED_EDGE('',*,*,#2666,.F.);
#2666 = EDGE_CURVE('',#2627,#1278,#2667,.T.);
#2667 = LINE('',#2668,#2669);
#2668 = CARTESIAN_POINT('',(-9.4,0.6,0.));
#2669 = VECTOR('',#2670,1.);
#2670 = DIRECTION('',(0.,0.,1.));
#2671 = PLANE('',#2672);
#2672 = AXIS2_PLACEMENT_3D('',#2673,#2674,#2675);
#2673 = CARTESIAN_POINT('',(-9.4,-1.8,-0.15));
#2674 = DIRECTION('',(1.,0.,-0.));
#2675 = DIRECTION('',(-0.,0.,-1.));
#2676 = ADVANCED_FACE('',(#2677),#2693,.F.);
#2677 = FACE_BOUND('',#2678,.F.);
#2678 = EDGE_LOOP('',(#2679,#2680,#2686,#2687));
#2679 = ORIENTED_EDGE('',*,*,#1098,.T.);
#2680 = ORIENTED_EDGE('',*,*,#2681,.T.);
#2681 = EDGE_CURVE('',#1075,#2251,#2682,.T.);
#2682 = LINE('',#2683,#2684);
#2683 = CARTESIAN_POINT('',(-5.5,0.85,2.35));
#2684 = VECTOR('',#2685,1.);
#2685 = DIRECTION('',(0.,0.707106781187,0.707106781187));
#2686 = ORIENTED_EDGE('',*,*,#2258,.T.);
#2687 = ORIENTED_EDGE('',*,*,#2688,.T.);
#2688 = EDGE_CURVE('',#2259,#1099,#2689,.T.);
#2689 = LINE('',#2690,#2691);
#2690 = CARTESIAN_POINT('',(-6.,1.25,2.25));
#2691 = VECTOR('',#2692,1.);
#2692 = DIRECTION('',(0.707106781187,-0.707106781187,6.13317366673E-15)
  );
#2693 = CONICAL_SURFACE('',#2694,0.1,0.785398163397);
#2694 = AXIS2_PLACEMENT_3D('',#2695,#2696,#2697);
#2695 = CARTESIAN_POINT('',(-5.5,0.85,2.25));
#2696 = DIRECTION('',(0.,1.,0.));
#2697 = DIRECTION('',(0.,-0.,1.));
#2698 = ADVANCED_FACE('',(#2699),#2710,.T.);
#2699 = FACE_BOUND('',#2700,.T.);
#2700 = EDGE_LOOP('',(#2701,#2702,#2703,#2709));
#2701 = ORIENTED_EDGE('',*,*,#2681,.T.);
#2702 = ORIENTED_EDGE('',*,*,#2250,.F.);
#2703 = ORIENTED_EDGE('',*,*,#2704,.F.);
#2704 = EDGE_CURVE('',#1035,#2242,#2705,.T.);
#2705 = LINE('',#2706,#2707);
#2706 = CARTESIAN_POINT('',(-4.5,0.85,2.35));
#2707 = VECTOR('',#2708,1.);
#2708 = DIRECTION('',(0.,0.707106781187,0.707106781187));
#2709 = ORIENTED_EDGE('',*,*,#1082,.F.);
#2710 = PLANE('',#2711);
#2711 = AXIS2_PLACEMENT_3D('',#2712,#2713,#2714);
#2712 = CARTESIAN_POINT('',(-4.5,0.85,2.35));
#2713 = DIRECTION('',(0.,0.707106781187,-0.707106781187));
#2714 = DIRECTION('',(-1.,0.,0.));
#2715 = ADVANCED_FACE('',(#2716),#2727,.T.);
#2716 = FACE_BOUND('',#2717,.T.);
#2717 = EDGE_LOOP('',(#2718,#2719,#2720,#2726));
#2718 = ORIENTED_EDGE('',*,*,#2688,.T.);
#2719 = ORIENTED_EDGE('',*,*,#2605,.F.);
#2720 = ORIENTED_EDGE('',*,*,#2721,.F.);
#2721 = EDGE_CURVE('',#2268,#899,#2722,.T.);
#2722 = LINE('',#2723,#2724);
#2723 = CARTESIAN_POINT('',(-6.,1.25,2.15));
#2724 = VECTOR('',#2725,1.);
#2725 = DIRECTION('',(0.707106781187,-0.707106781187,0.));
#2726 = ORIENTED_EDGE('',*,*,#2267,.F.);
#2727 = PLANE('',#2728);
#2728 = AXIS2_PLACEMENT_3D('',#2729,#2730,#2731);
#2729 = CARTESIAN_POINT('',(-5.6,0.85,2.15));
#2730 = DIRECTION('',(0.707106781187,0.707106781187,0.));
#2731 = DIRECTION('',(0.,0.,-1.));
#2732 = ADVANCED_FACE('',(#2733),#2744,.F.);
#2733 = FACE_BOUND('',#2734,.F.);
#2734 = EDGE_LOOP('',(#2735,#2736,#2742,#2743));
#2735 = ORIENTED_EDGE('',*,*,#1034,.T.);
#2736 = ORIENTED_EDGE('',*,*,#2737,.T.);
#2737 = EDGE_CURVE('',#1011,#2234,#2738,.T.);
#2738 = LINE('',#2739,#2740);
#2739 = CARTESIAN_POINT('',(-4.4,0.85,2.25));
#2740 = VECTOR('',#2741,1.);
#2741 = DIRECTION('',(0.707106781187,0.707106781187,0.));
#2742 = ORIENTED_EDGE('',*,*,#2241,.T.);
#2743 = ORIENTED_EDGE('',*,*,#2704,.F.);
#2744 = CONICAL_SURFACE('',#2745,0.1,0.785398163397);
#2745 = AXIS2_PLACEMENT_3D('',#2746,#2747,#2748);
#2746 = CARTESIAN_POINT('',(-4.5,0.85,2.25));
#2747 = DIRECTION('',(0.,1.,0.));
#2748 = DIRECTION('',(0.,-0.,1.));
#2749 = ADVANCED_FACE('',(#2750),#2761,.F.);
#2750 = FACE_BOUND('',#2751,.F.);
#2751 = EDGE_LOOP('',(#2752,#2753,#2759,#2760));
#2752 = ORIENTED_EDGE('',*,*,#2275,.T.);
#2753 = ORIENTED_EDGE('',*,*,#2754,.T.);
#2754 = EDGE_CURVE('',#2215,#907,#2755,.T.);
#2755 = LINE('',#2756,#2757);
#2756 = CARTESIAN_POINT('',(-5.5,1.25,1.65));
#2757 = VECTOR('',#2758,1.);
#2758 = DIRECTION('',(-6.13317366673E-15,-0.707106781187,0.707106781187)
  );
#2759 = ORIENTED_EDGE('',*,*,#906,.T.);
#2760 = ORIENTED_EDGE('',*,*,#2721,.F.);
#2761 = CONICAL_SURFACE('',#2762,0.1,0.785398163397);
#2762 = AXIS2_PLACEMENT_3D('',#2763,#2764,#2765);
#2763 = CARTESIAN_POINT('',(-5.5,0.85,2.15));
#2764 = DIRECTION('',(0.,1.,0.));
#2765 = DIRECTION('',(0.,-0.,1.));
#2766 = ADVANCED_FACE('',(#2767),#2778,.T.);
#2767 = FACE_BOUND('',#2768,.T.);
#2768 = EDGE_LOOP('',(#2769,#2770,#2771,#2777));
#2769 = ORIENTED_EDGE('',*,*,#2737,.T.);
#2770 = ORIENTED_EDGE('',*,*,#2233,.F.);
#2771 = ORIENTED_EDGE('',*,*,#2772,.F.);
#2772 = EDGE_CURVE('',#971,#2225,#2773,.T.);
#2773 = LINE('',#2774,#2775);
#2774 = CARTESIAN_POINT('',(-4.4,0.85,2.15));
#2775 = VECTOR('',#2776,1.);
#2776 = DIRECTION('',(0.707106781187,0.707106781187,-3.066586833365E-15)
  );
#2777 = ORIENTED_EDGE('',*,*,#1018,.F.);
#2778 = PLANE('',#2779);
#2779 = AXIS2_PLACEMENT_3D('',#2780,#2781,#2782);
#2780 = CARTESIAN_POINT('',(-4.4,0.85,2.15));
#2781 = DIRECTION('',(-0.707106781187,0.707106781187,0.));
#2782 = DIRECTION('',(0.,0.,1.));
#2783 = ADVANCED_FACE('',(#2784),#2795,.T.);
#2784 = FACE_BOUND('',#2785,.T.);
#2785 = EDGE_LOOP('',(#2786,#2787,#2788,#2794));
#2786 = ORIENTED_EDGE('',*,*,#2754,.T.);
#2787 = ORIENTED_EDGE('',*,*,#954,.F.);
#2788 = ORIENTED_EDGE('',*,*,#2789,.F.);
#2789 = EDGE_CURVE('',#2217,#947,#2790,.T.);
#2790 = LINE('',#2791,#2792);
#2791 = CARTESIAN_POINT('',(-4.5,1.25,1.65));
#2792 = VECTOR('',#2793,1.);
#2793 = DIRECTION('',(0.,-0.707106781187,0.707106781187));
#2794 = ORIENTED_EDGE('',*,*,#2214,.F.);
#2795 = PLANE('',#2796);
#2796 = AXIS2_PLACEMENT_3D('',#2797,#2798,#2799);
#2797 = CARTESIAN_POINT('',(-5.5,0.85,2.05));
#2798 = DIRECTION('',(0.,0.707106781187,0.707106781187));
#2799 = DIRECTION('',(1.,-0.,0.));
#2800 = ADVANCED_FACE('',(#2801),#2807,.F.);
#2801 = FACE_BOUND('',#2802,.F.);
#2802 = EDGE_LOOP('',(#2803,#2804,#2805,#2806));
#2803 = ORIENTED_EDGE('',*,*,#970,.T.);
#2804 = ORIENTED_EDGE('',*,*,#2789,.F.);
#2805 = ORIENTED_EDGE('',*,*,#2224,.T.);
#2806 = ORIENTED_EDGE('',*,*,#2772,.F.);
#2807 = CONICAL_SURFACE('',#2808,0.1,0.785398163397);
#2808 = AXIS2_PLACEMENT_3D('',#2809,#2810,#2811);
#2809 = CARTESIAN_POINT('',(-4.5,0.85,2.15));
#2810 = DIRECTION('',(0.,1.,0.));
#2811 = DIRECTION('',(0.,-0.,1.));
#2812 = ADVANCED_FACE('',(#2813),#2829,.F.);
#2813 = FACE_BOUND('',#2814,.F.);
#2814 = EDGE_LOOP('',(#2815,#2816,#2822,#2823));
#2815 = ORIENTED_EDGE('',*,*,#1204,.T.);
#2816 = ORIENTED_EDGE('',*,*,#2817,.T.);
#2817 = EDGE_CURVE('',#1181,#2147,#2818,.T.);
#2818 = LINE('',#2819,#2820);
#2819 = CARTESIAN_POINT('',(-10.6,0.85,-0.15));
#2820 = VECTOR('',#2821,1.);
#2821 = DIRECTION('',(-0.707106781187,0.707106781187,0.));
#2822 = ORIENTED_EDGE('',*,*,#2154,.T.);
#2823 = ORIENTED_EDGE('',*,*,#2824,.T.);
#2824 = EDGE_CURVE('',#2155,#1205,#2825,.T.);
#2825 = LINE('',#2826,#2827);
#2826 = CARTESIAN_POINT('',(-10.5,1.25,-0.65));
#2827 = VECTOR('',#2828,1.);
#2828 = DIRECTION('',(-1.226634733346E-14,-0.707106781187,0.707106781187
    ));
#2829 = CONICAL_SURFACE('',#2830,0.1,0.785398163397);
#2830 = AXIS2_PLACEMENT_3D('',#2831,#2832,#2833);
#2831 = CARTESIAN_POINT('',(-10.5,0.85,-0.15));
#2832 = DIRECTION('',(0.,1.,0.));
#2833 = DIRECTION('',(0.,-0.,1.));
#2834 = ADVANCED_FACE('',(#2835),#2846,.T.);
#2835 = FACE_BOUND('',#2836,.T.);
#2836 = EDGE_LOOP('',(#2837,#2838,#2839,#2845));
#2837 = ORIENTED_EDGE('',*,*,#2817,.T.);
#2838 = ORIENTED_EDGE('',*,*,#2146,.F.);
#2839 = ORIENTED_EDGE('',*,*,#2840,.F.);
#2840 = EDGE_CURVE('',#1141,#2138,#2841,.T.);
#2841 = LINE('',#2842,#2843);
#2842 = CARTESIAN_POINT('',(-10.6,0.85,0.15));
#2843 = VECTOR('',#2844,1.);
#2844 = DIRECTION('',(-0.707106781187,0.707106781187,-4.983203604218E-15
    ));
#2845 = ORIENTED_EDGE('',*,*,#1188,.F.);
#2846 = PLANE('',#2847);
#2847 = AXIS2_PLACEMENT_3D('',#2848,#2849,#2850);
#2848 = CARTESIAN_POINT('',(-10.6,0.85,0.15));
#2849 = DIRECTION('',(0.707106781187,0.707106781187,0.));
#2850 = DIRECTION('',(0.,0.,-1.));
#2851 = ADVANCED_FACE('',(#2852),#2863,.T.);
#2852 = FACE_BOUND('',#2853,.T.);
#2853 = EDGE_LOOP('',(#2854,#2855,#2856,#2862));
#2854 = ORIENTED_EDGE('',*,*,#2824,.T.);
#2855 = ORIENTED_EDGE('',*,*,#1252,.F.);
#2856 = ORIENTED_EDGE('',*,*,#2857,.F.);
#2857 = EDGE_CURVE('',#2164,#1245,#2858,.T.);
#2858 = LINE('',#2859,#2860);
#2859 = CARTESIAN_POINT('',(-9.5,1.25,-0.65));
#2860 = VECTOR('',#2861,1.);
#2861 = DIRECTION('',(1.226634733346E-14,-0.707106781187,0.707106781187)
  );
#2862 = ORIENTED_EDGE('',*,*,#2163,.F.);
#2863 = PLANE('',#2864);
#2864 = AXIS2_PLACEMENT_3D('',#2865,#2866,#2867);
#2865 = CARTESIAN_POINT('',(-10.5,0.85,-0.25));
#2866 = DIRECTION('',(0.,0.707106781187,0.707106781187));
#2867 = DIRECTION('',(1.,-0.,0.));
#2868 = ADVANCED_FACE('',(#2869),#2880,.F.);
#2869 = FACE_BOUND('',#2870,.F.);
#2870 = EDGE_LOOP('',(#2871,#2872,#2878,#2879));
#2871 = ORIENTED_EDGE('',*,*,#1140,.T.);
#2872 = ORIENTED_EDGE('',*,*,#2873,.T.);
#2873 = EDGE_CURVE('',#1133,#2130,#2874,.T.);
#2874 = LINE('',#2875,#2876);
#2875 = CARTESIAN_POINT('',(-10.5,0.85,0.25));
#2876 = VECTOR('',#2877,1.);
#2877 = DIRECTION('',(0.,0.707106781187,0.707106781187));
#2878 = ORIENTED_EDGE('',*,*,#2137,.T.);
#2879 = ORIENTED_EDGE('',*,*,#2840,.F.);
#2880 = CONICAL_SURFACE('',#2881,0.1,0.785398163397);
#2881 = AXIS2_PLACEMENT_3D('',#2882,#2883,#2884);
#2882 = CARTESIAN_POINT('',(-10.5,0.85,0.15));
#2883 = DIRECTION('',(0.,1.,0.));
#2884 = DIRECTION('',(0.,-0.,1.));
#2885 = ADVANCED_FACE('',(#2886),#2897,.F.);
#2886 = FACE_BOUND('',#2887,.F.);
#2887 = EDGE_LOOP('',(#2888,#2889,#2895,#2896));
#2888 = ORIENTED_EDGE('',*,*,#2171,.T.);
#2889 = ORIENTED_EDGE('',*,*,#2890,.T.);
#2890 = EDGE_CURVE('',#2111,#1269,#2891,.T.);
#2891 = LINE('',#2892,#2893);
#2892 = CARTESIAN_POINT('',(-9.,1.25,-0.15));
#2893 = VECTOR('',#2894,1.);
#2894 = DIRECTION('',(-0.707106781187,-0.707106781187,0.));
#2895 = ORIENTED_EDGE('',*,*,#1268,.T.);
#2896 = ORIENTED_EDGE('',*,*,#2857,.F.);
#2897 = CONICAL_SURFACE('',#2898,0.1,0.785398163397);
#2898 = AXIS2_PLACEMENT_3D('',#2899,#2900,#2901);
#2899 = CARTESIAN_POINT('',(-9.5,0.85,-0.15));
#2900 = DIRECTION('',(0.,1.,0.));
#2901 = DIRECTION('',(0.,-0.,1.));
#2902 = ADVANCED_FACE('',(#2903),#2914,.T.);
#2903 = FACE_BOUND('',#2904,.T.);
#2904 = EDGE_LOOP('',(#2905,#2906,#2907,#2913));
#2905 = ORIENTED_EDGE('',*,*,#2873,.T.);
#2906 = ORIENTED_EDGE('',*,*,#2129,.F.);
#2907 = ORIENTED_EDGE('',*,*,#2908,.F.);
#2908 = EDGE_CURVE('',#1311,#2121,#2909,.T.);
#2909 = LINE('',#2910,#2911);
#2910 = CARTESIAN_POINT('',(-9.5,0.85,0.25));
#2911 = VECTOR('',#2912,1.);
#2912 = DIRECTION('',(-1.226634733346E-14,0.707106781187,0.707106781187)
  );
#2913 = ORIENTED_EDGE('',*,*,#1349,.F.);
#2914 = PLANE('',#2915);
#2915 = AXIS2_PLACEMENT_3D('',#2916,#2917,#2918);
#2916 = CARTESIAN_POINT('',(-9.5,0.85,0.25));
#2917 = DIRECTION('',(0.,0.707106781187,-0.707106781187));
#2918 = DIRECTION('',(-1.,0.,0.));
#2919 = ADVANCED_FACE('',(#2920),#2931,.T.);
#2920 = FACE_BOUND('',#2921,.T.);
#2921 = EDGE_LOOP('',(#2922,#2923,#2924,#2930));
#2922 = ORIENTED_EDGE('',*,*,#2890,.T.);
#2923 = ORIENTED_EDGE('',*,*,#2659,.F.);
#2924 = ORIENTED_EDGE('',*,*,#2925,.F.);
#2925 = EDGE_CURVE('',#2113,#1303,#2926,.T.);
#2926 = LINE('',#2927,#2928);
#2927 = CARTESIAN_POINT('',(-9.,1.25,0.15));
#2928 = VECTOR('',#2929,1.);
#2929 = DIRECTION('',(-0.707106781187,-0.707106781187,4.983203604218E-15
    ));
#2930 = ORIENTED_EDGE('',*,*,#2110,.F.);
#2931 = PLANE('',#2932);
#2932 = AXIS2_PLACEMENT_3D('',#2933,#2934,#2935);
#2933 = CARTESIAN_POINT('',(-9.4,0.85,-0.15));
#2934 = DIRECTION('',(-0.707106781187,0.707106781187,0.));
#2935 = DIRECTION('',(0.,0.,1.));
#2936 = ADVANCED_FACE('',(#2937),#2943,.F.);
#2937 = FACE_BOUND('',#2938,.F.);
#2938 = EDGE_LOOP('',(#2939,#2940,#2941,#2942));
#2939 = ORIENTED_EDGE('',*,*,#1310,.T.);
#2940 = ORIENTED_EDGE('',*,*,#2925,.F.);
#2941 = ORIENTED_EDGE('',*,*,#2120,.T.);
#2942 = ORIENTED_EDGE('',*,*,#2908,.F.);
#2943 = CONICAL_SURFACE('',#2944,0.1,0.785398163397);
#2944 = AXIS2_PLACEMENT_3D('',#2945,#2946,#2947);
#2945 = CARTESIAN_POINT('',(-9.5,0.85,0.15));
#2946 = DIRECTION('',(0.,1.,0.));
#2947 = DIRECTION('',(0.,-0.,1.));
#2948 = ADVANCED_FACE('',(#2949),#2974,.F.);
#2949 = FACE_BOUND('',#2950,.T.);
#2950 = EDGE_LOOP('',(#2951,#2952,#2960,#2968));
#2951 = ORIENTED_EDGE('',*,*,#1496,.T.);
#2952 = ORIENTED_EDGE('',*,*,#2953,.T.);
#2953 = EDGE_CURVE('',#1489,#2954,#2956,.T.);
#2954 = VERTEX_POINT('',#2955);
#2955 = CARTESIAN_POINT('',(-10.8,-1.6,-0.85));
#2956 = LINE('',#2957,#2958);
#2957 = CARTESIAN_POINT('',(0.,-1.6,-0.85));
#2958 = VECTOR('',#2959,1.);
#2959 = DIRECTION('',(1.,0.,0.));
#2960 = ORIENTED_EDGE('',*,*,#2961,.F.);
#2961 = EDGE_CURVE('',#2962,#2954,#2964,.T.);
#2962 = VERTEX_POINT('',#2963);
#2963 = CARTESIAN_POINT('',(-10.8,-0.6,-0.85));
#2964 = LINE('',#2965,#2966);
#2965 = CARTESIAN_POINT('',(-10.8,-0.6,-0.85));
#2966 = VECTOR('',#2967,1.);
#2967 = DIRECTION('',(-0.,-1.,-0.));
#2968 = ORIENTED_EDGE('',*,*,#2969,.F.);
#2969 = EDGE_CURVE('',#1497,#2962,#2970,.T.);
#2970 = LINE('',#2971,#2972);
#2971 = CARTESIAN_POINT('',(0.,-0.6,-0.85));
#2972 = VECTOR('',#2973,1.);
#2973 = DIRECTION('',(1.,0.,0.));
#2974 = PLANE('',#2975);
#2975 = AXIS2_PLACEMENT_3D('',#2976,#2977,#2978);
#2976 = CARTESIAN_POINT('',(0.,-0.6,-0.85));
#2977 = DIRECTION('',(0.,0.,-1.));
#2978 = DIRECTION('',(-1.,0.,-0.));
#2979 = ADVANCED_FACE('',(#2980),#3005,.F.);
#2980 = FACE_BOUND('',#2981,.T.);
#2981 = EDGE_LOOP('',(#2982,#2992,#2998,#2999));
#2982 = ORIENTED_EDGE('',*,*,#2983,.T.);
#2983 = EDGE_CURVE('',#2984,#2986,#2988,.T.);
#2984 = VERTEX_POINT('',#2985);
#2985 = CARTESIAN_POINT('',(-10.8,-0.6,0.85));
#2986 = VERTEX_POINT('',#2987);
#2987 = CARTESIAN_POINT('',(-10.8,-1.6,0.85));
#2988 = LINE('',#2989,#2990);
#2989 = CARTESIAN_POINT('',(-10.8,-0.6,0.85));
#2990 = VECTOR('',#2991,1.);
#2991 = DIRECTION('',(-0.,-1.,-0.));
#2992 = ORIENTED_EDGE('',*,*,#2993,.T.);
#2993 = EDGE_CURVE('',#2986,#1513,#2994,.T.);
#2994 = LINE('',#2995,#2996);
#2995 = CARTESIAN_POINT('',(-6.143812310697E-17,-1.6,0.85));
#2996 = VECTOR('',#2997,1.);
#2997 = DIRECTION('',(-1.,0.,-7.228014483173E-17));
#2998 = ORIENTED_EDGE('',*,*,#1512,.F.);
#2999 = ORIENTED_EDGE('',*,*,#3000,.F.);
#3000 = EDGE_CURVE('',#2984,#1505,#3001,.T.);
#3001 = LINE('',#3002,#3003);
#3002 = CARTESIAN_POINT('',(-6.143812310697E-17,-0.6,0.85));
#3003 = VECTOR('',#3004,1.);
#3004 = DIRECTION('',(-1.,0.,-7.228014483173E-17));
#3005 = PLANE('',#3006);
#3006 = AXIS2_PLACEMENT_3D('',#3007,#3008,#3009);
#3007 = CARTESIAN_POINT('',(-6.143812310697E-17,-0.6,0.85));
#3008 = DIRECTION('',(-7.228014483173E-17,0.,1.));
#3009 = DIRECTION('',(1.,0.,7.228014483173E-17));
#3010 = ADVANCED_FACE('',(#3011),#3022,.T.);
#3011 = FACE_BOUND('',#3012,.T.);
#3012 = EDGE_LOOP('',(#3013,#3014,#3020,#3021));
#3013 = ORIENTED_EDGE('',*,*,#2969,.T.);
#3014 = ORIENTED_EDGE('',*,*,#3015,.T.);
#3015 = EDGE_CURVE('',#2962,#2984,#3016,.T.);
#3016 = LINE('',#3017,#3018);
#3017 = CARTESIAN_POINT('',(-10.8,-0.6,0.));
#3018 = VECTOR('',#3019,1.);
#3019 = DIRECTION('',(0.,0.,1.));
#3020 = ORIENTED_EDGE('',*,*,#3000,.T.);
#3021 = ORIENTED_EDGE('',*,*,#1504,.T.);
#3022 = PLANE('',#3023);
#3023 = AXIS2_PLACEMENT_3D('',#3024,#3025,#3026);
#3024 = CARTESIAN_POINT('',(0.,-0.6,0.));
#3025 = DIRECTION('',(0.,-1.,0.));
#3026 = DIRECTION('',(0.,-0.,-1.));
#3027 = ADVANCED_FACE('',(#3028),#3053,.T.);
#3028 = FACE_BOUND('',#3029,.T.);
#3029 = EDGE_LOOP('',(#3030,#3031,#3039,#3047));
#3030 = ORIENTED_EDGE('',*,*,#1414,.T.);
#3031 = ORIENTED_EDGE('',*,*,#3032,.T.);
#3032 = EDGE_CURVE('',#1407,#3033,#3035,.T.);
#3033 = VERTEX_POINT('',#3034);
#3034 = CARTESIAN_POINT('',(-4.2,-1.6,3.049999999998));
#3035 = LINE('',#3036,#3037);
#3036 = CARTESIAN_POINT('',(-4.2,-1.6,3.049999999998));
#3037 = VECTOR('',#3038,1.);
#3038 = DIRECTION('',(-1.,0.,-1.485790657181E-12));
#3039 = ORIENTED_EDGE('',*,*,#3040,.F.);
#3040 = EDGE_CURVE('',#3041,#3033,#3043,.T.);
#3041 = VERTEX_POINT('',#3042);
#3042 = CARTESIAN_POINT('',(-4.2,-0.6,3.05));
#3043 = LINE('',#3044,#3045);
#3044 = CARTESIAN_POINT('',(-4.2,-0.6,3.049999999998));
#3045 = VECTOR('',#3046,1.);
#3046 = DIRECTION('',(-0.,-1.,-0.));
#3047 = ORIENTED_EDGE('',*,*,#3048,.T.);
#3048 = EDGE_CURVE('',#3041,#1415,#3049,.T.);
#3049 = LINE('',#3050,#3051);
#3050 = CARTESIAN_POINT('',(-4.531661504409E-12,-0.6,3.050000000004));
#3051 = VECTOR('',#3052,1.);
#3052 = DIRECTION('',(1.,0.,1.485790657181E-12));
#3053 = PLANE('',#3054);
#3054 = AXIS2_PLACEMENT_3D('',#3055,#3056,#3057);
#3055 = CARTESIAN_POINT('',(-4.531661504409E-12,-0.6,3.050000000004));
#3056 = DIRECTION('',(1.485790657181E-12,0.,-1.));
#3057 = DIRECTION('',(-1.,0.,-1.485790657181E-12));
#3058 = ADVANCED_FACE('',(#3059),#3084,.T.);
#3059 = FACE_BOUND('',#3060,.T.);
#3060 = EDGE_LOOP('',(#3061,#3071,#3077,#3078));
#3061 = ORIENTED_EDGE('',*,*,#3062,.T.);
#3062 = EDGE_CURVE('',#3063,#3065,#3067,.T.);
#3063 = VERTEX_POINT('',#3064);
#3064 = CARTESIAN_POINT('',(-4.2,-0.6,1.35));
#3065 = VERTEX_POINT('',#3066);
#3066 = CARTESIAN_POINT('',(-4.2,-1.6,1.35));
#3067 = LINE('',#3068,#3069);
#3068 = CARTESIAN_POINT('',(-4.2,-0.6,1.35));
#3069 = VECTOR('',#3070,1.);
#3070 = DIRECTION('',(-0.,-1.,-0.));
#3071 = ORIENTED_EDGE('',*,*,#3072,.T.);
#3072 = EDGE_CURVE('',#3065,#1367,#3073,.T.);
#3073 = LINE('',#3074,#3075);
#3074 = CARTESIAN_POINT('',(-2.7,-1.6,1.35));
#3075 = VECTOR('',#3076,1.);
#3076 = DIRECTION('',(1.,0.,1.445602896645E-16));
#3077 = ORIENTED_EDGE('',*,*,#1364,.F.);
#3078 = ORIENTED_EDGE('',*,*,#3079,.T.);
#3079 = EDGE_CURVE('',#1365,#3063,#3080,.T.);
#3080 = LINE('',#3081,#3082);
#3081 = CARTESIAN_POINT('',(-1.95156391047E-16,-0.6,1.35));
#3082 = VECTOR('',#3083,1.);
#3083 = DIRECTION('',(-1.,0.,-1.445602896645E-16));
#3084 = PLANE('',#3085);
#3085 = AXIS2_PLACEMENT_3D('',#3086,#3087,#3088);
#3086 = CARTESIAN_POINT('',(-1.95156391047E-16,-0.6,1.35));
#3087 = DIRECTION('',(-1.445602896645E-16,0.,1.));
#3088 = DIRECTION('',(1.,0.,1.445602896645E-16));
#3089 = ADVANCED_FACE('',(#3090),#3101,.T.);
#3090 = FACE_BOUND('',#3091,.T.);
#3091 = EDGE_LOOP('',(#3092,#3098,#3099,#3100));
#3092 = ORIENTED_EDGE('',*,*,#3093,.F.);
#3093 = EDGE_CURVE('',#3063,#3041,#3094,.T.);
#3094 = LINE('',#3095,#3096);
#3095 = CARTESIAN_POINT('',(-4.2,-0.6,0.));
#3096 = VECTOR('',#3097,1.);
#3097 = DIRECTION('',(0.,0.,1.));
#3098 = ORIENTED_EDGE('',*,*,#3079,.F.);
#3099 = ORIENTED_EDGE('',*,*,#1422,.T.);
#3100 = ORIENTED_EDGE('',*,*,#3048,.F.);
#3101 = PLANE('',#3102);
#3102 = AXIS2_PLACEMENT_3D('',#3103,#3104,#3105);
#3103 = CARTESIAN_POINT('',(0.,-0.6,0.));
#3104 = DIRECTION('',(0.,-1.,0.));
#3105 = DIRECTION('',(0.,-0.,-1.));
#3106 = ADVANCED_FACE('',(#3107),#3132,.T.);
#3107 = FACE_BOUND('',#3108,.T.);
#3108 = EDGE_LOOP('',(#3109,#3110,#3118,#3126));
#3109 = ORIENTED_EDGE('',*,*,#2590,.T.);
#3110 = ORIENTED_EDGE('',*,*,#3111,.T.);
#3111 = EDGE_CURVE('',#2583,#3112,#3114,.T.);
#3112 = VERTEX_POINT('',#3113);
#3113 = CARTESIAN_POINT('',(-4.2,-1.6,1.15));
#3114 = LINE('',#3115,#3116);
#3115 = CARTESIAN_POINT('',(-4.2,-1.6,1.15));
#3116 = VECTOR('',#3117,1.);
#3117 = DIRECTION('',(1.,0.,1.591763675233E-12));
#3118 = ORIENTED_EDGE('',*,*,#3119,.F.);
#3119 = EDGE_CURVE('',#3120,#3112,#3122,.T.);
#3120 = VERTEX_POINT('',#3121);
#3121 = CARTESIAN_POINT('',(-4.2,0.6,1.15));
#3122 = LINE('',#3123,#3124);
#3123 = CARTESIAN_POINT('',(-4.2,0.6,1.15));
#3124 = VECTOR('',#3125,1.);
#3125 = DIRECTION('',(-0.,-1.,-0.));
#3126 = ORIENTED_EDGE('',*,*,#3127,.T.);
#3127 = EDGE_CURVE('',#3120,#2591,#3128,.T.);
#3128 = LINE('',#3129,#3130);
#3129 = CARTESIAN_POINT('',(-1.830528226529E-12,0.6,1.150000000007));
#3130 = VECTOR('',#3131,1.);
#3131 = DIRECTION('',(-1.,0.,-1.591763675233E-12));
#3132 = PLANE('',#3133);
#3133 = AXIS2_PLACEMENT_3D('',#3134,#3135,#3136);
#3134 = CARTESIAN_POINT('',(-1.830528226529E-12,0.6,1.150000000007));
#3135 = DIRECTION('',(-1.591763675233E-12,0.,1.));
#3136 = DIRECTION('',(1.,0.,1.591763675233E-12));
#3137 = ADVANCED_FACE('',(#3138),#3163,.T.);
#3138 = FACE_BOUND('',#3139,.T.);
#3139 = EDGE_LOOP('',(#3140,#3150,#3156,#3157));
#3140 = ORIENTED_EDGE('',*,*,#3141,.T.);
#3141 = EDGE_CURVE('',#3142,#3144,#3146,.T.);
#3142 = VERTEX_POINT('',#3143);
#3143 = CARTESIAN_POINT('',(-4.2,0.6,3.249999999998));
#3144 = VERTEX_POINT('',#3145);
#3145 = CARTESIAN_POINT('',(-4.2,-1.6,3.249999999998));
#3146 = LINE('',#3147,#3148);
#3147 = CARTESIAN_POINT('',(-4.2,0.6,3.249999999998));
#3148 = VECTOR('',#3149,1.);
#3149 = DIRECTION('',(-0.,-1.,-0.));
#3150 = ORIENTED_EDGE('',*,*,#3151,.T.);
#3151 = EDGE_CURVE('',#3144,#2575,#3152,.T.);
#3152 = LINE('',#3153,#3154);
#3153 = CARTESIAN_POINT('',(-5.6,-1.6,3.249999999998));
#3154 = VECTOR('',#3155,1.);
#3155 = DIRECTION('',(-1.,0.,0.));
#3156 = ORIENTED_EDGE('',*,*,#2572,.F.);
#3157 = ORIENTED_EDGE('',*,*,#3158,.T.);
#3158 = EDGE_CURVE('',#2573,#3142,#3159,.T.);
#3159 = LINE('',#3160,#3161);
#3160 = CARTESIAN_POINT('',(0.,0.6,3.249999999998));
#3161 = VECTOR('',#3162,1.);
#3162 = DIRECTION('',(1.,0.,0.));
#3163 = PLANE('',#3164);
#3164 = AXIS2_PLACEMENT_3D('',#3165,#3166,#3167);
#3165 = CARTESIAN_POINT('',(0.,0.6,3.249999999998));
#3166 = DIRECTION('',(0.,0.,-1.));
#3167 = DIRECTION('',(-1.,0.,-0.));
#3168 = ADVANCED_FACE('',(#3169),#3194,.F.);
#3169 = FACE_BOUND('',#3170,.T.);
#3170 = EDGE_LOOP('',(#3171,#3172,#3178,#3179,#3180,#3181,#3187,#3188));
#3171 = ORIENTED_EDGE('',*,*,#3119,.T.);
#3172 = ORIENTED_EDGE('',*,*,#3173,.T.);
#3173 = EDGE_CURVE('',#3112,#3065,#3174,.T.);
#3174 = LINE('',#3175,#3176);
#3175 = CARTESIAN_POINT('',(-4.2,-1.6,0.));
#3176 = VECTOR('',#3177,1.);
#3177 = DIRECTION('',(0.,0.,1.));
#3178 = ORIENTED_EDGE('',*,*,#3062,.F.);
#3179 = ORIENTED_EDGE('',*,*,#3093,.T.);
#3180 = ORIENTED_EDGE('',*,*,#3040,.T.);
#3181 = ORIENTED_EDGE('',*,*,#3182,.T.);
#3182 = EDGE_CURVE('',#3033,#3144,#3183,.T.);
#3183 = LINE('',#3184,#3185);
#3184 = CARTESIAN_POINT('',(-4.2,-1.6,0.));
#3185 = VECTOR('',#3186,1.);
#3186 = DIRECTION('',(0.,0.,1.));
#3187 = ORIENTED_EDGE('',*,*,#3141,.F.);
#3188 = ORIENTED_EDGE('',*,*,#3189,.F.);
#3189 = EDGE_CURVE('',#3120,#3142,#3190,.T.);
#3190 = LINE('',#3191,#3192);
#3191 = CARTESIAN_POINT('',(-4.2,0.6,0.));
#3192 = VECTOR('',#3193,1.);
#3193 = DIRECTION('',(0.,0.,1.));
#3194 = PLANE('',#3195);
#3195 = AXIS2_PLACEMENT_3D('',#3196,#3197,#3198);
#3196 = CARTESIAN_POINT('',(-4.2,0.6,0.));
#3197 = DIRECTION('',(1.,0.,0.));
#3198 = DIRECTION('',(0.,0.,-1.));
#3199 = ADVANCED_FACE('',(#3200),#3214,.T.);
#3200 = FACE_BOUND('',#3201,.T.);
#3201 = EDGE_LOOP('',(#3202,#3203,#3204,#3205,#3206,#3207,#3208,#3209,
    #3210,#3211,#3212,#3213));
#3202 = ORIENTED_EDGE('',*,*,#3127,.F.);
#3203 = ORIENTED_EDGE('',*,*,#3189,.T.);
#3204 = ORIENTED_EDGE('',*,*,#3158,.F.);
#3205 = ORIENTED_EDGE('',*,*,#2612,.F.);
#3206 = ORIENTED_EDGE('',*,*,#1115,.T.);
#3207 = ORIENTED_EDGE('',*,*,#1066,.T.);
#3208 = ORIENTED_EDGE('',*,*,#1051,.T.);
#3209 = ORIENTED_EDGE('',*,*,#1002,.T.);
#3210 = ORIENTED_EDGE('',*,*,#987,.T.);
#3211 = ORIENTED_EDGE('',*,*,#938,.T.);
#3212 = ORIENTED_EDGE('',*,*,#923,.T.);
#3213 = ORIENTED_EDGE('',*,*,#2598,.F.);
#3214 = PLANE('',#3215);
#3215 = AXIS2_PLACEMENT_3D('',#3216,#3217,#3218);
#3216 = CARTESIAN_POINT('',(0.,0.6,0.));
#3217 = DIRECTION('',(0.,-1.,0.));
#3218 = DIRECTION('',(0.,-0.,-1.));
#3219 = ADVANCED_FACE('',(#3220),#3263,.T.);
#3220 = FACE_BOUND('',#3221,.T.);
#3221 = EDGE_LOOP('',(#3222,#3223,#3231,#3239,#3247,#3255,#3261,#3262));
#3222 = ORIENTED_EDGE('',*,*,#2961,.T.);
#3223 = ORIENTED_EDGE('',*,*,#3224,.T.);
#3224 = EDGE_CURVE('',#2954,#3225,#3227,.T.);
#3225 = VERTEX_POINT('',#3226);
#3226 = CARTESIAN_POINT('',(-10.8,-1.6,-1.049999999996));
#3227 = LINE('',#3228,#3229);
#3228 = CARTESIAN_POINT('',(-10.8,-1.6,-1.049999999996));
#3229 = VECTOR('',#3230,1.);
#3230 = DIRECTION('',(0.,0.,-1.));
#3231 = ORIENTED_EDGE('',*,*,#3232,.F.);
#3232 = EDGE_CURVE('',#3233,#3225,#3235,.T.);
#3233 = VERTEX_POINT('',#3234);
#3234 = CARTESIAN_POINT('',(-10.8,0.6,-1.049999999996));
#3235 = LINE('',#3236,#3237);
#3236 = CARTESIAN_POINT('',(-10.8,0.6,-1.049999999996));
#3237 = VECTOR('',#3238,1.);
#3238 = DIRECTION('',(-0.,-1.,-0.));
#3239 = ORIENTED_EDGE('',*,*,#3240,.T.);
#3240 = EDGE_CURVE('',#3233,#3241,#3243,.T.);
#3241 = VERTEX_POINT('',#3242);
#3242 = CARTESIAN_POINT('',(-10.8,0.6,1.05));
#3243 = LINE('',#3244,#3245);
#3244 = CARTESIAN_POINT('',(-10.8,0.6,0.));
#3245 = VECTOR('',#3246,1.);
#3246 = DIRECTION('',(0.,0.,1.));
#3247 = ORIENTED_EDGE('',*,*,#3248,.T.);
#3248 = EDGE_CURVE('',#3241,#3249,#3251,.T.);
#3249 = VERTEX_POINT('',#3250);
#3250 = CARTESIAN_POINT('',(-10.8,-1.6,1.05));
#3251 = LINE('',#3252,#3253);
#3252 = CARTESIAN_POINT('',(-10.8,0.6,1.05));
#3253 = VECTOR('',#3254,1.);
#3254 = DIRECTION('',(-0.,-1.,-0.));
#3255 = ORIENTED_EDGE('',*,*,#3256,.T.);
#3256 = EDGE_CURVE('',#3249,#2986,#3257,.T.);
#3257 = LINE('',#3258,#3259);
#3258 = CARTESIAN_POINT('',(-10.8,-1.6,0.85));
#3259 = VECTOR('',#3260,1.);
#3260 = DIRECTION('',(0.,0.,-1.));
#3261 = ORIENTED_EDGE('',*,*,#2983,.F.);
#3262 = ORIENTED_EDGE('',*,*,#3015,.F.);
#3263 = PLANE('',#3264);
#3264 = AXIS2_PLACEMENT_3D('',#3265,#3266,#3267);
#3265 = CARTESIAN_POINT('',(-10.8,0.6,0.));
#3266 = DIRECTION('',(1.,0.,0.));
#3267 = DIRECTION('',(0.,0.,-1.));
#3268 = ADVANCED_FACE('',(#3269),#3285,.F.);
#3269 = FACE_BOUND('',#3270,.T.);
#3270 = EDGE_LOOP('',(#3271,#3272,#3278,#3279));
#3271 = ORIENTED_EDGE('',*,*,#2644,.T.);
#3272 = ORIENTED_EDGE('',*,*,#3273,.T.);
#3273 = EDGE_CURVE('',#2637,#3249,#3274,.T.);
#3274 = LINE('',#3275,#3276);
#3275 = CARTESIAN_POINT('',(0.,-1.6,1.05));
#3276 = VECTOR('',#3277,1.);
#3277 = DIRECTION('',(-1.,0.,0.));
#3278 = ORIENTED_EDGE('',*,*,#3248,.F.);
#3279 = ORIENTED_EDGE('',*,*,#3280,.F.);
#3280 = EDGE_CURVE('',#2645,#3241,#3281,.T.);
#3281 = LINE('',#3282,#3283);
#3282 = CARTESIAN_POINT('',(0.,0.6,1.05));
#3283 = VECTOR('',#3284,1.);
#3284 = DIRECTION('',(-1.,0.,0.));
#3285 = PLANE('',#3286);
#3286 = AXIS2_PLACEMENT_3D('',#3287,#3288,#3289);
#3287 = CARTESIAN_POINT('',(0.,0.6,1.05));
#3288 = DIRECTION('',(0.,-0.,1.));
#3289 = DIRECTION('',(1.,0.,0.));
#3290 = ADVANCED_FACE('',(#3291),#3307,.F.);
#3291 = FACE_BOUND('',#3292,.T.);
#3292 = EDGE_LOOP('',(#3293,#3294,#3300,#3301));
#3293 = ORIENTED_EDGE('',*,*,#3232,.T.);
#3294 = ORIENTED_EDGE('',*,*,#3295,.T.);
#3295 = EDGE_CURVE('',#3225,#2629,#3296,.T.);
#3296 = LINE('',#3297,#3298);
#3297 = CARTESIAN_POINT('',(0.,-1.6,-1.049999999996));
#3298 = VECTOR('',#3299,1.);
#3299 = DIRECTION('',(1.,0.,0.));
#3300 = ORIENTED_EDGE('',*,*,#2626,.F.);
#3301 = ORIENTED_EDGE('',*,*,#3302,.F.);
#3302 = EDGE_CURVE('',#3233,#2627,#3303,.T.);
#3303 = LINE('',#3304,#3305);
#3304 = CARTESIAN_POINT('',(0.,0.6,-1.049999999996));
#3305 = VECTOR('',#3306,1.);
#3306 = DIRECTION('',(1.,0.,0.));
#3307 = PLANE('',#3308);
#3308 = AXIS2_PLACEMENT_3D('',#3309,#3310,#3311);
#3309 = CARTESIAN_POINT('',(0.,0.6,-1.049999999996));
#3310 = DIRECTION('',(0.,0.,-1.));
#3311 = DIRECTION('',(-1.,0.,-0.));
#3312 = ADVANCED_FACE('',(#3313),#3327,.T.);
#3313 = FACE_BOUND('',#3314,.T.);
#3314 = EDGE_LOOP('',(#3315,#3316,#3317,#3318,#3319,#3320,#3321,#3322,
    #3323,#3324,#3325,#3326));
#3315 = ORIENTED_EDGE('',*,*,#3240,.F.);
#3316 = ORIENTED_EDGE('',*,*,#3302,.T.);
#3317 = ORIENTED_EDGE('',*,*,#2666,.T.);
#3318 = ORIENTED_EDGE('',*,*,#1285,.T.);
#3319 = ORIENTED_EDGE('',*,*,#1236,.T.);
#3320 = ORIENTED_EDGE('',*,*,#1221,.T.);
#3321 = ORIENTED_EDGE('',*,*,#1172,.T.);
#3322 = ORIENTED_EDGE('',*,*,#1157,.T.);
#3323 = ORIENTED_EDGE('',*,*,#1342,.T.);
#3324 = ORIENTED_EDGE('',*,*,#1327,.T.);
#3325 = ORIENTED_EDGE('',*,*,#2652,.T.);
#3326 = ORIENTED_EDGE('',*,*,#3280,.T.);
#3327 = PLANE('',#3328);
#3328 = AXIS2_PLACEMENT_3D('',#3329,#3330,#3331);
#3329 = CARTESIAN_POINT('',(0.,0.6,0.));
#3330 = DIRECTION('',(0.,-1.,0.));
#3331 = DIRECTION('',(0.,-0.,-1.));
#3332 = ADVANCED_FACE('',(#3333),#3350,.T.);
#3333 = FACE_BOUND('',#3334,.T.);
#3334 = EDGE_LOOP('',(#3335,#3336,#3343,#3344));
#3335 = ORIENTED_EDGE('',*,*,#3032,.F.);
#3336 = ORIENTED_EDGE('',*,*,#3337,.T.);
#3337 = EDGE_CURVE('',#1407,#725,#3338,.T.);
#3338 = ( BOUNDED_CURVE() B_SPLINE_CURVE(3,(#3339,#3340,#3341,#3342),
.UNSPECIFIED.,.F.,.F.) B_SPLINE_CURVE_WITH_KNOTS((4,4),(4.712388980386,
6.28318530718),.PIECEWISE_BEZIER_KNOTS.) CURVE() 
GEOMETRIC_REPRESENTATION_ITEM() RATIONAL_B_SPLINE_CURVE((1.,
0.804737854125,0.804737854125,1.)) REPRESENTATION_ITEM('') );
#3339 = CARTESIAN_POINT('',(-2.7,-1.6,3.05));
#3340 = CARTESIAN_POINT('',(-2.7,-1.717157287525,3.167157287525));
#3341 = CARTESIAN_POINT('',(-2.782842712474,-1.8,3.25));
#3342 = CARTESIAN_POINT('',(-2.9,-1.8,3.25));
#3343 = ORIENTED_EDGE('',*,*,#724,.F.);
#3344 = ORIENTED_EDGE('',*,*,#3345,.F.);
#3345 = EDGE_CURVE('',#3033,#717,#3346,.T.);
#3346 = LINE('',#3347,#3348);
#3347 = CARTESIAN_POINT('',(-6.5,0.7,0.749999999995));
#3348 = VECTOR('',#3349,1.);
#3349 = DIRECTION('',(0.577350269189,-0.577350269189,0.57735026919));
#3350 = PLANE('',#3351);
#3351 = AXIS2_PLACEMENT_3D('',#3352,#3353,#3354);
#3352 = CARTESIAN_POINT('',(-11.49999999999,-1.8,3.249999999987));
#3353 = DIRECTION('',(1.050612649115E-12,-0.707106781187,-0.707106781187
    ));
#3354 = DIRECTION('',(-1.,6.883953668639E-25,-1.48579065718E-12));
#3355 = ADVANCED_FACE('',(#3356),#3367,.F.);
#3356 = FACE_BOUND('',#3357,.T.);
#3357 = EDGE_LOOP('',(#3358,#3359,#3360,#3366));
#3358 = ORIENTED_EDGE('',*,*,#3345,.T.);
#3359 = ORIENTED_EDGE('',*,*,#716,.F.);
#3360 = ORIENTED_EDGE('',*,*,#3361,.F.);
#3361 = EDGE_CURVE('',#3144,#709,#3362,.T.);
#3362 = LINE('',#3363,#3364);
#3363 = CARTESIAN_POINT('',(-6.499999999998,0.699999999998,0.95));
#3364 = VECTOR('',#3365,1.);
#3365 = DIRECTION('',(0.57735026919,-0.57735026919,0.57735026919));
#3366 = ORIENTED_EDGE('',*,*,#3182,.F.);
#3367 = PLANE('',#3368);
#3368 = AXIS2_PLACEMENT_3D('',#3369,#3370,#3371);
#3369 = CARTESIAN_POINT('',(-4.2,-1.6,0.));
#3370 = DIRECTION('',(0.707106781187,0.707106781187,-0.));
#3371 = DIRECTION('',(0.,0.,1.));
#3372 = ADVANCED_FACE('',(#3373),#3384,.T.);
#3373 = FACE_BOUND('',#3374,.T.);
#3374 = EDGE_LOOP('',(#3375,#3376,#3377,#3383));
#3375 = ORIENTED_EDGE('',*,*,#3361,.T.);
#3376 = ORIENTED_EDGE('',*,*,#708,.F.);
#3377 = ORIENTED_EDGE('',*,*,#3378,.F.);
#3378 = EDGE_CURVE('',#2575,#701,#3379,.T.);
#3379 = LINE('',#3380,#3381);
#3380 = CARTESIAN_POINT('',(-5.150000000001,-1.150000000001,
    2.799999999999));
#3381 = VECTOR('',#3382,1.);
#3382 = DIRECTION('',(-0.57735026919,-0.57735026919,0.57735026919));
#3383 = ORIENTED_EDGE('',*,*,#3151,.F.);
#3384 = PLANE('',#3385);
#3385 = AXIS2_PLACEMENT_3D('',#3386,#3387,#3388);
#3386 = CARTESIAN_POINT('',(-11.49999999999,-1.8,3.449999999998));
#3387 = DIRECTION('',(-0.,-0.707106781187,-0.707106781187));
#3388 = DIRECTION('',(-1.,0.,0.));
#3389 = ADVANCED_FACE('',(#3390),#3401,.F.);
#3390 = FACE_BOUND('',#3391,.T.);
#3391 = EDGE_LOOP('',(#3392,#3393,#3394,#3400));
#3392 = ORIENTED_EDGE('',*,*,#3378,.T.);
#3393 = ORIENTED_EDGE('',*,*,#700,.F.);
#3394 = ORIENTED_EDGE('',*,*,#3395,.F.);
#3395 = EDGE_CURVE('',#2583,#693,#3396,.T.);
#3396 = LINE('',#3397,#3398);
#3397 = CARTESIAN_POINT('',(-7.699999999998,-3.699999999998,
    -0.950000000004));
#3398 = VECTOR('',#3399,1.);
#3399 = DIRECTION('',(-0.577350269189,-0.577350269189,-0.57735026919));
#3400 = ORIENTED_EDGE('',*,*,#2582,.F.);
#3401 = PLANE('',#3402);
#3402 = AXIS2_PLACEMENT_3D('',#3403,#3404,#3405);
#3403 = CARTESIAN_POINT('',(-5.8,-1.8,1.5));
#3404 = DIRECTION('',(-0.707106781187,0.707106781187,0.));
#3405 = DIRECTION('',(0.,0.,1.));
#3406 = ADVANCED_FACE('',(#3407),#3418,.T.);
#3407 = FACE_BOUND('',#3408,.T.);
#3408 = EDGE_LOOP('',(#3409,#3410,#3411,#3417));
#3409 = ORIENTED_EDGE('',*,*,#3395,.T.);
#3410 = ORIENTED_EDGE('',*,*,#692,.F.);
#3411 = ORIENTED_EDGE('',*,*,#3412,.F.);
#3412 = EDGE_CURVE('',#3112,#685,#3413,.T.);
#3413 = LINE('',#3414,#3415);
#3414 = CARTESIAN_POINT('',(-3.816666666667,-1.983333333333,
    0.766666666667));
#3415 = VECTOR('',#3416,1.);
#3416 = DIRECTION('',(0.57735026919,-0.57735026919,-0.577350269189));
#3417 = ORIENTED_EDGE('',*,*,#3111,.F.);
#3418 = PLANE('',#3419);
#3419 = AXIS2_PLACEMENT_3D('',#3420,#3421,#3422);
#3420 = CARTESIAN_POINT('',(-11.49999999999,-1.8,0.949999999988));
#3421 = DIRECTION('',(-1.125546888803E-12,-0.707106781187,0.707106781187
    ));
#3422 = DIRECTION('',(1.,2.795917793309E-25,1.591763675233E-12));
#3423 = ADVANCED_FACE('',(#3424),#3435,.F.);
#3424 = FACE_BOUND('',#3425,.T.);
#3425 = EDGE_LOOP('',(#3426,#3427,#3428,#3434));
#3426 = ORIENTED_EDGE('',*,*,#3412,.T.);
#3427 = ORIENTED_EDGE('',*,*,#684,.F.);
#3428 = ORIENTED_EDGE('',*,*,#3429,.F.);
#3429 = EDGE_CURVE('',#3065,#677,#3430,.T.);
#3430 = LINE('',#3431,#3432);
#3431 = CARTESIAN_POINT('',(-3.75,-2.05,0.9));
#3432 = VECTOR('',#3433,1.);
#3433 = DIRECTION('',(0.57735026919,-0.57735026919,-0.57735026919));
#3434 = ORIENTED_EDGE('',*,*,#3173,.F.);
#3435 = PLANE('',#3436);
#3436 = AXIS2_PLACEMENT_3D('',#3437,#3438,#3439);
#3437 = CARTESIAN_POINT('',(-4.2,-1.6,0.));
#3438 = DIRECTION('',(0.707106781187,0.707106781187,-0.));
#3439 = DIRECTION('',(0.,0.,1.));
#3440 = ADVANCED_FACE('',(#3441),#3453,.T.);
#3441 = FACE_BOUND('',#3442,.T.);
#3442 = EDGE_LOOP('',(#3443,#3444,#3451,#3452));
#3443 = ORIENTED_EDGE('',*,*,#676,.F.);
#3444 = ORIENTED_EDGE('',*,*,#3445,.T.);
#3445 = EDGE_CURVE('',#669,#1367,#3446,.T.);
#3446 = ( BOUNDED_CURVE() B_SPLINE_CURVE(3,(#3447,#3448,#3449,#3450),
.UNSPECIFIED.,.F.,.F.) B_SPLINE_CURVE_WITH_KNOTS((4,4),(3.14159265359,
4.712388980385),.PIECEWISE_BEZIER_KNOTS.) CURVE() 
GEOMETRIC_REPRESENTATION_ITEM() RATIONAL_B_SPLINE_CURVE((1.,
0.804737854124,0.804737854124,1.)) REPRESENTATION_ITEM('') );
#3447 = CARTESIAN_POINT('',(-2.9,-1.8,1.15));
#3448 = CARTESIAN_POINT('',(-2.782842712475,-1.8,1.15));
#3449 = CARTESIAN_POINT('',(-2.7,-1.717157287525,1.232842712475));
#3450 = CARTESIAN_POINT('',(-2.7,-1.6,1.35));
#3451 = ORIENTED_EDGE('',*,*,#3072,.F.);
#3452 = ORIENTED_EDGE('',*,*,#3429,.T.);
#3453 = PLANE('',#3454);
#3454 = AXIS2_PLACEMENT_3D('',#3455,#3456,#3457);
#3455 = CARTESIAN_POINT('',(-11.49999999999,-1.8,1.15));
#3456 = DIRECTION('',(-1.022195611119E-16,-0.707106781187,0.707106781187
    ));
#3457 = DIRECTION('',(1.,8.834721859485E-29,1.445602896644E-16));
#3458 = ADVANCED_FACE('',(#3459),#3476,.F.);
#3459 = FACE_BOUND('',#3460,.T.);
#3460 = EDGE_LOOP('',(#3461,#3462,#3469,#3470));
#3461 = ORIENTED_EDGE('',*,*,#842,.F.);
#3462 = ORIENTED_EDGE('',*,*,#3463,.T.);
#3463 = EDGE_CURVE('',#835,#1513,#3464,.T.);
#3464 = ( BOUNDED_CURVE() B_SPLINE_CURVE(3,(#3465,#3466,#3467,#3468),
.UNSPECIFIED.,.F.,.F.) B_SPLINE_CURVE_WITH_KNOTS((4,4),(3.14159265359,
4.712388980385),.PIECEWISE_BEZIER_KNOTS.) CURVE() 
GEOMETRIC_REPRESENTATION_ITEM() RATIONAL_B_SPLINE_CURVE((1.,
0.804737854124,0.804737854124,1.)) REPRESENTATION_ITEM('') );
#3465 = CARTESIAN_POINT('',(-12.1,-1.8,1.05));
#3466 = CARTESIAN_POINT('',(-12.21715728752,-1.8,1.05));
#3467 = CARTESIAN_POINT('',(-12.3,-1.717157287525,0.967157287525));
#3468 = CARTESIAN_POINT('',(-12.3,-1.6,0.85));
#3469 = ORIENTED_EDGE('',*,*,#2993,.F.);
#3470 = ORIENTED_EDGE('',*,*,#3471,.F.);
#3471 = EDGE_CURVE('',#843,#2986,#3472,.T.);
#3472 = LINE('',#3473,#3474);
#3473 = CARTESIAN_POINT('',(-7.2,2.,-2.75));
#3474 = VECTOR('',#3475,1.);
#3475 = DIRECTION('',(0.57735026919,0.57735026919,-0.57735026919));
#3476 = PLANE('',#3477);
#3477 = AXIS2_PLACEMENT_3D('',#3478,#3479,#3480);
#3478 = CARTESIAN_POINT('',(-6.143812310697E-17,-1.6,0.85));
#3479 = DIRECTION('',(-5.110978055563E-17,0.707106781187,0.707106781187)
  );
#3480 = DIRECTION('',(-1.,2.458953537286E-29,-7.228014483171E-17));
#3481 = ADVANCED_FACE('',(#3482),#3493,.T.);
#3482 = FACE_BOUND('',#3483,.T.);
#3483 = EDGE_LOOP('',(#3484,#3485,#3486,#3492));
#3484 = ORIENTED_EDGE('',*,*,#3471,.T.);
#3485 = ORIENTED_EDGE('',*,*,#3256,.F.);
#3486 = ORIENTED_EDGE('',*,*,#3487,.F.);
#3487 = EDGE_CURVE('',#851,#3249,#3488,.T.);
#3488 = LINE('',#3489,#3490);
#3489 = CARTESIAN_POINT('',(-7.2,2.,-2.55));
#3490 = VECTOR('',#3491,1.);
#3491 = DIRECTION('',(0.57735026919,0.57735026919,-0.57735026919));
#3492 = ORIENTED_EDGE('',*,*,#850,.F.);
#3493 = PLANE('',#3494);
#3494 = AXIS2_PLACEMENT_3D('',#3495,#3496,#3497);
#3495 = CARTESIAN_POINT('',(-11.,-1.8,1.5));
#3496 = DIRECTION('',(0.707106781187,-0.707106781187,0.));
#3497 = DIRECTION('',(0.,0.,-1.));
#3498 = ADVANCED_FACE('',(#3499),#3510,.F.);
#3499 = FACE_BOUND('',#3500,.T.);
#3500 = EDGE_LOOP('',(#3501,#3502,#3503,#3509));
#3501 = ORIENTED_EDGE('',*,*,#3487,.T.);
#3502 = ORIENTED_EDGE('',*,*,#3273,.F.);
#3503 = ORIENTED_EDGE('',*,*,#3504,.F.);
#3504 = EDGE_CURVE('',#859,#2637,#3505,.T.);
#3505 = LINE('',#3506,#3507);
#3506 = CARTESIAN_POINT('',(-9.116666666667,-1.883333333333,
    1.333333333333));
#3507 = VECTOR('',#3508,1.);
#3508 = DIRECTION('',(-0.57735026919,0.57735026919,-0.57735026919));
#3509 = ORIENTED_EDGE('',*,*,#858,.F.);
#3510 = PLANE('',#3511);
#3511 = AXIS2_PLACEMENT_3D('',#3512,#3513,#3514);
#3512 = CARTESIAN_POINT('',(0.,-1.6,1.05));
#3513 = DIRECTION('',(0.,0.707106781187,0.707106781187));
#3514 = DIRECTION('',(-1.,0.,0.));
#3515 = ADVANCED_FACE('',(#3516),#3527,.F.);
#3516 = FACE_BOUND('',#3517,.T.);
#3517 = EDGE_LOOP('',(#3518,#3519,#3520,#3526));
#3518 = ORIENTED_EDGE('',*,*,#3504,.T.);
#3519 = ORIENTED_EDGE('',*,*,#2636,.F.);
#3520 = ORIENTED_EDGE('',*,*,#3521,.F.);
#3521 = EDGE_CURVE('',#867,#2629,#3522,.T.);
#3522 = LINE('',#3523,#3524);
#3523 = CARTESIAN_POINT('',(-6.266666666667,-4.733333333333,
    -4.183333333329));
#3524 = VECTOR('',#3525,1.);
#3525 = DIRECTION('',(-0.57735026919,0.57735026919,0.57735026919));
#3526 = ORIENTED_EDGE('',*,*,#866,.F.);
#3527 = PLANE('',#3528);
#3528 = AXIS2_PLACEMENT_3D('',#3529,#3530,#3531);
#3529 = CARTESIAN_POINT('',(-9.2,-1.8,1.5));
#3530 = DIRECTION('',(0.707106781187,0.707106781187,0.));
#3531 = DIRECTION('',(0.,0.,-1.));
#3532 = ADVANCED_FACE('',(#3533),#3544,.F.);
#3533 = FACE_BOUND('',#3534,.T.);
#3534 = EDGE_LOOP('',(#3535,#3536,#3537,#3543));
#3535 = ORIENTED_EDGE('',*,*,#3521,.T.);
#3536 = ORIENTED_EDGE('',*,*,#3295,.F.);
#3537 = ORIENTED_EDGE('',*,*,#3538,.F.);
#3538 = EDGE_CURVE('',#875,#3225,#3539,.T.);
#3539 = LINE('',#3540,#3541);
#3540 = CARTESIAN_POINT('',(-10.08333333333,-0.883333333335,
    -0.333333333331));
#3541 = VECTOR('',#3542,1.);
#3542 = DIRECTION('',(0.57735026919,0.57735026919,0.57735026919));
#3543 = ORIENTED_EDGE('',*,*,#874,.F.);
#3544 = PLANE('',#3545);
#3545 = AXIS2_PLACEMENT_3D('',#3546,#3547,#3548);
#3546 = CARTESIAN_POINT('',(0.,-1.6,-1.049999999996));
#3547 = DIRECTION('',(0.,0.707106781187,-0.707106781187));
#3548 = DIRECTION('',(1.,-0.,0.));
#3549 = ADVANCED_FACE('',(#3550),#3561,.T.);
#3550 = FACE_BOUND('',#3551,.T.);
#3551 = EDGE_LOOP('',(#3552,#3553,#3554,#3560));
#3552 = ORIENTED_EDGE('',*,*,#3538,.T.);
#3553 = ORIENTED_EDGE('',*,*,#3224,.F.);
#3554 = ORIENTED_EDGE('',*,*,#3555,.F.);
#3555 = EDGE_CURVE('',#582,#2954,#3556,.T.);
#3556 = LINE('',#3557,#3558);
#3557 = CARTESIAN_POINT('',(-10.15,-0.95,-0.2));
#3558 = VECTOR('',#3559,1.);
#3559 = DIRECTION('',(0.57735026919,0.57735026919,0.57735026919));
#3560 = ORIENTED_EDGE('',*,*,#882,.F.);
#3561 = PLANE('',#3562);
#3562 = AXIS2_PLACEMENT_3D('',#3563,#3564,#3565);
#3563 = CARTESIAN_POINT('',(-11.,-1.8,1.5));
#3564 = DIRECTION('',(0.707106781187,-0.707106781187,0.));
#3565 = DIRECTION('',(0.,0.,-1.));
#3566 = ADVANCED_FACE('',(#3567),#3579,.F.);
#3567 = FACE_BOUND('',#3568,.T.);
#3568 = EDGE_LOOP('',(#3569,#3570,#3577,#3578));
#3569 = ORIENTED_EDGE('',*,*,#2953,.F.);
#3570 = ORIENTED_EDGE('',*,*,#3571,.T.);
#3571 = EDGE_CURVE('',#1489,#584,#3572,.T.);
#3572 = ( BOUNDED_CURVE() B_SPLINE_CURVE(3,(#3573,#3574,#3575,#3576),
.UNSPECIFIED.,.F.,.F.) B_SPLINE_CURVE_WITH_KNOTS((4,4),(4.712388980385,
6.28318530718),.PIECEWISE_BEZIER_KNOTS.) CURVE() 
GEOMETRIC_REPRESENTATION_ITEM() RATIONAL_B_SPLINE_CURVE((1.,
0.804737854124,0.804737854124,1.)) REPRESENTATION_ITEM('') );
#3573 = CARTESIAN_POINT('',(-12.3,-1.6,-0.85));
#3574 = CARTESIAN_POINT('',(-12.3,-1.717157287525,-0.967157287525));
#3575 = CARTESIAN_POINT('',(-12.21715728752,-1.8,-1.05));
#3576 = CARTESIAN_POINT('',(-12.1,-1.8,-1.05));
#3577 = ORIENTED_EDGE('',*,*,#581,.F.);
#3578 = ORIENTED_EDGE('',*,*,#3555,.T.);
#3579 = PLANE('',#3580);
#3580 = AXIS2_PLACEMENT_3D('',#3581,#3582,#3583);
#3581 = CARTESIAN_POINT('',(0.,-1.6,-0.85));
#3582 = DIRECTION('',(0.,0.707106781187,-0.707106781187));
#3583 = DIRECTION('',(1.,-0.,0.));
#3584 = ADVANCED_FACE('',(#3585),#3597,.T.);
#3585 = FACE_BOUND('',#3586,.T.);
#3586 = EDGE_LOOP('',(#3587,#3588,#3589,#3596));
#3587 = ORIENTED_EDGE('',*,*,#3445,.F.);
#3588 = ORIENTED_EDGE('',*,*,#668,.F.);
#3589 = ORIENTED_EDGE('',*,*,#3590,.F.);
#3590 = EDGE_CURVE('',#1375,#660,#3591,.T.);
#3591 = CIRCLE('',#3592,0.2);
#3592 = AXIS2_PLACEMENT_3D('',#3593,#3594,#3595);
#3593 = CARTESIAN_POINT('',(-2.9,-1.6,0.824264068712));
#3594 = DIRECTION('',(0.,0.,-1.));
#3595 = DIRECTION('',(-1.,0.,0.));
#3596 = ORIENTED_EDGE('',*,*,#1374,.F.);
#3597 = CYLINDRICAL_SURFACE('',#3598,0.2);
#3598 = AXIS2_PLACEMENT_3D('',#3599,#3600,#3601);
#3599 = CARTESIAN_POINT('',(-2.9,-1.6,3.7));
#3600 = DIRECTION('',(1.445602896647E-16,-0.,1.));
#3601 = DIRECTION('',(1.,0.,-1.445602896647E-16));
#3602 = ADVANCED_FACE('',(#3603),#3615,.T.);
#3603 = FACE_BOUND('',#3604,.T.);
#3604 = EDGE_LOOP('',(#3605,#3606,#3607,#3614));
#3605 = ORIENTED_EDGE('',*,*,#3590,.T.);
#3606 = ORIENTED_EDGE('',*,*,#659,.F.);
#3607 = ORIENTED_EDGE('',*,*,#3608,.F.);
#3608 = EDGE_CURVE('',#1705,#652,#3609,.T.);
#3609 = CIRCLE('',#3610,0.2);
#3610 = AXIS2_PLACEMENT_3D('',#3611,#3612,#3613);
#3611 = CARTESIAN_POINT('',(-2.929289321881,-1.6,0.753553390593));
#3612 = DIRECTION('',(-0.707106781187,-3.833233541706E-16,
    -0.707106781187));
#3613 = DIRECTION('',(-0.707106781187,-1.063533881591E-31,0.707106781187
    ));
#3614 = ORIENTED_EDGE('',*,*,#2319,.F.);
#3615 = SURFACE_OF_REVOLUTION('',#3616,#3624);
#3616 = B_SPLINE_CURVE_WITH_KNOTS('',6,(#3617,#3618,#3619,#3620,#3621,
    #3622,#3623),.UNSPECIFIED.,.F.,.F.,(7,7),(4.712388980385,
    6.28318530718),.PIECEWISE_BEZIER_KNOTS.);
#3617 = CARTESIAN_POINT('',(-3.,-1.8,0.924264068712));
#3618 = CARTESIAN_POINT('',(-3.,-1.8,0.976623946272));
#3619 = CARTESIAN_POINT('',(-3.,-1.783554462796,1.028979368853));
#3620 = CARTESIAN_POINT('',(-3.,-1.750638029928,1.07490209864));
#3621 = CARTESIAN_POINT('',(-3.,-1.704715300141,1.107818531508));
#3622 = CARTESIAN_POINT('',(-3.,-1.65235987756,1.124264068712));
#3623 = CARTESIAN_POINT('',(-3.,-1.6,1.124264068712));
#3624 = AXIS1_PLACEMENT('',#3625,#3626);
#3625 = CARTESIAN_POINT('',(-3.,-1.6,0.824264068712));
#3626 = DIRECTION('',(0.,1.,0.));
#3627 = ADVANCED_FACE('',(#3628),#3640,.T.);
#3628 = FACE_BOUND('',#3629,.T.);
#3629 = EDGE_LOOP('',(#3630,#3631,#3632,#3639));
#3630 = ORIENTED_EDGE('',*,*,#3608,.T.);
#3631 = ORIENTED_EDGE('',*,*,#651,.F.);
#3632 = ORIENTED_EDGE('',*,*,#3633,.F.);
#3633 = EDGE_CURVE('',#1713,#643,#3634,.T.);
#3634 = CIRCLE('',#3635,0.2);
#3635 = AXIS2_PLACEMENT_3D('',#3636,#3637,#3638);
#3636 = CARTESIAN_POINT('',(-3.603553390593,-1.6,7.928932188135E-02));
#3637 = DIRECTION('',(-0.707106781187,-2.874925156279E-16,
    -0.707106781187));
#3638 = DIRECTION('',(-0.707106781187,1.444734555747E-31,0.707106781187)
  );
#3639 = ORIENTED_EDGE('',*,*,#1712,.F.);
#3640 = CYLINDRICAL_SURFACE('',#3641,0.2);
#3641 = AXIS2_PLACEMENT_3D('',#3642,#3643,#3644);
#3642 = CARTESIAN_POINT('',(-2.841421356237,-1.6,0.841421356237));
#3643 = DIRECTION('',(0.707106781187,-0.,0.707106781187));
#3644 = DIRECTION('',(0.707106781187,0.,-0.707106781187));
#3645 = ADVANCED_FACE('',(#3646),#3658,.T.);
#3646 = FACE_BOUND('',#3647,.T.);
#3647 = EDGE_LOOP('',(#3648,#3649,#3650,#3657));
#3648 = ORIENTED_EDGE('',*,*,#3633,.T.);
#3649 = ORIENTED_EDGE('',*,*,#642,.F.);
#3650 = ORIENTED_EDGE('',*,*,#3651,.F.);
#3651 = EDGE_CURVE('',#1674,#635,#3652,.T.);
#3652 = CIRCLE('',#3653,0.2);
#3653 = AXIS2_PLACEMENT_3D('',#3654,#3655,#3656);
#3654 = CARTESIAN_POINT('',(-3.674264068712,-1.6,5.E-02));
#3655 = DIRECTION('',(-1.,0.,0.));
#3656 = DIRECTION('',(0.,0.,1.));
#3657 = ORIENTED_EDGE('',*,*,#2301,.F.);
#3658 = SURFACE_OF_REVOLUTION('',#3659,#3667);
#3659 = B_SPLINE_CURVE_WITH_KNOTS('',6,(#3660,#3661,#3662,#3663,#3664,
    #3665,#3666),.UNSPECIFIED.,.F.,.F.,(7,7),(4.712388980385,
    6.28318530718),.PIECEWISE_BEZIER_KNOTS.);
#3660 = CARTESIAN_POINT('',(-3.674264068712,-1.8,0.25));
#3661 = CARTESIAN_POINT('',(-3.674264068712,-1.8,0.30235987756));
#3662 = CARTESIAN_POINT('',(-3.674264068712,-1.783554462796,
    0.354715300141));
#3663 = CARTESIAN_POINT('',(-3.674264068712,-1.750638029928,
    0.400638029928));
#3664 = CARTESIAN_POINT('',(-3.674264068712,-1.704715300141,
    0.433554462796));
#3665 = CARTESIAN_POINT('',(-3.674264068712,-1.65235987756,0.45));
#3666 = CARTESIAN_POINT('',(-3.674264068712,-1.6,0.45));
#3667 = AXIS1_PLACEMENT('',#3668,#3669);
#3668 = CARTESIAN_POINT('',(-3.674264068712,-1.6,0.15));
#3669 = DIRECTION('',(0.,1.,0.));
#3670 = ADVANCED_FACE('',(#3671),#3685,.T.);
#3671 = FACE_BOUND('',#3672,.T.);
#3672 = EDGE_LOOP('',(#3673,#3674,#3675,#3684));
#3673 = ORIENTED_EDGE('',*,*,#3651,.T.);
#3674 = ORIENTED_EDGE('',*,*,#634,.F.);
#3675 = ORIENTED_EDGE('',*,*,#3676,.F.);
#3676 = EDGE_CURVE('',#1649,#626,#3677,.T.);
#3677 = B_SPLINE_CURVE_WITH_KNOTS('',3,(#3678,#3679,#3680,#3681,#3682,
    #3683),.UNSPECIFIED.,.F.,.F.,(4,2,4),(0.,1.564402184996E-04,
    3.128804369993E-04),.UNSPECIFIED.);
#3678 = CARTESIAN_POINT('',(-5.55,-1.6,-0.15));
#3679 = CARTESIAN_POINT('',(-5.55,-1.652898445877,-0.15));
#3680 = CARTESIAN_POINT('',(-5.551648440588,-1.704606553087,
    -0.128263545167));
#3681 = CARTESIAN_POINT('',(-5.557142319212,-1.778341226236,
    -5.447406141597E-02));
#3682 = CARTESIAN_POINT('',(-5.560998585955,-1.8,-2.020381244717E-03));
#3683 = CARTESIAN_POINT('',(-5.564753672312,-1.8,5.E-02));
#3684 = ORIENTED_EDGE('',*,*,#1681,.F.);
#3685 = CYLINDRICAL_SURFACE('',#3686,0.2);
#3686 = AXIS2_PLACEMENT_3D('',#3687,#3688,#3689);
#3687 = CARTESIAN_POINT('',(-3.55,-1.6,5.E-02));
#3688 = DIRECTION('',(1.,0.,-1.219727444046E-16));
#3689 = DIRECTION('',(-1.219727444046E-16,-0.,-1.));
#3690 = ADVANCED_FACE('',(#3691),#3703,.T.);
#3691 = FACE_BOUND('',#3692,.T.);
#3692 = EDGE_LOOP('',(#3693,#3694,#3695,#3702));
#3693 = ORIENTED_EDGE('',*,*,#3676,.T.);
#3694 = ORIENTED_EDGE('',*,*,#625,.F.);
#3695 = ORIENTED_EDGE('',*,*,#3696,.F.);
#3696 = EDGE_CURVE('',#1606,#617,#3697,.T.);
#3697 = CIRCLE('',#3698,0.2);
#3698 = AXIS2_PLACEMENT_3D('',#3699,#3700,#3701);
#3699 = CARTESIAN_POINT('',(-7.435439815845,-1.6,-1.539746727708));
#3700 = DIRECTION('',(-0.301266361495,-2.067660333489E-15,
    -0.953540025081));
#3701 = DIRECTION('',(-0.953540025081,-3.861849293302E-31,0.301266361495
    ));
#3702 = ORIENTED_EDGE('',*,*,#1648,.F.);
#3703 = TOROIDAL_SURFACE('',#3704,2.309392578673,0.2);
#3704 = AXIS2_PLACEMENT_3D('',#3705,#3706,#3707);
#3705 = CARTESIAN_POINT('',(-5.233341558455,-1.6,-2.235489027149));
#3706 = DIRECTION('',(0.,1.,0.));
#3707 = DIRECTION('',(0.,-0.,1.));
#3708 = ADVANCED_FACE('',(#3709),#3721,.T.);
#3709 = FACE_BOUND('',#3710,.T.);
#3710 = EDGE_LOOP('',(#3711,#3712,#3713,#3720));
#3711 = ORIENTED_EDGE('',*,*,#3696,.T.);
#3712 = ORIENTED_EDGE('',*,*,#616,.F.);
#3713 = ORIENTED_EDGE('',*,*,#3714,.F.);
#3714 = EDGE_CURVE('',#1575,#609,#3715,.T.);
#3715 = CIRCLE('',#3716,0.2);
#3716 = AXIS2_PLACEMENT_3D('',#3717,#3718,#3719);
#3717 = CARTESIAN_POINT('',(-8.199999999985,-1.6,-2.100000000007));
#3718 = DIRECTION('',(-1.,0.,0.));
#3719 = DIRECTION('',(0.,0.,1.));
#3720 = ORIENTED_EDGE('',*,*,#1615,.F.);
#3721 = TOROIDAL_SURFACE('',#3722,0.801812366581,0.2);
#3722 = AXIS2_PLACEMENT_3D('',#3723,#3724,#3725);
#3723 = CARTESIAN_POINT('',(-8.199999999985,-1.6,-1.298187633426));
#3724 = DIRECTION('',(0.,1.,0.));
#3725 = DIRECTION('',(0.,-0.,1.));
#3726 = ADVANCED_FACE('',(#3727),#3739,.T.);
#3727 = FACE_BOUND('',#3728,.T.);
#3728 = EDGE_LOOP('',(#3729,#3730,#3731,#3738));
#3729 = ORIENTED_EDGE('',*,*,#3714,.T.);
#3730 = ORIENTED_EDGE('',*,*,#608,.F.);
#3731 = ORIENTED_EDGE('',*,*,#3732,.F.);
#3732 = EDGE_CURVE('',#1542,#600,#3733,.T.);
#3733 = CIRCLE('',#3734,0.2);
#3734 = AXIS2_PLACEMENT_3D('',#3735,#3736,#3737);
#3735 = CARTESIAN_POINT('',(-11.49999999998,-1.6,-2.100000000007));
#3736 = DIRECTION('',(-1.,1.008741701281E-11,0.));
#3737 = DIRECTION('',(-1.008741701281E-11,-1.,0.));
#3738 = ORIENTED_EDGE('',*,*,#1584,.F.);
#3739 = CYLINDRICAL_SURFACE('',#3740,0.2);
#3740 = AXIS2_PLACEMENT_3D('',#3741,#3742,#3743);
#3741 = CARTESIAN_POINT('',(-11.49999999999,-1.6,-2.100000000007));
#3742 = DIRECTION('',(1.,0.,-2.628368902995E-16));
#3743 = DIRECTION('',(-2.628368902995E-16,-0.,-1.));
#3744 = ADVANCED_FACE('',(#3745),#3757,.T.);
#3745 = FACE_BOUND('',#3746,.T.);
#3746 = EDGE_LOOP('',(#3747,#3748,#3749,#3756));
#3747 = ORIENTED_EDGE('',*,*,#3732,.T.);
#3748 = ORIENTED_EDGE('',*,*,#599,.F.);
#3749 = ORIENTED_EDGE('',*,*,#3750,.F.);
#3750 = EDGE_CURVE('',#1479,#592,#3751,.T.);
#3751 = CIRCLE('',#3752,0.2);
#3752 = AXIS2_PLACEMENT_3D('',#3753,#3754,#3755);
#3753 = CARTESIAN_POINT('',(-12.1,-1.6,-1.5));
#3754 = DIRECTION('',(0.,0.,1.));
#3755 = DIRECTION('',(1.,0.,-0.));
#3756 = ORIENTED_EDGE('',*,*,#1551,.F.);
#3757 = TOROIDAL_SURFACE('',#3758,0.600000000007,0.2);
#3758 = AXIS2_PLACEMENT_3D('',#3759,#3760,#3761);
#3759 = CARTESIAN_POINT('',(-11.49999999999,-1.6,-1.5));
#3760 = DIRECTION('',(0.,1.,0.));
#3761 = DIRECTION('',(0.,-0.,1.));
#3762 = ADVANCED_FACE('',(#3763),#3769,.T.);
#3763 = FACE_BOUND('',#3764,.T.);
#3764 = EDGE_LOOP('',(#3765,#3766,#3767,#3768));
#3765 = ORIENTED_EDGE('',*,*,#3571,.F.);
#3766 = ORIENTED_EDGE('',*,*,#1488,.F.);
#3767 = ORIENTED_EDGE('',*,*,#3750,.T.);
#3768 = ORIENTED_EDGE('',*,*,#591,.F.);
#3769 = CYLINDRICAL_SURFACE('',#3770,0.2);
#3770 = AXIS2_PLACEMENT_3D('',#3771,#3772,#3773);
#3771 = CARTESIAN_POINT('',(-12.1,-1.6,1.5));
#3772 = DIRECTION('',(0.,0.,-1.));
#3773 = DIRECTION('',(-1.,0.,0.));
#3774 = ADVANCED_FACE('',(#3775),#3787,.T.);
#3775 = FACE_BOUND('',#3776,.T.);
#3776 = EDGE_LOOP('',(#3777,#3778,#3779,#3786));
#3777 = ORIENTED_EDGE('',*,*,#3463,.F.);
#3778 = ORIENTED_EDGE('',*,*,#834,.F.);
#3779 = ORIENTED_EDGE('',*,*,#3780,.F.);
#3780 = EDGE_CURVE('',#1437,#826,#3781,.T.);
#3781 = CIRCLE('',#3782,0.2);
#3782 = AXIS2_PLACEMENT_3D('',#3783,#3784,#3785);
#3783 = CARTESIAN_POINT('',(-12.1,-1.6,1.5));
#3784 = DIRECTION('',(0.,0.,1.));
#3785 = DIRECTION('',(1.,0.,-0.));
#3786 = ORIENTED_EDGE('',*,*,#1520,.F.);
#3787 = CYLINDRICAL_SURFACE('',#3788,0.2);
#3788 = AXIS2_PLACEMENT_3D('',#3789,#3790,#3791);
#3789 = CARTESIAN_POINT('',(-12.1,-1.6,1.5));
#3790 = DIRECTION('',(0.,0.,-1.));
#3791 = DIRECTION('',(-1.,0.,0.));
#3792 = ADVANCED_FACE('',(#3793),#3805,.T.);
#3793 = FACE_BOUND('',#3794,.T.);
#3794 = EDGE_LOOP('',(#3795,#3796,#3797,#3804));
#3795 = ORIENTED_EDGE('',*,*,#3780,.T.);
#3796 = ORIENTED_EDGE('',*,*,#825,.F.);
#3797 = ORIENTED_EDGE('',*,*,#3798,.F.);
#3798 = EDGE_CURVE('',#1447,#818,#3799,.T.);
#3799 = CIRCLE('',#3800,0.2);
#3800 = AXIS2_PLACEMENT_3D('',#3801,#3802,#3803);
#3801 = CARTESIAN_POINT('',(-11.49999999998,-1.6,2.100000000007));
#3802 = DIRECTION('',(1.,1.008741701281E-11,-1.008741701281E-11));
#3803 = DIRECTION('',(-1.008741701281E-11,3.550912705695E-39,-1.));
#3804 = ORIENTED_EDGE('',*,*,#1446,.F.);
#3805 = TOROIDAL_SURFACE('',#3806,0.600000000007,0.2);
#3806 = AXIS2_PLACEMENT_3D('',#3807,#3808,#3809);
#3807 = CARTESIAN_POINT('',(-11.49999999999,-1.6,1.5));
#3808 = DIRECTION('',(0.,1.,0.));
#3809 = DIRECTION('',(0.,-0.,1.));
#3810 = ADVANCED_FACE('',(#3811),#3823,.T.);
#3811 = FACE_BOUND('',#3812,.T.);
#3812 = EDGE_LOOP('',(#3813,#3814,#3815,#3822));
#3813 = ORIENTED_EDGE('',*,*,#3798,.T.);
#3814 = ORIENTED_EDGE('',*,*,#817,.F.);
#3815 = ORIENTED_EDGE('',*,*,#3816,.F.);
#3816 = EDGE_CURVE('',#1913,#809,#3817,.T.);
#3817 = CIRCLE('',#3818,0.2);
#3818 = AXIS2_PLACEMENT_3D('',#3819,#3820,#3821);
#3819 = CARTESIAN_POINT('',(-8.599999999985,-1.6,2.100000000007));
#3820 = DIRECTION('',(1.,0.,0.));
#3821 = DIRECTION('',(0.,0.,-1.));
#3822 = ORIENTED_EDGE('',*,*,#1936,.F.);
#3823 = CYLINDRICAL_SURFACE('',#3824,0.2);
#3824 = AXIS2_PLACEMENT_3D('',#3825,#3826,#3827);
#3825 = CARTESIAN_POINT('',(-11.49999999998,-1.6,2.100000000007));
#3826 = DIRECTION('',(-1.,0.,0.));
#3827 = DIRECTION('',(0.,0.,1.));
#3828 = ADVANCED_FACE('',(#3829),#3843,.T.);
#3829 = FACE_BOUND('',#3830,.T.);
#3830 = EDGE_LOOP('',(#3831,#3832,#3833,#3842));
#3831 = ORIENTED_EDGE('',*,*,#3816,.T.);
#3832 = ORIENTED_EDGE('',*,*,#808,.F.);
#3833 = ORIENTED_EDGE('',*,*,#3834,.F.);
#3834 = EDGE_CURVE('',#1863,#801,#3835,.T.);
#3835 = B_SPLINE_CURVE_WITH_KNOTS('',3,(#3836,#3837,#3838,#3839,#3840,
    #3841),.UNSPECIFIED.,.F.,.F.,(4,2,4),(2.168404344971E-19,
    1.563052009577E-04,3.126104019153E-04),.UNSPECIFIED.);
#3836 = CARTESIAN_POINT('',(-7.4,-1.6,3.4));
#3837 = CARTESIAN_POINT('',(-7.4,-1.65285219529,3.4));
#3838 = CARTESIAN_POINT('',(-7.378311677254,-1.704528131148,
    3.399049620657));
#3839 = CARTESIAN_POINT('',(-7.304542168347,-1.778303447762,
    3.395917636437));
#3840 = CARTESIAN_POINT('',(-7.252075568052,-1.8,3.393738928251));
#3841 = CARTESIAN_POINT('',(-7.2,-1.8,3.391638705923));
#3842 = ORIENTED_EDGE('',*,*,#1912,.F.);
#3843 = TOROIDAL_SURFACE('',#3844,1.40454545453,0.2);
#3844 = AXIS2_PLACEMENT_3D('',#3845,#3846,#3847);
#3845 = CARTESIAN_POINT('',(-8.599999999985,-1.6,3.504545454537));
#3846 = DIRECTION('',(0.,1.,0.));
#3847 = DIRECTION('',(0.,-0.,1.));
#3848 = ADVANCED_FACE('',(#3849),#3861,.T.);
#3849 = FACE_BOUND('',#3850,.T.);
#3850 = EDGE_LOOP('',(#3851,#3852,#3853,#3860));
#3851 = ORIENTED_EDGE('',*,*,#3834,.T.);
#3852 = ORIENTED_EDGE('',*,*,#800,.F.);
#3853 = ORIENTED_EDGE('',*,*,#3854,.F.);
#3854 = EDGE_CURVE('',#1873,#792,#3855,.T.);
#3855 = CIRCLE('',#3856,0.2);
#3856 = AXIS2_PLACEMENT_3D('',#3857,#3858,#3859);
#3857 = CARTESIAN_POINT('',(-7.2,-1.6,3.575735931288));
#3858 = DIRECTION('',(-1.734723475977E-14,0.,1.));
#3859 = DIRECTION('',(1.,0.,1.734723475977E-14));
#3860 = ORIENTED_EDGE('',*,*,#1872,.F.);
#3861 = CYLINDRICAL_SURFACE('',#3862,0.2);
#3862 = AXIS2_PLACEMENT_3D('',#3863,#3864,#3865);
#3863 = CARTESIAN_POINT('',(-7.2,-1.6,1.5));
#3864 = DIRECTION('',(1.734723475977E-14,0.,-1.));
#3865 = DIRECTION('',(-1.,0.,-1.734723475977E-14));
#3866 = ADVANCED_FACE('',(#3867),#3879,.T.);
#3867 = FACE_BOUND('',#3868,.T.);
#3868 = EDGE_LOOP('',(#3869,#3870,#3871,#3878));
#3869 = ORIENTED_EDGE('',*,*,#3854,.T.);
#3870 = ORIENTED_EDGE('',*,*,#791,.F.);
#3871 = ORIENTED_EDGE('',*,*,#3872,.F.);
#3872 = EDGE_CURVE('',#1825,#784,#3873,.T.);
#3873 = CIRCLE('',#3874,0.2);
#3874 = AXIS2_PLACEMENT_3D('',#3875,#3876,#3877);
#3875 = CARTESIAN_POINT('',(-7.170710678119,-1.6,3.646446609407));
#3876 = DIRECTION('',(0.707106781187,1.533293416682E-15,0.707106781187)
  );
#3877 = DIRECTION('',(0.707106781187,4.877671106837E-32,-0.707106781187)
  );
#3878 = ORIENTED_EDGE('',*,*,#2391,.F.);
#3879 = SURFACE_OF_REVOLUTION('',#3880,#3888);
#3880 = B_SPLINE_CURVE_WITH_KNOTS('',6,(#3881,#3882,#3883,#3884,#3885,
    #3886,#3887),.UNSPECIFIED.,.F.,.F.,(7,7),(4.712388980385,
    6.28318530718),.PIECEWISE_BEZIER_KNOTS.);
#3881 = CARTESIAN_POINT('',(-7.1,-1.8,3.675735931288));
#3882 = CARTESIAN_POINT('',(-7.1,-1.8,3.728095808848));
#3883 = CARTESIAN_POINT('',(-7.1,-1.783554462796,3.780451231429));
#3884 = CARTESIAN_POINT('',(-7.1,-1.750638029928,3.826373961216));
#3885 = CARTESIAN_POINT('',(-7.1,-1.704715300141,3.859290394084));
#3886 = CARTESIAN_POINT('',(-7.1,-1.65235987756,3.875735931288));
#3887 = CARTESIAN_POINT('',(-7.1,-1.6,3.875735931288));
#3888 = AXIS1_PLACEMENT('',#3889,#3890);
#3889 = CARTESIAN_POINT('',(-7.1,-1.6,3.575735931288));
#3890 = DIRECTION('',(0.,1.,0.));
#3891 = ADVANCED_FACE('',(#3892),#3904,.T.);
#3892 = FACE_BOUND('',#3893,.T.);
#3893 = EDGE_LOOP('',(#3894,#3895,#3896,#3903));
#3894 = ORIENTED_EDGE('',*,*,#3872,.T.);
#3895 = ORIENTED_EDGE('',*,*,#783,.F.);
#3896 = ORIENTED_EDGE('',*,*,#3897,.F.);
#3897 = EDGE_CURVE('',#1833,#775,#3898,.T.);
#3898 = CIRCLE('',#3899,0.2);
#3899 = AXIS2_PLACEMENT_3D('',#3900,#3901,#3902);
#3900 = CARTESIAN_POINT('',(-6.496446609407,-1.6,4.320710678119));
#3901 = DIRECTION('',(0.707106781187,0.,0.707106781187));
#3902 = DIRECTION('',(0.707106781187,0.,-0.707106781187));
#3903 = ORIENTED_EDGE('',*,*,#1832,.F.);
#3904 = CYLINDRICAL_SURFACE('',#3905,0.2);
#3905 = AXIS2_PLACEMENT_3D('',#3906,#3907,#3908);
#3906 = CARTESIAN_POINT('',(-10.40857864375,-1.6,0.408578643766));
#3907 = DIRECTION('',(-0.707106781187,0.,-0.707106781187));
#3908 = DIRECTION('',(-0.707106781187,0.,0.707106781187));
#3909 = ADVANCED_FACE('',(#3910),#3922,.T.);
#3910 = FACE_BOUND('',#3911,.T.);
#3911 = EDGE_LOOP('',(#3912,#3913,#3914,#3921));
#3912 = ORIENTED_EDGE('',*,*,#3897,.T.);
#3913 = ORIENTED_EDGE('',*,*,#774,.F.);
#3914 = ORIENTED_EDGE('',*,*,#3915,.F.);
#3915 = EDGE_CURVE('',#1785,#767,#3916,.T.);
#3916 = CIRCLE('',#3917,0.2);
#3917 = AXIS2_PLACEMENT_3D('',#3918,#3919,#3920);
#3918 = CARTESIAN_POINT('',(-6.425735931288,-1.6,4.35));
#3919 = DIRECTION('',(1.,0.,0.));
#3920 = DIRECTION('',(0.,0.,-1.));
#3921 = ORIENTED_EDGE('',*,*,#2373,.F.);
#3922 = SURFACE_OF_REVOLUTION('',#3923,#3931);
#3923 = B_SPLINE_CURVE_WITH_KNOTS('',6,(#3924,#3925,#3926,#3927,#3928,
    #3929,#3930),.UNSPECIFIED.,.F.,.F.,(7,7),(4.712388980385,
    6.28318530718),.PIECEWISE_BEZIER_KNOTS.);
#3924 = CARTESIAN_POINT('',(-6.425735931288,-1.8,4.35));
#3925 = CARTESIAN_POINT('',(-6.425735931288,-1.8,4.40235987756));
#3926 = CARTESIAN_POINT('',(-6.425735931288,-1.783554462796,
    4.454715300141));
#3927 = CARTESIAN_POINT('',(-6.425735931288,-1.750638029928,
    4.500638029928));
#3928 = CARTESIAN_POINT('',(-6.425735931288,-1.704715300141,
    4.533554462796));
#3929 = CARTESIAN_POINT('',(-6.425735931288,-1.65235987756,4.55));
#3930 = CARTESIAN_POINT('',(-6.425735931288,-1.6,4.55));
#3931 = AXIS1_PLACEMENT('',#3932,#3933);
#3932 = CARTESIAN_POINT('',(-6.425735931288,-1.6,4.25));
#3933 = DIRECTION('',(0.,1.,0.));
#3934 = ADVANCED_FACE('',(#3935),#3947,.T.);
#3935 = FACE_BOUND('',#3936,.T.);
#3936 = EDGE_LOOP('',(#3937,#3938,#3939,#3946));
#3937 = ORIENTED_EDGE('',*,*,#3915,.T.);
#3938 = ORIENTED_EDGE('',*,*,#766,.F.);
#3939 = ORIENTED_EDGE('',*,*,#3940,.F.);
#3940 = EDGE_CURVE('',#1793,#758,#3941,.T.);
#3941 = CIRCLE('',#3942,0.2);
#3942 = AXIS2_PLACEMENT_3D('',#3943,#3944,#3945);
#3943 = CARTESIAN_POINT('',(-3.674264068712,-1.6,4.35));
#3944 = DIRECTION('',(1.,0.,0.));
#3945 = DIRECTION('',(0.,0.,-1.));
#3946 = ORIENTED_EDGE('',*,*,#1792,.F.);
#3947 = CYLINDRICAL_SURFACE('',#3948,0.2);
#3948 = AXIS2_PLACEMENT_3D('',#3949,#3950,#3951);
#3949 = CARTESIAN_POINT('',(-11.49999999999,-1.6,4.35));
#3950 = DIRECTION('',(-1.,0.,0.));
#3951 = DIRECTION('',(0.,0.,1.));
#3952 = ADVANCED_FACE('',(#3953),#3965,.T.);
#3953 = FACE_BOUND('',#3954,.T.);
#3954 = EDGE_LOOP('',(#3955,#3956,#3957,#3964));
#3955 = ORIENTED_EDGE('',*,*,#3940,.T.);
#3956 = ORIENTED_EDGE('',*,*,#757,.F.);
#3957 = ORIENTED_EDGE('',*,*,#3958,.F.);
#3958 = EDGE_CURVE('',#1745,#750,#3959,.T.);
#3959 = CIRCLE('',#3960,0.2);
#3960 = AXIS2_PLACEMENT_3D('',#3961,#3962,#3963);
#3961 = CARTESIAN_POINT('',(-3.603553390593,-1.6,4.320710678119));
#3962 = DIRECTION('',(0.707106781187,1.533293416682E-15,-0.707106781187)
  );
#3963 = DIRECTION('',(-0.707106781187,-4.877671106837E-32,
    -0.707106781187));
#3964 = ORIENTED_EDGE('',*,*,#2355,.F.);
#3965 = SURFACE_OF_REVOLUTION('',#3966,#3974);
#3966 = B_SPLINE_CURVE_WITH_KNOTS('',6,(#3967,#3968,#3969,#3970,#3971,
    #3972,#3973),.UNSPECIFIED.,.F.,.F.,(7,7),(4.712388980385,
    6.28318530718),.PIECEWISE_BEZIER_KNOTS.);
#3967 = CARTESIAN_POINT('',(-3.674264068712,-1.8,4.35));
#3968 = CARTESIAN_POINT('',(-3.674264068712,-1.8,4.40235987756));
#3969 = CARTESIAN_POINT('',(-3.674264068712,-1.783554462796,
    4.454715300141));
#3970 = CARTESIAN_POINT('',(-3.674264068712,-1.750638029928,
    4.500638029928));
#3971 = CARTESIAN_POINT('',(-3.674264068712,-1.704715300141,
    4.533554462796));
#3972 = CARTESIAN_POINT('',(-3.674264068712,-1.65235987756,4.55));
#3973 = CARTESIAN_POINT('',(-3.674264068712,-1.6,4.55));
#3974 = AXIS1_PLACEMENT('',#3975,#3976);
#3975 = CARTESIAN_POINT('',(-3.674264068712,-1.6,4.25));
#3976 = DIRECTION('',(0.,1.,0.));
#3977 = ADVANCED_FACE('',(#3978),#3990,.T.);
#3978 = FACE_BOUND('',#3979,.T.);
#3979 = EDGE_LOOP('',(#3980,#3981,#3982,#3989));
#3980 = ORIENTED_EDGE('',*,*,#3958,.T.);
#3981 = ORIENTED_EDGE('',*,*,#749,.F.);
#3982 = ORIENTED_EDGE('',*,*,#3983,.F.);
#3983 = EDGE_CURVE('',#1753,#741,#3984,.T.);
#3984 = CIRCLE('',#3985,0.2);
#3985 = AXIS2_PLACEMENT_3D('',#3986,#3987,#3988);
#3986 = CARTESIAN_POINT('',(-2.929289321881,-1.6,3.646446609407));
#3987 = DIRECTION('',(0.707106781187,2.821186441971E-29,-0.707106781187)
  );
#3988 = DIRECTION('',(-0.707106781187,1.19697078177E-45,-0.707106781187)
  );
#3989 = ORIENTED_EDGE('',*,*,#1752,.F.);
#3990 = CYLINDRICAL_SURFACE('',#3991,0.2);
#3991 = AXIS2_PLACEMENT_3D('',#3992,#3993,#3994);
#3992 = CARTESIAN_POINT('',(-6.141421356234,-1.6,6.858578643759));
#3993 = DIRECTION('',(-0.707106781187,0.,0.707106781187));
#3994 = DIRECTION('',(0.707106781187,0.,0.707106781187));
#3995 = ADVANCED_FACE('',(#3996),#4008,.T.);
#3996 = FACE_BOUND('',#3997,.T.);
#3997 = EDGE_LOOP('',(#3998,#3999,#4000,#4007));
#3998 = ORIENTED_EDGE('',*,*,#3983,.T.);
#3999 = ORIENTED_EDGE('',*,*,#740,.F.);
#4000 = ORIENTED_EDGE('',*,*,#4001,.F.);
#4001 = EDGE_CURVE('',#1399,#733,#4002,.T.);
#4002 = CIRCLE('',#4003,0.2);
#4003 = AXIS2_PLACEMENT_3D('',#4004,#4005,#4006);
#4004 = CARTESIAN_POINT('',(-2.9,-1.6,3.575735931288));
#4005 = DIRECTION('',(0.,0.,-1.));
#4006 = DIRECTION('',(-1.,0.,0.));
#4007 = ORIENTED_EDGE('',*,*,#2337,.F.);
#4008 = SURFACE_OF_REVOLUTION('',#4009,#4017);
#4009 = B_SPLINE_CURVE_WITH_KNOTS('',6,(#4010,#4011,#4012,#4013,#4014,
    #4015,#4016),.UNSPECIFIED.,.F.,.F.,(7,7),(4.712388980385,
    6.28318530718),.PIECEWISE_BEZIER_KNOTS.);
#4010 = CARTESIAN_POINT('',(-3.,-1.8,3.675735931288));
#4011 = CARTESIAN_POINT('',(-3.,-1.8,3.728095808848));
#4012 = CARTESIAN_POINT('',(-3.,-1.783554462796,3.780451231429));
#4013 = CARTESIAN_POINT('',(-3.,-1.750638029928,3.826373961216));
#4014 = CARTESIAN_POINT('',(-3.,-1.704715300141,3.859290394084));
#4015 = CARTESIAN_POINT('',(-3.,-1.65235987756,3.875735931288));
#4016 = CARTESIAN_POINT('',(-3.,-1.6,3.875735931288));
#4017 = AXIS1_PLACEMENT('',#4018,#4019);
#4018 = CARTESIAN_POINT('',(-3.,-1.6,3.575735931288));
#4019 = DIRECTION('',(0.,1.,0.));
#4020 = ADVANCED_FACE('',(#4021),#4027,.T.);
#4021 = FACE_BOUND('',#4022,.T.);
#4022 = EDGE_LOOP('',(#4023,#4024,#4025,#4026));
#4023 = ORIENTED_EDGE('',*,*,#4001,.T.);
#4024 = ORIENTED_EDGE('',*,*,#732,.F.);
#4025 = ORIENTED_EDGE('',*,*,#3337,.F.);
#4026 = ORIENTED_EDGE('',*,*,#1406,.F.);
#4027 = CYLINDRICAL_SURFACE('',#4028,0.2);
#4028 = AXIS2_PLACEMENT_3D('',#4029,#4030,#4031);
#4029 = CARTESIAN_POINT('',(-2.9,-1.6,3.7));
#4030 = DIRECTION('',(1.445602896647E-16,-0.,1.));
#4031 = DIRECTION('',(1.,0.,-1.445602896647E-16));
#4032 = ( GEOMETRIC_REPRESENTATION_CONTEXT(3) 
GLOBAL_UNCERTAINTY_ASSIGNED_CONTEXT((#4036)) 
GLOBAL_UNIT_ASSIGNED_CONTEXT((#4033,#4034,#4035)) REPRESENTATION_CONTEXT
('Context #1','3D Context with UNIT and UNCERTAINTY') );
#4033 = ( LENGTH_UNIT() NAMED_UNIT(*) SI_UNIT(.MILLI.,.METRE.) );
#4034 = ( NAMED_UNIT(*) PLANE_ANGLE_UNIT() SI_UNIT($,.RADIAN.) );
#4035 = ( NAMED_UNIT(*) SI_UNIT($,.STERADIAN.) SOLID_ANGLE_UNIT() );
#4036 = UNCERTAINTY_MEASURE_WITH_UNIT(LENGTH_MEASURE(5.E-06),#4033,
  'distance_accuracy_value','confusion accuracy');
#4037 = CONTEXT_DEPENDENT_SHAPE_REPRESENTATION(#4038,#4040);
#4038 = ( REPRESENTATION_RELATIONSHIP('','',#206,#175) 
REPRESENTATION_RELATIONSHIP_WITH_TRANSFORMATION(#4039) 
SHAPE_REPRESENTATION_RELATIONSHIP() );
#4039 = ITEM_DEFINED_TRANSFORMATION('','',#11,#176);
#4040 = PRODUCT_DEFINITION_SHAPE('Placement','Placement of an item',
  #4041);
#4041 = NEXT_ASSEMBLY_USAGE_OCCURRENCE('1','socket001','',#170,#201,$);
#4042 = PRODUCT_RELATED_PRODUCT_CATEGORY('part',$,(#203));
#4043 = SHAPE_DEFINITION_REPRESENTATION(#4044,#4050);
#4044 = PRODUCT_DEFINITION_SHAPE('','',#4045);
#4045 = PRODUCT_DEFINITION('design','',#4046,#4049);
#4046 = PRODUCT_DEFINITION_FORMATION('','',#4047);
#4047 = PRODUCT('pin002','pin002','',(#4048));
#4048 = PRODUCT_CONTEXT('',#2,'mechanical');
#4049 = PRODUCT_DEFINITION_CONTEXT('part definition',#2,'design');
#4050 = ADVANCED_BREP_SHAPE_REPRESENTATION('',(#11,#4051),#6947);
#4051 = MANIFOLD_SOLID_BREP('',#4052);
#4052 = CLOSED_SHELL('',(#4053,#4099,#4145,#4191,#4237,#4277,#4308,#4339
    ,#4361,#4407,#4451,#4483,#4519,#4543,#4576,#4608,#4644,#4678,#4714,
    #4736,#4762,#4788,#4828,#4858,#4888,#4928,#4959,#4990,#5007,#5019,
    #5071,#5088,#5140,#5157,#5190,#5223,#5240,#5257,#5297,#5319,#5331,
    #5362,#5393,#5426,#5457,#5490,#5512,#5529,#5560,#5594,#5612,#5640,
    #5652,#5698,#5730,#5766,#5800,#5836,#5867,#5891,#5925,#5961,#5993,
    #6031,#6057,#6083,#6123,#6154,#6185,#6225,#6253,#6281,#6293,#6310,
    #6343,#6360,#6393,#6410,#6464,#6518,#6535,#6552,#6583,#6600,#6631,
    #6664,#6695,#6728,#6759,#6781,#6793,#6824,#6855,#6889,#6907,#6935));
#4053 = ADVANCED_FACE('',(#4054),#4094,.F.);
#4054 = FACE_BOUND('',#4055,.F.);
#4055 = EDGE_LOOP('',(#4056,#4066,#4077,#4085));
#4056 = ORIENTED_EDGE('',*,*,#4057,.T.);
#4057 = EDGE_CURVE('',#4058,#4060,#4062,.T.);
#4058 = VERTEX_POINT('',#4059);
#4059 = CARTESIAN_POINT('',(-2.756255668237,-2.089491193792,-0.7));
#4060 = VERTEX_POINT('',#4061);
#4061 = CARTESIAN_POINT('',(-1.793744331763,-2.089491193792,-0.7));
#4062 = LINE('',#4063,#4064);
#4063 = CARTESIAN_POINT('',(0.1,-2.089491193792,-0.7));
#4064 = VECTOR('',#4065,1.);
#4065 = DIRECTION('',(1.,0.,0.));
#4066 = ORIENTED_EDGE('',*,*,#4067,.F.);
#4067 = EDGE_CURVE('',#4068,#4060,#4070,.T.);
#4068 = VERTEX_POINT('',#4069);
#4069 = CARTESIAN_POINT('',(-1.831536721371,-2.289491193792,-0.5));
#4070 = B_SPLINE_CURVE_WITH_KNOTS('',3,(#4071,#4072,#4073,#4074,#4075,
    #4076),.UNSPECIFIED.,.F.,.F.,(4,2,4),(0.5,0.75,1.),.UNSPECIFIED.);
#4071 = CARTESIAN_POINT('',(-1.831536721371,-2.289491193792,-0.5));
#4072 = CARTESIAN_POINT('',(-1.82523798977,-2.289491193792,
    -0.55235987756));
#4073 = CARTESIAN_POINT('',(-1.818939258168,-2.267936574514,
    -0.604397331753));
#4074 = CARTESIAN_POINT('',(-1.806341794966,-2.193888525544,
    -0.678445380722));
#4075 = CARTESIAN_POINT('',(-1.800043063364,-2.141851071351,-0.7));
#4076 = CARTESIAN_POINT('',(-1.793744331763,-2.089491193792,-0.7));
#4077 = ORIENTED_EDGE('',*,*,#4078,.F.);
#4078 = EDGE_CURVE('',#4079,#4068,#4081,.T.);
#4079 = VERTEX_POINT('',#4080);
#4080 = CARTESIAN_POINT('',(-2.718463278629,-2.289491193792,-0.5));
#4081 = LINE('',#4082,#4083);
#4082 = CARTESIAN_POINT('',(-3.577043357832,-2.289491193792,-0.5));
#4083 = VECTOR('',#4084,1.);
#4084 = DIRECTION('',(1.,0.,0.));
#4085 = ORIENTED_EDGE('',*,*,#4086,.F.);
#4086 = EDGE_CURVE('',#4058,#4079,#4087,.T.);
#4087 = B_SPLINE_CURVE_WITH_KNOTS('',3,(#4088,#4089,#4090,#4091,#4092,
    #4093),.UNSPECIFIED.,.F.,.F.,(4,2,4),(0.,0.25,0.5),.UNSPECIFIED.);
#4088 = CARTESIAN_POINT('',(-2.756255668237,-2.089491193792,-0.7));
#4089 = CARTESIAN_POINT('',(-2.749956936636,-2.141851071351,-0.7));
#4090 = CARTESIAN_POINT('',(-2.743658205034,-2.193888525544,
    -0.678445380722));
#4091 = CARTESIAN_POINT('',(-2.731060741832,-2.267936574514,
    -0.604397331753));
#4092 = CARTESIAN_POINT('',(-2.72476201023,-2.289491193792,
    -0.55235987756));
#4093 = CARTESIAN_POINT('',(-2.718463278629,-2.289491193792,-0.5));
#4094 = CYLINDRICAL_SURFACE('',#4095,0.2);
#4095 = AXIS2_PLACEMENT_3D('',#4096,#4097,#4098);
#4096 = CARTESIAN_POINT('',(-3.577043357832,-2.089491193792,-0.5));
#4097 = DIRECTION('',(1.,0.,0.));
#4098 = DIRECTION('',(0.,-1.,3.252606517457E-15));
#4099 = ADVANCED_FACE('',(#4100),#4140,.T.);
#4100 = FACE_BOUND('',#4101,.T.);
#4101 = EDGE_LOOP('',(#4102,#4115,#4123,#4134));
#4102 = ORIENTED_EDGE('',*,*,#4103,.F.);
#4103 = EDGE_CURVE('',#4104,#4106,#4108,.T.);
#4104 = VERTEX_POINT('',#4105);
#4105 = CARTESIAN_POINT('',(-2.718463278629,-2.439491193792,-0.5));
#4106 = VERTEX_POINT('',#4107);
#4107 = CARTESIAN_POINT('',(-2.680670889021,-2.089491193792,-0.15));
#4108 = B_SPLINE_CURVE_WITH_KNOTS('',3,(#4109,#4110,#4111,#4112,#4113,
    #4114),.UNSPECIFIED.,.F.,.F.,(4,2,4),(0.5,0.75,1.),.UNSPECIFIED.);
#4109 = CARTESIAN_POINT('',(-2.718463278629,-2.439491193792,-0.5));
#4110 = CARTESIAN_POINT('',(-2.712164547027,-2.439491193791,
    -0.40837021427));
#4111 = CARTESIAN_POINT('',(-2.705865815426,-2.401770610055,
    -0.317304669433));
#4112 = CARTESIAN_POINT('',(-2.693268352223,-2.272186524359,
    -0.187720583737));
#4113 = CARTESIAN_POINT('',(-2.686987228922,-2.181377133443,-0.15));
#4114 = CARTESIAN_POINT('',(-2.680670889021,-2.089491193792,-0.15));
#4115 = ORIENTED_EDGE('',*,*,#4116,.T.);
#4116 = EDGE_CURVE('',#4104,#4117,#4119,.T.);
#4117 = VERTEX_POINT('',#4118);
#4118 = CARTESIAN_POINT('',(-1.831536721371,-2.439491193792,-0.5));
#4119 = LINE('',#4120,#4121);
#4120 = CARTESIAN_POINT('',(-3.577043357832,-2.439491193792,-0.5));
#4121 = VECTOR('',#4122,1.);
#4122 = DIRECTION('',(1.,0.,0.));
#4123 = ORIENTED_EDGE('',*,*,#4124,.F.);
#4124 = EDGE_CURVE('',#4125,#4117,#4127,.T.);
#4125 = VERTEX_POINT('',#4126);
#4126 = CARTESIAN_POINT('',(-1.869329110979,-2.089491193792,-0.15));
#4127 = B_SPLINE_CURVE_WITH_KNOTS('',3,(#4128,#4129,#4130,#4131,#4132,
    #4133),.UNSPECIFIED.,.F.,.F.,(4,2,4),(0.,0.25,0.5),.UNSPECIFIED.);
#4128 = CARTESIAN_POINT('',(-1.869329110979,-2.089491193792,-0.15));
#4129 = CARTESIAN_POINT('',(-1.863012771078,-2.181377133443,-0.15));
#4130 = CARTESIAN_POINT('',(-1.856731647777,-2.272186524359,
    -0.187720583737));
#4131 = CARTESIAN_POINT('',(-1.844134184574,-2.401770610055,
    -0.317304669433));
#4132 = CARTESIAN_POINT('',(-1.837835452973,-2.439491193792,
    -0.408370214271));
#4133 = CARTESIAN_POINT('',(-1.831536721371,-2.439491193792,-0.5));
#4134 = ORIENTED_EDGE('',*,*,#4135,.F.);
#4135 = EDGE_CURVE('',#4106,#4125,#4136,.T.);
#4136 = LINE('',#4137,#4138);
#4137 = CARTESIAN_POINT('',(0.1,-2.089491193792,-0.15));
#4138 = VECTOR('',#4139,1.);
#4139 = DIRECTION('',(1.,0.,0.));
#4140 = CYLINDRICAL_SURFACE('',#4141,0.35);
#4141 = AXIS2_PLACEMENT_3D('',#4142,#4143,#4144);
#4142 = CARTESIAN_POINT('',(-3.577043357832,-2.089491193792,-0.5));
#4143 = DIRECTION('',(1.,0.,0.));
#4144 = DIRECTION('',(0.,-1.,3.407492542097E-15));
#4145 = ADVANCED_FACE('',(#4146),#4186,.F.);
#4146 = FACE_BOUND('',#4147,.F.);
#4147 = EDGE_LOOP('',(#4148,#4158,#4169,#4177));
#4148 = ORIENTED_EDGE('',*,*,#4149,.F.);
#4149 = EDGE_CURVE('',#4150,#4152,#4154,.T.);
#4150 = VERTEX_POINT('',#4151);
#4151 = CARTESIAN_POINT('',(-2.756255668237,-2.089491193792,0.7));
#4152 = VERTEX_POINT('',#4153);
#4153 = CARTESIAN_POINT('',(-1.793744331763,-2.089491193792,0.7));
#4154 = LINE('',#4155,#4156);
#4155 = CARTESIAN_POINT('',(0.1,-2.089491193792,0.7));
#4156 = VECTOR('',#4157,1.);
#4157 = DIRECTION('',(1.,0.,0.));
#4158 = ORIENTED_EDGE('',*,*,#4159,.F.);
#4159 = EDGE_CURVE('',#4160,#4150,#4162,.T.);
#4160 = VERTEX_POINT('',#4161);
#4161 = CARTESIAN_POINT('',(-2.718463278629,-2.289491193792,0.5));
#4162 = B_SPLINE_CURVE_WITH_KNOTS('',3,(#4163,#4164,#4165,#4166,#4167,
    #4168),.UNSPECIFIED.,.F.,.F.,(4,2,4),(0.5,0.75,1.),.UNSPECIFIED.);
#4163 = CARTESIAN_POINT('',(-2.718463278629,-2.289491193792,0.5));
#4164 = CARTESIAN_POINT('',(-2.72476201023,-2.289491193792,0.55235987756
    ));
#4165 = CARTESIAN_POINT('',(-2.731060741832,-2.267936574514,
    0.604397331753));
#4166 = CARTESIAN_POINT('',(-2.743658205034,-2.193888525544,
    0.678445380722));
#4167 = CARTESIAN_POINT('',(-2.749956936636,-2.141851071351,0.7));
#4168 = CARTESIAN_POINT('',(-2.756255668237,-2.089491193792,0.7));
#4169 = ORIENTED_EDGE('',*,*,#4170,.F.);
#4170 = EDGE_CURVE('',#4171,#4160,#4173,.T.);
#4171 = VERTEX_POINT('',#4172);
#4172 = CARTESIAN_POINT('',(-1.831536721371,-2.289491193792,0.5));
#4173 = LINE('',#4174,#4175);
#4174 = CARTESIAN_POINT('',(-0.972956642168,-2.289491193792,0.5));
#4175 = VECTOR('',#4176,1.);
#4176 = DIRECTION('',(-1.,0.,0.));
#4177 = ORIENTED_EDGE('',*,*,#4178,.F.);
#4178 = EDGE_CURVE('',#4152,#4171,#4179,.T.);
#4179 = B_SPLINE_CURVE_WITH_KNOTS('',3,(#4180,#4181,#4182,#4183,#4184,
    #4185),.UNSPECIFIED.,.F.,.F.,(4,2,4),(0.,0.25,0.5),.UNSPECIFIED.);
#4180 = CARTESIAN_POINT('',(-1.793744331763,-2.089491193792,0.7));
#4181 = CARTESIAN_POINT('',(-1.800043063364,-2.141851071351,0.7));
#4182 = CARTESIAN_POINT('',(-1.806341794966,-2.193888525544,
    0.678445380722));
#4183 = CARTESIAN_POINT('',(-1.818939258168,-2.267936574514,
    0.604397331753));
#4184 = CARTESIAN_POINT('',(-1.82523798977,-2.289491193792,0.55235987756
    ));
#4185 = CARTESIAN_POINT('',(-1.831536721371,-2.289491193792,0.5));
#4186 = CYLINDRICAL_SURFACE('',#4187,0.2);
#4187 = AXIS2_PLACEMENT_3D('',#4188,#4189,#4190);
#4188 = CARTESIAN_POINT('',(-0.972956642168,-2.089491193792,0.5));
#4189 = DIRECTION('',(-1.,0.,0.));
#4190 = DIRECTION('',(-0.,-1.,-3.252606517457E-15));
#4191 = ADVANCED_FACE('',(#4192),#4232,.T.);
#4192 = FACE_BOUND('',#4193,.T.);
#4193 = EDGE_LOOP('',(#4194,#4207,#4215,#4226));
#4194 = ORIENTED_EDGE('',*,*,#4195,.F.);
#4195 = EDGE_CURVE('',#4196,#4198,#4200,.T.);
#4196 = VERTEX_POINT('',#4197);
#4197 = CARTESIAN_POINT('',(-1.831536721371,-2.439491193792,0.5));
#4198 = VERTEX_POINT('',#4199);
#4199 = CARTESIAN_POINT('',(-1.869329110979,-2.089491193792,0.15));
#4200 = B_SPLINE_CURVE_WITH_KNOTS('',3,(#4201,#4202,#4203,#4204,#4205,
    #4206),.UNSPECIFIED.,.F.,.F.,(4,2,4),(0.5,0.75,1.),.UNSPECIFIED.);
#4201 = CARTESIAN_POINT('',(-1.831536721371,-2.439491193792,0.5));
#4202 = CARTESIAN_POINT('',(-1.837835452973,-2.439491193791,
    0.40837021427));
#4203 = CARTESIAN_POINT('',(-1.844134184574,-2.401770610055,
    0.317304669433));
#4204 = CARTESIAN_POINT('',(-1.856731647777,-2.272186524359,
    0.187720583737));
#4205 = CARTESIAN_POINT('',(-1.863012771078,-2.181377133443,0.15));
#4206 = CARTESIAN_POINT('',(-1.869329110979,-2.089491193792,0.15));
#4207 = ORIENTED_EDGE('',*,*,#4208,.T.);
#4208 = EDGE_CURVE('',#4196,#4209,#4211,.T.);
#4209 = VERTEX_POINT('',#4210);
#4210 = CARTESIAN_POINT('',(-2.718463278629,-2.439491193792,0.5));
#4211 = LINE('',#4212,#4213);
#4212 = CARTESIAN_POINT('',(-0.972956642168,-2.439491193792,0.5));
#4213 = VECTOR('',#4214,1.);
#4214 = DIRECTION('',(-1.,0.,0.));
#4215 = ORIENTED_EDGE('',*,*,#4216,.F.);
#4216 = EDGE_CURVE('',#4217,#4209,#4219,.T.);
#4217 = VERTEX_POINT('',#4218);
#4218 = CARTESIAN_POINT('',(-2.680670889021,-2.089491193792,0.15));
#4219 = B_SPLINE_CURVE_WITH_KNOTS('',3,(#4220,#4221,#4222,#4223,#4224,
    #4225),.UNSPECIFIED.,.F.,.F.,(4,2,4),(0.,0.25,0.5),.UNSPECIFIED.);
#4220 = CARTESIAN_POINT('',(-2.680670889021,-2.089491193792,0.15));
#4221 = CARTESIAN_POINT('',(-2.686987228922,-2.181377133443,0.15));
#4222 = CARTESIAN_POINT('',(-2.693268352223,-2.272186524359,
    0.187720583737));
#4223 = CARTESIAN_POINT('',(-2.705865815426,-2.401770610055,
    0.317304669433));
#4224 = CARTESIAN_POINT('',(-2.712164547027,-2.439491193791,
    0.40837021427));
#4225 = CARTESIAN_POINT('',(-2.718463278629,-2.439491193792,0.5));
#4226 = ORIENTED_EDGE('',*,*,#4227,.T.);
#4227 = EDGE_CURVE('',#4217,#4198,#4228,.T.);
#4228 = LINE('',#4229,#4230);
#4229 = CARTESIAN_POINT('',(0.1,-2.089491193792,0.15));
#4230 = VECTOR('',#4231,1.);
#4231 = DIRECTION('',(1.,0.,0.));
#4232 = CYLINDRICAL_SURFACE('',#4233,0.35);
#4233 = AXIS2_PLACEMENT_3D('',#4234,#4235,#4236);
#4234 = CARTESIAN_POINT('',(-0.972956642168,-2.089491193792,0.5));
#4235 = DIRECTION('',(-1.,0.,0.));
#4236 = DIRECTION('',(-0.,-1.,-3.407492542097E-15));
#4237 = ADVANCED_FACE('',(#4238),#4272,.F.);
#4238 = FACE_BOUND('',#4239,.T.);
#4239 = EDGE_LOOP('',(#4240,#4250,#4258,#4266));
#4240 = ORIENTED_EDGE('',*,*,#4241,.T.);
#4241 = EDGE_CURVE('',#4242,#4244,#4246,.T.);
#4242 = VERTEX_POINT('',#4243);
#4243 = CARTESIAN_POINT('',(0.3,0.,0.45));
#4244 = VERTEX_POINT('',#4245);
#4245 = CARTESIAN_POINT('',(0.3,0.,-0.45));
#4246 = LINE('',#4247,#4248);
#4247 = CARTESIAN_POINT('',(0.3,0.,0.5));
#4248 = VECTOR('',#4249,1.);
#4249 = DIRECTION('',(0.,0.,-1.));
#4250 = ORIENTED_EDGE('',*,*,#4251,.T.);
#4251 = EDGE_CURVE('',#4244,#4252,#4254,.T.);
#4252 = VERTEX_POINT('',#4253);
#4253 = CARTESIAN_POINT('',(-1.6,0.,-0.45));
#4254 = LINE('',#4255,#4256);
#4255 = CARTESIAN_POINT('',(0.1,0.,-0.45));
#4256 = VECTOR('',#4257,1.);
#4257 = DIRECTION('',(-1.,0.,0.));
#4258 = ORIENTED_EDGE('',*,*,#4259,.T.);
#4259 = EDGE_CURVE('',#4252,#4260,#4262,.T.);
#4260 = VERTEX_POINT('',#4261);
#4261 = CARTESIAN_POINT('',(-1.6,0.,0.45));
#4262 = LINE('',#4263,#4264);
#4263 = CARTESIAN_POINT('',(-1.6,0.,0.6));
#4264 = VECTOR('',#4265,1.);
#4265 = DIRECTION('',(-2.168404344971E-15,0.,1.));
#4266 = ORIENTED_EDGE('',*,*,#4267,.F.);
#4267 = EDGE_CURVE('',#4242,#4260,#4268,.T.);
#4268 = LINE('',#4269,#4270);
#4269 = CARTESIAN_POINT('',(0.1,0.,0.45));
#4270 = VECTOR('',#4271,1.);
#4271 = DIRECTION('',(-1.,0.,0.));
#4272 = PLANE('',#4273);
#4273 = AXIS2_PLACEMENT_3D('',#4274,#4275,#4276);
#4274 = CARTESIAN_POINT('',(0.1,0.,-0.6));
#4275 = DIRECTION('',(0.,-1.,0.));
#4276 = DIRECTION('',(0.,-0.,-1.));
#4277 = ADVANCED_FACE('',(#4278),#4303,.T.);
#4278 = FACE_BOUND('',#4279,.T.);
#4279 = EDGE_LOOP('',(#4280,#4288,#4296,#4302));
#4280 = ORIENTED_EDGE('',*,*,#4281,.F.);
#4281 = EDGE_CURVE('',#4282,#4252,#4284,.T.);
#4282 = VERTEX_POINT('',#4283);
#4283 = CARTESIAN_POINT('',(-1.6,-0.15,-0.45));
#4284 = LINE('',#4285,#4286);
#4285 = CARTESIAN_POINT('',(-1.6,-0.15,-0.45));
#4286 = VECTOR('',#4287,1.);
#4287 = DIRECTION('',(1.327764720163E-31,1.,-6.123233995737E-17));
#4288 = ORIENTED_EDGE('',*,*,#4289,.T.);
#4289 = EDGE_CURVE('',#4282,#4290,#4292,.T.);
#4290 = VERTEX_POINT('',#4291);
#4291 = CARTESIAN_POINT('',(-1.6,-0.15,0.45));
#4292 = LINE('',#4293,#4294);
#4293 = CARTESIAN_POINT('',(-1.6,-0.15,-0.6));
#4294 = VECTOR('',#4295,1.);
#4295 = DIRECTION('',(2.168404344971E-15,-0.,1.));
#4296 = ORIENTED_EDGE('',*,*,#4297,.T.);
#4297 = EDGE_CURVE('',#4290,#4260,#4298,.T.);
#4298 = LINE('',#4299,#4300);
#4299 = CARTESIAN_POINT('',(-1.6,-0.15,0.45));
#4300 = VECTOR('',#4301,1.);
#4301 = DIRECTION('',(1.327764720163E-31,1.,-6.123233995737E-17));
#4302 = ORIENTED_EDGE('',*,*,#4259,.F.);
#4303 = PLANE('',#4304);
#4304 = AXIS2_PLACEMENT_3D('',#4305,#4306,#4307);
#4305 = CARTESIAN_POINT('',(-1.6,-0.15,0.6));
#4306 = DIRECTION('',(-1.,0.,-2.168404344971E-15));
#4307 = DIRECTION('',(-2.168404344971E-15,0.,1.));
#4308 = ADVANCED_FACE('',(#4309),#4334,.T.);
#4309 = FACE_BOUND('',#4310,.T.);
#4310 = EDGE_LOOP('',(#4311,#4319,#4320,#4328));
#4311 = ORIENTED_EDGE('',*,*,#4312,.F.);
#4312 = EDGE_CURVE('',#4244,#4313,#4315,.T.);
#4313 = VERTEX_POINT('',#4314);
#4314 = CARTESIAN_POINT('',(0.3,-0.15,-0.45));
#4315 = LINE('',#4316,#4317);
#4316 = CARTESIAN_POINT('',(0.3,-0.15,-0.45));
#4317 = VECTOR('',#4318,1.);
#4318 = DIRECTION('',(-0.,-1.,6.123233995737E-17));
#4319 = ORIENTED_EDGE('',*,*,#4241,.F.);
#4320 = ORIENTED_EDGE('',*,*,#4321,.T.);
#4321 = EDGE_CURVE('',#4242,#4322,#4324,.T.);
#4322 = VERTEX_POINT('',#4323);
#4323 = CARTESIAN_POINT('',(0.3,-0.15,0.45));
#4324 = LINE('',#4325,#4326);
#4325 = CARTESIAN_POINT('',(0.3,-0.15,0.45));
#4326 = VECTOR('',#4327,1.);
#4327 = DIRECTION('',(-0.,-1.,6.123233995737E-17));
#4328 = ORIENTED_EDGE('',*,*,#4329,.T.);
#4329 = EDGE_CURVE('',#4322,#4313,#4330,.T.);
#4330 = LINE('',#4331,#4332);
#4331 = CARTESIAN_POINT('',(0.3,-0.15,0.5));
#4332 = VECTOR('',#4333,1.);
#4333 = DIRECTION('',(0.,0.,-1.));
#4334 = PLANE('',#4335);
#4335 = AXIS2_PLACEMENT_3D('',#4336,#4337,#4338);
#4336 = CARTESIAN_POINT('',(0.3,-0.15,0.5));
#4337 = DIRECTION('',(1.,-0.,0.));
#4338 = DIRECTION('',(0.,0.,-1.));
#4339 = ADVANCED_FACE('',(#4340),#4356,.T.);
#4340 = FACE_BOUND('',#4341,.T.);
#4341 = EDGE_LOOP('',(#4342,#4348,#4349,#4355));
#4342 = ORIENTED_EDGE('',*,*,#4343,.F.);
#4343 = EDGE_CURVE('',#4313,#4282,#4344,.T.);
#4344 = LINE('',#4345,#4346);
#4345 = CARTESIAN_POINT('',(0.1,-0.15,-0.45));
#4346 = VECTOR('',#4347,1.);
#4347 = DIRECTION('',(-1.,0.,0.));
#4348 = ORIENTED_EDGE('',*,*,#4329,.F.);
#4349 = ORIENTED_EDGE('',*,*,#4350,.T.);
#4350 = EDGE_CURVE('',#4322,#4290,#4351,.T.);
#4351 = LINE('',#4352,#4353);
#4352 = CARTESIAN_POINT('',(0.1,-0.15,0.45));
#4353 = VECTOR('',#4354,1.);
#4354 = DIRECTION('',(-1.,0.,0.));
#4355 = ORIENTED_EDGE('',*,*,#4289,.F.);
#4356 = PLANE('',#4357);
#4357 = AXIS2_PLACEMENT_3D('',#4358,#4359,#4360);
#4358 = CARTESIAN_POINT('',(0.1,-0.15,-0.6));
#4359 = DIRECTION('',(0.,-1.,0.));
#4360 = DIRECTION('',(0.,-0.,-1.));
#4361 = ADVANCED_FACE('',(#4362),#4398,.F.);
#4362 = FACE_BOUND('',#4363,.F.);
#4363 = EDGE_LOOP('',(#4364,#4375,#4382,#4391));
#4364 = ORIENTED_EDGE('',*,*,#4365,.T.);
#4365 = EDGE_CURVE('',#4366,#4368,#4370,.T.);
#4366 = VERTEX_POINT('',#4367);
#4367 = CARTESIAN_POINT('',(1.55,-0.353723201033,0.695679583762));
#4368 = VERTEX_POINT('',#4369);
#4369 = CARTESIAN_POINT('',(1.693325527575,-0.4,0.7));
#4370 = B_SPLINE_CURVE_WITH_KNOTS('',3,(#4371,#4372,#4373,#4374),
  .UNSPECIFIED.,.F.,.F.,(4,4),(0.,1.),.PIECEWISE_BEZIER_KNOTS.);
#4371 = CARTESIAN_POINT('',(1.55,-0.353723201033,0.695679583762));
#4372 = CARTESIAN_POINT('',(1.597775175858,-0.368970153159,
    0.698551536439));
#4373 = CARTESIAN_POINT('',(1.645550351716,-0.384484921485,0.7));
#4374 = CARTESIAN_POINT('',(1.693325527575,-0.4,0.7));
#4375 = ORIENTED_EDGE('',*,*,#4376,.F.);
#4376 = EDGE_CURVE('',#4377,#4368,#4379,.T.);
#4377 = VERTEX_POINT('',#4378);
#4378 = CARTESIAN_POINT('',(1.693325527575,-0.4,0.85));
#4379 = B_SPLINE_CURVE_WITH_KNOTS('',1,(#4380,#4381),.UNSPECIFIED.,.F.,
  .F.,(2,2),(0.,1.),.PIECEWISE_BEZIER_KNOTS.);
#4380 = CARTESIAN_POINT('',(1.693325527575,-0.4,0.85));
#4381 = CARTESIAN_POINT('',(1.693325527575,-0.4,0.7));
#4382 = ORIENTED_EDGE('',*,*,#4383,.F.);
#4383 = EDGE_CURVE('',#4384,#4377,#4386,.T.);
#4384 = VERTEX_POINT('',#4385);
#4385 = CARTESIAN_POINT('',(1.55,-0.325957121653,0.843087334019));
#4386 = B_SPLINE_CURVE_WITH_KNOTS('',3,(#4387,#4388,#4389,#4390),
  .UNSPECIFIED.,.F.,.F.,(4,4),(0.,1.),.PIECEWISE_BEZIER_KNOTS.);
#4387 = CARTESIAN_POINT('',(1.55,-0.325957121653,0.843087334019));
#4388 = CARTESIAN_POINT('',(1.597775545966,-0.35035243404,0.847682493901
    ));
#4389 = CARTESIAN_POINT('',(1.645549981609,-0.375175682067,0.85));
#4390 = CARTESIAN_POINT('',(1.693325527575,-0.4,0.85));
#4391 = ORIENTED_EDGE('',*,*,#4392,.T.);
#4392 = EDGE_CURVE('',#4384,#4366,#4393,.T.);
#4393 = B_SPLINE_CURVE_WITH_KNOTS('',3,(#4394,#4395,#4396,#4397),
  .UNSPECIFIED.,.F.,.F.,(4,4),(0.,1.),.PIECEWISE_BEZIER_KNOTS.);
#4394 = CARTESIAN_POINT('',(1.55,-0.325957121653,0.843087334019));
#4395 = CARTESIAN_POINT('',(1.55,-0.335212481446,0.793951417266));
#4396 = CARTESIAN_POINT('',(1.55,-0.34446784124,0.744815500514));
#4397 = CARTESIAN_POINT('',(1.55,-0.353723201033,0.695679583762));
#4398 = B_SPLINE_SURFACE_WITH_KNOTS('',1,3,(
    (#4399,#4400,#4401,#4402)
    ,(#4403,#4404,#4405,#4406
    )),.UNSPECIFIED.,.F.,.F.,.F.,(2,2),(4,4),(0.,1.),(0.,1.),
  .PIECEWISE_BEZIER_KNOTS.);
#4399 = CARTESIAN_POINT('',(1.55,-0.325957121653,0.843087334019));
#4400 = CARTESIAN_POINT('',(1.597775545966,-0.35035243404,0.847682493901
    ));
#4401 = CARTESIAN_POINT('',(1.645549981609,-0.375175682067,0.85));
#4402 = CARTESIAN_POINT('',(1.693325527575,-0.4,0.85));
#4403 = CARTESIAN_POINT('',(1.55,-0.353723201033,0.695679583762));
#4404 = CARTESIAN_POINT('',(1.597775342958,-0.368970206487,
    0.698551546484));
#4405 = CARTESIAN_POINT('',(1.645550184617,-0.384484867219,0.7));
#4406 = CARTESIAN_POINT('',(1.693325527575,-0.4,0.7));
#4407 = ADVANCED_FACE('',(#4408),#4442,.F.);
#4408 = FACE_BOUND('',#4409,.F.);
#4409 = EDGE_LOOP('',(#4410,#4421,#4428,#4437));
#4410 = ORIENTED_EDGE('',*,*,#4411,.T.);
#4411 = EDGE_CURVE('',#4412,#4414,#4416,.T.);
#4412 = VERTEX_POINT('',#4413);
#4413 = CARTESIAN_POINT('',(-2.663977241855,-0.4,0.7));
#4414 = VERTEX_POINT('',#4415);
#4415 = CARTESIAN_POINT('',(-2.6,-0.391917711479,0.69986931907));
#4416 = B_SPLINE_CURVE_WITH_KNOTS('',3,(#4417,#4418,#4419,#4420),
  .UNSPECIFIED.,.F.,.F.,(4,4),(0.,1.),.PIECEWISE_BEZIER_KNOTS.);
#4417 = CARTESIAN_POINT('',(-2.663977241855,-0.4,0.7));
#4418 = CARTESIAN_POINT('',(-2.642945968647,-0.395281238138,0.7));
#4419 = CARTESIAN_POINT('',(-2.621620221361,-0.392587730588,
    0.699890991549));
#4420 = CARTESIAN_POINT('',(-2.6,-0.391917711479,0.69986931907));
#4421 = ORIENTED_EDGE('',*,*,#4422,.F.);
#4422 = EDGE_CURVE('',#4423,#4414,#4425,.T.);
#4423 = VERTEX_POINT('',#4424);
#4424 = CARTESIAN_POINT('',(-2.6,-0.387068338367,0.849790910511));
#4425 = B_SPLINE_CURVE_WITH_KNOTS('',1,(#4426,#4427),.UNSPECIFIED.,.F.,
  .F.,(2,2),(0.,1.),.PIECEWISE_BEZIER_KNOTS.);
#4426 = CARTESIAN_POINT('',(-2.6,-0.387068338367,0.849790910511));
#4427 = CARTESIAN_POINT('',(-2.6,-0.391917711479,0.69986931907));
#4428 = ORIENTED_EDGE('',*,*,#4429,.F.);
#4429 = EDGE_CURVE('',#4430,#4423,#4432,.T.);
#4430 = VERTEX_POINT('',#4431);
#4431 = CARTESIAN_POINT('',(-2.663977241855,-0.4,0.85));
#4432 = B_SPLINE_CURVE_WITH_KNOTS('',3,(#4433,#4434,#4435,#4436),
  .UNSPECIFIED.,.F.,.F.,(4,4),(0.,1.),.PIECEWISE_BEZIER_KNOTS.);
#4433 = CARTESIAN_POINT('',(-2.663977241855,-0.4,0.85));
#4434 = CARTESIAN_POINT('',(-2.6429457645,-0.392449907735,0.85));
#4435 = CARTESIAN_POINT('',(-2.621620336388,-0.388140374645,
    0.849825586663));
#4436 = CARTESIAN_POINT('',(-2.6,-0.387068338367,0.849790910511));
#4437 = ORIENTED_EDGE('',*,*,#4438,.F.);
#4438 = EDGE_CURVE('',#4412,#4430,#4439,.T.);
#4439 = B_SPLINE_CURVE_WITH_KNOTS('',1,(#4440,#4441),.UNSPECIFIED.,.F.,
  .F.,(2,2),(0.,1.),.PIECEWISE_BEZIER_KNOTS.);
#4440 = CARTESIAN_POINT('',(-2.663977241855,-0.4,0.7));
#4441 = CARTESIAN_POINT('',(-2.663977241855,-0.4,0.85));
#4442 = B_SPLINE_SURFACE_WITH_KNOTS('',1,3,(
    (#4443,#4444,#4445,#4446)
    ,(#4447,#4448,#4449,#4450
    )),.UNSPECIFIED.,.F.,.F.,.F.,(2,2),(4,4),(0.,1.),(0.,1.),
  .PIECEWISE_BEZIER_KNOTS.);
#4443 = CARTESIAN_POINT('',(-2.663977241855,-0.4,0.85));
#4444 = CARTESIAN_POINT('',(-2.6429457645,-0.392449907735,0.85));
#4445 = CARTESIAN_POINT('',(-2.621620336388,-0.388140374645,
    0.849825586663));
#4446 = CARTESIAN_POINT('',(-2.6,-0.387068338367,0.849790910511));
#4447 = CARTESIAN_POINT('',(-2.663977241855,-0.4,0.7));
#4448 = CARTESIAN_POINT('',(-2.642945877509,-0.39528121769,0.7));
#4449 = CARTESIAN_POINT('',(-2.62162027432,-0.392587732229,
    0.699890991602));
#4450 = CARTESIAN_POINT('',(-2.6,-0.391917711479,0.69986931907));
#4451 = ADVANCED_FACE('',(#4452),#4478,.F.);
#4452 = FACE_BOUND('',#4453,.T.);
#4453 = EDGE_LOOP('',(#4454,#4455,#4463,#4472));
#4454 = ORIENTED_EDGE('',*,*,#4422,.F.);
#4455 = ORIENTED_EDGE('',*,*,#4456,.T.);
#4456 = EDGE_CURVE('',#4423,#4457,#4459,.T.);
#4457 = VERTEX_POINT('',#4458);
#4458 = CARTESIAN_POINT('',(-1.75,-0.387068338367,0.849790910511));
#4459 = LINE('',#4460,#4461);
#4460 = CARTESIAN_POINT('',(3.739670450694,-0.387068338367,
    0.849790910511));
#4461 = VECTOR('',#4462,1.);
#4462 = DIRECTION('',(1.,-0.,-0.));
#4463 = ORIENTED_EDGE('',*,*,#4464,.T.);
#4464 = EDGE_CURVE('',#4457,#4465,#4467,.T.);
#4465 = VERTEX_POINT('',#4466);
#4466 = CARTESIAN_POINT('',(-1.75,-0.391917711479,0.69986931907));
#4467 = B_SPLINE_CURVE_WITH_KNOTS('',3,(#4468,#4469,#4470,#4471),
  .UNSPECIFIED.,.F.,.F.,(4,4),(0.,1.),.PIECEWISE_BEZIER_KNOTS.);
#4468 = CARTESIAN_POINT('',(-1.75,-0.387068338367,0.849790910511));
#4469 = CARTESIAN_POINT('',(-1.75,-0.388684796071,0.799817046697));
#4470 = CARTESIAN_POINT('',(-1.75,-0.390301253775,0.749843182883));
#4471 = CARTESIAN_POINT('',(-1.75,-0.391917711479,0.69986931907));
#4472 = ORIENTED_EDGE('',*,*,#4473,.F.);
#4473 = EDGE_CURVE('',#4414,#4465,#4474,.T.);
#4474 = LINE('',#4475,#4476);
#4475 = CARTESIAN_POINT('',(-1.75,-0.391917711479,0.69986931907));
#4476 = VECTOR('',#4477,1.);
#4477 = DIRECTION('',(1.,-0.,-0.));
#4478 = PLANE('',#4479);
#4479 = AXIS2_PLACEMENT_3D('',#4480,#4481,#4482);
#4480 = CARTESIAN_POINT('',(-2.175,-0.391917711479,0.69986931907));
#4481 = DIRECTION('',(0.,-0.999477276278,3.232915408336E-02));
#4482 = DIRECTION('',(1.,0.,0.));
#4483 = ADVANCED_FACE('',(#4484),#4510,.F.);
#4484 = FACE_BOUND('',#4485,.F.);
#4485 = EDGE_LOOP('',(#4486,#4495,#4502,#4509));
#4486 = ORIENTED_EDGE('',*,*,#4487,.T.);
#4487 = EDGE_CURVE('',#4465,#4488,#4490,.T.);
#4488 = VERTEX_POINT('',#4489);
#4489 = CARTESIAN_POINT('',(-1.6,-0.281490038729,0.670125848277));
#4490 = B_SPLINE_CURVE_WITH_KNOTS('',3,(#4491,#4492,#4493,#4494),
  .UNSPECIFIED.,.F.,.F.,(4,4),(0.,1.),.PIECEWISE_BEZIER_KNOTS.);
#4491 = CARTESIAN_POINT('',(-1.75,-0.391917711479,0.69986931907));
#4492 = CARTESIAN_POINT('',(-1.7,-0.353476277776,0.698625890066));
#4493 = CARTESIAN_POINT('',(-1.65,-0.315355553849,0.688358150011));
#4494 = CARTESIAN_POINT('',(-1.6,-0.281490038729,0.670125848277));
#4495 = ORIENTED_EDGE('',*,*,#4496,.F.);
#4496 = EDGE_CURVE('',#4497,#4488,#4499,.T.);
#4497 = VERTEX_POINT('',#4498);
#4498 = CARTESIAN_POINT('',(-1.6,-0.210384061967,0.802201357243));
#4499 = B_SPLINE_CURVE_WITH_KNOTS('',1,(#4500,#4501),.UNSPECIFIED.,.F.,
  .F.,(2,2),(0.,1.),.PIECEWISE_BEZIER_KNOTS.);
#4500 = CARTESIAN_POINT('',(-1.6,-0.210384061967,0.802201357243));
#4501 = CARTESIAN_POINT('',(-1.6,-0.281490038729,0.670125848277));
#4502 = ORIENTED_EDGE('',*,*,#4503,.F.);
#4503 = EDGE_CURVE('',#4457,#4497,#4504,.T.);
#4504 = B_SPLINE_CURVE_WITH_KNOTS('',3,(#4505,#4506,#4507,#4508),
  .UNSPECIFIED.,.F.,.F.,(4,4),(0.,1.),.PIECEWISE_BEZIER_KNOTS.);
#4505 = CARTESIAN_POINT('',(-1.75,-0.387068338367,0.849790910511));
#4506 = CARTESIAN_POINT('',(-1.699965148201,-0.325519172342,
    0.847800037363));
#4507 = CARTESIAN_POINT('',(-1.650034851799,-0.26460665493,0.83139337373
    ));
#4508 = CARTESIAN_POINT('',(-1.6,-0.210384061967,0.802201357243));
#4509 = ORIENTED_EDGE('',*,*,#4464,.T.);
#4510 = B_SPLINE_SURFACE_WITH_KNOTS('',1,3,(
    (#4511,#4512,#4513,#4514)
    ,(#4515,#4516,#4517,#4518
    )),.UNSPECIFIED.,.F.,.F.,.F.,(2,2),(4,4),(0.,1.),(0.,1.),
  .PIECEWISE_BEZIER_KNOTS.);
#4511 = CARTESIAN_POINT('',(-1.75,-0.387068338367,0.849790910511));
#4512 = CARTESIAN_POINT('',(-1.699965148201,-0.325519172342,
    0.847800037363));
#4513 = CARTESIAN_POINT('',(-1.650034851799,-0.26460665493,0.83139337373
    ));
#4514 = CARTESIAN_POINT('',(-1.6,-0.210384061967,0.802201357243));
#4515 = CARTESIAN_POINT('',(-1.75,-0.391917711479,0.69986931907));
#4516 = CARTESIAN_POINT('',(-1.699977089626,-0.353458663623,
    0.698625320318));
#4517 = CARTESIAN_POINT('',(-1.650022910374,-0.315371071282,
    0.688366504188));
#4518 = CARTESIAN_POINT('',(-1.6,-0.281490038729,0.670125848277));
#4519 = ADVANCED_FACE('',(#4520),#4538,.F.);
#4520 = FACE_BOUND('',#4521,.T.);
#4521 = EDGE_LOOP('',(#4522,#4523,#4530,#4531));
#4522 = ORIENTED_EDGE('',*,*,#4496,.F.);
#4523 = ORIENTED_EDGE('',*,*,#4524,.T.);
#4524 = EDGE_CURVE('',#4497,#4260,#4525,.T.);
#4525 = CIRCLE('',#4526,0.4);
#4526 = AXIS2_PLACEMENT_3D('',#4527,#4528,#4529);
#4527 = CARTESIAN_POINT('',(-1.6,-0.4,0.45));
#4528 = DIRECTION('',(-1.,0.,0.));
#4529 = DIRECTION('',(0.,0.,1.));
#4530 = ORIENTED_EDGE('',*,*,#4297,.F.);
#4531 = ORIENTED_EDGE('',*,*,#4532,.F.);
#4532 = EDGE_CURVE('',#4488,#4290,#4533,.T.);
#4533 = CIRCLE('',#4534,0.25);
#4534 = AXIS2_PLACEMENT_3D('',#4535,#4536,#4537);
#4535 = CARTESIAN_POINT('',(-1.6,-0.4,0.45));
#4536 = DIRECTION('',(-1.,0.,-0.));
#4537 = DIRECTION('',(0.,0.,-1.));
#4538 = PLANE('',#4539);
#4539 = AXIS2_PLACEMENT_3D('',#4540,#4541,#4542);
#4540 = CARTESIAN_POINT('',(-1.6,-0.4,0.45));
#4541 = DIRECTION('',(1.,-0.,0.));
#4542 = DIRECTION('',(0.,0.,-1.));
#4543 = ADVANCED_FACE('',(#4544),#4571,.F.);
#4544 = FACE_BOUND('',#4545,.T.);
#4545 = EDGE_LOOP('',(#4546,#4547,#4556,#4564));
#4546 = ORIENTED_EDGE('',*,*,#4321,.F.);
#4547 = ORIENTED_EDGE('',*,*,#4548,.T.);
#4548 = EDGE_CURVE('',#4242,#4549,#4551,.T.);
#4549 = VERTEX_POINT('',#4550);
#4550 = CARTESIAN_POINT('',(0.3,-4.72439843256E-03,0.511295993389));
#4551 = CIRCLE('',#4552,0.4);
#4552 = AXIS2_PLACEMENT_3D('',#4553,#4554,#4555);
#4553 = CARTESIAN_POINT('',(0.3,-0.4,0.45));
#4554 = DIRECTION('',(1.,0.,-0.));
#4555 = DIRECTION('',(0.,1.328147661295E-14,1.));
#4556 = ORIENTED_EDGE('',*,*,#4557,.T.);
#4557 = EDGE_CURVE('',#4549,#4558,#4560,.T.);
#4558 = VERTEX_POINT('',#4559);
#4559 = CARTESIAN_POINT('',(0.3,-0.15295274902,0.488309995868));
#4560 = LINE('',#4561,#4562);
#4561 = CARTESIAN_POINT('',(0.3,-0.15295274902,0.488309995868));
#4562 = VECTOR('',#4563,1.);
#4563 = DIRECTION('',(-0.,-0.988189003919,-0.153239983472));
#4564 = ORIENTED_EDGE('',*,*,#4565,.F.);
#4565 = EDGE_CURVE('',#4322,#4558,#4566,.T.);
#4566 = CIRCLE('',#4567,0.25);
#4567 = AXIS2_PLACEMENT_3D('',#4568,#4569,#4570);
#4568 = CARTESIAN_POINT('',(0.3,-0.4,0.45));
#4569 = DIRECTION('',(1.,0.,-0.));
#4570 = DIRECTION('',(0.,0.,1.));
#4571 = PLANE('',#4572);
#4572 = AXIS2_PLACEMENT_3D('',#4573,#4574,#4575);
#4573 = CARTESIAN_POINT('',(0.3,-0.4,0.45));
#4574 = DIRECTION('',(-1.,0.,0.));
#4575 = DIRECTION('',(0.,0.,1.));
#4576 = ADVANCED_FACE('',(#4577),#4603,.F.);
#4577 = FACE_BOUND('',#4578,.T.);
#4578 = EDGE_LOOP('',(#4579,#4580,#4588,#4597));
#4579 = ORIENTED_EDGE('',*,*,#4557,.F.);
#4580 = ORIENTED_EDGE('',*,*,#4581,.T.);
#4581 = EDGE_CURVE('',#4549,#4582,#4584,.T.);
#4582 = VERTEX_POINT('',#4583);
#4583 = CARTESIAN_POINT('',(0.1,-4.72439843256E-03,0.511295993389));
#4584 = LINE('',#4585,#4586);
#4585 = CARTESIAN_POINT('',(3.739670450694,-4.72439843256E-03,
    0.511295993389));
#4586 = VECTOR('',#4587,1.);
#4587 = DIRECTION('',(-1.,0.,0.));
#4588 = ORIENTED_EDGE('',*,*,#4589,.T.);
#4589 = EDGE_CURVE('',#4582,#4590,#4592,.T.);
#4590 = VERTEX_POINT('',#4591);
#4591 = CARTESIAN_POINT('',(0.1,-0.15295274902,0.488309995868));
#4592 = B_SPLINE_CURVE_WITH_KNOTS('',3,(#4593,#4594,#4595,#4596),
  .UNSPECIFIED.,.F.,.F.,(4,4),(0.,1.),.PIECEWISE_BEZIER_KNOTS.);
#4593 = CARTESIAN_POINT('',(0.1,-4.72439843256E-03,0.511295993389));
#4594 = CARTESIAN_POINT('',(0.1,-5.413384862849E-02,0.503633994215));
#4595 = CARTESIAN_POINT('',(0.1,-0.103543298824,0.495971995041));
#4596 = CARTESIAN_POINT('',(0.1,-0.15295274902,0.488309995868));
#4597 = ORIENTED_EDGE('',*,*,#4598,.F.);
#4598 = EDGE_CURVE('',#4558,#4590,#4599,.T.);
#4599 = LINE('',#4600,#4601);
#4600 = CARTESIAN_POINT('',(0.1,-0.15295274902,0.488309995868));
#4601 = VECTOR('',#4602,1.);
#4602 = DIRECTION('',(-1.,-2.710505431214E-16,1.084202172486E-15));
#4603 = PLANE('',#4604);
#4604 = AXIS2_PLACEMENT_3D('',#4605,#4606,#4607);
#4605 = CARTESIAN_POINT('',(0.2,-0.15295274902,0.488309995868));
#4606 = DIRECTION('',(-1.112932445622E-15,0.153239983472,-0.988189003919
    ));
#4607 = DIRECTION('',(-1.,-2.710505431213E-16,1.084202172485E-15));
#4608 = ADVANCED_FACE('',(#4609),#4635,.F.);
#4609 = FACE_BOUND('',#4610,.F.);
#4610 = EDGE_LOOP('',(#4611,#4620,#4627,#4634));
#4611 = ORIENTED_EDGE('',*,*,#4612,.T.);
#4612 = EDGE_CURVE('',#4590,#4613,#4615,.T.);
#4613 = VERTEX_POINT('',#4614);
#4614 = CARTESIAN_POINT('',(0.,-0.176157889927,0.561331530836));
#4615 = B_SPLINE_CURVE_WITH_KNOTS('',3,(#4616,#4617,#4618,#4619),
  .UNSPECIFIED.,.F.,.F.,(4,4),(0.,1.),.PIECEWISE_BEZIER_KNOTS.);
#4616 = CARTESIAN_POINT('',(0.1,-0.15295274902,0.488309995868));
#4617 = CARTESIAN_POINT('',(6.666666666667E-02,-0.156881979366,
    0.513648175456));
#4618 = CARTESIAN_POINT('',(3.333333333333E-02,-0.16473927138,
    0.5383733657));
#4619 = CARTESIAN_POINT('',(0.,-0.176157889927,0.561331530836));
#4620 = ORIENTED_EDGE('',*,*,#4621,.F.);
#4621 = EDGE_CURVE('',#4622,#4613,#4624,.T.);
#4622 = VERTEX_POINT('',#4623);
#4623 = CARTESIAN_POINT('',(0.,-4.185262388385E-02,0.628130449337));
#4624 = B_SPLINE_CURVE_WITH_KNOTS('',1,(#4625,#4626),.UNSPECIFIED.,.F.,
  .F.,(2,2),(0.,1.),.PIECEWISE_BEZIER_KNOTS.);
#4625 = CARTESIAN_POINT('',(0.,-4.185262388385E-02,0.628130449337));
#4626 = CARTESIAN_POINT('',(0.,-0.176157889927,0.561331530836));
#4627 = ORIENTED_EDGE('',*,*,#4628,.F.);
#4628 = EDGE_CURVE('',#4582,#4622,#4629,.T.);
#4629 = B_SPLINE_CURVE_WITH_KNOTS('',3,(#4630,#4631,#4632,#4633),
  .UNSPECIFIED.,.F.,.F.,(4,4),(0.,1.),.PIECEWISE_BEZIER_KNOTS.);
#4630 = CARTESIAN_POINT('',(0.1,-4.72439843256E-03,0.511295993389));
#4631 = CARTESIAN_POINT('',(6.666159959391E-02,-1.101212265065E-02,
    0.551843243468));
#4632 = CARTESIAN_POINT('',(3.333840040609E-02,-2.358005697762E-02,
    0.591391801247));
#4633 = CARTESIAN_POINT('',(0.,-4.185262388385E-02,0.628130449337));
#4634 = ORIENTED_EDGE('',*,*,#4589,.T.);
#4635 = B_SPLINE_SURFACE_WITH_KNOTS('',1,3,(
    (#4636,#4637,#4638,#4639)
    ,(#4640,#4641,#4642,#4643
    )),.UNSPECIFIED.,.F.,.F.,.F.,(2,2),(4,4),(0.,1.),(0.,1.),
  .PIECEWISE_BEZIER_KNOTS.);
#4636 = CARTESIAN_POINT('',(0.1,-4.72439843256E-03,0.511295993389));
#4637 = CARTESIAN_POINT('',(6.666159959391E-02,-1.101212265065E-02,
    0.551843243468));
#4638 = CARTESIAN_POINT('',(3.333840040609E-02,-2.358005697762E-02,
    0.591391801247));
#4639 = CARTESIAN_POINT('',(0.,-4.185262388385E-02,0.628130449337));
#4640 = CARTESIAN_POINT('',(0.1,-0.15295274902,0.488309995868));
#4641 = CARTESIAN_POINT('',(6.666344241391E-02,-0.156882359431,
    0.513650626356));
#4642 = CARTESIAN_POINT('',(3.333655758609E-02,-0.164738166885,
    0.538371145012));
#4643 = CARTESIAN_POINT('',(0.,-0.176157889927,0.561331530836));
#4644 = ADVANCED_FACE('',(#4645),#4673,.F.);
#4645 = FACE_BOUND('',#4646,.T.);
#4646 = EDGE_LOOP('',(#4647,#4648,#4657,#4666));
#4647 = ORIENTED_EDGE('',*,*,#4621,.F.);
#4648 = ORIENTED_EDGE('',*,*,#4649,.T.);
#4649 = EDGE_CURVE('',#4622,#4650,#4652,.T.);
#4650 = VERTEX_POINT('',#4651);
#4651 = CARTESIAN_POINT('',(0.,-0.210384061967,0.802201357243));
#4652 = CIRCLE('',#4653,0.4);
#4653 = AXIS2_PLACEMENT_3D('',#4654,#4655,#4656);
#4654 = CARTESIAN_POINT('',(0.,-0.4,0.45));
#4655 = DIRECTION('',(1.,0.,0.));
#4656 = DIRECTION('',(0.,-5.285485590867E-15,1.));
#4657 = ORIENTED_EDGE('',*,*,#4658,.T.);
#4658 = EDGE_CURVE('',#4650,#4659,#4661,.T.);
#4659 = VERTEX_POINT('',#4660);
#4660 = CARTESIAN_POINT('',(0.,-0.281490038729,0.670125848277));
#4661 = B_SPLINE_CURVE_WITH_KNOTS('',3,(#4662,#4663,#4664,#4665),
  .UNSPECIFIED.,.F.,.F.,(4,4),(0.,1.),.PIECEWISE_BEZIER_KNOTS.);
#4662 = CARTESIAN_POINT('',(0.,-0.210384061967,0.802201357243));
#4663 = CARTESIAN_POINT('',(0.,-0.234086054221,0.758176187588));
#4664 = CARTESIAN_POINT('',(0.,-0.257788046475,0.714151017932));
#4665 = CARTESIAN_POINT('',(0.,-0.281490038729,0.670125848277));
#4666 = ORIENTED_EDGE('',*,*,#4667,.F.);
#4667 = EDGE_CURVE('',#4613,#4659,#4668,.T.);
#4668 = CIRCLE('',#4669,0.25);
#4669 = AXIS2_PLACEMENT_3D('',#4670,#4671,#4672);
#4670 = CARTESIAN_POINT('',(0.,-0.4,0.45));
#4671 = DIRECTION('',(1.,0.,-0.));
#4672 = DIRECTION('',(0.,0.,1.));
#4673 = PLANE('',#4674);
#4674 = AXIS2_PLACEMENT_3D('',#4675,#4676,#4677);
#4675 = CARTESIAN_POINT('',(0.,-0.4,0.45));
#4676 = DIRECTION('',(-1.,0.,0.));
#4677 = DIRECTION('',(0.,0.,1.));
#4678 = ADVANCED_FACE('',(#4679),#4705,.F.);
#4679 = FACE_BOUND('',#4680,.F.);
#4680 = EDGE_LOOP('',(#4681,#4690,#4697,#4704));
#4681 = ORIENTED_EDGE('',*,*,#4682,.T.);
#4682 = EDGE_CURVE('',#4659,#4683,#4685,.T.);
#4683 = VERTEX_POINT('',#4684);
#4684 = CARTESIAN_POINT('',(0.1,-0.353723201033,0.695679583762));
#4685 = B_SPLINE_CURVE_WITH_KNOTS('',3,(#4686,#4687,#4688,#4689),
  .UNSPECIFIED.,.F.,.F.,(4,4),(0.,1.),.PIECEWISE_BEZIER_KNOTS.);
#4686 = CARTESIAN_POINT('',(0.,-0.281490038729,0.670125848277));
#4687 = CARTESIAN_POINT('',(3.333333333333E-02,-0.304067048809,
    0.6822807161));
#4688 = CARTESIAN_POINT('',(6.666666666667E-02,-0.328525295006,
    0.690933245406));
#4689 = CARTESIAN_POINT('',(0.1,-0.353723201033,0.695679583762));
#4690 = ORIENTED_EDGE('',*,*,#4691,.F.);
#4691 = EDGE_CURVE('',#4692,#4683,#4694,.T.);
#4692 = VERTEX_POINT('',#4693);
#4693 = CARTESIAN_POINT('',(0.1,-0.325957121653,0.843087334019));
#4694 = B_SPLINE_CURVE_WITH_KNOTS('',1,(#4695,#4696),.UNSPECIFIED.,.F.,
  .F.,(2,2),(0.,1.),.PIECEWISE_BEZIER_KNOTS.);
#4695 = CARTESIAN_POINT('',(0.1,-0.325957121653,0.843087334019));
#4696 = CARTESIAN_POINT('',(0.1,-0.353723201033,0.695679583762));
#4697 = ORIENTED_EDGE('',*,*,#4698,.F.);
#4698 = EDGE_CURVE('',#4650,#4692,#4699,.T.);
#4699 = B_SPLINE_CURVE_WITH_KNOTS('',3,(#4700,#4701,#4702,#4703),
  .UNSPECIFIED.,.F.,.F.,(4,4),(0.,1.),.PIECEWISE_BEZIER_KNOTS.);
#4700 = CARTESIAN_POINT('',(0.,-0.210384061967,0.802201357243));
#4701 = CARTESIAN_POINT('',(3.333840040609E-02,-0.246512769264,
    0.82165210206));
#4702 = CARTESIAN_POINT('',(6.666159959391E-02,-0.285634343388,
    0.835492038248));
#4703 = CARTESIAN_POINT('',(0.1,-0.325957121653,0.843087334019));
#4704 = ORIENTED_EDGE('',*,*,#4658,.T.);
#4705 = B_SPLINE_SURFACE_WITH_KNOTS('',1,3,(
    (#4706,#4707,#4708,#4709)
    ,(#4710,#4711,#4712,#4713
    )),.UNSPECIFIED.,.F.,.F.,.F.,(2,2),(4,4),(0.,1.),(0.,1.),
  .PIECEWISE_BEZIER_KNOTS.);
#4706 = CARTESIAN_POINT('',(0.,-0.210384061967,0.802201357243));
#4707 = CARTESIAN_POINT('',(3.333840040609E-02,-0.246512769264,
    0.82165210206));
#4708 = CARTESIAN_POINT('',(6.666159959391E-02,-0.285634343388,
    0.835492038248));
#4709 = CARTESIAN_POINT('',(0.1,-0.325957121653,0.843087334019));
#4710 = CARTESIAN_POINT('',(0.,-0.281490038729,0.670125848277));
#4711 = CARTESIAN_POINT('',(3.333655758609E-02,-0.304069232629,
    0.682281891811));
#4712 = CARTESIAN_POINT('',(6.666344241391E-02,-0.328522857674,
    0.690932786304));
#4713 = CARTESIAN_POINT('',(0.1,-0.353723201033,0.695679583762));
#4714 = ADVANCED_FACE('',(#4715),#4731,.F.);
#4715 = FACE_BOUND('',#4716,.T.);
#4716 = EDGE_LOOP('',(#4717,#4723,#4724,#4730));
#4717 = ORIENTED_EDGE('',*,*,#4718,.T.);
#4718 = EDGE_CURVE('',#4692,#4384,#4719,.T.);
#4719 = LINE('',#4720,#4721);
#4720 = CARTESIAN_POINT('',(3.739670450694,-0.325957121653,
    0.843087334019));
#4721 = VECTOR('',#4722,1.);
#4722 = DIRECTION('',(1.,-0.,-0.));
#4723 = ORIENTED_EDGE('',*,*,#4392,.T.);
#4724 = ORIENTED_EDGE('',*,*,#4725,.F.);
#4725 = EDGE_CURVE('',#4683,#4366,#4726,.T.);
#4726 = LINE('',#4727,#4728);
#4727 = CARTESIAN_POINT('',(1.55,-0.353723201033,0.695679583762));
#4728 = VECTOR('',#4729,1.);
#4729 = DIRECTION('',(1.,-3.738628180984E-17,-0.));
#4730 = ORIENTED_EDGE('',*,*,#4691,.F.);
#4731 = PLANE('',#4732);
#4732 = AXIS2_PLACEMENT_3D('',#4733,#4734,#4735);
#4733 = CARTESIAN_POINT('',(0.825,-0.353723201033,0.695679583762));
#4734 = DIRECTION('',(-3.674018461378E-17,-0.982718335047,0.185107195868
    ));
#4735 = DIRECTION('',(1.,-3.738628180985E-17,1.127072084026E-30));
#4736 = ADVANCED_FACE('',(#4737),#4757,.F.);
#4737 = FACE_BOUND('',#4738,.F.);
#4738 = EDGE_LOOP('',(#4739,#4740,#4741,#4742,#4743,#4744,#4745,#4746,
    #4747,#4748,#4754,#4755,#4756));
#4739 = ORIENTED_EDGE('',*,*,#4667,.F.);
#4740 = ORIENTED_EDGE('',*,*,#4612,.F.);
#4741 = ORIENTED_EDGE('',*,*,#4598,.F.);
#4742 = ORIENTED_EDGE('',*,*,#4565,.F.);
#4743 = ORIENTED_EDGE('',*,*,#4350,.T.);
#4744 = ORIENTED_EDGE('',*,*,#4532,.F.);
#4745 = ORIENTED_EDGE('',*,*,#4487,.F.);
#4746 = ORIENTED_EDGE('',*,*,#4473,.F.);
#4747 = ORIENTED_EDGE('',*,*,#4411,.F.);
#4748 = ORIENTED_EDGE('',*,*,#4749,.F.);
#4749 = EDGE_CURVE('',#4368,#4412,#4750,.T.);
#4750 = LINE('',#4751,#4752);
#4751 = CARTESIAN_POINT('',(0.1,-0.4,0.7));
#4752 = VECTOR('',#4753,1.);
#4753 = DIRECTION('',(-1.,-0.,0.));
#4754 = ORIENTED_EDGE('',*,*,#4365,.F.);
#4755 = ORIENTED_EDGE('',*,*,#4725,.F.);
#4756 = ORIENTED_EDGE('',*,*,#4682,.F.);
#4757 = CYLINDRICAL_SURFACE('',#4758,0.25);
#4758 = AXIS2_PLACEMENT_3D('',#4759,#4760,#4761);
#4759 = CARTESIAN_POINT('',(3.739670450694,-0.4,0.45));
#4760 = DIRECTION('',(-1.,0.,0.));
#4761 = DIRECTION('',(0.,0.,1.));
#4762 = ADVANCED_FACE('',(#4763),#4783,.T.);
#4763 = FACE_BOUND('',#4764,.T.);
#4764 = EDGE_LOOP('',(#4765,#4766,#4767,#4768,#4769,#4770,#4771,#4772,
    #4773,#4774,#4775,#4781,#4782));
#4765 = ORIENTED_EDGE('',*,*,#4698,.F.);
#4766 = ORIENTED_EDGE('',*,*,#4649,.F.);
#4767 = ORIENTED_EDGE('',*,*,#4628,.F.);
#4768 = ORIENTED_EDGE('',*,*,#4581,.F.);
#4769 = ORIENTED_EDGE('',*,*,#4548,.F.);
#4770 = ORIENTED_EDGE('',*,*,#4267,.T.);
#4771 = ORIENTED_EDGE('',*,*,#4524,.F.);
#4772 = ORIENTED_EDGE('',*,*,#4503,.F.);
#4773 = ORIENTED_EDGE('',*,*,#4456,.F.);
#4774 = ORIENTED_EDGE('',*,*,#4429,.F.);
#4775 = ORIENTED_EDGE('',*,*,#4776,.F.);
#4776 = EDGE_CURVE('',#4377,#4430,#4777,.T.);
#4777 = LINE('',#4778,#4779);
#4778 = CARTESIAN_POINT('',(0.1,-0.4,0.85));
#4779 = VECTOR('',#4780,1.);
#4780 = DIRECTION('',(-1.,-0.,0.));
#4781 = ORIENTED_EDGE('',*,*,#4383,.F.);
#4782 = ORIENTED_EDGE('',*,*,#4718,.F.);
#4783 = CYLINDRICAL_SURFACE('',#4784,0.4);
#4784 = AXIS2_PLACEMENT_3D('',#4785,#4786,#4787);
#4785 = CARTESIAN_POINT('',(3.739670450694,-0.4,0.45));
#4786 = DIRECTION('',(-1.,0.,0.));
#4787 = DIRECTION('',(0.,0.,1.));
#4788 = ADVANCED_FACE('',(#4789),#4823,.T.);
#4789 = FACE_BOUND('',#4790,.T.);
#4790 = EDGE_LOOP('',(#4791,#4801,#4809,#4817));
#4791 = ORIENTED_EDGE('',*,*,#4792,.F.);
#4792 = EDGE_CURVE('',#4793,#4795,#4797,.T.);
#4793 = VERTEX_POINT('',#4794);
#4794 = CARTESIAN_POINT('',(-2.675,-2.024672635684,0.15));
#4795 = VERTEX_POINT('',#4796);
#4796 = CARTESIAN_POINT('',(-1.875,-2.024672635684,0.15));
#4797 = LINE('',#4798,#4799);
#4798 = CARTESIAN_POINT('',(-2.675,-2.024672635684,0.15));
#4799 = VECTOR('',#4800,1.);
#4800 = DIRECTION('',(1.,0.,0.));
#4801 = ORIENTED_EDGE('',*,*,#4802,.F.);
#4802 = EDGE_CURVE('',#4803,#4793,#4805,.T.);
#4803 = VERTEX_POINT('',#4804);
#4804 = CARTESIAN_POINT('',(-2.675,-2.024672635684,0.3));
#4805 = LINE('',#4806,#4807);
#4806 = CARTESIAN_POINT('',(-2.675,-2.024672635684,0.3));
#4807 = VECTOR('',#4808,1.);
#4808 = DIRECTION('',(0.,1.047444401653E-14,-1.));
#4809 = ORIENTED_EDGE('',*,*,#4810,.T.);
#4810 = EDGE_CURVE('',#4803,#4811,#4813,.T.);
#4811 = VERTEX_POINT('',#4812);
#4812 = CARTESIAN_POINT('',(-1.875,-2.024672635684,0.3));
#4813 = LINE('',#4814,#4815);
#4814 = CARTESIAN_POINT('',(-2.675,-2.024672635684,0.3));
#4815 = VECTOR('',#4816,1.);
#4816 = DIRECTION('',(1.,0.,0.));
#4817 = ORIENTED_EDGE('',*,*,#4818,.T.);
#4818 = EDGE_CURVE('',#4811,#4795,#4819,.T.);
#4819 = LINE('',#4820,#4821);
#4820 = CARTESIAN_POINT('',(-1.875,-2.024672635684,0.3));
#4821 = VECTOR('',#4822,1.);
#4822 = DIRECTION('',(0.,1.047444401653E-14,-1.));
#4823 = PLANE('',#4824);
#4824 = AXIS2_PLACEMENT_3D('',#4825,#4826,#4827);
#4825 = CARTESIAN_POINT('',(-2.675,-2.024672635684,0.3));
#4826 = DIRECTION('',(-0.,1.,1.047444401653E-14));
#4827 = DIRECTION('',(1.,0.,0.));
#4828 = ADVANCED_FACE('',(#4829),#4853,.T.);
#4829 = FACE_BOUND('',#4830,.T.);
#4830 = EDGE_LOOP('',(#4831,#4837,#4846,#4852));
#4831 = ORIENTED_EDGE('',*,*,#4832,.F.);
#4832 = EDGE_CURVE('',#4217,#4793,#4833,.T.);
#4833 = LINE('',#4834,#4835);
#4834 = CARTESIAN_POINT('',(-2.8,-3.453429173529,0.15));
#4835 = VECTOR('',#4836,1.);
#4836 = DIRECTION('',(8.715574274764E-02,0.996194698092,
    1.043458559473E-14));
#4837 = ORIENTED_EDGE('',*,*,#4838,.T.);
#4838 = EDGE_CURVE('',#4217,#4839,#4841,.T.);
#4839 = VERTEX_POINT('',#4840);
#4840 = CARTESIAN_POINT('',(-2.680670889021,-2.089491193792,0.3));
#4841 = B_SPLINE_CURVE_WITH_KNOTS('',3,(#4842,#4843,#4844,#4845),
  .UNSPECIFIED.,.F.,.F.,(4,4),(0.,1.),.PIECEWISE_BEZIER_KNOTS.);
#4842 = CARTESIAN_POINT('',(-2.680670889021,-2.089491193792,0.15));
#4843 = CARTESIAN_POINT('',(-2.680670889021,-2.089491193792,0.2));
#4844 = CARTESIAN_POINT('',(-2.680670889021,-2.089491193792,0.25));
#4845 = CARTESIAN_POINT('',(-2.680670889021,-2.089491193792,0.3));
#4846 = ORIENTED_EDGE('',*,*,#4847,.T.);
#4847 = EDGE_CURVE('',#4839,#4803,#4848,.T.);
#4848 = LINE('',#4849,#4850);
#4849 = CARTESIAN_POINT('',(-2.8,-3.453429173529,0.3));
#4850 = VECTOR('',#4851,1.);
#4851 = DIRECTION('',(8.715574274764E-02,0.996194698092,
    1.043458559473E-14));
#4852 = ORIENTED_EDGE('',*,*,#4802,.T.);
#4853 = PLANE('',#4854);
#4854 = AXIS2_PLACEMENT_3D('',#4855,#4856,#4857);
#4855 = CARTESIAN_POINT('',(-2.8,-3.453429173529,0.3));
#4856 = DIRECTION('',(-0.996194698092,8.715574274764E-02,
    9.129079481292E-16));
#4857 = DIRECTION('',(8.715574274764E-02,0.996194698092,
    1.043458559473E-14));
#4858 = ADVANCED_FACE('',(#4859),#4883,.T.);
#4859 = FACE_BOUND('',#4860,.T.);
#4860 = EDGE_LOOP('',(#4861,#4869,#4876,#4882));
#4861 = ORIENTED_EDGE('',*,*,#4862,.T.);
#4862 = EDGE_CURVE('',#4811,#4863,#4865,.T.);
#4863 = VERTEX_POINT('',#4864);
#4864 = CARTESIAN_POINT('',(-1.869329110979,-2.089491193792,0.3));
#4865 = LINE('',#4866,#4867);
#4866 = CARTESIAN_POINT('',(-1.75,-3.453429173529,0.3));
#4867 = VECTOR('',#4868,1.);
#4868 = DIRECTION('',(8.715574274764E-02,-0.996194698092,
    -1.043458559473E-14));
#4869 = ORIENTED_EDGE('',*,*,#4870,.T.);
#4870 = EDGE_CURVE('',#4863,#4198,#4871,.T.);
#4871 = B_SPLINE_CURVE_WITH_KNOTS('',3,(#4872,#4873,#4874,#4875),
  .UNSPECIFIED.,.F.,.F.,(4,4),(0.,1.),.PIECEWISE_BEZIER_KNOTS.);
#4872 = CARTESIAN_POINT('',(-1.869329110979,-2.089491193792,0.3));
#4873 = CARTESIAN_POINT('',(-1.869329110979,-2.089491193792,0.25));
#4874 = CARTESIAN_POINT('',(-1.869329110979,-2.089491193792,0.2));
#4875 = CARTESIAN_POINT('',(-1.869329110979,-2.089491193792,0.15));
#4876 = ORIENTED_EDGE('',*,*,#4877,.F.);
#4877 = EDGE_CURVE('',#4795,#4198,#4878,.T.);
#4878 = LINE('',#4879,#4880);
#4879 = CARTESIAN_POINT('',(-1.75,-3.453429173529,0.15));
#4880 = VECTOR('',#4881,1.);
#4881 = DIRECTION('',(8.715574274764E-02,-0.996194698092,
    -1.043458559473E-14));
#4882 = ORIENTED_EDGE('',*,*,#4818,.F.);
#4883 = PLANE('',#4884);
#4884 = AXIS2_PLACEMENT_3D('',#4885,#4886,#4887);
#4885 = CARTESIAN_POINT('',(-1.75,-3.453429173529,0.3));
#4886 = DIRECTION('',(0.996194698092,8.715574274764E-02,
    9.129079481292E-16));
#4887 = DIRECTION('',(8.715574274764E-02,-0.996194698092,
    -1.043458559473E-14));
#4888 = ADVANCED_FACE('',(#4889),#4923,.T.);
#4889 = FACE_BOUND('',#4890,.T.);
#4890 = EDGE_LOOP('',(#4891,#4901,#4909,#4917));
#4891 = ORIENTED_EDGE('',*,*,#4892,.F.);
#4892 = EDGE_CURVE('',#4893,#4895,#4897,.T.);
#4893 = VERTEX_POINT('',#4894);
#4894 = CARTESIAN_POINT('',(0.15,-1.989491193792,3.904862254808E-02));
#4895 = VERTEX_POINT('',#4896);
#4896 = CARTESIAN_POINT('',(1.75,-1.989491193792,3.904862254808E-02));
#4897 = LINE('',#4898,#4899);
#4898 = CARTESIAN_POINT('',(1.75,-1.989491193792,3.904862254808E-02));
#4899 = VECTOR('',#4900,1.);
#4900 = DIRECTION('',(1.,0.,0.));
#4901 = ORIENTED_EDGE('',*,*,#4902,.F.);
#4902 = EDGE_CURVE('',#4903,#4893,#4905,.T.);
#4903 = VERTEX_POINT('',#4904);
#4904 = CARTESIAN_POINT('',(0.15,-1.839491193792,3.904862254809E-02));
#4905 = LINE('',#4906,#4907);
#4906 = CARTESIAN_POINT('',(0.15,-1.839491193792,3.904862254809E-02));
#4907 = VECTOR('',#4908,1.);
#4908 = DIRECTION('',(0.,-1.,-6.982962677686E-15));
#4909 = ORIENTED_EDGE('',*,*,#4910,.T.);
#4910 = EDGE_CURVE('',#4903,#4911,#4913,.T.);
#4911 = VERTEX_POINT('',#4912);
#4912 = CARTESIAN_POINT('',(1.75,-1.839491193792,3.904862254809E-02));
#4913 = LINE('',#4914,#4915);
#4914 = CARTESIAN_POINT('',(1.75,-1.839491193792,3.904862254809E-02));
#4915 = VECTOR('',#4916,1.);
#4916 = DIRECTION('',(1.,0.,0.));
#4917 = ORIENTED_EDGE('',*,*,#4918,.T.);
#4918 = EDGE_CURVE('',#4911,#4895,#4919,.T.);
#4919 = LINE('',#4920,#4921);
#4920 = CARTESIAN_POINT('',(1.75,-1.839491193792,3.904862254809E-02));
#4921 = VECTOR('',#4922,1.);
#4922 = DIRECTION('',(0.,-1.,-6.982962677686E-15));
#4923 = PLANE('',#4924);
#4924 = AXIS2_PLACEMENT_3D('',#4925,#4926,#4927);
#4925 = CARTESIAN_POINT('',(1.75,-1.839491193792,3.904862254809E-02));
#4926 = DIRECTION('',(0.,6.982962677686E-15,-1.));
#4927 = DIRECTION('',(1.,0.,0.));
#4928 = ADVANCED_FACE('',(#4929),#4954,.T.);
#4929 = FACE_BOUND('',#4930,.T.);
#4930 = EDGE_LOOP('',(#4931,#4941,#4947,#4948));
#4931 = ORIENTED_EDGE('',*,*,#4932,.F.);
#4932 = EDGE_CURVE('',#4933,#4935,#4937,.T.);
#4933 = VERTEX_POINT('',#4934);
#4934 = CARTESIAN_POINT('',(0.15,-1.839491193792,0.4));
#4935 = VERTEX_POINT('',#4936);
#4936 = CARTESIAN_POINT('',(0.15,-1.989491193792,0.4));
#4937 = LINE('',#4938,#4939);
#4938 = CARTESIAN_POINT('',(0.15,-1.839491193792,0.4));
#4939 = VECTOR('',#4940,1.);
#4940 = DIRECTION('',(-4.717058874263E-32,-1.,-6.921730337729E-15));
#4941 = ORIENTED_EDGE('',*,*,#4942,.T.);
#4942 = EDGE_CURVE('',#4933,#4903,#4943,.T.);
#4943 = LINE('',#4944,#4945);
#4944 = CARTESIAN_POINT('',(0.15,-1.839491193792,0.989048622548));
#4945 = VECTOR('',#4946,1.);
#4946 = DIRECTION('',(0.,6.982962677686E-15,-1.));
#4947 = ORIENTED_EDGE('',*,*,#4902,.T.);
#4948 = ORIENTED_EDGE('',*,*,#4949,.F.);
#4949 = EDGE_CURVE('',#4935,#4893,#4950,.T.);
#4950 = LINE('',#4951,#4952);
#4951 = CARTESIAN_POINT('',(0.15,-1.989491193792,3.904862254808E-02));
#4952 = VECTOR('',#4953,1.);
#4953 = DIRECTION('',(7.703541751871E-16,6.982962677686E-15,-1.));
#4954 = PLANE('',#4955);
#4955 = AXIS2_PLACEMENT_3D('',#4956,#4957,#4958);
#4956 = CARTESIAN_POINT('',(0.15,-1.839491193792,3.904862254809E-02));
#4957 = DIRECTION('',(-1.,5.379354453931E-30,-7.703541751871E-16));
#4958 = DIRECTION('',(7.703541751871E-16,6.982962677686E-15,-1.));
#4959 = ADVANCED_FACE('',(#4960),#4985,.T.);
#4960 = FACE_BOUND('',#4961,.T.);
#4961 = EDGE_LOOP('',(#4962,#4972,#4978,#4979));
#4962 = ORIENTED_EDGE('',*,*,#4963,.F.);
#4963 = EDGE_CURVE('',#4964,#4966,#4968,.T.);
#4964 = VERTEX_POINT('',#4965);
#4965 = CARTESIAN_POINT('',(1.75,-1.989491193792,0.4));
#4966 = VERTEX_POINT('',#4967);
#4967 = CARTESIAN_POINT('',(1.75,-1.839491193792,0.4));
#4968 = LINE('',#4969,#4970);
#4969 = CARTESIAN_POINT('',(1.75,-1.839491193792,0.4));
#4970 = VECTOR('',#4971,1.);
#4971 = DIRECTION('',(0.,1.,6.921730337729E-15));
#4972 = ORIENTED_EDGE('',*,*,#4973,.F.);
#4973 = EDGE_CURVE('',#4895,#4964,#4974,.T.);
#4974 = LINE('',#4975,#4976);
#4975 = CARTESIAN_POINT('',(1.75,-1.989491193792,1.989048622548));
#4976 = VECTOR('',#4977,1.);
#4977 = DIRECTION('',(0.,-6.982962677686E-15,1.));
#4978 = ORIENTED_EDGE('',*,*,#4918,.F.);
#4979 = ORIENTED_EDGE('',*,*,#4980,.T.);
#4980 = EDGE_CURVE('',#4911,#4966,#4981,.T.);
#4981 = LINE('',#4982,#4983);
#4982 = CARTESIAN_POINT('',(1.75,-1.839491193792,0.989048622548));
#4983 = VECTOR('',#4984,1.);
#4984 = DIRECTION('',(2.282530889443E-16,-6.982962677686E-15,1.));
#4985 = PLANE('',#4986);
#4986 = AXIS2_PLACEMENT_3D('',#4987,#4988,#4989);
#4987 = CARTESIAN_POINT('',(1.75,-1.839491193792,1.989048622548));
#4988 = DIRECTION('',(1.,0.,0.));
#4989 = DIRECTION('',(0.,-6.982962677686E-15,1.));
#4990 = ADVANCED_FACE('',(#4991),#5002,.F.);
#4991 = FACE_BOUND('',#4992,.T.);
#4992 = EDGE_LOOP('',(#4993,#4994,#5000,#5001));
#4993 = ORIENTED_EDGE('',*,*,#4973,.T.);
#4994 = ORIENTED_EDGE('',*,*,#4995,.T.);
#4995 = EDGE_CURVE('',#4964,#4935,#4996,.T.);
#4996 = LINE('',#4997,#4998);
#4997 = CARTESIAN_POINT('',(0.1,-1.989491193792,0.4));
#4998 = VECTOR('',#4999,1.);
#4999 = DIRECTION('',(-1.,0.,-0.));
#5000 = ORIENTED_EDGE('',*,*,#4949,.T.);
#5001 = ORIENTED_EDGE('',*,*,#4892,.T.);
#5002 = PLANE('',#5003);
#5003 = AXIS2_PLACEMENT_3D('',#5004,#5005,#5006);
#5004 = CARTESIAN_POINT('',(0.1,-1.989491193792,3.689048622548));
#5005 = DIRECTION('',(0.,1.,6.982962677686E-15));
#5006 = DIRECTION('',(0.,-6.982962677686E-15,1.));
#5007 = ADVANCED_FACE('',(#5008),#5014,.F.);
#5008 = FACE_BOUND('',#5009,.T.);
#5009 = EDGE_LOOP('',(#5010,#5011,#5012,#5013));
#5010 = ORIENTED_EDGE('',*,*,#4227,.F.);
#5011 = ORIENTED_EDGE('',*,*,#4832,.T.);
#5012 = ORIENTED_EDGE('',*,*,#4792,.T.);
#5013 = ORIENTED_EDGE('',*,*,#4877,.T.);
#5014 = PLANE('',#5015);
#5015 = AXIS2_PLACEMENT_3D('',#5016,#5017,#5018);
#5016 = CARTESIAN_POINT('',(0.1,-6.203429173529,0.15));
#5017 = DIRECTION('',(0.,-1.047444401653E-14,1.));
#5018 = DIRECTION('',(0.,-1.,-1.047444401653E-14));
#5019 = ADVANCED_FACE('',(#5020),#5050,.F.);
#5020 = FACE_BOUND('',#5021,.F.);
#5021 = EDGE_LOOP('',(#5022,#5031,#5032,#5039,#5048,#5049));
#5022 = ORIENTED_EDGE('',*,*,#5023,.T.);
#5023 = EDGE_CURVE('',#4839,#4160,#5024,.T.);
#5024 = B_SPLINE_CURVE_WITH_KNOTS('',3,(#5025,#5026,#5027,#5028,#5029,
    #5030),.UNSPECIFIED.,.F.,.F.,(4,2,4),(0.,0.25,0.5),.UNSPECIFIED.);
#5025 = CARTESIAN_POINT('',(-2.680670889021,-2.089491193792,0.3));
#5026 = CARTESIAN_POINT('',(-2.686969620622,-2.141851071351,0.3));
#5027 = CARTESIAN_POINT('',(-2.693268352223,-2.193888525544,
    0.321554619278));
#5028 = CARTESIAN_POINT('',(-2.705865815426,-2.267936574514,
    0.395602668247));
#5029 = CARTESIAN_POINT('',(-2.712164547027,-2.289491193792,
    0.44764012244));
#5030 = CARTESIAN_POINT('',(-2.718463278629,-2.289491193792,0.5));
#5031 = ORIENTED_EDGE('',*,*,#4159,.T.);
#5032 = ORIENTED_EDGE('',*,*,#5033,.F.);
#5033 = EDGE_CURVE('',#5034,#4150,#5036,.T.);
#5034 = VERTEX_POINT('',#5035);
#5035 = CARTESIAN_POINT('',(-2.756255668237,-2.089491193792,0.85));
#5036 = B_SPLINE_CURVE_WITH_KNOTS('',1,(#5037,#5038),.UNSPECIFIED.,.F.,
  .F.,(2,2),(0.,1.),.PIECEWISE_BEZIER_KNOTS.);
#5037 = CARTESIAN_POINT('',(-2.756255668237,-2.089491193792,0.85));
#5038 = CARTESIAN_POINT('',(-2.756255668237,-2.089491193792,0.7));
#5039 = ORIENTED_EDGE('',*,*,#5040,.F.);
#5040 = EDGE_CURVE('',#4209,#5034,#5041,.T.);
#5041 = B_SPLINE_CURVE_WITH_KNOTS('',3,(#5042,#5043,#5044,#5045,#5046,
    #5047),.UNSPECIFIED.,.F.,.F.,(4,2,4),(0.5,0.75,1.),.UNSPECIFIED.);
#5042 = CARTESIAN_POINT('',(-2.718463278629,-2.439491193792,0.5));
#5043 = CARTESIAN_POINT('',(-2.72476201023,-2.439491193792,
    0.591629785729));
#5044 = CARTESIAN_POINT('',(-2.731060741832,-2.401770610055,
    0.682695330567));
#5045 = CARTESIAN_POINT('',(-2.743658205034,-2.272186524359,
    0.812279416263));
#5046 = CARTESIAN_POINT('',(-2.749939328335,-2.181377133443,0.85));
#5047 = CARTESIAN_POINT('',(-2.756255668237,-2.089491193792,0.85));
#5048 = ORIENTED_EDGE('',*,*,#4216,.F.);
#5049 = ORIENTED_EDGE('',*,*,#4838,.T.);
#5050 = B_SPLINE_SURFACE_WITH_KNOTS('',1,3,(
    (#5051,#5052,#5053,#5054,#5055,#5056,#5057,#5058,#5059,#5060)
    ,(#5061,#5062,#5063,#5064,#5065,#5066,#5067,#5068,#5069,#5070
  )),.UNSPECIFIED.,.F.,.F.,.F.,(2,2),(4,2,2,2,4),(0.,1.),(0.,0.25,0.5,
    0.75,1.),.UNSPECIFIED.);
#5051 = CARTESIAN_POINT('',(-2.680670889021,-2.089491193792,0.15));
#5052 = CARTESIAN_POINT('',(-2.686987228922,-2.181377133443,0.15));
#5053 = CARTESIAN_POINT('',(-2.693268352223,-2.272186524359,
    0.187720583737));
#5054 = CARTESIAN_POINT('',(-2.705865815426,-2.401770610055,
    0.317304669433));
#5055 = CARTESIAN_POINT('',(-2.712164547027,-2.439491193792,
    0.40837021427));
#5056 = CARTESIAN_POINT('',(-2.72476201023,-2.439491193792,0.59162978573
    ));
#5057 = CARTESIAN_POINT('',(-2.731060741832,-2.401770610055,
    0.682695330567));
#5058 = CARTESIAN_POINT('',(-2.743658205034,-2.272186524359,
    0.812279416263));
#5059 = CARTESIAN_POINT('',(-2.749939328335,-2.181377133443,0.85));
#5060 = CARTESIAN_POINT('',(-2.756255668237,-2.089491193792,0.85));
#5061 = CARTESIAN_POINT('',(-2.680670889021,-2.089491193792,0.3));
#5062 = CARTESIAN_POINT('',(-2.68698705976,-2.141996038811,0.3));
#5063 = CARTESIAN_POINT('',(-2.693268352223,-2.193888525544,
    0.321554619278));
#5064 = CARTESIAN_POINT('',(-2.705865815426,-2.267936574514,
    0.395602668247));
#5065 = CARTESIAN_POINT('',(-2.712164547027,-2.289491193792,
    0.44764012244));
#5066 = CARTESIAN_POINT('',(-2.72476201023,-2.289491193792,0.55235987756
    ));
#5067 = CARTESIAN_POINT('',(-2.731060741832,-2.267936574514,
    0.604397331753));
#5068 = CARTESIAN_POINT('',(-2.743658205034,-2.193888525544,
    0.678445380722));
#5069 = CARTESIAN_POINT('',(-2.749939497498,-2.141996038811,0.7));
#5070 = CARTESIAN_POINT('',(-2.756255668237,-2.089491193792,0.7));
#5071 = ADVANCED_FACE('',(#5072),#5083,.T.);
#5072 = FACE_BOUND('',#5073,.T.);
#5073 = EDGE_LOOP('',(#5074,#5075,#5081,#5082));
#5074 = ORIENTED_EDGE('',*,*,#4847,.F.);
#5075 = ORIENTED_EDGE('',*,*,#5076,.T.);
#5076 = EDGE_CURVE('',#4839,#4863,#5077,.T.);
#5077 = LINE('',#5078,#5079);
#5078 = CARTESIAN_POINT('',(0.1,-2.089491193792,0.3));
#5079 = VECTOR('',#5080,1.);
#5080 = DIRECTION('',(1.,0.,0.));
#5081 = ORIENTED_EDGE('',*,*,#4862,.F.);
#5082 = ORIENTED_EDGE('',*,*,#4810,.F.);
#5083 = PLANE('',#5084);
#5084 = AXIS2_PLACEMENT_3D('',#5085,#5086,#5087);
#5085 = CARTESIAN_POINT('',(0.1,-6.203429173529,0.3));
#5086 = DIRECTION('',(0.,-1.047444401653E-14,1.));
#5087 = DIRECTION('',(0.,-1.,-1.047444401653E-14));
#5088 = ADVANCED_FACE('',(#5089),#5119,.F.);
#5089 = FACE_BOUND('',#5090,.F.);
#5090 = EDGE_LOOP('',(#5091,#5098,#5099,#5108,#5109,#5110));
#5091 = ORIENTED_EDGE('',*,*,#5092,.F.);
#5092 = EDGE_CURVE('',#4152,#5093,#5095,.T.);
#5093 = VERTEX_POINT('',#5094);
#5094 = CARTESIAN_POINT('',(-1.793744331763,-2.089491193792,0.85));
#5095 = B_SPLINE_CURVE_WITH_KNOTS('',1,(#5096,#5097),.UNSPECIFIED.,.F.,
  .F.,(2,2),(0.,1.),.PIECEWISE_BEZIER_KNOTS.);
#5096 = CARTESIAN_POINT('',(-1.793744331763,-2.089491193792,0.7));
#5097 = CARTESIAN_POINT('',(-1.793744331763,-2.089491193792,0.85));
#5098 = ORIENTED_EDGE('',*,*,#4178,.T.);
#5099 = ORIENTED_EDGE('',*,*,#5100,.T.);
#5100 = EDGE_CURVE('',#4171,#4863,#5101,.T.);
#5101 = B_SPLINE_CURVE_WITH_KNOTS('',3,(#5102,#5103,#5104,#5105,#5106,
    #5107),.UNSPECIFIED.,.F.,.F.,(4,2,4),(0.5,0.75,1.),.UNSPECIFIED.);
#5102 = CARTESIAN_POINT('',(-1.831536721371,-2.289491193792,0.5));
#5103 = CARTESIAN_POINT('',(-1.837835452973,-2.289491193792,
    0.44764012244));
#5104 = CARTESIAN_POINT('',(-1.844134184574,-2.267936574514,
    0.395602668247));
#5105 = CARTESIAN_POINT('',(-1.856731647777,-2.193888525544,
    0.321554619278));
#5106 = CARTESIAN_POINT('',(-1.863030379378,-2.141851071351,0.3));
#5107 = CARTESIAN_POINT('',(-1.869329110979,-2.089491193792,0.3));
#5108 = ORIENTED_EDGE('',*,*,#4870,.T.);
#5109 = ORIENTED_EDGE('',*,*,#4195,.F.);
#5110 = ORIENTED_EDGE('',*,*,#5111,.F.);
#5111 = EDGE_CURVE('',#5093,#4196,#5112,.T.);
#5112 = B_SPLINE_CURVE_WITH_KNOTS('',3,(#5113,#5114,#5115,#5116,#5117,
    #5118),.UNSPECIFIED.,.F.,.F.,(4,2,4),(0.,0.25,0.5),.UNSPECIFIED.);
#5113 = CARTESIAN_POINT('',(-1.793744331763,-2.089491193792,0.85));
#5114 = CARTESIAN_POINT('',(-1.800060671665,-2.181377133443,0.85));
#5115 = CARTESIAN_POINT('',(-1.806341794966,-2.272186524359,
    0.812279416263));
#5116 = CARTESIAN_POINT('',(-1.818939258168,-2.401770610055,
    0.682695330567));
#5117 = CARTESIAN_POINT('',(-1.82523798977,-2.439491193792,
    0.591629785729));
#5118 = CARTESIAN_POINT('',(-1.831536721371,-2.439491193792,0.5));
#5119 = B_SPLINE_SURFACE_WITH_KNOTS('',1,3,(
    (#5120,#5121,#5122,#5123,#5124,#5125,#5126,#5127,#5128,#5129)
    ,(#5130,#5131,#5132,#5133,#5134,#5135,#5136,#5137,#5138,#5139
  )),.UNSPECIFIED.,.F.,.F.,.F.,(2,2),(4,2,2,2,4),(0.,1.),(0.,0.25,0.5,
    0.75,1.),.UNSPECIFIED.);
#5120 = CARTESIAN_POINT('',(-1.793744331763,-2.089491193792,0.85));
#5121 = CARTESIAN_POINT('',(-1.800060671665,-2.181377133443,0.85));
#5122 = CARTESIAN_POINT('',(-1.806341794966,-2.272186524359,
    0.812279416263));
#5123 = CARTESIAN_POINT('',(-1.818939258168,-2.401770610055,
    0.682695330567));
#5124 = CARTESIAN_POINT('',(-1.82523798977,-2.439491193792,0.59162978573
    ));
#5125 = CARTESIAN_POINT('',(-1.837835452973,-2.439491193792,
    0.40837021427));
#5126 = CARTESIAN_POINT('',(-1.844134184574,-2.401770610055,
    0.317304669433));
#5127 = CARTESIAN_POINT('',(-1.856731647777,-2.272186524359,
    0.187720583737));
#5128 = CARTESIAN_POINT('',(-1.863012771078,-2.181377133443,0.15));
#5129 = CARTESIAN_POINT('',(-1.869329110979,-2.089491193792,0.15));
#5130 = CARTESIAN_POINT('',(-1.793744331763,-2.089491193792,0.7));
#5131 = CARTESIAN_POINT('',(-1.800060502502,-2.141996038811,0.7));
#5132 = CARTESIAN_POINT('',(-1.806341794966,-2.193888525544,
    0.678445380722));
#5133 = CARTESIAN_POINT('',(-1.818939258168,-2.267936574514,
    0.604397331753));
#5134 = CARTESIAN_POINT('',(-1.82523798977,-2.289491193792,0.55235987756
    ));
#5135 = CARTESIAN_POINT('',(-1.837835452973,-2.289491193792,
    0.44764012244));
#5136 = CARTESIAN_POINT('',(-1.844134184574,-2.267936574514,
    0.395602668247));
#5137 = CARTESIAN_POINT('',(-1.856731647777,-2.193888525544,
    0.321554619278));
#5138 = CARTESIAN_POINT('',(-1.86301294024,-2.141996038811,0.3));
#5139 = CARTESIAN_POINT('',(-1.869329110979,-2.089491193792,0.3));
#5140 = ADVANCED_FACE('',(#5141),#5152,.T.);
#5141 = FACE_BOUND('',#5142,.T.);
#5142 = EDGE_LOOP('',(#5143,#5149,#5150,#5151));
#5143 = ORIENTED_EDGE('',*,*,#5144,.F.);
#5144 = EDGE_CURVE('',#4966,#4933,#5145,.T.);
#5145 = LINE('',#5146,#5147);
#5146 = CARTESIAN_POINT('',(0.1,-1.839491193792,0.4));
#5147 = VECTOR('',#5148,1.);
#5148 = DIRECTION('',(-1.,0.,-0.));
#5149 = ORIENTED_EDGE('',*,*,#4980,.F.);
#5150 = ORIENTED_EDGE('',*,*,#4910,.F.);
#5151 = ORIENTED_EDGE('',*,*,#4942,.F.);
#5152 = PLANE('',#5153);
#5153 = AXIS2_PLACEMENT_3D('',#5154,#5155,#5156);
#5154 = CARTESIAN_POINT('',(0.1,-1.839491193792,3.689048622548));
#5155 = DIRECTION('',(0.,1.,6.982962677686E-15));
#5156 = DIRECTION('',(0.,-6.982962677686E-15,1.));
#5157 = ADVANCED_FACE('',(#5158),#5185,.F.);
#5158 = FACE_BOUND('',#5159,.T.);
#5159 = EDGE_LOOP('',(#5160,#5161,#5170,#5178));
#5160 = ORIENTED_EDGE('',*,*,#4932,.T.);
#5161 = ORIENTED_EDGE('',*,*,#5162,.T.);
#5162 = EDGE_CURVE('',#4935,#5163,#5165,.T.);
#5163 = VERTEX_POINT('',#5164);
#5164 = CARTESIAN_POINT('',(0.15,-1.539491193792,0.85));
#5165 = CIRCLE('',#5166,0.45);
#5166 = AXIS2_PLACEMENT_3D('',#5167,#5168,#5169);
#5167 = CARTESIAN_POINT('',(0.15,-1.539491193792,0.4));
#5168 = DIRECTION('',(-1.,-0.,0.));
#5169 = DIRECTION('',(0.,-1.,-3.493540333564E-15));
#5170 = ORIENTED_EDGE('',*,*,#5171,.F.);
#5171 = EDGE_CURVE('',#5172,#5163,#5174,.T.);
#5172 = VERTEX_POINT('',#5173);
#5173 = CARTESIAN_POINT('',(0.15,-1.539491193792,0.7));
#5174 = LINE('',#5175,#5176);
#5175 = CARTESIAN_POINT('',(0.15,-1.539491193792,0.7));
#5176 = VECTOR('',#5177,1.);
#5177 = DIRECTION('',(-4.717058874263E-32,-3.430248998886E-15,1.));
#5178 = ORIENTED_EDGE('',*,*,#5179,.F.);
#5179 = EDGE_CURVE('',#4933,#5172,#5180,.T.);
#5180 = CIRCLE('',#5181,0.3);
#5181 = AXIS2_PLACEMENT_3D('',#5182,#5183,#5184);
#5182 = CARTESIAN_POINT('',(0.15,-1.539491193792,0.4));
#5183 = DIRECTION('',(-1.,0.,0.));
#5184 = DIRECTION('',(0.,1.,3.433306879537E-15));
#5185 = PLANE('',#5186);
#5186 = AXIS2_PLACEMENT_3D('',#5187,#5188,#5189);
#5187 = CARTESIAN_POINT('',(0.15,-1.539491193792,0.4));
#5188 = DIRECTION('',(1.,0.,-0.));
#5189 = DIRECTION('',(0.,1.,3.491481338843E-15));
#5190 = ADVANCED_FACE('',(#5191),#5218,.F.);
#5191 = FACE_BOUND('',#5192,.T.);
#5192 = EDGE_LOOP('',(#5193,#5203,#5210,#5211));
#5193 = ORIENTED_EDGE('',*,*,#5194,.F.);
#5194 = EDGE_CURVE('',#5195,#5197,#5199,.T.);
#5195 = VERTEX_POINT('',#5196);
#5196 = CARTESIAN_POINT('',(1.75,-1.539491193792,0.85));
#5197 = VERTEX_POINT('',#5198);
#5198 = CARTESIAN_POINT('',(1.75,-1.539491193792,0.7));
#5199 = LINE('',#5200,#5201);
#5200 = CARTESIAN_POINT('',(1.75,-1.539491193792,0.7));
#5201 = VECTOR('',#5202,1.);
#5202 = DIRECTION('',(0.,3.430248998886E-15,-1.));
#5203 = ORIENTED_EDGE('',*,*,#5204,.T.);
#5204 = EDGE_CURVE('',#5195,#4964,#5205,.T.);
#5205 = CIRCLE('',#5206,0.45);
#5206 = AXIS2_PLACEMENT_3D('',#5207,#5208,#5209);
#5207 = CARTESIAN_POINT('',(1.75,-1.539491193792,0.4));
#5208 = DIRECTION('',(1.,0.,0.));
#5209 = DIRECTION('',(0.,-1.,6.264279218805E-15));
#5210 = ORIENTED_EDGE('',*,*,#4963,.T.);
#5211 = ORIENTED_EDGE('',*,*,#5212,.F.);
#5212 = EDGE_CURVE('',#5197,#4966,#5213,.T.);
#5213 = CIRCLE('',#5214,0.3);
#5214 = AXIS2_PLACEMENT_3D('',#5215,#5216,#5217);
#5215 = CARTESIAN_POINT('',(1.75,-1.539491193792,0.4));
#5216 = DIRECTION('',(1.,0.,0.));
#5217 = DIRECTION('',(0.,-1.,-3.433306879537E-15));
#5218 = PLANE('',#5219);
#5219 = AXIS2_PLACEMENT_3D('',#5220,#5221,#5222);
#5220 = CARTESIAN_POINT('',(1.75,-1.539491193792,0.4));
#5221 = DIRECTION('',(-1.,-0.,0.));
#5222 = DIRECTION('',(0.,-1.,-3.491481338843E-15));
#5223 = ADVANCED_FACE('',(#5224),#5235,.T.);
#5224 = FACE_BOUND('',#5225,.T.);
#5225 = EDGE_LOOP('',(#5226,#5227,#5228,#5229));
#5226 = ORIENTED_EDGE('',*,*,#5162,.F.);
#5227 = ORIENTED_EDGE('',*,*,#4995,.F.);
#5228 = ORIENTED_EDGE('',*,*,#5204,.F.);
#5229 = ORIENTED_EDGE('',*,*,#5230,.T.);
#5230 = EDGE_CURVE('',#5195,#5163,#5231,.T.);
#5231 = LINE('',#5232,#5233);
#5232 = CARTESIAN_POINT('',(0.1,-1.539491193792,0.85));
#5233 = VECTOR('',#5234,1.);
#5234 = DIRECTION('',(-1.,-0.,0.));
#5235 = CYLINDRICAL_SURFACE('',#5236,0.45);
#5236 = AXIS2_PLACEMENT_3D('',#5237,#5238,#5239);
#5237 = CARTESIAN_POINT('',(2.661571873958,-1.539491193792,0.4));
#5238 = DIRECTION('',(-1.,-0.,0.));
#5239 = DIRECTION('',(0.,-1.,-3.493540333564E-15));
#5240 = ADVANCED_FACE('',(#5241),#5252,.T.);
#5241 = FACE_BOUND('',#5242,.T.);
#5242 = EDGE_LOOP('',(#5243,#5244,#5245,#5251));
#5243 = ORIENTED_EDGE('',*,*,#4208,.F.);
#5244 = ORIENTED_EDGE('',*,*,#5111,.F.);
#5245 = ORIENTED_EDGE('',*,*,#5246,.F.);
#5246 = EDGE_CURVE('',#5034,#5093,#5247,.T.);
#5247 = LINE('',#5248,#5249);
#5248 = CARTESIAN_POINT('',(0.1,-2.089491193792,0.85));
#5249 = VECTOR('',#5250,1.);
#5250 = DIRECTION('',(1.,0.,0.));
#5251 = ORIENTED_EDGE('',*,*,#5040,.F.);
#5252 = CYLINDRICAL_SURFACE('',#5253,0.35);
#5253 = AXIS2_PLACEMENT_3D('',#5254,#5255,#5256);
#5254 = CARTESIAN_POINT('',(-0.972956642168,-2.089491193792,0.5));
#5255 = DIRECTION('',(-1.,0.,0.));
#5256 = DIRECTION('',(-0.,-1.,-3.407492542097E-15));
#5257 = ADVANCED_FACE('',(#5258),#5292,.T.);
#5258 = FACE_BOUND('',#5259,.T.);
#5259 = EDGE_LOOP('',(#5260,#5270,#5278,#5286));
#5260 = ORIENTED_EDGE('',*,*,#5261,.F.);
#5261 = EDGE_CURVE('',#5262,#5264,#5266,.T.);
#5262 = VERTEX_POINT('',#5263);
#5263 = CARTESIAN_POINT('',(-2.8,-0.589491193792,0.85));
#5264 = VERTEX_POINT('',#5265);
#5265 = CARTESIAN_POINT('',(-2.8,-1.589491193792,0.85));
#5266 = LINE('',#5267,#5268);
#5267 = CARTESIAN_POINT('',(-2.8,-0.589491193792,0.85));
#5268 = VECTOR('',#5269,1.);
#5269 = DIRECTION('',(0.,-1.,-3.491481338843E-15));
#5270 = ORIENTED_EDGE('',*,*,#5271,.F.);
#5271 = EDGE_CURVE('',#5272,#5262,#5274,.T.);
#5272 = VERTEX_POINT('',#5273);
#5273 = CARTESIAN_POINT('',(-2.8,-0.589491193792,0.7));
#5274 = LINE('',#5275,#5276);
#5275 = CARTESIAN_POINT('',(-2.8,-0.589491193792,0.7));
#5276 = VECTOR('',#5277,1.);
#5277 = DIRECTION('',(0.,-3.491481338843E-15,1.));
#5278 = ORIENTED_EDGE('',*,*,#5279,.T.);
#5279 = EDGE_CURVE('',#5272,#5280,#5282,.T.);
#5280 = VERTEX_POINT('',#5281);
#5281 = CARTESIAN_POINT('',(-2.8,-1.589491193792,0.7));
#5282 = LINE('',#5283,#5284);
#5283 = CARTESIAN_POINT('',(-2.8,-0.589491193792,0.7));
#5284 = VECTOR('',#5285,1.);
#5285 = DIRECTION('',(0.,-1.,-3.491481338843E-15));
#5286 = ORIENTED_EDGE('',*,*,#5287,.T.);
#5287 = EDGE_CURVE('',#5280,#5264,#5288,.T.);
#5288 = LINE('',#5289,#5290);
#5289 = CARTESIAN_POINT('',(-2.8,-1.589491193792,0.7));
#5290 = VECTOR('',#5291,1.);
#5291 = DIRECTION('',(0.,-3.491481338843E-15,1.));
#5292 = PLANE('',#5293);
#5293 = AXIS2_PLACEMENT_3D('',#5294,#5295,#5296);
#5294 = CARTESIAN_POINT('',(-2.8,-0.589491193792,0.7));
#5295 = DIRECTION('',(-1.,-0.,0.));
#5296 = DIRECTION('',(0.,-1.,-3.491481338843E-15));
#5297 = ADVANCED_FACE('',(#5298),#5314,.T.);
#5298 = FACE_BOUND('',#5299,.T.);
#5299 = EDGE_LOOP('',(#5300,#5301,#5307,#5308));
#5300 = ORIENTED_EDGE('',*,*,#5033,.F.);
#5301 = ORIENTED_EDGE('',*,*,#5302,.F.);
#5302 = EDGE_CURVE('',#5264,#5034,#5303,.T.);
#5303 = LINE('',#5304,#5305);
#5304 = CARTESIAN_POINT('',(-2.8,-1.589491193792,0.85));
#5305 = VECTOR('',#5306,1.);
#5306 = DIRECTION('',(8.715574274764E-02,-0.996194698092,
    -3.478195198241E-15));
#5307 = ORIENTED_EDGE('',*,*,#5287,.F.);
#5308 = ORIENTED_EDGE('',*,*,#5309,.T.);
#5309 = EDGE_CURVE('',#5280,#4150,#5310,.T.);
#5310 = LINE('',#5311,#5312);
#5311 = CARTESIAN_POINT('',(-2.8,-1.589491193792,0.7));
#5312 = VECTOR('',#5313,1.);
#5313 = DIRECTION('',(8.715574274764E-02,-0.996194698092,
    -3.478195198241E-15));
#5314 = PLANE('',#5315);
#5315 = AXIS2_PLACEMENT_3D('',#5316,#5317,#5318);
#5316 = CARTESIAN_POINT('',(-2.8,-1.589491193792,0.7));
#5317 = DIRECTION('',(-0.996194698092,-8.715574274764E-02,
    -3.043026493764E-16));
#5318 = DIRECTION('',(8.715574274764E-02,-0.996194698092,
    -3.478195198241E-15));
#5319 = ADVANCED_FACE('',(#5320),#5326,.F.);
#5320 = FACE_BOUND('',#5321,.F.);
#5321 = EDGE_LOOP('',(#5322,#5323,#5324,#5325));
#5322 = ORIENTED_EDGE('',*,*,#5023,.F.);
#5323 = ORIENTED_EDGE('',*,*,#5076,.T.);
#5324 = ORIENTED_EDGE('',*,*,#5100,.F.);
#5325 = ORIENTED_EDGE('',*,*,#4170,.T.);
#5326 = CYLINDRICAL_SURFACE('',#5327,0.2);
#5327 = AXIS2_PLACEMENT_3D('',#5328,#5329,#5330);
#5328 = CARTESIAN_POINT('',(-0.972956642168,-2.089491193792,0.5));
#5329 = DIRECTION('',(-1.,0.,0.));
#5330 = DIRECTION('',(-0.,-1.,-3.252606517457E-15));
#5331 = ADVANCED_FACE('',(#5332),#5357,.T.);
#5332 = FACE_BOUND('',#5333,.T.);
#5333 = EDGE_LOOP('',(#5334,#5335,#5343,#5351));
#5334 = ORIENTED_EDGE('',*,*,#5092,.F.);
#5335 = ORIENTED_EDGE('',*,*,#5336,.T.);
#5336 = EDGE_CURVE('',#4152,#5337,#5339,.T.);
#5337 = VERTEX_POINT('',#5338);
#5338 = CARTESIAN_POINT('',(-1.75,-1.589491193792,0.7));
#5339 = LINE('',#5340,#5341);
#5340 = CARTESIAN_POINT('',(-1.75,-1.589491193792,0.7));
#5341 = VECTOR('',#5342,1.);
#5342 = DIRECTION('',(8.715574274764E-02,0.996194698092,
    3.478195198241E-15));
#5343 = ORIENTED_EDGE('',*,*,#5344,.T.);
#5344 = EDGE_CURVE('',#5337,#5345,#5347,.T.);
#5345 = VERTEX_POINT('',#5346);
#5346 = CARTESIAN_POINT('',(-1.75,-1.589491193792,0.85));
#5347 = LINE('',#5348,#5349);
#5348 = CARTESIAN_POINT('',(-1.75,-1.589491193792,0.7));
#5349 = VECTOR('',#5350,1.);
#5350 = DIRECTION('',(0.,-3.491481338843E-15,1.));
#5351 = ORIENTED_EDGE('',*,*,#5352,.F.);
#5352 = EDGE_CURVE('',#5093,#5345,#5353,.T.);
#5353 = LINE('',#5354,#5355);
#5354 = CARTESIAN_POINT('',(-1.75,-1.589491193792,0.85));
#5355 = VECTOR('',#5356,1.);
#5356 = DIRECTION('',(8.715574274764E-02,0.996194698092,
    3.478195198241E-15));
#5357 = PLANE('',#5358);
#5358 = AXIS2_PLACEMENT_3D('',#5359,#5360,#5361);
#5359 = CARTESIAN_POINT('',(-1.75,-1.589491193792,0.7));
#5360 = DIRECTION('',(0.996194698092,-8.715574274764E-02,
    -3.043026493764E-16));
#5361 = DIRECTION('',(8.715574274764E-02,0.996194698092,
    3.478195198241E-15));
#5362 = ADVANCED_FACE('',(#5363),#5388,.T.);
#5363 = FACE_BOUND('',#5364,.T.);
#5364 = EDGE_LOOP('',(#5365,#5373,#5374,#5382));
#5365 = ORIENTED_EDGE('',*,*,#5366,.F.);
#5366 = EDGE_CURVE('',#5345,#5367,#5369,.T.);
#5367 = VERTEX_POINT('',#5368);
#5368 = CARTESIAN_POINT('',(-1.75,-1.339491193792,0.85));
#5369 = LINE('',#5370,#5371);
#5370 = CARTESIAN_POINT('',(-1.75,-1.339491193792,0.85));
#5371 = VECTOR('',#5372,1.);
#5372 = DIRECTION('',(1.734723475977E-15,1.,3.491481338843E-15));
#5373 = ORIENTED_EDGE('',*,*,#5344,.F.);
#5374 = ORIENTED_EDGE('',*,*,#5375,.T.);
#5375 = EDGE_CURVE('',#5337,#5376,#5378,.T.);
#5376 = VERTEX_POINT('',#5377);
#5377 = CARTESIAN_POINT('',(-1.75,-1.339491193792,0.7));
#5378 = LINE('',#5379,#5380);
#5379 = CARTESIAN_POINT('',(-1.75,-1.339491193792,0.7));
#5380 = VECTOR('',#5381,1.);
#5381 = DIRECTION('',(1.734723475977E-15,1.,3.491481338843E-15));
#5382 = ORIENTED_EDGE('',*,*,#5383,.T.);
#5383 = EDGE_CURVE('',#5376,#5367,#5384,.T.);
#5384 = LINE('',#5385,#5386);
#5385 = CARTESIAN_POINT('',(-1.75,-1.339491193792,0.7));
#5386 = VECTOR('',#5387,1.);
#5387 = DIRECTION('',(0.,-3.491481338843E-15,1.));
#5388 = PLANE('',#5389);
#5389 = AXIS2_PLACEMENT_3D('',#5390,#5391,#5392);
#5390 = CARTESIAN_POINT('',(-1.75,-1.339491193792,0.7));
#5391 = DIRECTION('',(1.,-1.734723475977E-15,-6.056754644426E-30));
#5392 = DIRECTION('',(1.734723475977E-15,1.,3.491481338843E-15));
#5393 = ADVANCED_FACE('',(#5394),#5421,.F.);
#5394 = FACE_BOUND('',#5395,.F.);
#5395 = EDGE_LOOP('',(#5396,#5406,#5413,#5414));
#5396 = ORIENTED_EDGE('',*,*,#5397,.F.);
#5397 = EDGE_CURVE('',#5398,#5400,#5402,.T.);
#5398 = VERTEX_POINT('',#5399);
#5399 = CARTESIAN_POINT('',(-1.6,-1.189491193792,0.7));
#5400 = VERTEX_POINT('',#5401);
#5401 = CARTESIAN_POINT('',(-1.6,-1.189491193792,0.85));
#5402 = LINE('',#5403,#5404);
#5403 = CARTESIAN_POINT('',(-1.6,-1.189491193792,0.7));
#5404 = VECTOR('',#5405,1.);
#5405 = DIRECTION('',(0.,-3.491481338843E-15,1.));
#5406 = ORIENTED_EDGE('',*,*,#5407,.F.);
#5407 = EDGE_CURVE('',#5376,#5398,#5408,.T.);
#5408 = CIRCLE('',#5409,0.15);
#5409 = AXIS2_PLACEMENT_3D('',#5410,#5411,#5412);
#5410 = CARTESIAN_POINT('',(-1.6,-1.339491193792,0.7));
#5411 = DIRECTION('',(0.,3.491481338843E-15,-1.));
#5412 = DIRECTION('',(0.,1.,3.491481338843E-15));
#5413 = ORIENTED_EDGE('',*,*,#5383,.T.);
#5414 = ORIENTED_EDGE('',*,*,#5415,.T.);
#5415 = EDGE_CURVE('',#5367,#5400,#5416,.T.);
#5416 = CIRCLE('',#5417,0.15);
#5417 = AXIS2_PLACEMENT_3D('',#5418,#5419,#5420);
#5418 = CARTESIAN_POINT('',(-1.6,-1.339491193792,0.85));
#5419 = DIRECTION('',(0.,3.491481338843E-15,-1.));
#5420 = DIRECTION('',(0.,1.,3.491481338843E-15));
#5421 = CYLINDRICAL_SURFACE('',#5422,0.15);
#5422 = AXIS2_PLACEMENT_3D('',#5423,#5424,#5425);
#5423 = CARTESIAN_POINT('',(-1.6,-1.339491193792,0.7));
#5424 = DIRECTION('',(0.,-3.491481338843E-15,1.));
#5425 = DIRECTION('',(0.,-1.,-3.491481338843E-15));
#5426 = ADVANCED_FACE('',(#5427),#5452,.T.);
#5427 = FACE_BOUND('',#5428,.T.);
#5428 = EDGE_LOOP('',(#5429,#5437,#5438,#5446));
#5429 = ORIENTED_EDGE('',*,*,#5430,.F.);
#5430 = EDGE_CURVE('',#5400,#5431,#5433,.T.);
#5431 = VERTEX_POINT('',#5432);
#5432 = CARTESIAN_POINT('',(0.,-1.189491193792,0.85));
#5433 = LINE('',#5434,#5435);
#5434 = CARTESIAN_POINT('',(-2.168404344971E-16,-1.189491193792,0.85));
#5435 = VECTOR('',#5436,1.);
#5436 = DIRECTION('',(1.,0.,0.));
#5437 = ORIENTED_EDGE('',*,*,#5397,.F.);
#5438 = ORIENTED_EDGE('',*,*,#5439,.T.);
#5439 = EDGE_CURVE('',#5398,#5440,#5442,.T.);
#5440 = VERTEX_POINT('',#5441);
#5441 = CARTESIAN_POINT('',(0.,-1.189491193792,0.7));
#5442 = LINE('',#5443,#5444);
#5443 = CARTESIAN_POINT('',(-2.168404344971E-16,-1.189491193792,0.7));
#5444 = VECTOR('',#5445,1.);
#5445 = DIRECTION('',(1.,0.,0.));
#5446 = ORIENTED_EDGE('',*,*,#5447,.T.);
#5447 = EDGE_CURVE('',#5440,#5431,#5448,.T.);
#5448 = LINE('',#5449,#5450);
#5449 = CARTESIAN_POINT('',(-2.168404344971E-16,-1.189491193792,0.7));
#5450 = VECTOR('',#5451,1.);
#5451 = DIRECTION('',(0.,-3.491481338843E-15,1.));
#5452 = PLANE('',#5453);
#5453 = AXIS2_PLACEMENT_3D('',#5454,#5455,#5456);
#5454 = CARTESIAN_POINT('',(-2.168404344971E-16,-1.189491193792,0.7));
#5455 = DIRECTION('',(0.,-1.,-3.491481338843E-15));
#5456 = DIRECTION('',(1.,0.,0.));
#5457 = ADVANCED_FACE('',(#5458),#5485,.F.);
#5458 = FACE_BOUND('',#5459,.F.);
#5459 = EDGE_LOOP('',(#5460,#5470,#5477,#5478));
#5460 = ORIENTED_EDGE('',*,*,#5461,.F.);
#5461 = EDGE_CURVE('',#5462,#5464,#5466,.T.);
#5462 = VERTEX_POINT('',#5463);
#5463 = CARTESIAN_POINT('',(0.15,-1.339491193792,0.7));
#5464 = VERTEX_POINT('',#5465);
#5465 = CARTESIAN_POINT('',(0.15,-1.339491193792,0.85));
#5466 = LINE('',#5467,#5468);
#5467 = CARTESIAN_POINT('',(0.15,-1.339491193792,0.7));
#5468 = VECTOR('',#5469,1.);
#5469 = DIRECTION('',(0.,-3.491481338843E-15,1.));
#5470 = ORIENTED_EDGE('',*,*,#5471,.F.);
#5471 = EDGE_CURVE('',#5440,#5462,#5472,.T.);
#5472 = CIRCLE('',#5473,0.15);
#5473 = AXIS2_PLACEMENT_3D('',#5474,#5475,#5476);
#5474 = CARTESIAN_POINT('',(-2.168404344971E-16,-1.339491193792,0.7));
#5475 = DIRECTION('',(-0.,3.491481338843E-15,-1.));
#5476 = DIRECTION('',(0.,-1.,-3.491481338843E-15));
#5477 = ORIENTED_EDGE('',*,*,#5447,.T.);
#5478 = ORIENTED_EDGE('',*,*,#5479,.T.);
#5479 = EDGE_CURVE('',#5431,#5464,#5480,.T.);
#5480 = CIRCLE('',#5481,0.15);
#5481 = AXIS2_PLACEMENT_3D('',#5482,#5483,#5484);
#5482 = CARTESIAN_POINT('',(-2.168404344971E-16,-1.339491193792,0.85));
#5483 = DIRECTION('',(-0.,3.491481338843E-15,-1.));
#5484 = DIRECTION('',(0.,-1.,-3.491481338843E-15));
#5485 = CYLINDRICAL_SURFACE('',#5486,0.15);
#5486 = AXIS2_PLACEMENT_3D('',#5487,#5488,#5489);
#5487 = CARTESIAN_POINT('',(-2.168404344971E-16,-1.339491193792,0.7));
#5488 = DIRECTION('',(0.,-3.491481338843E-15,1.));
#5489 = DIRECTION('',(0.,-1.,-3.491481338843E-15));
#5490 = ADVANCED_FACE('',(#5491),#5507,.T.);
#5491 = FACE_BOUND('',#5492,.T.);
#5492 = EDGE_LOOP('',(#5493,#5499,#5500,#5506));
#5493 = ORIENTED_EDGE('',*,*,#5494,.T.);
#5494 = EDGE_CURVE('',#5462,#5172,#5495,.T.);
#5495 = LINE('',#5496,#5497);
#5496 = CARTESIAN_POINT('',(0.15,-1.539491193792,0.7));
#5497 = VECTOR('',#5498,1.);
#5498 = DIRECTION('',(0.,-1.,-3.491481338843E-15));
#5499 = ORIENTED_EDGE('',*,*,#5171,.T.);
#5500 = ORIENTED_EDGE('',*,*,#5501,.F.);
#5501 = EDGE_CURVE('',#5464,#5163,#5502,.T.);
#5502 = LINE('',#5503,#5504);
#5503 = CARTESIAN_POINT('',(0.15,-2.489491193792,0.85));
#5504 = VECTOR('',#5505,1.);
#5505 = DIRECTION('',(7.703541751871E-16,-1.,-3.491481338843E-15));
#5506 = ORIENTED_EDGE('',*,*,#5461,.F.);
#5507 = PLANE('',#5508);
#5508 = AXIS2_PLACEMENT_3D('',#5509,#5510,#5511);
#5509 = CARTESIAN_POINT('',(0.15,-2.489491193792,0.7));
#5510 = DIRECTION('',(-1.,-7.703541751871E-16,-2.689677226966E-30));
#5511 = DIRECTION('',(7.703541751871E-16,-1.,-3.491481338843E-15));
#5512 = ADVANCED_FACE('',(#5513),#5524,.F.);
#5513 = FACE_BOUND('',#5514,.F.);
#5514 = EDGE_LOOP('',(#5515,#5516,#5517,#5523));
#5515 = ORIENTED_EDGE('',*,*,#5144,.F.);
#5516 = ORIENTED_EDGE('',*,*,#5212,.F.);
#5517 = ORIENTED_EDGE('',*,*,#5518,.T.);
#5518 = EDGE_CURVE('',#5197,#5172,#5519,.T.);
#5519 = LINE('',#5520,#5521);
#5520 = CARTESIAN_POINT('',(0.1,-1.539491193792,0.7));
#5521 = VECTOR('',#5522,1.);
#5522 = DIRECTION('',(-1.,-0.,0.));
#5523 = ORIENTED_EDGE('',*,*,#5179,.F.);
#5524 = CYLINDRICAL_SURFACE('',#5525,0.3);
#5525 = AXIS2_PLACEMENT_3D('',#5526,#5527,#5528);
#5526 = CARTESIAN_POINT('',(2.661571873958,-1.539491193792,0.4));
#5527 = DIRECTION('',(-1.,-0.,0.));
#5528 = DIRECTION('',(0.,-1.,-3.433306879537E-15));
#5529 = ADVANCED_FACE('',(#5530),#5555,.T.);
#5530 = FACE_BOUND('',#5531,.T.);
#5531 = EDGE_LOOP('',(#5532,#5540,#5541,#5549));
#5532 = ORIENTED_EDGE('',*,*,#5533,.F.);
#5533 = EDGE_CURVE('',#5195,#5534,#5536,.T.);
#5534 = VERTEX_POINT('',#5535);
#5535 = CARTESIAN_POINT('',(1.75,-0.539491193792,0.85));
#5536 = LINE('',#5537,#5538);
#5537 = CARTESIAN_POINT('',(1.75,-0.539491193792,0.85));
#5538 = VECTOR('',#5539,1.);
#5539 = DIRECTION('',(-0.,1.,3.491481338843E-15));
#5540 = ORIENTED_EDGE('',*,*,#5194,.T.);
#5541 = ORIENTED_EDGE('',*,*,#5542,.T.);
#5542 = EDGE_CURVE('',#5197,#5543,#5545,.T.);
#5543 = VERTEX_POINT('',#5544);
#5544 = CARTESIAN_POINT('',(1.75,-0.539491193792,0.7));
#5545 = LINE('',#5546,#5547);
#5546 = CARTESIAN_POINT('',(1.75,-1.539491193792,0.7));
#5547 = VECTOR('',#5548,1.);
#5548 = DIRECTION('',(2.282530889443E-16,1.,3.491481338843E-15));
#5549 = ORIENTED_EDGE('',*,*,#5550,.T.);
#5550 = EDGE_CURVE('',#5543,#5534,#5551,.T.);
#5551 = LINE('',#5552,#5553);
#5552 = CARTESIAN_POINT('',(1.75,-0.539491193792,0.7));
#5553 = VECTOR('',#5554,1.);
#5554 = DIRECTION('',(0.,-3.491481338843E-15,1.));
#5555 = PLANE('',#5556);
#5556 = AXIS2_PLACEMENT_3D('',#5557,#5558,#5559);
#5557 = CARTESIAN_POINT('',(1.75,-0.539491193792,0.7));
#5558 = DIRECTION('',(1.,0.,-0.));
#5559 = DIRECTION('',(0.,1.,3.491481338843E-15));
#5560 = ADVANCED_FACE('',(#5561),#5589,.T.);
#5561 = FACE_BOUND('',#5562,.T.);
#5562 = EDGE_LOOP('',(#5563,#5564,#5571,#5572,#5573,#5574,#5575,#5576,
    #5577,#5578,#5579,#5580,#5581,#5582));
#5563 = ORIENTED_EDGE('',*,*,#4749,.F.);
#5564 = ORIENTED_EDGE('',*,*,#5565,.F.);
#5565 = EDGE_CURVE('',#5543,#4368,#5566,.T.);
#5566 = CIRCLE('',#5567,0.2);
#5567 = AXIS2_PLACEMENT_3D('',#5568,#5569,#5570);
#5568 = CARTESIAN_POINT('',(1.55,-0.539491193792,0.7));
#5569 = DIRECTION('',(0.,-3.491481338843E-15,1.));
#5570 = DIRECTION('',(0.,1.,3.491481338843E-15));
#5571 = ORIENTED_EDGE('',*,*,#5542,.F.);
#5572 = ORIENTED_EDGE('',*,*,#5518,.T.);
#5573 = ORIENTED_EDGE('',*,*,#5494,.F.);
#5574 = ORIENTED_EDGE('',*,*,#5471,.F.);
#5575 = ORIENTED_EDGE('',*,*,#5439,.F.);
#5576 = ORIENTED_EDGE('',*,*,#5407,.F.);
#5577 = ORIENTED_EDGE('',*,*,#5375,.F.);
#5578 = ORIENTED_EDGE('',*,*,#5336,.F.);
#5579 = ORIENTED_EDGE('',*,*,#4149,.F.);
#5580 = ORIENTED_EDGE('',*,*,#5309,.F.);
#5581 = ORIENTED_EDGE('',*,*,#5279,.F.);
#5582 = ORIENTED_EDGE('',*,*,#5583,.F.);
#5583 = EDGE_CURVE('',#4412,#5272,#5584,.T.);
#5584 = CIRCLE('',#5585,0.2);
#5585 = AXIS2_PLACEMENT_3D('',#5586,#5587,#5588);
#5586 = CARTESIAN_POINT('',(-2.6,-0.589491193792,0.7));
#5587 = DIRECTION('',(0.,-3.491481338843E-15,1.));
#5588 = DIRECTION('',(0.,-1.,-3.491481338843E-15));
#5589 = PLANE('',#5590);
#5590 = AXIS2_PLACEMENT_3D('',#5591,#5592,#5593);
#5591 = CARTESIAN_POINT('',(0.1,1.160508806208,0.7));
#5592 = DIRECTION('',(0.,3.491481338843E-15,-1.));
#5593 = DIRECTION('',(0.,1.,3.491481338843E-15));
#5594 = ADVANCED_FACE('',(#5595),#5607,.T.);
#5595 = FACE_BOUND('',#5596,.T.);
#5596 = EDGE_LOOP('',(#5597,#5598,#5605,#5606));
#5597 = ORIENTED_EDGE('',*,*,#4376,.F.);
#5598 = ORIENTED_EDGE('',*,*,#5599,.F.);
#5599 = EDGE_CURVE('',#5534,#4377,#5600,.T.);
#5600 = CIRCLE('',#5601,0.2);
#5601 = AXIS2_PLACEMENT_3D('',#5602,#5603,#5604);
#5602 = CARTESIAN_POINT('',(1.55,-0.539491193792,0.85));
#5603 = DIRECTION('',(0.,-3.491481338843E-15,1.));
#5604 = DIRECTION('',(0.,1.,3.491481338843E-15));
#5605 = ORIENTED_EDGE('',*,*,#5550,.F.);
#5606 = ORIENTED_EDGE('',*,*,#5565,.T.);
#5607 = CYLINDRICAL_SURFACE('',#5608,0.2);
#5608 = AXIS2_PLACEMENT_3D('',#5609,#5610,#5611);
#5609 = CARTESIAN_POINT('',(1.55,-0.539491193792,0.7));
#5610 = DIRECTION('',(0.,-3.491481338843E-15,1.));
#5611 = DIRECTION('',(0.,-1.,-3.491481338843E-15));
#5612 = ADVANCED_FACE('',(#5613),#5635,.F.);
#5613 = FACE_BOUND('',#5614,.T.);
#5614 = EDGE_LOOP('',(#5615,#5616,#5617,#5624,#5625,#5626,#5627,#5628,
    #5629,#5630,#5631,#5632,#5633,#5634));
#5615 = ORIENTED_EDGE('',*,*,#5599,.T.);
#5616 = ORIENTED_EDGE('',*,*,#4776,.T.);
#5617 = ORIENTED_EDGE('',*,*,#5618,.T.);
#5618 = EDGE_CURVE('',#4430,#5262,#5619,.T.);
#5619 = CIRCLE('',#5620,0.2);
#5620 = AXIS2_PLACEMENT_3D('',#5621,#5622,#5623);
#5621 = CARTESIAN_POINT('',(-2.6,-0.589491193792,0.85));
#5622 = DIRECTION('',(0.,-3.491481338843E-15,1.));
#5623 = DIRECTION('',(0.,-1.,-3.491481338843E-15));
#5624 = ORIENTED_EDGE('',*,*,#5261,.T.);
#5625 = ORIENTED_EDGE('',*,*,#5302,.T.);
#5626 = ORIENTED_EDGE('',*,*,#5246,.T.);
#5627 = ORIENTED_EDGE('',*,*,#5352,.T.);
#5628 = ORIENTED_EDGE('',*,*,#5366,.T.);
#5629 = ORIENTED_EDGE('',*,*,#5415,.T.);
#5630 = ORIENTED_EDGE('',*,*,#5430,.T.);
#5631 = ORIENTED_EDGE('',*,*,#5479,.T.);
#5632 = ORIENTED_EDGE('',*,*,#5501,.T.);
#5633 = ORIENTED_EDGE('',*,*,#5230,.F.);
#5634 = ORIENTED_EDGE('',*,*,#5533,.T.);
#5635 = PLANE('',#5636);
#5636 = AXIS2_PLACEMENT_3D('',#5637,#5638,#5639);
#5637 = CARTESIAN_POINT('',(0.1,1.160508806208,0.85));
#5638 = DIRECTION('',(0.,3.491481338843E-15,-1.));
#5639 = DIRECTION('',(0.,1.,3.491481338843E-15));
#5640 = ADVANCED_FACE('',(#5641),#5647,.T.);
#5641 = FACE_BOUND('',#5642,.T.);
#5642 = EDGE_LOOP('',(#5643,#5644,#5645,#5646));
#5643 = ORIENTED_EDGE('',*,*,#4438,.F.);
#5644 = ORIENTED_EDGE('',*,*,#5583,.T.);
#5645 = ORIENTED_EDGE('',*,*,#5271,.T.);
#5646 = ORIENTED_EDGE('',*,*,#5618,.F.);
#5647 = CYLINDRICAL_SURFACE('',#5648,0.2);
#5648 = AXIS2_PLACEMENT_3D('',#5649,#5650,#5651);
#5649 = CARTESIAN_POINT('',(-2.6,-0.589491193792,0.7));
#5650 = DIRECTION('',(0.,-3.491481338843E-15,1.));
#5651 = DIRECTION('',(0.,-1.,-3.491481338843E-15));
#5652 = ADVANCED_FACE('',(#5653),#5689,.F.);
#5653 = FACE_BOUND('',#5654,.F.);
#5654 = EDGE_LOOP('',(#5655,#5666,#5673,#5682));
#5655 = ORIENTED_EDGE('',*,*,#5656,.T.);
#5656 = EDGE_CURVE('',#5657,#5659,#5661,.T.);
#5657 = VERTEX_POINT('',#5658);
#5658 = CARTESIAN_POINT('',(1.693325527575,-0.4,-0.7));
#5659 = VERTEX_POINT('',#5660);
#5660 = CARTESIAN_POINT('',(1.55,-0.353723201033,-0.695679583762));
#5661 = B_SPLINE_CURVE_WITH_KNOTS('',3,(#5662,#5663,#5664,#5665),
  .UNSPECIFIED.,.F.,.F.,(4,4),(0.,1.),.PIECEWISE_BEZIER_KNOTS.);
#5662 = CARTESIAN_POINT('',(1.693325527575,-0.4,-0.7));
#5663 = CARTESIAN_POINT('',(1.645550351716,-0.384484921485,-0.7));
#5664 = CARTESIAN_POINT('',(1.597775175858,-0.368970153159,
    -0.698551536439));
#5665 = CARTESIAN_POINT('',(1.55,-0.353723201033,-0.695679583762));
#5666 = ORIENTED_EDGE('',*,*,#5667,.F.);
#5667 = EDGE_CURVE('',#5668,#5659,#5670,.T.);
#5668 = VERTEX_POINT('',#5669);
#5669 = CARTESIAN_POINT('',(1.55,-0.325957121653,-0.843087334019));
#5670 = B_SPLINE_CURVE_WITH_KNOTS('',1,(#5671,#5672),.UNSPECIFIED.,.F.,
  .F.,(2,2),(0.,1.),.PIECEWISE_BEZIER_KNOTS.);
#5671 = CARTESIAN_POINT('',(1.55,-0.325957121653,-0.843087334019));
#5672 = CARTESIAN_POINT('',(1.55,-0.353723201033,-0.695679583762));
#5673 = ORIENTED_EDGE('',*,*,#5674,.F.);
#5674 = EDGE_CURVE('',#5675,#5668,#5677,.T.);
#5675 = VERTEX_POINT('',#5676);
#5676 = CARTESIAN_POINT('',(1.693325527575,-0.4,-0.85));
#5677 = B_SPLINE_CURVE_WITH_KNOTS('',3,(#5678,#5679,#5680,#5681),
  .UNSPECIFIED.,.F.,.F.,(4,4),(0.,1.),.PIECEWISE_BEZIER_KNOTS.);
#5678 = CARTESIAN_POINT('',(1.693325527575,-0.4,-0.85));
#5679 = CARTESIAN_POINT('',(1.645549981609,-0.375175682067,-0.85));
#5680 = CARTESIAN_POINT('',(1.597775545966,-0.35035243404,
    -0.847682493901));
#5681 = CARTESIAN_POINT('',(1.55,-0.325957121653,-0.843087334019));
#5682 = ORIENTED_EDGE('',*,*,#5683,.T.);
#5683 = EDGE_CURVE('',#5675,#5657,#5684,.T.);
#5684 = B_SPLINE_CURVE_WITH_KNOTS('',3,(#5685,#5686,#5687,#5688),
  .UNSPECIFIED.,.F.,.F.,(4,4),(0.,1.),.PIECEWISE_BEZIER_KNOTS.);
#5685 = CARTESIAN_POINT('',(1.693325527575,-0.4,-0.85));
#5686 = CARTESIAN_POINT('',(1.693325527575,-0.4,-0.8));
#5687 = CARTESIAN_POINT('',(1.693325527575,-0.4,-0.75));
#5688 = CARTESIAN_POINT('',(1.693325527575,-0.4,-0.7));
#5689 = B_SPLINE_SURFACE_WITH_KNOTS('',1,3,(
    (#5690,#5691,#5692,#5693)
    ,(#5694,#5695,#5696,#5697
    )),.UNSPECIFIED.,.F.,.F.,.F.,(2,2),(4,4),(0.,1.),(0.,1.),
  .PIECEWISE_BEZIER_KNOTS.);
#5690 = CARTESIAN_POINT('',(1.693325527575,-0.4,-0.85));
#5691 = CARTESIAN_POINT('',(1.645549981609,-0.375175682067,-0.85));
#5692 = CARTESIAN_POINT('',(1.597775545966,-0.35035243404,
    -0.847682493901));
#5693 = CARTESIAN_POINT('',(1.55,-0.325957121653,-0.843087334019));
#5694 = CARTESIAN_POINT('',(1.693325527575,-0.4,-0.7));
#5695 = CARTESIAN_POINT('',(1.645550184617,-0.384484867219,-0.7));
#5696 = CARTESIAN_POINT('',(1.597775342958,-0.368970206487,
    -0.698551546484));
#5697 = CARTESIAN_POINT('',(1.55,-0.353723201033,-0.695679583762));
#5698 = ADVANCED_FACE('',(#5699),#5725,.F.);
#5699 = FACE_BOUND('',#5700,.T.);
#5700 = EDGE_LOOP('',(#5701,#5702,#5710,#5719));
#5701 = ORIENTED_EDGE('',*,*,#5667,.F.);
#5702 = ORIENTED_EDGE('',*,*,#5703,.T.);
#5703 = EDGE_CURVE('',#5668,#5704,#5706,.T.);
#5704 = VERTEX_POINT('',#5705);
#5705 = CARTESIAN_POINT('',(0.1,-0.325957121653,-0.843087334019));
#5706 = LINE('',#5707,#5708);
#5707 = CARTESIAN_POINT('',(-5.039670450694,-0.325957121653,
    -0.843087334019));
#5708 = VECTOR('',#5709,1.);
#5709 = DIRECTION('',(-1.,0.,0.));
#5710 = ORIENTED_EDGE('',*,*,#5711,.T.);
#5711 = EDGE_CURVE('',#5704,#5712,#5714,.T.);
#5712 = VERTEX_POINT('',#5713);
#5713 = CARTESIAN_POINT('',(0.1,-0.353723201033,-0.695679583762));
#5714 = B_SPLINE_CURVE_WITH_KNOTS('',3,(#5715,#5716,#5717,#5718),
  .UNSPECIFIED.,.F.,.F.,(4,4),(0.,1.),.PIECEWISE_BEZIER_KNOTS.);
#5715 = CARTESIAN_POINT('',(0.1,-0.325957121653,-0.843087334019));
#5716 = CARTESIAN_POINT('',(0.1,-0.335212481446,-0.793951417266));
#5717 = CARTESIAN_POINT('',(0.1,-0.34446784124,-0.744815500514));
#5718 = CARTESIAN_POINT('',(0.1,-0.353723201033,-0.695679583762));
#5719 = ORIENTED_EDGE('',*,*,#5720,.F.);
#5720 = EDGE_CURVE('',#5659,#5712,#5721,.T.);
#5721 = LINE('',#5722,#5723);
#5722 = CARTESIAN_POINT('',(0.1,-0.353723201033,-0.695679583762));
#5723 = VECTOR('',#5724,1.);
#5724 = DIRECTION('',(-1.,-7.477256361969E-17,-0.));
#5725 = PLANE('',#5726);
#5726 = AXIS2_PLACEMENT_3D('',#5727,#5728,#5729);
#5727 = CARTESIAN_POINT('',(0.825,-0.353723201033,-0.695679583762));
#5728 = DIRECTION('',(7.348036922756E-17,-0.982718335047,-0.185107195868
    ));
#5729 = DIRECTION('',(-1.,-7.47725636197E-17,-2.288002766495E-30));
#5730 = ADVANCED_FACE('',(#5731),#5757,.F.);
#5731 = FACE_BOUND('',#5732,.F.);
#5732 = EDGE_LOOP('',(#5733,#5742,#5749,#5756));
#5733 = ORIENTED_EDGE('',*,*,#5734,.T.);
#5734 = EDGE_CURVE('',#5712,#5735,#5737,.T.);
#5735 = VERTEX_POINT('',#5736);
#5736 = CARTESIAN_POINT('',(0.,-0.281490038729,-0.670125848277));
#5737 = B_SPLINE_CURVE_WITH_KNOTS('',3,(#5738,#5739,#5740,#5741),
  .UNSPECIFIED.,.F.,.F.,(4,4),(0.,1.),.PIECEWISE_BEZIER_KNOTS.);
#5738 = CARTESIAN_POINT('',(0.1,-0.353723201033,-0.695679583762));
#5739 = CARTESIAN_POINT('',(6.666666666667E-02,-0.328525295006,
    -0.690933245406));
#5740 = CARTESIAN_POINT('',(3.333333333333E-02,-0.304067048809,
    -0.6822807161));
#5741 = CARTESIAN_POINT('',(0.,-0.281490038729,-0.670125848277));
#5742 = ORIENTED_EDGE('',*,*,#5743,.F.);
#5743 = EDGE_CURVE('',#5744,#5735,#5746,.T.);
#5744 = VERTEX_POINT('',#5745);
#5745 = CARTESIAN_POINT('',(0.,-0.210384061967,-0.802201357243));
#5746 = B_SPLINE_CURVE_WITH_KNOTS('',1,(#5747,#5748),.UNSPECIFIED.,.F.,
  .F.,(2,2),(0.,1.),.PIECEWISE_BEZIER_KNOTS.);
#5747 = CARTESIAN_POINT('',(0.,-0.210384061967,-0.802201357243));
#5748 = CARTESIAN_POINT('',(0.,-0.281490038729,-0.670125848277));
#5749 = ORIENTED_EDGE('',*,*,#5750,.F.);
#5750 = EDGE_CURVE('',#5704,#5744,#5751,.T.);
#5751 = B_SPLINE_CURVE_WITH_KNOTS('',3,(#5752,#5753,#5754,#5755),
  .UNSPECIFIED.,.F.,.F.,(4,4),(0.,1.),.PIECEWISE_BEZIER_KNOTS.);
#5752 = CARTESIAN_POINT('',(0.1,-0.325957121653,-0.843087334019));
#5753 = CARTESIAN_POINT('',(6.666159959391E-02,-0.285634343388,
    -0.835492038248));
#5754 = CARTESIAN_POINT('',(3.333840040609E-02,-0.246512769264,
    -0.82165210206));
#5755 = CARTESIAN_POINT('',(0.,-0.210384061967,-0.802201357243));
#5756 = ORIENTED_EDGE('',*,*,#5711,.T.);
#5757 = B_SPLINE_SURFACE_WITH_KNOTS('',1,3,(
    (#5758,#5759,#5760,#5761)
    ,(#5762,#5763,#5764,#5765
    )),.UNSPECIFIED.,.F.,.F.,.F.,(2,2),(4,4),(0.,1.),(0.,1.),
  .PIECEWISE_BEZIER_KNOTS.);
#5758 = CARTESIAN_POINT('',(0.1,-0.325957121653,-0.843087334019));
#5759 = CARTESIAN_POINT('',(6.666159959391E-02,-0.285634343388,
    -0.835492038248));
#5760 = CARTESIAN_POINT('',(3.333840040609E-02,-0.246512769264,
    -0.82165210206));
#5761 = CARTESIAN_POINT('',(0.,-0.210384061967,-0.802201357243));
#5762 = CARTESIAN_POINT('',(0.1,-0.353723201033,-0.695679583762));
#5763 = CARTESIAN_POINT('',(6.666344241391E-02,-0.328522857674,
    -0.690932786304));
#5764 = CARTESIAN_POINT('',(3.333655758609E-02,-0.304069232629,
    -0.682281891811));
#5765 = CARTESIAN_POINT('',(0.,-0.281490038729,-0.670125848277));
#5766 = ADVANCED_FACE('',(#5767),#5795,.F.);
#5767 = FACE_BOUND('',#5768,.T.);
#5768 = EDGE_LOOP('',(#5769,#5770,#5779,#5788));
#5769 = ORIENTED_EDGE('',*,*,#5743,.F.);
#5770 = ORIENTED_EDGE('',*,*,#5771,.T.);
#5771 = EDGE_CURVE('',#5744,#5772,#5774,.T.);
#5772 = VERTEX_POINT('',#5773);
#5773 = CARTESIAN_POINT('',(0.,-4.185262388385E-02,-0.628130449337));
#5774 = CIRCLE('',#5775,0.4);
#5775 = AXIS2_PLACEMENT_3D('',#5776,#5777,#5778);
#5776 = CARTESIAN_POINT('',(0.,-0.4,-0.45));
#5777 = DIRECTION('',(1.,-0.,0.));
#5778 = DIRECTION('',(0.,0.,-1.));
#5779 = ORIENTED_EDGE('',*,*,#5780,.T.);
#5780 = EDGE_CURVE('',#5772,#5781,#5783,.T.);
#5781 = VERTEX_POINT('',#5782);
#5782 = CARTESIAN_POINT('',(0.,-0.176157889927,-0.561331530836));
#5783 = B_SPLINE_CURVE_WITH_KNOTS('',3,(#5784,#5785,#5786,#5787),
  .UNSPECIFIED.,.F.,.F.,(4,4),(0.,1.),.PIECEWISE_BEZIER_KNOTS.);
#5784 = CARTESIAN_POINT('',(0.,-4.185262388385E-02,-0.628130449337));
#5785 = CARTESIAN_POINT('',(0.,-8.662104589837E-02,-0.60586414317));
#5786 = CARTESIAN_POINT('',(0.,-0.131389467913,-0.583597837003));
#5787 = CARTESIAN_POINT('',(0.,-0.176157889927,-0.561331530836));
#5788 = ORIENTED_EDGE('',*,*,#5789,.F.);
#5789 = EDGE_CURVE('',#5735,#5781,#5790,.T.);
#5790 = CIRCLE('',#5791,0.25);
#5791 = AXIS2_PLACEMENT_3D('',#5792,#5793,#5794);
#5792 = CARTESIAN_POINT('',(0.,-0.4,-0.45));
#5793 = DIRECTION('',(1.,0.,-0.));
#5794 = DIRECTION('',(0.,0.,1.));
#5795 = PLANE('',#5796);
#5796 = AXIS2_PLACEMENT_3D('',#5797,#5798,#5799);
#5797 = CARTESIAN_POINT('',(0.,-0.4,-0.45));
#5798 = DIRECTION('',(-1.,0.,0.));
#5799 = DIRECTION('',(0.,0.,1.));
#5800 = ADVANCED_FACE('',(#5801),#5827,.F.);
#5801 = FACE_BOUND('',#5802,.F.);
#5802 = EDGE_LOOP('',(#5803,#5812,#5819,#5826));
#5803 = ORIENTED_EDGE('',*,*,#5804,.T.);
#5804 = EDGE_CURVE('',#5781,#5805,#5807,.T.);
#5805 = VERTEX_POINT('',#5806);
#5806 = CARTESIAN_POINT('',(0.1,-0.15295274902,-0.488309995868));
#5807 = B_SPLINE_CURVE_WITH_KNOTS('',3,(#5808,#5809,#5810,#5811),
  .UNSPECIFIED.,.F.,.F.,(4,4),(0.,1.),.PIECEWISE_BEZIER_KNOTS.);
#5808 = CARTESIAN_POINT('',(0.,-0.176157889927,-0.561331530836));
#5809 = CARTESIAN_POINT('',(3.333333333333E-02,-0.16473927138,
    -0.5383733657));
#5810 = CARTESIAN_POINT('',(6.666666666667E-02,-0.156881979366,
    -0.513648175456));
#5811 = CARTESIAN_POINT('',(0.1,-0.15295274902,-0.488309995868));
#5812 = ORIENTED_EDGE('',*,*,#5813,.F.);
#5813 = EDGE_CURVE('',#5814,#5805,#5816,.T.);
#5814 = VERTEX_POINT('',#5815);
#5815 = CARTESIAN_POINT('',(0.1,-4.72439843256E-03,-0.511295993389));
#5816 = B_SPLINE_CURVE_WITH_KNOTS('',1,(#5817,#5818),.UNSPECIFIED.,.F.,
  .F.,(2,2),(0.,1.),.PIECEWISE_BEZIER_KNOTS.);
#5817 = CARTESIAN_POINT('',(0.1,-4.72439843256E-03,-0.511295993389));
#5818 = CARTESIAN_POINT('',(0.1,-0.15295274902,-0.488309995868));
#5819 = ORIENTED_EDGE('',*,*,#5820,.F.);
#5820 = EDGE_CURVE('',#5772,#5814,#5821,.T.);
#5821 = B_SPLINE_CURVE_WITH_KNOTS('',3,(#5822,#5823,#5824,#5825),
  .UNSPECIFIED.,.F.,.F.,(4,4),(0.,1.),.PIECEWISE_BEZIER_KNOTS.);
#5822 = CARTESIAN_POINT('',(0.,-4.185262388385E-02,-0.628130449337));
#5823 = CARTESIAN_POINT('',(3.333840040609E-02,-2.358005697762E-02,
    -0.591391801247));
#5824 = CARTESIAN_POINT('',(6.666159959391E-02,-1.101212265065E-02,
    -0.551843243468));
#5825 = CARTESIAN_POINT('',(0.1,-4.72439843256E-03,-0.511295993389));
#5826 = ORIENTED_EDGE('',*,*,#5780,.T.);
#5827 = B_SPLINE_SURFACE_WITH_KNOTS('',1,3,(
    (#5828,#5829,#5830,#5831)
    ,(#5832,#5833,#5834,#5835
    )),.UNSPECIFIED.,.F.,.F.,.F.,(2,2),(4,4),(0.,1.),(0.,1.),
  .PIECEWISE_BEZIER_KNOTS.);
#5828 = CARTESIAN_POINT('',(0.,-4.185262388385E-02,-0.628130449337));
#5829 = CARTESIAN_POINT('',(3.333840040609E-02,-2.358005697762E-02,
    -0.591391801247));
#5830 = CARTESIAN_POINT('',(6.666159959391E-02,-1.101212265065E-02,
    -0.551843243468));
#5831 = CARTESIAN_POINT('',(0.1,-4.724398432559E-03,-0.511295993389));
#5832 = CARTESIAN_POINT('',(0.,-0.176157889927,-0.561331530836));
#5833 = CARTESIAN_POINT('',(3.333655758609E-02,-0.164738166885,
    -0.538371145012));
#5834 = CARTESIAN_POINT('',(6.666344241391E-02,-0.156882359431,
    -0.513650626356));
#5835 = CARTESIAN_POINT('',(0.1,-0.15295274902,-0.488309995868));
#5836 = ADVANCED_FACE('',(#5837),#5862,.F.);
#5837 = FACE_BOUND('',#5838,.T.);
#5838 = EDGE_LOOP('',(#5839,#5840,#5848,#5856));
#5839 = ORIENTED_EDGE('',*,*,#5813,.F.);
#5840 = ORIENTED_EDGE('',*,*,#5841,.T.);
#5841 = EDGE_CURVE('',#5814,#5842,#5844,.T.);
#5842 = VERTEX_POINT('',#5843);
#5843 = CARTESIAN_POINT('',(0.3,-4.72439843256E-03,-0.511295993389));
#5844 = LINE('',#5845,#5846);
#5845 = CARTESIAN_POINT('',(-5.039670450694,-4.72439843256E-03,
    -0.511295993389));
#5846 = VECTOR('',#5847,1.);
#5847 = DIRECTION('',(1.,-0.,-0.));
#5848 = ORIENTED_EDGE('',*,*,#5849,.T.);
#5849 = EDGE_CURVE('',#5842,#5850,#5852,.T.);
#5850 = VERTEX_POINT('',#5851);
#5851 = CARTESIAN_POINT('',(0.3,-0.15295274902,-0.488309995868));
#5852 = LINE('',#5853,#5854);
#5853 = CARTESIAN_POINT('',(0.3,-0.15295274902,-0.488309995868));
#5854 = VECTOR('',#5855,1.);
#5855 = DIRECTION('',(-0.,-0.988189003919,0.153239983472));
#5856 = ORIENTED_EDGE('',*,*,#5857,.F.);
#5857 = EDGE_CURVE('',#5805,#5850,#5858,.T.);
#5858 = LINE('',#5859,#5860);
#5859 = CARTESIAN_POINT('',(0.3,-0.15295274902,-0.488309995868));
#5860 = VECTOR('',#5861,1.);
#5861 = DIRECTION('',(1.,-0.,-0.));
#5862 = PLANE('',#5863);
#5863 = AXIS2_PLACEMENT_3D('',#5864,#5865,#5866);
#5864 = CARTESIAN_POINT('',(0.2,-0.15295274902,-0.488309995868));
#5865 = DIRECTION('',(0.,0.153239983472,0.988189003919));
#5866 = DIRECTION('',(1.,0.,-0.));
#5867 = ADVANCED_FACE('',(#5868),#5886,.F.);
#5868 = FACE_BOUND('',#5869,.T.);
#5869 = EDGE_LOOP('',(#5870,#5871,#5878,#5879));
#5870 = ORIENTED_EDGE('',*,*,#5849,.F.);
#5871 = ORIENTED_EDGE('',*,*,#5872,.T.);
#5872 = EDGE_CURVE('',#5842,#4244,#5873,.T.);
#5873 = CIRCLE('',#5874,0.4);
#5874 = AXIS2_PLACEMENT_3D('',#5875,#5876,#5877);
#5875 = CARTESIAN_POINT('',(0.3,-0.4,-0.45));
#5876 = DIRECTION('',(1.,-0.,0.));
#5877 = DIRECTION('',(0.,0.,-1.));
#5878 = ORIENTED_EDGE('',*,*,#4312,.T.);
#5879 = ORIENTED_EDGE('',*,*,#5880,.F.);
#5880 = EDGE_CURVE('',#5850,#4313,#5881,.T.);
#5881 = CIRCLE('',#5882,0.25);
#5882 = AXIS2_PLACEMENT_3D('',#5883,#5884,#5885);
#5883 = CARTESIAN_POINT('',(0.3,-0.4,-0.45));
#5884 = DIRECTION('',(1.,0.,-0.));
#5885 = DIRECTION('',(0.,0.,1.));
#5886 = PLANE('',#5887);
#5887 = AXIS2_PLACEMENT_3D('',#5888,#5889,#5890);
#5888 = CARTESIAN_POINT('',(0.3,-0.4,-0.45));
#5889 = DIRECTION('',(-1.,0.,0.));
#5890 = DIRECTION('',(0.,0.,1.));
#5891 = ADVANCED_FACE('',(#5892),#5920,.F.);
#5892 = FACE_BOUND('',#5893,.T.);
#5893 = EDGE_LOOP('',(#5894,#5895,#5904,#5913));
#5894 = ORIENTED_EDGE('',*,*,#4281,.T.);
#5895 = ORIENTED_EDGE('',*,*,#5896,.T.);
#5896 = EDGE_CURVE('',#4252,#5897,#5899,.T.);
#5897 = VERTEX_POINT('',#5898);
#5898 = CARTESIAN_POINT('',(-1.6,-0.210384061967,-0.802201357243));
#5899 = CIRCLE('',#5900,0.4);
#5900 = AXIS2_PLACEMENT_3D('',#5901,#5902,#5903);
#5901 = CARTESIAN_POINT('',(-1.6,-0.4,-0.45));
#5902 = DIRECTION('',(-1.,0.,0.));
#5903 = DIRECTION('',(-0.,-2.710505431214E-15,-1.));
#5904 = ORIENTED_EDGE('',*,*,#5905,.T.);
#5905 = EDGE_CURVE('',#5897,#5906,#5908,.T.);
#5906 = VERTEX_POINT('',#5907);
#5907 = CARTESIAN_POINT('',(-1.6,-0.281490038729,-0.670125848277));
#5908 = B_SPLINE_CURVE_WITH_KNOTS('',3,(#5909,#5910,#5911,#5912),
  .UNSPECIFIED.,.F.,.F.,(4,4),(0.,1.),.PIECEWISE_BEZIER_KNOTS.);
#5909 = CARTESIAN_POINT('',(-1.6,-0.210384061967,-0.802201357243));
#5910 = CARTESIAN_POINT('',(-1.6,-0.234086054221,-0.758176187588));
#5911 = CARTESIAN_POINT('',(-1.6,-0.257788046475,-0.714151017932));
#5912 = CARTESIAN_POINT('',(-1.6,-0.281490038729,-0.670125848277));
#5913 = ORIENTED_EDGE('',*,*,#5914,.F.);
#5914 = EDGE_CURVE('',#4282,#5906,#5915,.T.);
#5915 = CIRCLE('',#5916,0.25);
#5916 = AXIS2_PLACEMENT_3D('',#5917,#5918,#5919);
#5917 = CARTESIAN_POINT('',(-1.6,-0.4,-0.45));
#5918 = DIRECTION('',(-1.,-0.,-0.));
#5919 = DIRECTION('',(0.,0.,-1.));
#5920 = PLANE('',#5921);
#5921 = AXIS2_PLACEMENT_3D('',#5922,#5923,#5924);
#5922 = CARTESIAN_POINT('',(-1.6,-0.4,-0.45));
#5923 = DIRECTION('',(1.,0.,0.));
#5924 = DIRECTION('',(0.,0.,-1.));
#5925 = ADVANCED_FACE('',(#5926),#5952,.F.);
#5926 = FACE_BOUND('',#5927,.F.);
#5927 = EDGE_LOOP('',(#5928,#5937,#5944,#5951));
#5928 = ORIENTED_EDGE('',*,*,#5929,.T.);
#5929 = EDGE_CURVE('',#5906,#5930,#5932,.T.);
#5930 = VERTEX_POINT('',#5931);
#5931 = CARTESIAN_POINT('',(-1.75,-0.391917711479,-0.69986931907));
#5932 = B_SPLINE_CURVE_WITH_KNOTS('',3,(#5933,#5934,#5935,#5936),
  .UNSPECIFIED.,.F.,.F.,(4,4),(0.,1.),.PIECEWISE_BEZIER_KNOTS.);
#5933 = CARTESIAN_POINT('',(-1.6,-0.281490038729,-0.670125848277));
#5934 = CARTESIAN_POINT('',(-1.65,-0.315355553849,-0.688358150011));
#5935 = CARTESIAN_POINT('',(-1.7,-0.353476277776,-0.698625890066));
#5936 = CARTESIAN_POINT('',(-1.75,-0.391917711479,-0.69986931907));
#5937 = ORIENTED_EDGE('',*,*,#5938,.F.);
#5938 = EDGE_CURVE('',#5939,#5930,#5941,.T.);
#5939 = VERTEX_POINT('',#5940);
#5940 = CARTESIAN_POINT('',(-1.75,-0.387068338367,-0.849790910511));
#5941 = B_SPLINE_CURVE_WITH_KNOTS('',1,(#5942,#5943),.UNSPECIFIED.,.F.,
  .F.,(2,2),(0.,1.),.PIECEWISE_BEZIER_KNOTS.);
#5942 = CARTESIAN_POINT('',(-1.75,-0.387068338367,-0.849790910511));
#5943 = CARTESIAN_POINT('',(-1.75,-0.391917711479,-0.69986931907));
#5944 = ORIENTED_EDGE('',*,*,#5945,.F.);
#5945 = EDGE_CURVE('',#5897,#5939,#5946,.T.);
#5946 = B_SPLINE_CURVE_WITH_KNOTS('',3,(#5947,#5948,#5949,#5950),
  .UNSPECIFIED.,.F.,.F.,(4,4),(0.,1.),.PIECEWISE_BEZIER_KNOTS.);
#5947 = CARTESIAN_POINT('',(-1.6,-0.210384061967,-0.802201357243));
#5948 = CARTESIAN_POINT('',(-1.650034851799,-0.26460665493,
    -0.83139337373));
#5949 = CARTESIAN_POINT('',(-1.699965148201,-0.325519172342,
    -0.847800037363));
#5950 = CARTESIAN_POINT('',(-1.75,-0.387068338367,-0.849790910511));
#5951 = ORIENTED_EDGE('',*,*,#5905,.T.);
#5952 = B_SPLINE_SURFACE_WITH_KNOTS('',1,3,(
    (#5953,#5954,#5955,#5956)
    ,(#5957,#5958,#5959,#5960
    )),.UNSPECIFIED.,.F.,.F.,.F.,(2,2),(4,4),(0.,1.),(0.,1.),
  .PIECEWISE_BEZIER_KNOTS.);
#5953 = CARTESIAN_POINT('',(-1.6,-0.210384061967,-0.802201357243));
#5954 = CARTESIAN_POINT('',(-1.650034851799,-0.26460665493,
    -0.83139337373));
#5955 = CARTESIAN_POINT('',(-1.699965148201,-0.325519172342,
    -0.847800037363));
#5956 = CARTESIAN_POINT('',(-1.75,-0.387068338367,-0.849790910511));
#5957 = CARTESIAN_POINT('',(-1.6,-0.281490038729,-0.670125848277));
#5958 = CARTESIAN_POINT('',(-1.650022910374,-0.315371071282,
    -0.688366504188));
#5959 = CARTESIAN_POINT('',(-1.699977089626,-0.353458663623,
    -0.698625320318));
#5960 = CARTESIAN_POINT('',(-1.75,-0.391917711479,-0.69986931907));
#5961 = ADVANCED_FACE('',(#5962),#5988,.F.);
#5962 = FACE_BOUND('',#5963,.T.);
#5963 = EDGE_LOOP('',(#5964,#5965,#5973,#5982));
#5964 = ORIENTED_EDGE('',*,*,#5938,.F.);
#5965 = ORIENTED_EDGE('',*,*,#5966,.T.);
#5966 = EDGE_CURVE('',#5939,#5967,#5969,.T.);
#5967 = VERTEX_POINT('',#5968);
#5968 = CARTESIAN_POINT('',(-2.6,-0.387068338367,-0.849790910511));
#5969 = LINE('',#5970,#5971);
#5970 = CARTESIAN_POINT('',(-5.039670450694,-0.387068338367,
    -0.849790910511));
#5971 = VECTOR('',#5972,1.);
#5972 = DIRECTION('',(-1.,0.,0.));
#5973 = ORIENTED_EDGE('',*,*,#5974,.T.);
#5974 = EDGE_CURVE('',#5967,#5975,#5977,.T.);
#5975 = VERTEX_POINT('',#5976);
#5976 = CARTESIAN_POINT('',(-2.6,-0.391917711479,-0.69986931907));
#5977 = B_SPLINE_CURVE_WITH_KNOTS('',3,(#5978,#5979,#5980,#5981),
  .UNSPECIFIED.,.F.,.F.,(4,4),(0.,1.),.PIECEWISE_BEZIER_KNOTS.);
#5978 = CARTESIAN_POINT('',(-2.6,-0.387068338367,-0.849790910511));
#5979 = CARTESIAN_POINT('',(-2.6,-0.388684796071,-0.799817046697));
#5980 = CARTESIAN_POINT('',(-2.6,-0.390301253775,-0.749843182883));
#5981 = CARTESIAN_POINT('',(-2.6,-0.391917711479,-0.69986931907));
#5982 = ORIENTED_EDGE('',*,*,#5983,.F.);
#5983 = EDGE_CURVE('',#5930,#5975,#5984,.T.);
#5984 = LINE('',#5985,#5986);
#5985 = CARTESIAN_POINT('',(-2.6,-0.391917711479,-0.69986931907));
#5986 = VECTOR('',#5987,1.);
#5987 = DIRECTION('',(-1.,2.55106393526E-16,-0.));
#5988 = PLANE('',#5989);
#5989 = AXIS2_PLACEMENT_3D('',#5990,#5991,#5992);
#5990 = CARTESIAN_POINT('',(-2.175,-0.391917711479,-0.69986931907));
#5991 = DIRECTION('',(-2.549730433625E-16,-0.999477276278,
    -3.232915408336E-02));
#5992 = DIRECTION('',(-1.,2.55106393526E-16,9.671903096135E-31));
#5993 = ADVANCED_FACE('',(#5994),#6022,.F.);
#5994 = FACE_BOUND('',#5995,.F.);
#5995 = EDGE_LOOP('',(#5996,#5997,#6006,#6015));
#5996 = ORIENTED_EDGE('',*,*,#5974,.T.);
#5997 = ORIENTED_EDGE('',*,*,#5998,.T.);
#5998 = EDGE_CURVE('',#5975,#5999,#6001,.T.);
#5999 = VERTEX_POINT('',#6000);
#6000 = CARTESIAN_POINT('',(-2.663977241855,-0.4,-0.7));
#6001 = B_SPLINE_CURVE_WITH_KNOTS('',3,(#6002,#6003,#6004,#6005),
  .UNSPECIFIED.,.F.,.F.,(4,4),(0.,1.),.PIECEWISE_BEZIER_KNOTS.);
#6002 = CARTESIAN_POINT('',(-2.6,-0.391917711479,-0.69986931907));
#6003 = CARTESIAN_POINT('',(-2.621620221361,-0.392587730588,
    -0.699890991549));
#6004 = CARTESIAN_POINT('',(-2.642945968647,-0.395281238138,-0.7));
#6005 = CARTESIAN_POINT('',(-2.663977241855,-0.4,-0.7));
#6006 = ORIENTED_EDGE('',*,*,#6007,.T.);
#6007 = EDGE_CURVE('',#5999,#6008,#6010,.T.);
#6008 = VERTEX_POINT('',#6009);
#6009 = CARTESIAN_POINT('',(-2.663977241855,-0.4,-0.85));
#6010 = B_SPLINE_CURVE_WITH_KNOTS('',3,(#6011,#6012,#6013,#6014),
  .UNSPECIFIED.,.F.,.F.,(4,4),(0.,1.),.PIECEWISE_BEZIER_KNOTS.);
#6011 = CARTESIAN_POINT('',(-2.663977241855,-0.4,-0.7));
#6012 = CARTESIAN_POINT('',(-2.663977241855,-0.4,-0.75));
#6013 = CARTESIAN_POINT('',(-2.663977241855,-0.4,-0.8));
#6014 = CARTESIAN_POINT('',(-2.663977241855,-0.4,-0.85));
#6015 = ORIENTED_EDGE('',*,*,#6016,.F.);
#6016 = EDGE_CURVE('',#5967,#6008,#6017,.T.);
#6017 = B_SPLINE_CURVE_WITH_KNOTS('',3,(#6018,#6019,#6020,#6021),
  .UNSPECIFIED.,.F.,.F.,(4,4),(0.,1.),.PIECEWISE_BEZIER_KNOTS.);
#6018 = CARTESIAN_POINT('',(-2.6,-0.387068338367,-0.849790910511));
#6019 = CARTESIAN_POINT('',(-2.621620336388,-0.388140374645,
    -0.849825586663));
#6020 = CARTESIAN_POINT('',(-2.6429457645,-0.392449907735,-0.85));
#6021 = CARTESIAN_POINT('',(-2.663977241855,-0.4,-0.85));
#6022 = B_SPLINE_SURFACE_WITH_KNOTS('',1,3,(
    (#6023,#6024,#6025,#6026)
    ,(#6027,#6028,#6029,#6030
    )),.UNSPECIFIED.,.F.,.F.,.F.,(2,2),(4,4),(0.,1.),(0.,1.),
  .PIECEWISE_BEZIER_KNOTS.);
#6023 = CARTESIAN_POINT('',(-2.6,-0.387068338367,-0.849790910511));
#6024 = CARTESIAN_POINT('',(-2.621620336388,-0.388140374645,
    -0.849825586663));
#6025 = CARTESIAN_POINT('',(-2.6429457645,-0.392449907735,-0.85));
#6026 = CARTESIAN_POINT('',(-2.663977241855,-0.4,-0.85));
#6027 = CARTESIAN_POINT('',(-2.6,-0.391917711479,-0.69986931907));
#6028 = CARTESIAN_POINT('',(-2.62162027432,-0.392587732229,
    -0.699890991602));
#6029 = CARTESIAN_POINT('',(-2.642945877509,-0.39528121769,-0.7));
#6030 = CARTESIAN_POINT('',(-2.663977241855,-0.4,-0.7));
#6031 = ADVANCED_FACE('',(#6032),#6052,.F.);
#6032 = FACE_BOUND('',#6033,.F.);
#6033 = EDGE_LOOP('',(#6034,#6035,#6036,#6037,#6038,#6039,#6040,#6041,
    #6042,#6043,#6044,#6050,#6051));
#6034 = ORIENTED_EDGE('',*,*,#5929,.F.);
#6035 = ORIENTED_EDGE('',*,*,#5914,.F.);
#6036 = ORIENTED_EDGE('',*,*,#4343,.F.);
#6037 = ORIENTED_EDGE('',*,*,#5880,.F.);
#6038 = ORIENTED_EDGE('',*,*,#5857,.F.);
#6039 = ORIENTED_EDGE('',*,*,#5804,.F.);
#6040 = ORIENTED_EDGE('',*,*,#5789,.F.);
#6041 = ORIENTED_EDGE('',*,*,#5734,.F.);
#6042 = ORIENTED_EDGE('',*,*,#5720,.F.);
#6043 = ORIENTED_EDGE('',*,*,#5656,.F.);
#6044 = ORIENTED_EDGE('',*,*,#6045,.T.);
#6045 = EDGE_CURVE('',#5657,#5999,#6046,.T.);
#6046 = LINE('',#6047,#6048);
#6047 = CARTESIAN_POINT('',(0.1,-0.4,-0.7));
#6048 = VECTOR('',#6049,1.);
#6049 = DIRECTION('',(-1.,0.,-0.));
#6050 = ORIENTED_EDGE('',*,*,#5998,.F.);
#6051 = ORIENTED_EDGE('',*,*,#5983,.F.);
#6052 = CYLINDRICAL_SURFACE('',#6053,0.25);
#6053 = AXIS2_PLACEMENT_3D('',#6054,#6055,#6056);
#6054 = CARTESIAN_POINT('',(-5.039670450694,-0.4,-0.45));
#6055 = DIRECTION('',(1.,-0.,-0.));
#6056 = DIRECTION('',(0.,0.,-1.));
#6057 = ADVANCED_FACE('',(#6058),#6078,.T.);
#6058 = FACE_BOUND('',#6059,.T.);
#6059 = EDGE_LOOP('',(#6060,#6061,#6062,#6063,#6064,#6065,#6066,#6067,
    #6068,#6069,#6070,#6071,#6077));
#6060 = ORIENTED_EDGE('',*,*,#5966,.F.);
#6061 = ORIENTED_EDGE('',*,*,#5945,.F.);
#6062 = ORIENTED_EDGE('',*,*,#5896,.F.);
#6063 = ORIENTED_EDGE('',*,*,#4251,.F.);
#6064 = ORIENTED_EDGE('',*,*,#5872,.F.);
#6065 = ORIENTED_EDGE('',*,*,#5841,.F.);
#6066 = ORIENTED_EDGE('',*,*,#5820,.F.);
#6067 = ORIENTED_EDGE('',*,*,#5771,.F.);
#6068 = ORIENTED_EDGE('',*,*,#5750,.F.);
#6069 = ORIENTED_EDGE('',*,*,#5703,.F.);
#6070 = ORIENTED_EDGE('',*,*,#5674,.F.);
#6071 = ORIENTED_EDGE('',*,*,#6072,.T.);
#6072 = EDGE_CURVE('',#5675,#6008,#6073,.T.);
#6073 = LINE('',#6074,#6075);
#6074 = CARTESIAN_POINT('',(0.1,-0.4,-0.85));
#6075 = VECTOR('',#6076,1.);
#6076 = DIRECTION('',(-1.,0.,-0.));
#6077 = ORIENTED_EDGE('',*,*,#6016,.F.);
#6078 = CYLINDRICAL_SURFACE('',#6079,0.4);
#6079 = AXIS2_PLACEMENT_3D('',#6080,#6081,#6082);
#6080 = CARTESIAN_POINT('',(-5.039670450694,-0.4,-0.45));
#6081 = DIRECTION('',(1.,-0.,-0.));
#6082 = DIRECTION('',(0.,0.,-1.));
#6083 = ADVANCED_FACE('',(#6084),#6118,.T.);
#6084 = FACE_BOUND('',#6085,.T.);
#6085 = EDGE_LOOP('',(#6086,#6096,#6104,#6112));
#6086 = ORIENTED_EDGE('',*,*,#6087,.F.);
#6087 = EDGE_CURVE('',#6088,#6090,#6092,.T.);
#6088 = VERTEX_POINT('',#6089);
#6089 = CARTESIAN_POINT('',(1.75,-1.989491193792,-3.904862254808E-02));
#6090 = VERTEX_POINT('',#6091);
#6091 = CARTESIAN_POINT('',(0.15,-1.989491193792,-3.904862254808E-02));
#6092 = LINE('',#6093,#6094);
#6093 = CARTESIAN_POINT('',(1.75,-1.989491193792,-3.904862254808E-02));
#6094 = VECTOR('',#6095,1.);
#6095 = DIRECTION('',(-1.,-3.785471652766E-30,-5.421010862428E-16));
#6096 = ORIENTED_EDGE('',*,*,#6097,.F.);
#6097 = EDGE_CURVE('',#6098,#6088,#6100,.T.);
#6098 = VERTEX_POINT('',#6099);
#6099 = CARTESIAN_POINT('',(1.75,-1.839491193792,-3.904862254808E-02));
#6100 = LINE('',#6101,#6102);
#6101 = CARTESIAN_POINT('',(1.75,-1.839491193792,-3.904862254808E-02));
#6102 = VECTOR('',#6103,1.);
#6103 = DIRECTION('',(0.,-1.,6.982962677686E-15));
#6104 = ORIENTED_EDGE('',*,*,#6105,.T.);
#6105 = EDGE_CURVE('',#6098,#6106,#6108,.T.);
#6106 = VERTEX_POINT('',#6107);
#6107 = CARTESIAN_POINT('',(0.15,-1.839491193792,-3.904862254809E-02));
#6108 = LINE('',#6109,#6110);
#6109 = CARTESIAN_POINT('',(1.75,-1.839491193792,-3.904862254808E-02));
#6110 = VECTOR('',#6111,1.);
#6111 = DIRECTION('',(-1.,-3.785471652766E-30,-5.421010862428E-16));
#6112 = ORIENTED_EDGE('',*,*,#6113,.T.);
#6113 = EDGE_CURVE('',#6106,#6090,#6114,.T.);
#6114 = LINE('',#6115,#6116);
#6115 = CARTESIAN_POINT('',(0.15,-1.839491193792,-3.904862254809E-02));
#6116 = VECTOR('',#6117,1.);
#6117 = DIRECTION('',(0.,-1.,6.982962677686E-15));
#6118 = PLANE('',#6119);
#6119 = AXIS2_PLACEMENT_3D('',#6120,#6121,#6122);
#6120 = CARTESIAN_POINT('',(1.75,-1.839491193792,-3.904862254808E-02));
#6121 = DIRECTION('',(-5.421010862428E-16,6.982962677686E-15,1.));
#6122 = DIRECTION('',(-1.,-3.785471652766E-30,-5.421010862428E-16));
#6123 = ADVANCED_FACE('',(#6124),#6149,.T.);
#6124 = FACE_BOUND('',#6125,.T.);
#6125 = EDGE_LOOP('',(#6126,#6134,#6142,#6148));
#6126 = ORIENTED_EDGE('',*,*,#6127,.F.);
#6127 = EDGE_CURVE('',#6128,#6088,#6130,.T.);
#6128 = VERTEX_POINT('',#6129);
#6129 = CARTESIAN_POINT('',(1.75,-1.989491193792,-0.4));
#6130 = LINE('',#6131,#6132);
#6131 = CARTESIAN_POINT('',(1.75,-1.989491193792,-0.989048622548));
#6132 = VECTOR('',#6133,1.);
#6133 = DIRECTION('',(-9.130123557773E-16,6.982962677686E-15,1.));
#6134 = ORIENTED_EDGE('',*,*,#6135,.T.);
#6135 = EDGE_CURVE('',#6128,#6136,#6138,.T.);
#6136 = VERTEX_POINT('',#6137);
#6137 = CARTESIAN_POINT('',(1.75,-1.839491193792,-0.4));
#6138 = LINE('',#6139,#6140);
#6139 = CARTESIAN_POINT('',(1.75,-1.839491193792,-0.4));
#6140 = VECTOR('',#6141,1.);
#6141 = DIRECTION('',(5.590588295423E-32,1.,-7.044195017644E-15));
#6142 = ORIENTED_EDGE('',*,*,#6143,.T.);
#6143 = EDGE_CURVE('',#6136,#6098,#6144,.T.);
#6144 = LINE('',#6145,#6146);
#6145 = CARTESIAN_POINT('',(1.75,-1.839491193792,-1.989048622548));
#6146 = VECTOR('',#6147,1.);
#6147 = DIRECTION('',(0.,6.982962677686E-15,1.));
#6148 = ORIENTED_EDGE('',*,*,#6097,.T.);
#6149 = PLANE('',#6150);
#6150 = AXIS2_PLACEMENT_3D('',#6151,#6152,#6153);
#6151 = CARTESIAN_POINT('',(1.75,-1.839491193792,-0.989048622548));
#6152 = DIRECTION('',(1.,6.375531204659E-30,9.130123557773E-16));
#6153 = DIRECTION('',(-9.130123557773E-16,6.982962677686E-15,1.));
#6154 = ADVANCED_FACE('',(#6155),#6180,.T.);
#6155 = FACE_BOUND('',#6156,.T.);
#6156 = EDGE_LOOP('',(#6157,#6165,#6173,#6179));
#6157 = ORIENTED_EDGE('',*,*,#6158,.T.);
#6158 = EDGE_CURVE('',#6106,#6159,#6161,.T.);
#6159 = VERTEX_POINT('',#6160);
#6160 = CARTESIAN_POINT('',(0.15,-1.839491193792,-0.4));
#6161 = LINE('',#6162,#6163);
#6162 = CARTESIAN_POINT('',(0.15,-1.839491193792,-3.904862254809E-02));
#6163 = VECTOR('',#6164,1.);
#6164 = DIRECTION('',(2.853163611804E-17,-6.982962677686E-15,-1.));
#6165 = ORIENTED_EDGE('',*,*,#6166,.T.);
#6166 = EDGE_CURVE('',#6159,#6167,#6169,.T.);
#6167 = VERTEX_POINT('',#6168);
#6168 = CARTESIAN_POINT('',(0.15,-1.989491193792,-0.4));
#6169 = LINE('',#6170,#6171);
#6170 = CARTESIAN_POINT('',(0.15,-1.839491193792,-0.4));
#6171 = VECTOR('',#6172,1.);
#6172 = DIRECTION('',(0.,-1.,7.044195017644E-15));
#6173 = ORIENTED_EDGE('',*,*,#6174,.F.);
#6174 = EDGE_CURVE('',#6090,#6167,#6175,.T.);
#6175 = LINE('',#6176,#6177);
#6176 = CARTESIAN_POINT('',(0.15,-1.989491193792,-0.989048622548));
#6177 = VECTOR('',#6178,1.);
#6178 = DIRECTION('',(0.,-6.982962677686E-15,-1.));
#6179 = ORIENTED_EDGE('',*,*,#6113,.F.);
#6180 = PLANE('',#6181);
#6181 = AXIS2_PLACEMENT_3D('',#6182,#6183,#6184);
#6182 = CARTESIAN_POINT('',(0.15,-1.839491193792,-0.989048622548));
#6183 = DIRECTION('',(-1.,-0.,0.));
#6184 = DIRECTION('',(0.,-6.982962677686E-15,-1.));
#6185 = ADVANCED_FACE('',(#6186),#6220,.T.);
#6186 = FACE_BOUND('',#6187,.T.);
#6187 = EDGE_LOOP('',(#6188,#6198,#6206,#6214));
#6188 = ORIENTED_EDGE('',*,*,#6189,.F.);
#6189 = EDGE_CURVE('',#6190,#6192,#6194,.T.);
#6190 = VERTEX_POINT('',#6191);
#6191 = CARTESIAN_POINT('',(-1.875,-2.024672635684,-0.15));
#6192 = VERTEX_POINT('',#6193);
#6193 = CARTESIAN_POINT('',(-2.675,-2.024672635684,-0.15));
#6194 = LINE('',#6195,#6196);
#6195 = CARTESIAN_POINT('',(-2.675,-2.024672635684,-0.15));
#6196 = VECTOR('',#6197,1.);
#6197 = DIRECTION('',(-1.,0.,-0.));
#6198 = ORIENTED_EDGE('',*,*,#6199,.F.);
#6199 = EDGE_CURVE('',#6200,#6190,#6202,.T.);
#6200 = VERTEX_POINT('',#6201);
#6201 = CARTESIAN_POINT('',(-1.875,-2.024672635684,-0.3));
#6202 = LINE('',#6203,#6204);
#6203 = CARTESIAN_POINT('',(-1.875,-2.024672635684,-0.3));
#6204 = VECTOR('',#6205,1.);
#6205 = DIRECTION('',(0.,1.047444401653E-14,1.));
#6206 = ORIENTED_EDGE('',*,*,#6207,.T.);
#6207 = EDGE_CURVE('',#6200,#6208,#6210,.T.);
#6208 = VERTEX_POINT('',#6209);
#6209 = CARTESIAN_POINT('',(-2.675,-2.024672635684,-0.3));
#6210 = LINE('',#6211,#6212);
#6211 = CARTESIAN_POINT('',(-2.675,-2.024672635684,-0.3));
#6212 = VECTOR('',#6213,1.);
#6213 = DIRECTION('',(-1.,0.,-0.));
#6214 = ORIENTED_EDGE('',*,*,#6215,.T.);
#6215 = EDGE_CURVE('',#6208,#6192,#6216,.T.);
#6216 = LINE('',#6217,#6218);
#6217 = CARTESIAN_POINT('',(-2.675,-2.024672635684,-0.3));
#6218 = VECTOR('',#6219,1.);
#6219 = DIRECTION('',(0.,1.047444401653E-14,1.));
#6220 = PLANE('',#6221);
#6221 = AXIS2_PLACEMENT_3D('',#6222,#6223,#6224);
#6222 = CARTESIAN_POINT('',(-2.675,-2.024672635684,-0.3));
#6223 = DIRECTION('',(0.,1.,-1.047444401653E-14));
#6224 = DIRECTION('',(-1.,0.,-0.));
#6225 = ADVANCED_FACE('',(#6226),#6248,.T.);
#6226 = FACE_BOUND('',#6227,.T.);
#6227 = EDGE_LOOP('',(#6228,#6235,#6241,#6242));
#6228 = ORIENTED_EDGE('',*,*,#6229,.F.);
#6229 = EDGE_CURVE('',#6230,#4125,#6232,.T.);
#6230 = VERTEX_POINT('',#6231);
#6231 = CARTESIAN_POINT('',(-1.869329110979,-2.089491193792,-0.3));
#6232 = B_SPLINE_CURVE_WITH_KNOTS('',1,(#6233,#6234),.UNSPECIFIED.,.F.,
  .F.,(2,2),(0.,1.),.PIECEWISE_BEZIER_KNOTS.);
#6233 = CARTESIAN_POINT('',(-1.869329110979,-2.089491193792,-0.3));
#6234 = CARTESIAN_POINT('',(-1.869329110979,-2.089491193792,-0.15));
#6235 = ORIENTED_EDGE('',*,*,#6236,.T.);
#6236 = EDGE_CURVE('',#6230,#6200,#6237,.T.);
#6237 = LINE('',#6238,#6239);
#6238 = CARTESIAN_POINT('',(-1.75,-3.453429173529,-0.3));
#6239 = VECTOR('',#6240,1.);
#6240 = DIRECTION('',(-8.715574274764E-02,0.996194698092,
    -1.043458559473E-14));
#6241 = ORIENTED_EDGE('',*,*,#6199,.T.);
#6242 = ORIENTED_EDGE('',*,*,#6243,.F.);
#6243 = EDGE_CURVE('',#4125,#6190,#6244,.T.);
#6244 = LINE('',#6245,#6246);
#6245 = CARTESIAN_POINT('',(-1.75,-3.453429173529,-0.15));
#6246 = VECTOR('',#6247,1.);
#6247 = DIRECTION('',(-8.715574274764E-02,0.996194698092,
    -1.043458559473E-14));
#6248 = PLANE('',#6249);
#6249 = AXIS2_PLACEMENT_3D('',#6250,#6251,#6252);
#6250 = CARTESIAN_POINT('',(-1.75,-3.453429173529,-0.3));
#6251 = DIRECTION('',(0.996194698092,8.715574274764E-02,
    -9.129079481292E-16));
#6252 = DIRECTION('',(-8.715574274764E-02,0.996194698092,
    -1.043458559473E-14));
#6253 = ADVANCED_FACE('',(#6254),#6276,.T.);
#6254 = FACE_BOUND('',#6255,.T.);
#6255 = EDGE_LOOP('',(#6256,#6263,#6269,#6270));
#6256 = ORIENTED_EDGE('',*,*,#6257,.F.);
#6257 = EDGE_CURVE('',#4106,#6258,#6260,.T.);
#6258 = VERTEX_POINT('',#6259);
#6259 = CARTESIAN_POINT('',(-2.680670889021,-2.089491193792,-0.3));
#6260 = B_SPLINE_CURVE_WITH_KNOTS('',1,(#6261,#6262),.UNSPECIFIED.,.F.,
  .F.,(2,2),(0.,1.),.PIECEWISE_BEZIER_KNOTS.);
#6261 = CARTESIAN_POINT('',(-2.680670889021,-2.089491193792,-0.15));
#6262 = CARTESIAN_POINT('',(-2.680670889021,-2.089491193792,-0.3));
#6263 = ORIENTED_EDGE('',*,*,#6264,.F.);
#6264 = EDGE_CURVE('',#6192,#4106,#6265,.T.);
#6265 = LINE('',#6266,#6267);
#6266 = CARTESIAN_POINT('',(-2.8,-3.453429173529,-0.15));
#6267 = VECTOR('',#6268,1.);
#6268 = DIRECTION('',(-8.715574274764E-02,-0.996194698092,
    1.043458559473E-14));
#6269 = ORIENTED_EDGE('',*,*,#6215,.F.);
#6270 = ORIENTED_EDGE('',*,*,#6271,.T.);
#6271 = EDGE_CURVE('',#6208,#6258,#6272,.T.);
#6272 = LINE('',#6273,#6274);
#6273 = CARTESIAN_POINT('',(-2.8,-3.453429173529,-0.3));
#6274 = VECTOR('',#6275,1.);
#6275 = DIRECTION('',(-8.715574274764E-02,-0.996194698092,
    1.043458559473E-14));
#6276 = PLANE('',#6277);
#6277 = AXIS2_PLACEMENT_3D('',#6278,#6279,#6280);
#6278 = CARTESIAN_POINT('',(-2.8,-3.453429173529,-0.3));
#6279 = DIRECTION('',(-0.996194698092,8.715574274764E-02,
    -9.129079481292E-16));
#6280 = DIRECTION('',(-8.715574274764E-02,-0.996194698092,
    1.043458559473E-14));
#6281 = ADVANCED_FACE('',(#6282),#6288,.F.);
#6282 = FACE_BOUND('',#6283,.T.);
#6283 = EDGE_LOOP('',(#6284,#6285,#6286,#6287));
#6284 = ORIENTED_EDGE('',*,*,#6264,.T.);
#6285 = ORIENTED_EDGE('',*,*,#4135,.T.);
#6286 = ORIENTED_EDGE('',*,*,#6243,.T.);
#6287 = ORIENTED_EDGE('',*,*,#6189,.T.);
#6288 = PLANE('',#6289);
#6289 = AXIS2_PLACEMENT_3D('',#6290,#6291,#6292);
#6290 = CARTESIAN_POINT('',(0.1,-5.003429173529,-0.15));
#6291 = DIRECTION('',(0.,-1.047444401653E-14,-1.));
#6292 = DIRECTION('',(0.,1.,-1.047444401653E-14));
#6293 = ADVANCED_FACE('',(#6294),#6305,.F.);
#6294 = FACE_BOUND('',#6295,.T.);
#6295 = EDGE_LOOP('',(#6296,#6302,#6303,#6304));
#6296 = ORIENTED_EDGE('',*,*,#6297,.F.);
#6297 = EDGE_CURVE('',#6128,#6167,#6298,.T.);
#6298 = LINE('',#6299,#6300);
#6299 = CARTESIAN_POINT('',(0.1,-1.989491193792,-0.4));
#6300 = VECTOR('',#6301,1.);
#6301 = DIRECTION('',(-1.,-0.,0.));
#6302 = ORIENTED_EDGE('',*,*,#6127,.T.);
#6303 = ORIENTED_EDGE('',*,*,#6087,.T.);
#6304 = ORIENTED_EDGE('',*,*,#6174,.T.);
#6305 = PLANE('',#6306);
#6306 = AXIS2_PLACEMENT_3D('',#6307,#6308,#6309);
#6307 = CARTESIAN_POINT('',(0.1,-1.989491193792,-2.489048622548));
#6308 = DIRECTION('',(0.,1.,-6.982962677686E-15));
#6309 = DIRECTION('',(0.,6.982962677686E-15,1.));
#6310 = ADVANCED_FACE('',(#6311),#6338,.F.);
#6311 = FACE_BOUND('',#6312,.T.);
#6312 = EDGE_LOOP('',(#6313,#6314,#6323,#6331));
#6313 = ORIENTED_EDGE('',*,*,#6135,.F.);
#6314 = ORIENTED_EDGE('',*,*,#6315,.T.);
#6315 = EDGE_CURVE('',#6128,#6316,#6318,.T.);
#6316 = VERTEX_POINT('',#6317);
#6317 = CARTESIAN_POINT('',(1.75,-1.539491193792,-0.85));
#6318 = CIRCLE('',#6319,0.45);
#6319 = AXIS2_PLACEMENT_3D('',#6320,#6321,#6322);
#6320 = CARTESIAN_POINT('',(1.75,-1.539491193792,-0.4));
#6321 = DIRECTION('',(1.,0.,0.));
#6322 = DIRECTION('',(0.,-1.,3.493540333564E-15));
#6323 = ORIENTED_EDGE('',*,*,#6324,.T.);
#6324 = EDGE_CURVE('',#6316,#6325,#6327,.T.);
#6325 = VERTEX_POINT('',#6326);
#6326 = CARTESIAN_POINT('',(1.75,-1.539491193792,-0.7));
#6327 = LINE('',#6328,#6329);
#6328 = CARTESIAN_POINT('',(1.75,-1.539491193792,-0.7));
#6329 = VECTOR('',#6330,1.);
#6330 = DIRECTION('',(5.590588295423E-32,3.552713678801E-15,1.));
#6331 = ORIENTED_EDGE('',*,*,#6332,.F.);
#6332 = EDGE_CURVE('',#6136,#6325,#6333,.T.);
#6333 = CIRCLE('',#6334,0.3);
#6334 = AXIS2_PLACEMENT_3D('',#6335,#6336,#6337);
#6335 = CARTESIAN_POINT('',(1.75,-1.539491193792,-0.4));
#6336 = DIRECTION('',(1.,0.,0.));
#6337 = DIRECTION('',(0.,1.,-3.433306879537E-15));
#6338 = PLANE('',#6339);
#6339 = AXIS2_PLACEMENT_3D('',#6340,#6341,#6342);
#6340 = CARTESIAN_POINT('',(1.75,-1.539491193792,-0.4));
#6341 = DIRECTION('',(-1.,0.,-0.));
#6342 = DIRECTION('',(0.,1.,-3.491481338843E-15));
#6343 = ADVANCED_FACE('',(#6344),#6355,.T.);
#6344 = FACE_BOUND('',#6345,.T.);
#6345 = EDGE_LOOP('',(#6346,#6347,#6353,#6354));
#6346 = ORIENTED_EDGE('',*,*,#6143,.F.);
#6347 = ORIENTED_EDGE('',*,*,#6348,.T.);
#6348 = EDGE_CURVE('',#6136,#6159,#6349,.T.);
#6349 = LINE('',#6350,#6351);
#6350 = CARTESIAN_POINT('',(0.1,-1.839491193792,-0.4));
#6351 = VECTOR('',#6352,1.);
#6352 = DIRECTION('',(-1.,-0.,0.));
#6353 = ORIENTED_EDGE('',*,*,#6158,.F.);
#6354 = ORIENTED_EDGE('',*,*,#6105,.F.);
#6355 = PLANE('',#6356);
#6356 = AXIS2_PLACEMENT_3D('',#6357,#6358,#6359);
#6357 = CARTESIAN_POINT('',(0.1,-1.839491193792,-2.489048622548));
#6358 = DIRECTION('',(0.,1.,-6.982962677686E-15));
#6359 = DIRECTION('',(0.,6.982962677686E-15,1.));
#6360 = ADVANCED_FACE('',(#6361),#6388,.F.);
#6361 = FACE_BOUND('',#6362,.T.);
#6362 = EDGE_LOOP('',(#6363,#6372,#6373,#6382));
#6363 = ORIENTED_EDGE('',*,*,#6364,.T.);
#6364 = EDGE_CURVE('',#6365,#6167,#6367,.T.);
#6365 = VERTEX_POINT('',#6366);
#6366 = CARTESIAN_POINT('',(0.15,-1.539491193792,-0.85));
#6367 = CIRCLE('',#6368,0.45);
#6368 = AXIS2_PLACEMENT_3D('',#6369,#6370,#6371);
#6369 = CARTESIAN_POINT('',(0.15,-1.539491193792,-0.4));
#6370 = DIRECTION('',(-1.,-0.,0.));
#6371 = DIRECTION('',(0.,-1.,-6.264279218805E-15));
#6372 = ORIENTED_EDGE('',*,*,#6166,.F.);
#6373 = ORIENTED_EDGE('',*,*,#6374,.F.);
#6374 = EDGE_CURVE('',#6375,#6159,#6377,.T.);
#6375 = VERTEX_POINT('',#6376);
#6376 = CARTESIAN_POINT('',(0.15,-1.539491193792,-0.7));
#6377 = CIRCLE('',#6378,0.3);
#6378 = AXIS2_PLACEMENT_3D('',#6379,#6380,#6381);
#6379 = CARTESIAN_POINT('',(0.15,-1.539491193792,-0.4));
#6380 = DIRECTION('',(-1.,0.,0.));
#6381 = DIRECTION('',(0.,-1.,3.433306879537E-15));
#6382 = ORIENTED_EDGE('',*,*,#6383,.T.);
#6383 = EDGE_CURVE('',#6375,#6365,#6384,.T.);
#6384 = LINE('',#6385,#6386);
#6385 = CARTESIAN_POINT('',(0.15,-1.539491193792,-0.7));
#6386 = VECTOR('',#6387,1.);
#6387 = DIRECTION('',(0.,-3.552713678801E-15,-1.));
#6388 = PLANE('',#6389);
#6389 = AXIS2_PLACEMENT_3D('',#6390,#6391,#6392);
#6390 = CARTESIAN_POINT('',(0.15,-1.539491193792,-0.4));
#6391 = DIRECTION('',(1.,0.,0.));
#6392 = DIRECTION('',(0.,-1.,3.491481338843E-15));
#6393 = ADVANCED_FACE('',(#6394),#6405,.T.);
#6394 = FACE_BOUND('',#6395,.T.);
#6395 = EDGE_LOOP('',(#6396,#6402,#6403,#6404));
#6396 = ORIENTED_EDGE('',*,*,#6397,.F.);
#6397 = EDGE_CURVE('',#6258,#6230,#6398,.T.);
#6398 = LINE('',#6399,#6400);
#6399 = CARTESIAN_POINT('',(0.1,-2.089491193792,-0.3));
#6400 = VECTOR('',#6401,1.);
#6401 = DIRECTION('',(1.,0.,0.));
#6402 = ORIENTED_EDGE('',*,*,#6271,.F.);
#6403 = ORIENTED_EDGE('',*,*,#6207,.F.);
#6404 = ORIENTED_EDGE('',*,*,#6236,.F.);
#6405 = PLANE('',#6406);
#6406 = AXIS2_PLACEMENT_3D('',#6407,#6408,#6409);
#6407 = CARTESIAN_POINT('',(0.1,-5.003429173529,-0.3));
#6408 = DIRECTION('',(0.,-1.047444401653E-14,-1.));
#6409 = DIRECTION('',(0.,1.,-1.047444401653E-14));
#6410 = ADVANCED_FACE('',(#6411),#6443,.F.);
#6411 = FACE_BOUND('',#6412,.F.);
#6412 = EDGE_LOOP('',(#6413,#6422,#6423,#6432,#6441,#6442));
#6413 = ORIENTED_EDGE('',*,*,#6414,.T.);
#6414 = EDGE_CURVE('',#6230,#4068,#6415,.T.);
#6415 = B_SPLINE_CURVE_WITH_KNOTS('',3,(#6416,#6417,#6418,#6419,#6420,
    #6421),.UNSPECIFIED.,.F.,.F.,(4,2,4),(0.,0.25,0.5),.UNSPECIFIED.);
#6416 = CARTESIAN_POINT('',(-1.869329110979,-2.089491193792,-0.3));
#6417 = CARTESIAN_POINT('',(-1.863030379378,-2.141851071351,-0.3));
#6418 = CARTESIAN_POINT('',(-1.856731647777,-2.193888525544,
    -0.321554619278));
#6419 = CARTESIAN_POINT('',(-1.844134184574,-2.267936574514,
    -0.395602668247));
#6420 = CARTESIAN_POINT('',(-1.837835452973,-2.289491193792,
    -0.44764012244));
#6421 = CARTESIAN_POINT('',(-1.831536721371,-2.289491193792,-0.5));
#6422 = ORIENTED_EDGE('',*,*,#4067,.T.);
#6423 = ORIENTED_EDGE('',*,*,#6424,.T.);
#6424 = EDGE_CURVE('',#4060,#6425,#6427,.T.);
#6425 = VERTEX_POINT('',#6426);
#6426 = CARTESIAN_POINT('',(-1.793744331763,-2.089491193792,-0.85));
#6427 = B_SPLINE_CURVE_WITH_KNOTS('',3,(#6428,#6429,#6430,#6431),
  .UNSPECIFIED.,.F.,.F.,(4,4),(0.,1.),.PIECEWISE_BEZIER_KNOTS.);
#6428 = CARTESIAN_POINT('',(-1.793744331763,-2.089491193792,-0.7));
#6429 = CARTESIAN_POINT('',(-1.793744331763,-2.089491193792,-0.75));
#6430 = CARTESIAN_POINT('',(-1.793744331763,-2.089491193792,-0.8));
#6431 = CARTESIAN_POINT('',(-1.793744331763,-2.089491193792,-0.85));
#6432 = ORIENTED_EDGE('',*,*,#6433,.F.);
#6433 = EDGE_CURVE('',#4117,#6425,#6434,.T.);
#6434 = B_SPLINE_CURVE_WITH_KNOTS('',3,(#6435,#6436,#6437,#6438,#6439,
    #6440),.UNSPECIFIED.,.F.,.F.,(4,2,4),(0.5,0.75,1.),.UNSPECIFIED.);
#6435 = CARTESIAN_POINT('',(-1.831536721371,-2.439491193792,-0.5));
#6436 = CARTESIAN_POINT('',(-1.82523798977,-2.439491193791,
    -0.59162978573));
#6437 = CARTESIAN_POINT('',(-1.818939258168,-2.401770610055,
    -0.682695330567));
#6438 = CARTESIAN_POINT('',(-1.806341794966,-2.272186524359,
    -0.812279416263));
#6439 = CARTESIAN_POINT('',(-1.800060671665,-2.181377133443,-0.85));
#6440 = CARTESIAN_POINT('',(-1.793744331763,-2.089491193792,-0.85));
#6441 = ORIENTED_EDGE('',*,*,#4124,.F.);
#6442 = ORIENTED_EDGE('',*,*,#6229,.F.);
#6443 = B_SPLINE_SURFACE_WITH_KNOTS('',1,3,(
    (#6444,#6445,#6446,#6447,#6448,#6449,#6450,#6451,#6452,#6453)
    ,(#6454,#6455,#6456,#6457,#6458,#6459,#6460,#6461,#6462,#6463
  )),.UNSPECIFIED.,.F.,.F.,.F.,(2,2),(4,2,2,2,4),(0.,1.),(0.,0.25,0.5,
    0.75,1.),.UNSPECIFIED.);
#6444 = CARTESIAN_POINT('',(-1.869329110979,-2.089491193792,-0.15));
#6445 = CARTESIAN_POINT('',(-1.863012771078,-2.181377133443,-0.15));
#6446 = CARTESIAN_POINT('',(-1.856731647777,-2.272186524359,
    -0.187720583737));
#6447 = CARTESIAN_POINT('',(-1.844134184574,-2.401770610055,
    -0.317304669433));
#6448 = CARTESIAN_POINT('',(-1.837835452973,-2.439491193792,
    -0.40837021427));
#6449 = CARTESIAN_POINT('',(-1.82523798977,-2.439491193792,
    -0.59162978573));
#6450 = CARTESIAN_POINT('',(-1.818939258168,-2.401770610055,
    -0.682695330567));
#6451 = CARTESIAN_POINT('',(-1.806341794966,-2.272186524359,
    -0.812279416263));
#6452 = CARTESIAN_POINT('',(-1.800060671665,-2.181377133443,-0.85));
#6453 = CARTESIAN_POINT('',(-1.793744331763,-2.089491193792,-0.85));
#6454 = CARTESIAN_POINT('',(-1.869329110979,-2.089491193792,-0.3));
#6455 = CARTESIAN_POINT('',(-1.86301294024,-2.141996038811,-0.3));
#6456 = CARTESIAN_POINT('',(-1.856731647777,-2.193888525544,
    -0.321554619278));
#6457 = CARTESIAN_POINT('',(-1.844134184574,-2.267936574514,
    -0.395602668247));
#6458 = CARTESIAN_POINT('',(-1.837835452973,-2.289491193792,
    -0.44764012244));
#6459 = CARTESIAN_POINT('',(-1.82523798977,-2.289491193792,
    -0.55235987756));
#6460 = CARTESIAN_POINT('',(-1.818939258168,-2.267936574514,
    -0.604397331753));
#6461 = CARTESIAN_POINT('',(-1.806341794966,-2.193888525544,
    -0.678445380722));
#6462 = CARTESIAN_POINT('',(-1.800060502502,-2.141996038811,-0.7));
#6463 = CARTESIAN_POINT('',(-1.793744331763,-2.089491193792,-0.7));
#6464 = ADVANCED_FACE('',(#6465),#6497,.F.);
#6465 = FACE_BOUND('',#6466,.F.);
#6466 = EDGE_LOOP('',(#6467,#6468,#6477,#6478,#6479,#6490));
#6467 = ORIENTED_EDGE('',*,*,#4086,.T.);
#6468 = ORIENTED_EDGE('',*,*,#6469,.T.);
#6469 = EDGE_CURVE('',#4079,#6258,#6470,.T.);
#6470 = B_SPLINE_CURVE_WITH_KNOTS('',3,(#6471,#6472,#6473,#6474,#6475,
    #6476),.UNSPECIFIED.,.F.,.F.,(4,2,4),(0.5,0.75,1.),.UNSPECIFIED.);
#6471 = CARTESIAN_POINT('',(-2.718463278629,-2.289491193792,-0.5));
#6472 = CARTESIAN_POINT('',(-2.712164547027,-2.289491193792,
    -0.44764012244));
#6473 = CARTESIAN_POINT('',(-2.705865815426,-2.267936574514,
    -0.395602668247));
#6474 = CARTESIAN_POINT('',(-2.693268352223,-2.193888525544,
    -0.321554619278));
#6475 = CARTESIAN_POINT('',(-2.686969620622,-2.141851071351,-0.3));
#6476 = CARTESIAN_POINT('',(-2.680670889021,-2.089491193792,-0.3));
#6477 = ORIENTED_EDGE('',*,*,#6257,.F.);
#6478 = ORIENTED_EDGE('',*,*,#4103,.F.);
#6479 = ORIENTED_EDGE('',*,*,#6480,.F.);
#6480 = EDGE_CURVE('',#6481,#4104,#6483,.T.);
#6481 = VERTEX_POINT('',#6482);
#6482 = CARTESIAN_POINT('',(-2.756255668237,-2.089491193792,-0.85));
#6483 = B_SPLINE_CURVE_WITH_KNOTS('',3,(#6484,#6485,#6486,#6487,#6488,
    #6489),.UNSPECIFIED.,.F.,.F.,(4,2,4),(0.,0.25,0.5),.UNSPECIFIED.);
#6484 = CARTESIAN_POINT('',(-2.756255668237,-2.089491193792,-0.85));
#6485 = CARTESIAN_POINT('',(-2.749939328335,-2.181377133443,-0.85));
#6486 = CARTESIAN_POINT('',(-2.743658205034,-2.272186524359,
    -0.812279416263));
#6487 = CARTESIAN_POINT('',(-2.731060741832,-2.401770610055,
    -0.682695330567));
#6488 = CARTESIAN_POINT('',(-2.72476201023,-2.439491193792,
    -0.591629785729));
#6489 = CARTESIAN_POINT('',(-2.718463278629,-2.439491193792,-0.5));
#6490 = ORIENTED_EDGE('',*,*,#6491,.T.);
#6491 = EDGE_CURVE('',#6481,#4058,#6492,.T.);
#6492 = B_SPLINE_CURVE_WITH_KNOTS('',3,(#6493,#6494,#6495,#6496),
  .UNSPECIFIED.,.F.,.F.,(4,4),(0.,1.),.PIECEWISE_BEZIER_KNOTS.);
#6493 = CARTESIAN_POINT('',(-2.756255668237,-2.089491193792,-0.85));
#6494 = CARTESIAN_POINT('',(-2.756255668237,-2.089491193792,-0.8));
#6495 = CARTESIAN_POINT('',(-2.756255668237,-2.089491193792,-0.75));
#6496 = CARTESIAN_POINT('',(-2.756255668237,-2.089491193792,-0.7));
#6497 = B_SPLINE_SURFACE_WITH_KNOTS('',1,3,(
    (#6498,#6499,#6500,#6501,#6502,#6503,#6504,#6505,#6506,#6507)
    ,(#6508,#6509,#6510,#6511,#6512,#6513,#6514,#6515,#6516,#6517
  )),.UNSPECIFIED.,.F.,.F.,.F.,(2,2),(4,2,2,2,4),(0.,1.),(0.,0.25,0.5,
    0.75,1.),.UNSPECIFIED.);
#6498 = CARTESIAN_POINT('',(-2.756255668237,-2.089491193792,-0.85));
#6499 = CARTESIAN_POINT('',(-2.749939328335,-2.181377133443,-0.85));
#6500 = CARTESIAN_POINT('',(-2.743658205034,-2.272186524359,
    -0.812279416263));
#6501 = CARTESIAN_POINT('',(-2.731060741832,-2.401770610055,
    -0.682695330567));
#6502 = CARTESIAN_POINT('',(-2.72476201023,-2.439491193792,
    -0.59162978573));
#6503 = CARTESIAN_POINT('',(-2.712164547027,-2.439491193792,
    -0.40837021427));
#6504 = CARTESIAN_POINT('',(-2.705865815426,-2.401770610055,
    -0.317304669433));
#6505 = CARTESIAN_POINT('',(-2.693268352223,-2.272186524359,
    -0.187720583737));
#6506 = CARTESIAN_POINT('',(-2.686987228922,-2.181377133443,-0.15));
#6507 = CARTESIAN_POINT('',(-2.680670889021,-2.089491193792,-0.15));
#6508 = CARTESIAN_POINT('',(-2.756255668237,-2.089491193792,-0.7));
#6509 = CARTESIAN_POINT('',(-2.749939497498,-2.141996038811,-0.7));
#6510 = CARTESIAN_POINT('',(-2.743658205034,-2.193888525544,
    -0.678445380722));
#6511 = CARTESIAN_POINT('',(-2.731060741832,-2.267936574514,
    -0.604397331753));
#6512 = CARTESIAN_POINT('',(-2.72476201023,-2.289491193792,
    -0.55235987756));
#6513 = CARTESIAN_POINT('',(-2.712164547027,-2.289491193792,
    -0.44764012244));
#6514 = CARTESIAN_POINT('',(-2.705865815426,-2.267936574514,
    -0.395602668247));
#6515 = CARTESIAN_POINT('',(-2.693268352223,-2.193888525544,
    -0.321554619278));
#6516 = CARTESIAN_POINT('',(-2.68698705976,-2.141996038811,-0.3));
#6517 = CARTESIAN_POINT('',(-2.680670889021,-2.089491193792,-0.3));
#6518 = ADVANCED_FACE('',(#6519),#6530,.T.);
#6519 = FACE_BOUND('',#6520,.T.);
#6520 = EDGE_LOOP('',(#6521,#6522,#6523,#6529));
#6521 = ORIENTED_EDGE('',*,*,#4116,.F.);
#6522 = ORIENTED_EDGE('',*,*,#6480,.F.);
#6523 = ORIENTED_EDGE('',*,*,#6524,.T.);
#6524 = EDGE_CURVE('',#6481,#6425,#6525,.T.);
#6525 = LINE('',#6526,#6527);
#6526 = CARTESIAN_POINT('',(0.1,-2.089491193792,-0.85));
#6527 = VECTOR('',#6528,1.);
#6528 = DIRECTION('',(1.,0.,0.));
#6529 = ORIENTED_EDGE('',*,*,#6433,.F.);
#6530 = CYLINDRICAL_SURFACE('',#6531,0.35);
#6531 = AXIS2_PLACEMENT_3D('',#6532,#6533,#6534);
#6532 = CARTESIAN_POINT('',(-3.577043357832,-2.089491193792,-0.5));
#6533 = DIRECTION('',(1.,0.,0.));
#6534 = DIRECTION('',(0.,-1.,3.407492542097E-15));
#6535 = ADVANCED_FACE('',(#6536),#6547,.T.);
#6536 = FACE_BOUND('',#6537,.T.);
#6537 = EDGE_LOOP('',(#6538,#6544,#6545,#6546));
#6538 = ORIENTED_EDGE('',*,*,#6539,.F.);
#6539 = EDGE_CURVE('',#6316,#6365,#6540,.T.);
#6540 = LINE('',#6541,#6542);
#6541 = CARTESIAN_POINT('',(0.1,-1.539491193792,-0.85));
#6542 = VECTOR('',#6543,1.);
#6543 = DIRECTION('',(-1.,0.,-0.));
#6544 = ORIENTED_EDGE('',*,*,#6315,.F.);
#6545 = ORIENTED_EDGE('',*,*,#6297,.T.);
#6546 = ORIENTED_EDGE('',*,*,#6364,.F.);
#6547 = CYLINDRICAL_SURFACE('',#6548,0.45);
#6548 = AXIS2_PLACEMENT_3D('',#6549,#6550,#6551);
#6549 = CARTESIAN_POINT('',(-0.761571873958,-1.539491193792,-0.4));
#6550 = DIRECTION('',(1.,0.,0.));
#6551 = DIRECTION('',(0.,-1.,3.493540333564E-15));
#6552 = ADVANCED_FACE('',(#6553),#6578,.T.);
#6553 = FACE_BOUND('',#6554,.T.);
#6554 = EDGE_LOOP('',(#6555,#6556,#6564,#6572));
#6555 = ORIENTED_EDGE('',*,*,#6324,.F.);
#6556 = ORIENTED_EDGE('',*,*,#6557,.F.);
#6557 = EDGE_CURVE('',#6558,#6316,#6560,.T.);
#6558 = VERTEX_POINT('',#6559);
#6559 = CARTESIAN_POINT('',(1.75,-0.539491193792,-0.85));
#6560 = LINE('',#6561,#6562);
#6561 = CARTESIAN_POINT('',(1.75,-1.539491193792,-0.85));
#6562 = VECTOR('',#6563,1.);
#6563 = DIRECTION('',(-9.130123557773E-16,-1.,3.491481338843E-15));
#6564 = ORIENTED_EDGE('',*,*,#6565,.F.);
#6565 = EDGE_CURVE('',#6566,#6558,#6568,.T.);
#6566 = VERTEX_POINT('',#6567);
#6567 = CARTESIAN_POINT('',(1.75,-0.539491193792,-0.7));
#6568 = LINE('',#6569,#6570);
#6569 = CARTESIAN_POINT('',(1.75,-0.539491193792,-0.7));
#6570 = VECTOR('',#6571,1.);
#6571 = DIRECTION('',(0.,-3.491481338843E-15,-1.));
#6572 = ORIENTED_EDGE('',*,*,#6573,.T.);
#6573 = EDGE_CURVE('',#6566,#6325,#6574,.T.);
#6574 = LINE('',#6575,#6576);
#6575 = CARTESIAN_POINT('',(1.75,-0.539491193792,-0.7));
#6576 = VECTOR('',#6577,1.);
#6577 = DIRECTION('',(0.,-1.,3.491481338843E-15));
#6578 = PLANE('',#6579);
#6579 = AXIS2_PLACEMENT_3D('',#6580,#6581,#6582);
#6580 = CARTESIAN_POINT('',(1.75,-1.539491193792,-0.7));
#6581 = DIRECTION('',(1.,-9.130123557773E-16,3.18776560233E-30));
#6582 = DIRECTION('',(-9.130123557773E-16,-1.,3.491481338843E-15));
#6583 = ADVANCED_FACE('',(#6584),#6595,.F.);
#6584 = FACE_BOUND('',#6585,.F.);
#6585 = EDGE_LOOP('',(#6586,#6587,#6588,#6589));
#6586 = ORIENTED_EDGE('',*,*,#6332,.F.);
#6587 = ORIENTED_EDGE('',*,*,#6348,.T.);
#6588 = ORIENTED_EDGE('',*,*,#6374,.F.);
#6589 = ORIENTED_EDGE('',*,*,#6590,.F.);
#6590 = EDGE_CURVE('',#6325,#6375,#6591,.T.);
#6591 = LINE('',#6592,#6593);
#6592 = CARTESIAN_POINT('',(0.1,-1.539491193792,-0.7));
#6593 = VECTOR('',#6594,1.);
#6594 = DIRECTION('',(-1.,0.,-0.));
#6595 = CYLINDRICAL_SURFACE('',#6596,0.3);
#6596 = AXIS2_PLACEMENT_3D('',#6597,#6598,#6599);
#6597 = CARTESIAN_POINT('',(-0.761571873958,-1.539491193792,-0.4));
#6598 = DIRECTION('',(1.,0.,0.));
#6599 = DIRECTION('',(0.,-1.,3.433306879537E-15));
#6600 = ADVANCED_FACE('',(#6601),#6626,.T.);
#6601 = FACE_BOUND('',#6602,.T.);
#6602 = EDGE_LOOP('',(#6603,#6604,#6612,#6620));
#6603 = ORIENTED_EDGE('',*,*,#6383,.F.);
#6604 = ORIENTED_EDGE('',*,*,#6605,.T.);
#6605 = EDGE_CURVE('',#6375,#6606,#6608,.T.);
#6606 = VERTEX_POINT('',#6607);
#6607 = CARTESIAN_POINT('',(0.15,-1.339491193792,-0.7));
#6608 = LINE('',#6609,#6610);
#6609 = CARTESIAN_POINT('',(0.15,-2.489491193792,-0.7));
#6610 = VECTOR('',#6611,1.);
#6611 = DIRECTION('',(2.853163611804E-17,1.,-3.491481338843E-15));
#6612 = ORIENTED_EDGE('',*,*,#6613,.T.);
#6613 = EDGE_CURVE('',#6606,#6614,#6616,.T.);
#6614 = VERTEX_POINT('',#6615);
#6615 = CARTESIAN_POINT('',(0.15,-1.339491193792,-0.85));
#6616 = LINE('',#6617,#6618);
#6617 = CARTESIAN_POINT('',(0.15,-1.339491193792,-0.7));
#6618 = VECTOR('',#6619,1.);
#6619 = DIRECTION('',(0.,-3.491481338843E-15,-1.));
#6620 = ORIENTED_EDGE('',*,*,#6621,.F.);
#6621 = EDGE_CURVE('',#6365,#6614,#6622,.T.);
#6622 = LINE('',#6623,#6624);
#6623 = CARTESIAN_POINT('',(0.15,-1.539491193792,-0.85));
#6624 = VECTOR('',#6625,1.);
#6625 = DIRECTION('',(0.,1.,-3.491481338843E-15));
#6626 = PLANE('',#6627);
#6627 = AXIS2_PLACEMENT_3D('',#6628,#6629,#6630);
#6628 = CARTESIAN_POINT('',(0.15,-1.539491193792,-0.7));
#6629 = DIRECTION('',(-1.,0.,-0.));
#6630 = DIRECTION('',(0.,1.,-3.491481338843E-15));
#6631 = ADVANCED_FACE('',(#6632),#6659,.F.);
#6632 = FACE_BOUND('',#6633,.F.);
#6633 = EDGE_LOOP('',(#6634,#6644,#6651,#6652));
#6634 = ORIENTED_EDGE('',*,*,#6635,.F.);
#6635 = EDGE_CURVE('',#6636,#6638,#6640,.T.);
#6636 = VERTEX_POINT('',#6637);
#6637 = CARTESIAN_POINT('',(0.,-1.189491193792,-0.7));
#6638 = VERTEX_POINT('',#6639);
#6639 = CARTESIAN_POINT('',(0.,-1.189491193792,-0.85));
#6640 = LINE('',#6641,#6642);
#6641 = CARTESIAN_POINT('',(-1.984707325099E-16,-1.189491193792,-0.7));
#6642 = VECTOR('',#6643,1.);
#6643 = DIRECTION('',(0.,-3.491481338843E-15,-1.));
#6644 = ORIENTED_EDGE('',*,*,#6645,.F.);
#6645 = EDGE_CURVE('',#6606,#6636,#6646,.T.);
#6646 = CIRCLE('',#6647,0.15);
#6647 = AXIS2_PLACEMENT_3D('',#6648,#6649,#6650);
#6648 = CARTESIAN_POINT('',(-2.168404344971E-16,-1.339491193792,-0.7));
#6649 = DIRECTION('',(0.,3.491481338843E-15,1.));
#6650 = DIRECTION('',(0.,-1.,3.491481338843E-15));
#6651 = ORIENTED_EDGE('',*,*,#6613,.T.);
#6652 = ORIENTED_EDGE('',*,*,#6653,.T.);
#6653 = EDGE_CURVE('',#6614,#6638,#6654,.T.);
#6654 = CIRCLE('',#6655,0.15);
#6655 = AXIS2_PLACEMENT_3D('',#6656,#6657,#6658);
#6656 = CARTESIAN_POINT('',(-2.168404344971E-16,-1.339491193792,-0.85));
#6657 = DIRECTION('',(0.,3.491481338843E-15,1.));
#6658 = DIRECTION('',(0.,-1.,3.491481338843E-15));
#6659 = CYLINDRICAL_SURFACE('',#6660,0.15);
#6660 = AXIS2_PLACEMENT_3D('',#6661,#6662,#6663);
#6661 = CARTESIAN_POINT('',(-2.168404344971E-16,-1.339491193792,-0.7));
#6662 = DIRECTION('',(0.,-3.491481338843E-15,-1.));
#6663 = DIRECTION('',(0.,1.,-3.491481338843E-15));
#6664 = ADVANCED_FACE('',(#6665),#6690,.T.);
#6665 = FACE_BOUND('',#6666,.T.);
#6666 = EDGE_LOOP('',(#6667,#6675,#6676,#6684));
#6667 = ORIENTED_EDGE('',*,*,#6668,.F.);
#6668 = EDGE_CURVE('',#6638,#6669,#6671,.T.);
#6669 = VERTEX_POINT('',#6670);
#6670 = CARTESIAN_POINT('',(-1.6,-1.189491193792,-0.85));
#6671 = LINE('',#6672,#6673);
#6672 = CARTESIAN_POINT('',(-2.168404344971E-16,-1.189491193792,-0.85));
#6673 = VECTOR('',#6674,1.);
#6674 = DIRECTION('',(-1.,0.,-0.));
#6675 = ORIENTED_EDGE('',*,*,#6635,.F.);
#6676 = ORIENTED_EDGE('',*,*,#6677,.T.);
#6677 = EDGE_CURVE('',#6636,#6678,#6680,.T.);
#6678 = VERTEX_POINT('',#6679);
#6679 = CARTESIAN_POINT('',(-1.6,-1.189491193792,-0.7));
#6680 = LINE('',#6681,#6682);
#6681 = CARTESIAN_POINT('',(-2.168404344971E-16,-1.189491193792,-0.7));
#6682 = VECTOR('',#6683,1.);
#6683 = DIRECTION('',(-1.,0.,-0.));
#6684 = ORIENTED_EDGE('',*,*,#6685,.T.);
#6685 = EDGE_CURVE('',#6678,#6669,#6686,.T.);
#6686 = LINE('',#6687,#6688);
#6687 = CARTESIAN_POINT('',(-1.6,-1.189491193792,-0.7));
#6688 = VECTOR('',#6689,1.);
#6689 = DIRECTION('',(0.,-3.491481338843E-15,-1.));
#6690 = PLANE('',#6691);
#6691 = AXIS2_PLACEMENT_3D('',#6692,#6693,#6694);
#6692 = CARTESIAN_POINT('',(-2.168404344971E-16,-1.189491193792,-0.7));
#6693 = DIRECTION('',(0.,-1.,3.491481338843E-15));
#6694 = DIRECTION('',(-1.,0.,0.));
#6695 = ADVANCED_FACE('',(#6696),#6723,.F.);
#6696 = FACE_BOUND('',#6697,.F.);
#6697 = EDGE_LOOP('',(#6698,#6708,#6715,#6716));
#6698 = ORIENTED_EDGE('',*,*,#6699,.F.);
#6699 = EDGE_CURVE('',#6700,#6702,#6704,.T.);
#6700 = VERTEX_POINT('',#6701);
#6701 = CARTESIAN_POINT('',(-1.75,-1.339491193792,-0.7));
#6702 = VERTEX_POINT('',#6703);
#6703 = CARTESIAN_POINT('',(-1.75,-1.339491193792,-0.85));
#6704 = LINE('',#6705,#6706);
#6705 = CARTESIAN_POINT('',(-1.75,-1.339491193792,-0.7));
#6706 = VECTOR('',#6707,1.);
#6707 = DIRECTION('',(0.,-3.491481338843E-15,-1.));
#6708 = ORIENTED_EDGE('',*,*,#6709,.F.);
#6709 = EDGE_CURVE('',#6678,#6700,#6710,.T.);
#6710 = CIRCLE('',#6711,0.15);
#6711 = AXIS2_PLACEMENT_3D('',#6712,#6713,#6714);
#6712 = CARTESIAN_POINT('',(-1.6,-1.339491193792,-0.7));
#6713 = DIRECTION('',(0.,3.491481338843E-15,1.));
#6714 = DIRECTION('',(0.,1.,-3.491481338843E-15));
#6715 = ORIENTED_EDGE('',*,*,#6685,.T.);
#6716 = ORIENTED_EDGE('',*,*,#6717,.T.);
#6717 = EDGE_CURVE('',#6669,#6702,#6718,.T.);
#6718 = CIRCLE('',#6719,0.15);
#6719 = AXIS2_PLACEMENT_3D('',#6720,#6721,#6722);
#6720 = CARTESIAN_POINT('',(-1.6,-1.339491193792,-0.85));
#6721 = DIRECTION('',(0.,3.491481338843E-15,1.));
#6722 = DIRECTION('',(0.,1.,-3.491481338843E-15));
#6723 = CYLINDRICAL_SURFACE('',#6724,0.15);
#6724 = AXIS2_PLACEMENT_3D('',#6725,#6726,#6727);
#6725 = CARTESIAN_POINT('',(-1.6,-1.339491193792,-0.7));
#6726 = DIRECTION('',(0.,-3.491481338843E-15,-1.));
#6727 = DIRECTION('',(0.,1.,-3.491481338843E-15));
#6728 = ADVANCED_FACE('',(#6729),#6754,.T.);
#6729 = FACE_BOUND('',#6730,.T.);
#6730 = EDGE_LOOP('',(#6731,#6739,#6740,#6748));
#6731 = ORIENTED_EDGE('',*,*,#6732,.F.);
#6732 = EDGE_CURVE('',#6702,#6733,#6735,.T.);
#6733 = VERTEX_POINT('',#6734);
#6734 = CARTESIAN_POINT('',(-1.75,-1.589491193792,-0.85));
#6735 = LINE('',#6736,#6737);
#6736 = CARTESIAN_POINT('',(-1.75,-1.339491193792,-0.85));
#6737 = VECTOR('',#6738,1.);
#6738 = DIRECTION('',(-1.734723475977E-15,-1.,3.491481338843E-15));
#6739 = ORIENTED_EDGE('',*,*,#6699,.F.);
#6740 = ORIENTED_EDGE('',*,*,#6741,.T.);
#6741 = EDGE_CURVE('',#6700,#6742,#6744,.T.);
#6742 = VERTEX_POINT('',#6743);
#6743 = CARTESIAN_POINT('',(-1.75,-1.589491193792,-0.7));
#6744 = LINE('',#6745,#6746);
#6745 = CARTESIAN_POINT('',(-1.75,-1.339491193792,-0.7));
#6746 = VECTOR('',#6747,1.);
#6747 = DIRECTION('',(-1.734723475977E-15,-1.,3.491481338843E-15));
#6748 = ORIENTED_EDGE('',*,*,#6749,.T.);
#6749 = EDGE_CURVE('',#6742,#6733,#6750,.T.);
#6750 = LINE('',#6751,#6752);
#6751 = CARTESIAN_POINT('',(-1.75,-1.589491193792,-0.7));
#6752 = VECTOR('',#6753,1.);
#6753 = DIRECTION('',(0.,-3.491481338843E-15,-1.));
#6754 = PLANE('',#6755);
#6755 = AXIS2_PLACEMENT_3D('',#6756,#6757,#6758);
#6756 = CARTESIAN_POINT('',(-1.75,-1.339491193792,-0.7));
#6757 = DIRECTION('',(1.,-1.734723475977E-15,6.056754644426E-30));
#6758 = DIRECTION('',(-1.734723475977E-15,-1.,3.491481338843E-15));
#6759 = ADVANCED_FACE('',(#6760),#6776,.T.);
#6760 = FACE_BOUND('',#6761,.T.);
#6761 = EDGE_LOOP('',(#6762,#6768,#6769,#6775));
#6762 = ORIENTED_EDGE('',*,*,#6763,.T.);
#6763 = EDGE_CURVE('',#6742,#4060,#6764,.T.);
#6764 = LINE('',#6765,#6766);
#6765 = CARTESIAN_POINT('',(-1.75,-1.589491193792,-0.7));
#6766 = VECTOR('',#6767,1.);
#6767 = DIRECTION('',(-8.715574274764E-02,-0.996194698092,
    3.478195198241E-15));
#6768 = ORIENTED_EDGE('',*,*,#6424,.T.);
#6769 = ORIENTED_EDGE('',*,*,#6770,.F.);
#6770 = EDGE_CURVE('',#6733,#6425,#6771,.T.);
#6771 = LINE('',#6772,#6773);
#6772 = CARTESIAN_POINT('',(-1.75,-1.589491193792,-0.85));
#6773 = VECTOR('',#6774,1.);
#6774 = DIRECTION('',(-8.715574274764E-02,-0.996194698092,
    3.478195198241E-15));
#6775 = ORIENTED_EDGE('',*,*,#6749,.F.);
#6776 = PLANE('',#6777);
#6777 = AXIS2_PLACEMENT_3D('',#6778,#6779,#6780);
#6778 = CARTESIAN_POINT('',(-1.75,-1.589491193792,-0.7));
#6779 = DIRECTION('',(0.996194698092,-8.715574274764E-02,
    3.043026493764E-16));
#6780 = DIRECTION('',(-8.715574274764E-02,-0.996194698092,
    3.478195198241E-15));
#6781 = ADVANCED_FACE('',(#6782),#6788,.F.);
#6782 = FACE_BOUND('',#6783,.F.);
#6783 = EDGE_LOOP('',(#6784,#6785,#6786,#6787));
#6784 = ORIENTED_EDGE('',*,*,#6414,.F.);
#6785 = ORIENTED_EDGE('',*,*,#6397,.F.);
#6786 = ORIENTED_EDGE('',*,*,#6469,.F.);
#6787 = ORIENTED_EDGE('',*,*,#4078,.T.);
#6788 = CYLINDRICAL_SURFACE('',#6789,0.2);
#6789 = AXIS2_PLACEMENT_3D('',#6790,#6791,#6792);
#6790 = CARTESIAN_POINT('',(-3.577043357832,-2.089491193792,-0.5));
#6791 = DIRECTION('',(1.,0.,0.));
#6792 = DIRECTION('',(0.,-1.,3.252606517457E-15));
#6793 = ADVANCED_FACE('',(#6794),#6819,.T.);
#6794 = FACE_BOUND('',#6795,.T.);
#6795 = EDGE_LOOP('',(#6796,#6804,#6805,#6813));
#6796 = ORIENTED_EDGE('',*,*,#6797,.F.);
#6797 = EDGE_CURVE('',#6481,#6798,#6800,.T.);
#6798 = VERTEX_POINT('',#6799);
#6799 = CARTESIAN_POINT('',(-2.8,-1.589491193792,-0.85));
#6800 = LINE('',#6801,#6802);
#6801 = CARTESIAN_POINT('',(-2.8,-1.589491193792,-0.85));
#6802 = VECTOR('',#6803,1.);
#6803 = DIRECTION('',(-8.715574274764E-02,0.996194698092,
    -3.478195198241E-15));
#6804 = ORIENTED_EDGE('',*,*,#6491,.T.);
#6805 = ORIENTED_EDGE('',*,*,#6806,.T.);
#6806 = EDGE_CURVE('',#4058,#6807,#6809,.T.);
#6807 = VERTEX_POINT('',#6808);
#6808 = CARTESIAN_POINT('',(-2.8,-1.589491193792,-0.7));
#6809 = LINE('',#6810,#6811);
#6810 = CARTESIAN_POINT('',(-2.8,-1.589491193792,-0.7));
#6811 = VECTOR('',#6812,1.);
#6812 = DIRECTION('',(-8.715574274764E-02,0.996194698092,
    -3.478195198241E-15));
#6813 = ORIENTED_EDGE('',*,*,#6814,.T.);
#6814 = EDGE_CURVE('',#6807,#6798,#6815,.T.);
#6815 = LINE('',#6816,#6817);
#6816 = CARTESIAN_POINT('',(-2.8,-1.589491193792,-0.7));
#6817 = VECTOR('',#6818,1.);
#6818 = DIRECTION('',(0.,-3.491481338843E-15,-1.));
#6819 = PLANE('',#6820);
#6820 = AXIS2_PLACEMENT_3D('',#6821,#6822,#6823);
#6821 = CARTESIAN_POINT('',(-2.8,-1.589491193792,-0.7));
#6822 = DIRECTION('',(-0.996194698092,-8.715574274764E-02,
    3.043026493764E-16));
#6823 = DIRECTION('',(-8.715574274764E-02,0.996194698092,
    -3.478195198241E-15));
#6824 = ADVANCED_FACE('',(#6825),#6850,.T.);
#6825 = FACE_BOUND('',#6826,.T.);
#6826 = EDGE_LOOP('',(#6827,#6835,#6836,#6844));
#6827 = ORIENTED_EDGE('',*,*,#6828,.F.);
#6828 = EDGE_CURVE('',#6798,#6829,#6831,.T.);
#6829 = VERTEX_POINT('',#6830);
#6830 = CARTESIAN_POINT('',(-2.8,-0.589491193792,-0.85));
#6831 = LINE('',#6832,#6833);
#6832 = CARTESIAN_POINT('',(-2.8,-0.589491193792,-0.85));
#6833 = VECTOR('',#6834,1.);
#6834 = DIRECTION('',(0.,1.,-3.491481338843E-15));
#6835 = ORIENTED_EDGE('',*,*,#6814,.F.);
#6836 = ORIENTED_EDGE('',*,*,#6837,.T.);
#6837 = EDGE_CURVE('',#6807,#6838,#6840,.T.);
#6838 = VERTEX_POINT('',#6839);
#6839 = CARTESIAN_POINT('',(-2.8,-0.589491193792,-0.7));
#6840 = LINE('',#6841,#6842);
#6841 = CARTESIAN_POINT('',(-2.8,-0.589491193792,-0.7));
#6842 = VECTOR('',#6843,1.);
#6843 = DIRECTION('',(0.,1.,-3.491481338843E-15));
#6844 = ORIENTED_EDGE('',*,*,#6845,.T.);
#6845 = EDGE_CURVE('',#6838,#6829,#6846,.T.);
#6846 = LINE('',#6847,#6848);
#6847 = CARTESIAN_POINT('',(-2.8,-0.589491193792,-0.7));
#6848 = VECTOR('',#6849,1.);
#6849 = DIRECTION('',(0.,-3.491481338843E-15,-1.));
#6850 = PLANE('',#6851);
#6851 = AXIS2_PLACEMENT_3D('',#6852,#6853,#6854);
#6852 = CARTESIAN_POINT('',(-2.8,-0.589491193792,-0.7));
#6853 = DIRECTION('',(-1.,0.,-0.));
#6854 = DIRECTION('',(0.,1.,-3.491481338843E-15));
#6855 = ADVANCED_FACE('',(#6856),#6884,.T.);
#6856 = FACE_BOUND('',#6857,.T.);
#6857 = EDGE_LOOP('',(#6858,#6865,#6866,#6873,#6874,#6875,#6876,#6877,
    #6878,#6879,#6880,#6881,#6882,#6883));
#6858 = ORIENTED_EDGE('',*,*,#6859,.F.);
#6859 = EDGE_CURVE('',#5657,#6566,#6860,.T.);
#6860 = CIRCLE('',#6861,0.2);
#6861 = AXIS2_PLACEMENT_3D('',#6862,#6863,#6864);
#6862 = CARTESIAN_POINT('',(1.55,-0.539491193792,-0.7));
#6863 = DIRECTION('',(0.,-3.491481338843E-15,-1.));
#6864 = DIRECTION('',(0.,1.,-3.491481338843E-15));
#6865 = ORIENTED_EDGE('',*,*,#6045,.T.);
#6866 = ORIENTED_EDGE('',*,*,#6867,.F.);
#6867 = EDGE_CURVE('',#6838,#5999,#6868,.T.);
#6868 = CIRCLE('',#6869,0.2);
#6869 = AXIS2_PLACEMENT_3D('',#6870,#6871,#6872);
#6870 = CARTESIAN_POINT('',(-2.6,-0.589491193792,-0.7));
#6871 = DIRECTION('',(0.,-3.491481338843E-15,-1.));
#6872 = DIRECTION('',(0.,-1.,3.491481338843E-15));
#6873 = ORIENTED_EDGE('',*,*,#6837,.F.);
#6874 = ORIENTED_EDGE('',*,*,#6806,.F.);
#6875 = ORIENTED_EDGE('',*,*,#4057,.T.);
#6876 = ORIENTED_EDGE('',*,*,#6763,.F.);
#6877 = ORIENTED_EDGE('',*,*,#6741,.F.);
#6878 = ORIENTED_EDGE('',*,*,#6709,.F.);
#6879 = ORIENTED_EDGE('',*,*,#6677,.F.);
#6880 = ORIENTED_EDGE('',*,*,#6645,.F.);
#6881 = ORIENTED_EDGE('',*,*,#6605,.F.);
#6882 = ORIENTED_EDGE('',*,*,#6590,.F.);
#6883 = ORIENTED_EDGE('',*,*,#6573,.F.);
#6884 = PLANE('',#6885);
#6885 = AXIS2_PLACEMENT_3D('',#6886,#6887,#6888);
#6886 = CARTESIAN_POINT('',(0.1,-3.949119379166E-02,-0.7));
#6887 = DIRECTION('',(0.,3.491481338843E-15,1.));
#6888 = DIRECTION('',(0.,-1.,3.491481338843E-15));
#6889 = ADVANCED_FACE('',(#6890),#6902,.T.);
#6890 = FACE_BOUND('',#6891,.T.);
#6891 = EDGE_LOOP('',(#6892,#6893,#6894,#6901));
#6892 = ORIENTED_EDGE('',*,*,#6867,.T.);
#6893 = ORIENTED_EDGE('',*,*,#6007,.T.);
#6894 = ORIENTED_EDGE('',*,*,#6895,.F.);
#6895 = EDGE_CURVE('',#6829,#6008,#6896,.T.);
#6896 = CIRCLE('',#6897,0.2);
#6897 = AXIS2_PLACEMENT_3D('',#6898,#6899,#6900);
#6898 = CARTESIAN_POINT('',(-2.6,-0.589491193792,-0.85));
#6899 = DIRECTION('',(0.,-3.491481338843E-15,-1.));
#6900 = DIRECTION('',(0.,-1.,3.491481338843E-15));
#6901 = ORIENTED_EDGE('',*,*,#6845,.F.);
#6902 = CYLINDRICAL_SURFACE('',#6903,0.2);
#6903 = AXIS2_PLACEMENT_3D('',#6904,#6905,#6906);
#6904 = CARTESIAN_POINT('',(-2.6,-0.589491193792,-0.7));
#6905 = DIRECTION('',(0.,-3.491481338843E-15,-1.));
#6906 = DIRECTION('',(0.,1.,-3.491481338843E-15));
#6907 = ADVANCED_FACE('',(#6908),#6930,.F.);
#6908 = FACE_BOUND('',#6909,.T.);
#6909 = EDGE_LOOP('',(#6910,#6911,#6918,#6919,#6920,#6921,#6922,#6923,
    #6924,#6925,#6926,#6927,#6928,#6929));
#6910 = ORIENTED_EDGE('',*,*,#6072,.F.);
#6911 = ORIENTED_EDGE('',*,*,#6912,.T.);
#6912 = EDGE_CURVE('',#5675,#6558,#6913,.T.);
#6913 = CIRCLE('',#6914,0.2);
#6914 = AXIS2_PLACEMENT_3D('',#6915,#6916,#6917);
#6915 = CARTESIAN_POINT('',(1.55,-0.539491193792,-0.85));
#6916 = DIRECTION('',(0.,-3.491481338843E-15,-1.));
#6917 = DIRECTION('',(0.,1.,-3.491481338843E-15));
#6918 = ORIENTED_EDGE('',*,*,#6557,.T.);
#6919 = ORIENTED_EDGE('',*,*,#6539,.T.);
#6920 = ORIENTED_EDGE('',*,*,#6621,.T.);
#6921 = ORIENTED_EDGE('',*,*,#6653,.T.);
#6922 = ORIENTED_EDGE('',*,*,#6668,.T.);
#6923 = ORIENTED_EDGE('',*,*,#6717,.T.);
#6924 = ORIENTED_EDGE('',*,*,#6732,.T.);
#6925 = ORIENTED_EDGE('',*,*,#6770,.T.);
#6926 = ORIENTED_EDGE('',*,*,#6524,.F.);
#6927 = ORIENTED_EDGE('',*,*,#6797,.T.);
#6928 = ORIENTED_EDGE('',*,*,#6828,.T.);
#6929 = ORIENTED_EDGE('',*,*,#6895,.T.);
#6930 = PLANE('',#6931);
#6931 = AXIS2_PLACEMENT_3D('',#6932,#6933,#6934);
#6932 = CARTESIAN_POINT('',(0.1,-3.949119379166E-02,-0.85));
#6933 = DIRECTION('',(0.,3.491481338843E-15,1.));
#6934 = DIRECTION('',(0.,-1.,3.491481338843E-15));
#6935 = ADVANCED_FACE('',(#6936),#6942,.T.);
#6936 = FACE_BOUND('',#6937,.T.);
#6937 = EDGE_LOOP('',(#6938,#6939,#6940,#6941));
#6938 = ORIENTED_EDGE('',*,*,#6912,.F.);
#6939 = ORIENTED_EDGE('',*,*,#5683,.T.);
#6940 = ORIENTED_EDGE('',*,*,#6859,.T.);
#6941 = ORIENTED_EDGE('',*,*,#6565,.T.);
#6942 = CYLINDRICAL_SURFACE('',#6943,0.2);
#6943 = AXIS2_PLACEMENT_3D('',#6944,#6945,#6946);
#6944 = CARTESIAN_POINT('',(1.55,-0.539491193792,-0.7));
#6945 = DIRECTION('',(0.,-3.491481338843E-15,-1.));
#6946 = DIRECTION('',(0.,1.,-3.491481338843E-15));
#6947 = ( GEOMETRIC_REPRESENTATION_CONTEXT(3) 
GLOBAL_UNCERTAINTY_ASSIGNED_CONTEXT((#6951)) 
GLOBAL_UNIT_ASSIGNED_CONTEXT((#6948,#6949,#6950)) REPRESENTATION_CONTEXT
('Context #1','3D Context with UNIT and UNCERTAINTY') );
#6948 = ( LENGTH_UNIT() NAMED_UNIT(*) SI_UNIT(.MILLI.,.METRE.) );
#6949 = ( NAMED_UNIT(*) PLANE_ANGLE_UNIT() SI_UNIT($,.RADIAN.) );
#6950 = ( NAMED_UNIT(*) SI_UNIT($,.STERADIAN.) SOLID_ANGLE_UNIT() );
#6951 = UNCERTAINTY_MEASURE_WITH_UNIT(LENGTH_MEASURE(5.E-05),#6948,
  'distance_accuracy_value','confusion accuracy');
#6952 = CONTEXT_DEPENDENT_SHAPE_REPRESENTATION(#6953,#6955);
#6953 = ( REPRESENTATION_RELATIONSHIP('','',#4050,#175) 
REPRESENTATION_RELATIONSHIP_WITH_TRANSFORMATION(#6954) 
SHAPE_REPRESENTATION_RELATIONSHIP() );
#6954 = ITEM_DEFINED_TRANSFORMATION('','',#11,#180);
#6955 = PRODUCT_DEFINITION_SHAPE('Placement','Placement of an item',
  #6956);
#6956 = NEXT_ASSEMBLY_USAGE_OCCURRENCE('2','pin002','',#170,#4045,$);
#6957 = PRODUCT_RELATED_PRODUCT_CATEGORY('part',$,(#4047));
#6958 = SHAPE_DEFINITION_REPRESENTATION(#6959,#6965);
#6959 = PRODUCT_DEFINITION_SHAPE('','',#6960);
#6960 = PRODUCT_DEFINITION('design','',#6961,#6964);
#6961 = PRODUCT_DEFINITION_FORMATION('','',#6962);
#6962 = PRODUCT('pin003','pin003','',(#6963));
#6963 = PRODUCT_CONTEXT('',#2,'mechanical');
#6964 = PRODUCT_DEFINITION_CONTEXT('part definition',#2,'design');
#6965 = ADVANCED_BREP_SHAPE_REPRESENTATION('',(#11,#6966),#9862);
#6966 = MANIFOLD_SOLID_BREP('',#6967);
#6967 = CLOSED_SHELL('',(#6968,#7014,#7060,#7106,#7152,#7192,#7223,#7254
    ,#7276,#7322,#7366,#7398,#7434,#7458,#7491,#7523,#7559,#7593,#7629,
    #7651,#7677,#7703,#7743,#7773,#7803,#7843,#7874,#7905,#7922,#7934,
    #7986,#8003,#8055,#8072,#8105,#8138,#8155,#8172,#8212,#8234,#8246,
    #8277,#8308,#8341,#8372,#8405,#8427,#8444,#8475,#8509,#8527,#8555,
    #8567,#8613,#8645,#8681,#8715,#8751,#8782,#8806,#8840,#8876,#8908,
    #8946,#8972,#8998,#9038,#9069,#9100,#9140,#9168,#9196,#9208,#9225,
    #9258,#9275,#9308,#9325,#9379,#9433,#9450,#9467,#9498,#9515,#9546,
    #9579,#9610,#9643,#9674,#9696,#9708,#9739,#9770,#9804,#9822,#9850));
#6968 = ADVANCED_FACE('',(#6969),#7009,.F.);
#6969 = FACE_BOUND('',#6970,.F.);
#6970 = EDGE_LOOP('',(#6971,#6981,#6992,#7000));
#6971 = ORIENTED_EDGE('',*,*,#6972,.T.);
#6972 = EDGE_CURVE('',#6973,#6975,#6977,.T.);
#6973 = VERTEX_POINT('',#6974);
#6974 = CARTESIAN_POINT('',(-2.756255668237,-2.089491193792,-0.7));
#6975 = VERTEX_POINT('',#6976);
#6976 = CARTESIAN_POINT('',(-1.793744331763,-2.089491193792,-0.7));
#6977 = LINE('',#6978,#6979);
#6978 = CARTESIAN_POINT('',(0.1,-2.089491193792,-0.7));
#6979 = VECTOR('',#6980,1.);
#6980 = DIRECTION('',(1.,0.,0.));
#6981 = ORIENTED_EDGE('',*,*,#6982,.F.);
#6982 = EDGE_CURVE('',#6983,#6975,#6985,.T.);
#6983 = VERTEX_POINT('',#6984);
#6984 = CARTESIAN_POINT('',(-1.831536721371,-2.289491193792,-0.5));
#6985 = B_SPLINE_CURVE_WITH_KNOTS('',3,(#6986,#6987,#6988,#6989,#6990,
    #6991),.UNSPECIFIED.,.F.,.F.,(4,2,4),(0.5,0.75,1.),.UNSPECIFIED.);
#6986 = CARTESIAN_POINT('',(-1.831536721371,-2.289491193792,-0.5));
#6987 = CARTESIAN_POINT('',(-1.82523798977,-2.289491193792,
    -0.55235987756));
#6988 = CARTESIAN_POINT('',(-1.818939258168,-2.267936574514,
    -0.604397331753));
#6989 = CARTESIAN_POINT('',(-1.806341794966,-2.193888525544,
    -0.678445380722));
#6990 = CARTESIAN_POINT('',(-1.800043063364,-2.141851071351,-0.7));
#6991 = CARTESIAN_POINT('',(-1.793744331763,-2.089491193792,-0.7));
#6992 = ORIENTED_EDGE('',*,*,#6993,.F.);
#6993 = EDGE_CURVE('',#6994,#6983,#6996,.T.);
#6994 = VERTEX_POINT('',#6995);
#6995 = CARTESIAN_POINT('',(-2.718463278629,-2.289491193792,-0.5));
#6996 = LINE('',#6997,#6998);
#6997 = CARTESIAN_POINT('',(-3.577043357832,-2.289491193792,-0.5));
#6998 = VECTOR('',#6999,1.);
#6999 = DIRECTION('',(1.,0.,0.));
#7000 = ORIENTED_EDGE('',*,*,#7001,.F.);
#7001 = EDGE_CURVE('',#6973,#6994,#7002,.T.);
#7002 = B_SPLINE_CURVE_WITH_KNOTS('',3,(#7003,#7004,#7005,#7006,#7007,
    #7008),.UNSPECIFIED.,.F.,.F.,(4,2,4),(0.,0.25,0.5),.UNSPECIFIED.);
#7003 = CARTESIAN_POINT('',(-2.756255668237,-2.089491193792,-0.7));
#7004 = CARTESIAN_POINT('',(-2.749956936636,-2.141851071351,-0.7));
#7005 = CARTESIAN_POINT('',(-2.743658205034,-2.193888525544,
    -0.678445380722));
#7006 = CARTESIAN_POINT('',(-2.731060741832,-2.267936574514,
    -0.604397331753));
#7007 = CARTESIAN_POINT('',(-2.72476201023,-2.289491193792,
    -0.55235987756));
#7008 = CARTESIAN_POINT('',(-2.718463278629,-2.289491193792,-0.5));
#7009 = CYLINDRICAL_SURFACE('',#7010,0.2);
#7010 = AXIS2_PLACEMENT_3D('',#7011,#7012,#7013);
#7011 = CARTESIAN_POINT('',(-3.577043357832,-2.089491193792,-0.5));
#7012 = DIRECTION('',(1.,0.,0.));
#7013 = DIRECTION('',(0.,-1.,3.252606517457E-15));
#7014 = ADVANCED_FACE('',(#7015),#7055,.T.);
#7015 = FACE_BOUND('',#7016,.T.);
#7016 = EDGE_LOOP('',(#7017,#7030,#7038,#7049));
#7017 = ORIENTED_EDGE('',*,*,#7018,.F.);
#7018 = EDGE_CURVE('',#7019,#7021,#7023,.T.);
#7019 = VERTEX_POINT('',#7020);
#7020 = CARTESIAN_POINT('',(-2.718463278629,-2.439491193792,-0.5));
#7021 = VERTEX_POINT('',#7022);
#7022 = CARTESIAN_POINT('',(-2.680670889021,-2.089491193792,-0.15));
#7023 = B_SPLINE_CURVE_WITH_KNOTS('',3,(#7024,#7025,#7026,#7027,#7028,
    #7029),.UNSPECIFIED.,.F.,.F.,(4,2,4),(0.5,0.75,1.),.UNSPECIFIED.);
#7024 = CARTESIAN_POINT('',(-2.718463278629,-2.439491193792,-0.5));
#7025 = CARTESIAN_POINT('',(-2.712164547027,-2.439491193791,
    -0.40837021427));
#7026 = CARTESIAN_POINT('',(-2.705865815426,-2.401770610055,
    -0.317304669433));
#7027 = CARTESIAN_POINT('',(-2.693268352223,-2.272186524359,
    -0.187720583737));
#7028 = CARTESIAN_POINT('',(-2.686987228922,-2.181377133443,-0.15));
#7029 = CARTESIAN_POINT('',(-2.680670889021,-2.089491193792,-0.15));
#7030 = ORIENTED_EDGE('',*,*,#7031,.T.);
#7031 = EDGE_CURVE('',#7019,#7032,#7034,.T.);
#7032 = VERTEX_POINT('',#7033);
#7033 = CARTESIAN_POINT('',(-1.831536721371,-2.439491193792,-0.5));
#7034 = LINE('',#7035,#7036);
#7035 = CARTESIAN_POINT('',(-3.577043357832,-2.439491193792,-0.5));
#7036 = VECTOR('',#7037,1.);
#7037 = DIRECTION('',(1.,0.,0.));
#7038 = ORIENTED_EDGE('',*,*,#7039,.F.);
#7039 = EDGE_CURVE('',#7040,#7032,#7042,.T.);
#7040 = VERTEX_POINT('',#7041);
#7041 = CARTESIAN_POINT('',(-1.869329110979,-2.089491193792,-0.15));
#7042 = B_SPLINE_CURVE_WITH_KNOTS('',3,(#7043,#7044,#7045,#7046,#7047,
    #7048),.UNSPECIFIED.,.F.,.F.,(4,2,4),(0.,0.25,0.5),.UNSPECIFIED.);
#7043 = CARTESIAN_POINT('',(-1.869329110979,-2.089491193792,-0.15));
#7044 = CARTESIAN_POINT('',(-1.863012771078,-2.181377133443,-0.15));
#7045 = CARTESIAN_POINT('',(-1.856731647777,-2.272186524359,
    -0.187720583737));
#7046 = CARTESIAN_POINT('',(-1.844134184574,-2.401770610055,
    -0.317304669433));
#7047 = CARTESIAN_POINT('',(-1.837835452973,-2.439491193792,
    -0.408370214271));
#7048 = CARTESIAN_POINT('',(-1.831536721371,-2.439491193792,-0.5));
#7049 = ORIENTED_EDGE('',*,*,#7050,.F.);
#7050 = EDGE_CURVE('',#7021,#7040,#7051,.T.);
#7051 = LINE('',#7052,#7053);
#7052 = CARTESIAN_POINT('',(0.1,-2.089491193792,-0.15));
#7053 = VECTOR('',#7054,1.);
#7054 = DIRECTION('',(1.,0.,0.));
#7055 = CYLINDRICAL_SURFACE('',#7056,0.35);
#7056 = AXIS2_PLACEMENT_3D('',#7057,#7058,#7059);
#7057 = CARTESIAN_POINT('',(-3.577043357832,-2.089491193792,-0.5));
#7058 = DIRECTION('',(1.,0.,0.));
#7059 = DIRECTION('',(0.,-1.,3.407492542097E-15));
#7060 = ADVANCED_FACE('',(#7061),#7101,.F.);
#7061 = FACE_BOUND('',#7062,.F.);
#7062 = EDGE_LOOP('',(#7063,#7073,#7084,#7092));
#7063 = ORIENTED_EDGE('',*,*,#7064,.F.);
#7064 = EDGE_CURVE('',#7065,#7067,#7069,.T.);
#7065 = VERTEX_POINT('',#7066);
#7066 = CARTESIAN_POINT('',(-2.756255668237,-2.089491193792,0.7));
#7067 = VERTEX_POINT('',#7068);
#7068 = CARTESIAN_POINT('',(-1.793744331763,-2.089491193792,0.7));
#7069 = LINE('',#7070,#7071);
#7070 = CARTESIAN_POINT('',(0.1,-2.089491193792,0.7));
#7071 = VECTOR('',#7072,1.);
#7072 = DIRECTION('',(1.,0.,0.));
#7073 = ORIENTED_EDGE('',*,*,#7074,.F.);
#7074 = EDGE_CURVE('',#7075,#7065,#7077,.T.);
#7075 = VERTEX_POINT('',#7076);
#7076 = CARTESIAN_POINT('',(-2.718463278629,-2.289491193792,0.5));
#7077 = B_SPLINE_CURVE_WITH_KNOTS('',3,(#7078,#7079,#7080,#7081,#7082,
    #7083),.UNSPECIFIED.,.F.,.F.,(4,2,4),(0.5,0.75,1.),.UNSPECIFIED.);
#7078 = CARTESIAN_POINT('',(-2.718463278629,-2.289491193792,0.5));
#7079 = CARTESIAN_POINT('',(-2.72476201023,-2.289491193792,0.55235987756
    ));
#7080 = CARTESIAN_POINT('',(-2.731060741832,-2.267936574514,
    0.604397331753));
#7081 = CARTESIAN_POINT('',(-2.743658205034,-2.193888525544,
    0.678445380722));
#7082 = CARTESIAN_POINT('',(-2.749956936636,-2.141851071351,0.7));
#7083 = CARTESIAN_POINT('',(-2.756255668237,-2.089491193792,0.7));
#7084 = ORIENTED_EDGE('',*,*,#7085,.F.);
#7085 = EDGE_CURVE('',#7086,#7075,#7088,.T.);
#7086 = VERTEX_POINT('',#7087);
#7087 = CARTESIAN_POINT('',(-1.831536721371,-2.289491193792,0.5));
#7088 = LINE('',#7089,#7090);
#7089 = CARTESIAN_POINT('',(-0.972956642168,-2.289491193792,0.5));
#7090 = VECTOR('',#7091,1.);
#7091 = DIRECTION('',(-1.,0.,0.));
#7092 = ORIENTED_EDGE('',*,*,#7093,.F.);
#7093 = EDGE_CURVE('',#7067,#7086,#7094,.T.);
#7094 = B_SPLINE_CURVE_WITH_KNOTS('',3,(#7095,#7096,#7097,#7098,#7099,
    #7100),.UNSPECIFIED.,.F.,.F.,(4,2,4),(0.,0.25,0.5),.UNSPECIFIED.);
#7095 = CARTESIAN_POINT('',(-1.793744331763,-2.089491193792,0.7));
#7096 = CARTESIAN_POINT('',(-1.800043063364,-2.141851071351,0.7));
#7097 = CARTESIAN_POINT('',(-1.806341794966,-2.193888525544,
    0.678445380722));
#7098 = CARTESIAN_POINT('',(-1.818939258168,-2.267936574514,
    0.604397331753));
#7099 = CARTESIAN_POINT('',(-1.82523798977,-2.289491193792,0.55235987756
    ));
#7100 = CARTESIAN_POINT('',(-1.831536721371,-2.289491193792,0.5));
#7101 = CYLINDRICAL_SURFACE('',#7102,0.2);
#7102 = AXIS2_PLACEMENT_3D('',#7103,#7104,#7105);
#7103 = CARTESIAN_POINT('',(-0.972956642168,-2.089491193792,0.5));
#7104 = DIRECTION('',(-1.,0.,0.));
#7105 = DIRECTION('',(-0.,-1.,-3.252606517457E-15));
#7106 = ADVANCED_FACE('',(#7107),#7147,.T.);
#7107 = FACE_BOUND('',#7108,.T.);
#7108 = EDGE_LOOP('',(#7109,#7122,#7130,#7141));
#7109 = ORIENTED_EDGE('',*,*,#7110,.F.);
#7110 = EDGE_CURVE('',#7111,#7113,#7115,.T.);
#7111 = VERTEX_POINT('',#7112);
#7112 = CARTESIAN_POINT('',(-1.831536721371,-2.439491193792,0.5));
#7113 = VERTEX_POINT('',#7114);
#7114 = CARTESIAN_POINT('',(-1.869329110979,-2.089491193792,0.15));
#7115 = B_SPLINE_CURVE_WITH_KNOTS('',3,(#7116,#7117,#7118,#7119,#7120,
    #7121),.UNSPECIFIED.,.F.,.F.,(4,2,4),(0.5,0.75,1.),.UNSPECIFIED.);
#7116 = CARTESIAN_POINT('',(-1.831536721371,-2.439491193792,0.5));
#7117 = CARTESIAN_POINT('',(-1.837835452973,-2.439491193791,
    0.40837021427));
#7118 = CARTESIAN_POINT('',(-1.844134184574,-2.401770610055,
    0.317304669433));
#7119 = CARTESIAN_POINT('',(-1.856731647777,-2.272186524359,
    0.187720583737));
#7120 = CARTESIAN_POINT('',(-1.863012771078,-2.181377133443,0.15));
#7121 = CARTESIAN_POINT('',(-1.869329110979,-2.089491193792,0.15));
#7122 = ORIENTED_EDGE('',*,*,#7123,.T.);
#7123 = EDGE_CURVE('',#7111,#7124,#7126,.T.);
#7124 = VERTEX_POINT('',#7125);
#7125 = CARTESIAN_POINT('',(-2.718463278629,-2.439491193792,0.5));
#7126 = LINE('',#7127,#7128);
#7127 = CARTESIAN_POINT('',(-0.972956642168,-2.439491193792,0.5));
#7128 = VECTOR('',#7129,1.);
#7129 = DIRECTION('',(-1.,0.,0.));
#7130 = ORIENTED_EDGE('',*,*,#7131,.F.);
#7131 = EDGE_CURVE('',#7132,#7124,#7134,.T.);
#7132 = VERTEX_POINT('',#7133);
#7133 = CARTESIAN_POINT('',(-2.680670889021,-2.089491193792,0.15));
#7134 = B_SPLINE_CURVE_WITH_KNOTS('',3,(#7135,#7136,#7137,#7138,#7139,
    #7140),.UNSPECIFIED.,.F.,.F.,(4,2,4),(0.,0.25,0.5),.UNSPECIFIED.);
#7135 = CARTESIAN_POINT('',(-2.680670889021,-2.089491193792,0.15));
#7136 = CARTESIAN_POINT('',(-2.686987228922,-2.181377133443,0.15));
#7137 = CARTESIAN_POINT('',(-2.693268352223,-2.272186524359,
    0.187720583737));
#7138 = CARTESIAN_POINT('',(-2.705865815426,-2.401770610055,
    0.317304669433));
#7139 = CARTESIAN_POINT('',(-2.712164547027,-2.439491193791,
    0.40837021427));
#7140 = CARTESIAN_POINT('',(-2.718463278629,-2.439491193792,0.5));
#7141 = ORIENTED_EDGE('',*,*,#7142,.T.);
#7142 = EDGE_CURVE('',#7132,#7113,#7143,.T.);
#7143 = LINE('',#7144,#7145);
#7144 = CARTESIAN_POINT('',(0.1,-2.089491193792,0.15));
#7145 = VECTOR('',#7146,1.);
#7146 = DIRECTION('',(1.,0.,0.));
#7147 = CYLINDRICAL_SURFACE('',#7148,0.35);
#7148 = AXIS2_PLACEMENT_3D('',#7149,#7150,#7151);
#7149 = CARTESIAN_POINT('',(-0.972956642168,-2.089491193792,0.5));
#7150 = DIRECTION('',(-1.,0.,0.));
#7151 = DIRECTION('',(-0.,-1.,-3.407492542097E-15));
#7152 = ADVANCED_FACE('',(#7153),#7187,.F.);
#7153 = FACE_BOUND('',#7154,.T.);
#7154 = EDGE_LOOP('',(#7155,#7165,#7173,#7181));
#7155 = ORIENTED_EDGE('',*,*,#7156,.T.);
#7156 = EDGE_CURVE('',#7157,#7159,#7161,.T.);
#7157 = VERTEX_POINT('',#7158);
#7158 = CARTESIAN_POINT('',(0.3,0.,0.45));
#7159 = VERTEX_POINT('',#7160);
#7160 = CARTESIAN_POINT('',(0.3,-2.22044604925E-16,-0.45));
#7161 = LINE('',#7162,#7163);
#7162 = CARTESIAN_POINT('',(0.3,0.,0.5));
#7163 = VECTOR('',#7164,1.);
#7164 = DIRECTION('',(0.,0.,-1.));
#7165 = ORIENTED_EDGE('',*,*,#7166,.T.);
#7166 = EDGE_CURVE('',#7159,#7167,#7169,.T.);
#7167 = VERTEX_POINT('',#7168);
#7168 = CARTESIAN_POINT('',(-1.6,-2.22044604925E-16,-0.45));
#7169 = LINE('',#7170,#7171);
#7170 = CARTESIAN_POINT('',(0.1,0.,-0.45));
#7171 = VECTOR('',#7172,1.);
#7172 = DIRECTION('',(-1.,0.,0.));
#7173 = ORIENTED_EDGE('',*,*,#7174,.T.);
#7174 = EDGE_CURVE('',#7167,#7175,#7177,.T.);
#7175 = VERTEX_POINT('',#7176);
#7176 = CARTESIAN_POINT('',(-1.6,-2.22044604925E-16,0.45));
#7177 = LINE('',#7178,#7179);
#7178 = CARTESIAN_POINT('',(-1.6,0.,0.6));
#7179 = VECTOR('',#7180,1.);
#7180 = DIRECTION('',(-2.168404344971E-15,0.,1.));
#7181 = ORIENTED_EDGE('',*,*,#7182,.F.);
#7182 = EDGE_CURVE('',#7157,#7175,#7183,.T.);
#7183 = LINE('',#7184,#7185);
#7184 = CARTESIAN_POINT('',(0.1,0.,0.45));
#7185 = VECTOR('',#7186,1.);
#7186 = DIRECTION('',(-1.,0.,0.));
#7187 = PLANE('',#7188);
#7188 = AXIS2_PLACEMENT_3D('',#7189,#7190,#7191);
#7189 = CARTESIAN_POINT('',(0.1,0.,-0.6));
#7190 = DIRECTION('',(0.,-1.,0.));
#7191 = DIRECTION('',(0.,-0.,-1.));
#7192 = ADVANCED_FACE('',(#7193),#7218,.T.);
#7193 = FACE_BOUND('',#7194,.T.);
#7194 = EDGE_LOOP('',(#7195,#7203,#7211,#7217));
#7195 = ORIENTED_EDGE('',*,*,#7196,.F.);
#7196 = EDGE_CURVE('',#7197,#7167,#7199,.T.);
#7197 = VERTEX_POINT('',#7198);
#7198 = CARTESIAN_POINT('',(-1.6,-0.15,-0.45));
#7199 = LINE('',#7200,#7201);
#7200 = CARTESIAN_POINT('',(-1.6,-0.15,-0.45));
#7201 = VECTOR('',#7202,1.);
#7202 = DIRECTION('',(1.327764720163E-31,1.,-6.123233995737E-17));
#7203 = ORIENTED_EDGE('',*,*,#7204,.T.);
#7204 = EDGE_CURVE('',#7197,#7205,#7207,.T.);
#7205 = VERTEX_POINT('',#7206);
#7206 = CARTESIAN_POINT('',(-1.6,-0.15,0.45));
#7207 = LINE('',#7208,#7209);
#7208 = CARTESIAN_POINT('',(-1.6,-0.15,-0.6));
#7209 = VECTOR('',#7210,1.);
#7210 = DIRECTION('',(2.168404344971E-15,-0.,1.));
#7211 = ORIENTED_EDGE('',*,*,#7212,.T.);
#7212 = EDGE_CURVE('',#7205,#7175,#7213,.T.);
#7213 = LINE('',#7214,#7215);
#7214 = CARTESIAN_POINT('',(-1.6,-0.15,0.45));
#7215 = VECTOR('',#7216,1.);
#7216 = DIRECTION('',(1.327764720163E-31,1.,-6.123233995737E-17));
#7217 = ORIENTED_EDGE('',*,*,#7174,.F.);
#7218 = PLANE('',#7219);
#7219 = AXIS2_PLACEMENT_3D('',#7220,#7221,#7222);
#7220 = CARTESIAN_POINT('',(-1.6,-0.15,0.6));
#7221 = DIRECTION('',(-1.,0.,-2.168404344971E-15));
#7222 = DIRECTION('',(-2.168404344971E-15,0.,1.));
#7223 = ADVANCED_FACE('',(#7224),#7249,.T.);
#7224 = FACE_BOUND('',#7225,.T.);
#7225 = EDGE_LOOP('',(#7226,#7234,#7235,#7243));
#7226 = ORIENTED_EDGE('',*,*,#7227,.F.);
#7227 = EDGE_CURVE('',#7159,#7228,#7230,.T.);
#7228 = VERTEX_POINT('',#7229);
#7229 = CARTESIAN_POINT('',(0.3,-0.15,-0.45));
#7230 = LINE('',#7231,#7232);
#7231 = CARTESIAN_POINT('',(0.3,-0.15,-0.45));
#7232 = VECTOR('',#7233,1.);
#7233 = DIRECTION('',(-0.,-1.,6.123233995737E-17));
#7234 = ORIENTED_EDGE('',*,*,#7156,.F.);
#7235 = ORIENTED_EDGE('',*,*,#7236,.T.);
#7236 = EDGE_CURVE('',#7157,#7237,#7239,.T.);
#7237 = VERTEX_POINT('',#7238);
#7238 = CARTESIAN_POINT('',(0.3,-0.15,0.45));
#7239 = LINE('',#7240,#7241);
#7240 = CARTESIAN_POINT('',(0.3,-0.15,0.45));
#7241 = VECTOR('',#7242,1.);
#7242 = DIRECTION('',(-0.,-1.,6.123233995737E-17));
#7243 = ORIENTED_EDGE('',*,*,#7244,.T.);
#7244 = EDGE_CURVE('',#7237,#7228,#7245,.T.);
#7245 = LINE('',#7246,#7247);
#7246 = CARTESIAN_POINT('',(0.3,-0.15,0.5));
#7247 = VECTOR('',#7248,1.);
#7248 = DIRECTION('',(0.,0.,-1.));
#7249 = PLANE('',#7250);
#7250 = AXIS2_PLACEMENT_3D('',#7251,#7252,#7253);
#7251 = CARTESIAN_POINT('',(0.3,-0.15,0.5));
#7252 = DIRECTION('',(1.,-0.,0.));
#7253 = DIRECTION('',(0.,0.,-1.));
#7254 = ADVANCED_FACE('',(#7255),#7271,.T.);
#7255 = FACE_BOUND('',#7256,.T.);
#7256 = EDGE_LOOP('',(#7257,#7263,#7264,#7270));
#7257 = ORIENTED_EDGE('',*,*,#7258,.F.);
#7258 = EDGE_CURVE('',#7228,#7197,#7259,.T.);
#7259 = LINE('',#7260,#7261);
#7260 = CARTESIAN_POINT('',(0.1,-0.15,-0.45));
#7261 = VECTOR('',#7262,1.);
#7262 = DIRECTION('',(-1.,0.,0.));
#7263 = ORIENTED_EDGE('',*,*,#7244,.F.);
#7264 = ORIENTED_EDGE('',*,*,#7265,.T.);
#7265 = EDGE_CURVE('',#7237,#7205,#7266,.T.);
#7266 = LINE('',#7267,#7268);
#7267 = CARTESIAN_POINT('',(0.1,-0.15,0.45));
#7268 = VECTOR('',#7269,1.);
#7269 = DIRECTION('',(-1.,0.,0.));
#7270 = ORIENTED_EDGE('',*,*,#7204,.F.);
#7271 = PLANE('',#7272);
#7272 = AXIS2_PLACEMENT_3D('',#7273,#7274,#7275);
#7273 = CARTESIAN_POINT('',(0.1,-0.15,-0.6));
#7274 = DIRECTION('',(0.,-1.,0.));
#7275 = DIRECTION('',(0.,-0.,-1.));
#7276 = ADVANCED_FACE('',(#7277),#7313,.F.);
#7277 = FACE_BOUND('',#7278,.F.);
#7278 = EDGE_LOOP('',(#7279,#7290,#7297,#7306));
#7279 = ORIENTED_EDGE('',*,*,#7280,.T.);
#7280 = EDGE_CURVE('',#7281,#7283,#7285,.T.);
#7281 = VERTEX_POINT('',#7282);
#7282 = CARTESIAN_POINT('',(1.55,-0.353723201033,0.695679583762));
#7283 = VERTEX_POINT('',#7284);
#7284 = CARTESIAN_POINT('',(1.693325527575,-0.4,0.7));
#7285 = B_SPLINE_CURVE_WITH_KNOTS('',3,(#7286,#7287,#7288,#7289),
  .UNSPECIFIED.,.F.,.F.,(4,4),(0.,1.),.PIECEWISE_BEZIER_KNOTS.);
#7286 = CARTESIAN_POINT('',(1.55,-0.353723201033,0.695679583762));
#7287 = CARTESIAN_POINT('',(1.597775175858,-0.368970153159,
    0.698551536439));
#7288 = CARTESIAN_POINT('',(1.645550351716,-0.384484921485,0.7));
#7289 = CARTESIAN_POINT('',(1.693325527575,-0.4,0.7));
#7290 = ORIENTED_EDGE('',*,*,#7291,.F.);
#7291 = EDGE_CURVE('',#7292,#7283,#7294,.T.);
#7292 = VERTEX_POINT('',#7293);
#7293 = CARTESIAN_POINT('',(1.693325527575,-0.4,0.85));
#7294 = B_SPLINE_CURVE_WITH_KNOTS('',1,(#7295,#7296),.UNSPECIFIED.,.F.,
  .F.,(2,2),(0.,1.),.PIECEWISE_BEZIER_KNOTS.);
#7295 = CARTESIAN_POINT('',(1.693325527575,-0.4,0.85));
#7296 = CARTESIAN_POINT('',(1.693325527575,-0.4,0.7));
#7297 = ORIENTED_EDGE('',*,*,#7298,.F.);
#7298 = EDGE_CURVE('',#7299,#7292,#7301,.T.);
#7299 = VERTEX_POINT('',#7300);
#7300 = CARTESIAN_POINT('',(1.55,-0.325957121653,0.843087334019));
#7301 = B_SPLINE_CURVE_WITH_KNOTS('',3,(#7302,#7303,#7304,#7305),
  .UNSPECIFIED.,.F.,.F.,(4,4),(0.,1.),.PIECEWISE_BEZIER_KNOTS.);
#7302 = CARTESIAN_POINT('',(1.55,-0.325957121653,0.843087334019));
#7303 = CARTESIAN_POINT('',(1.597775545966,-0.35035243404,0.847682493901
    ));
#7304 = CARTESIAN_POINT('',(1.645549981609,-0.375175682067,0.85));
#7305 = CARTESIAN_POINT('',(1.693325527575,-0.4,0.85));
#7306 = ORIENTED_EDGE('',*,*,#7307,.T.);
#7307 = EDGE_CURVE('',#7299,#7281,#7308,.T.);
#7308 = B_SPLINE_CURVE_WITH_KNOTS('',3,(#7309,#7310,#7311,#7312),
  .UNSPECIFIED.,.F.,.F.,(4,4),(0.,1.),.PIECEWISE_BEZIER_KNOTS.);
#7309 = CARTESIAN_POINT('',(1.55,-0.325957121653,0.843087334019));
#7310 = CARTESIAN_POINT('',(1.55,-0.335212481446,0.793951417266));
#7311 = CARTESIAN_POINT('',(1.55,-0.34446784124,0.744815500514));
#7312 = CARTESIAN_POINT('',(1.55,-0.353723201033,0.695679583762));
#7313 = B_SPLINE_SURFACE_WITH_KNOTS('',1,3,(
    (#7314,#7315,#7316,#7317)
    ,(#7318,#7319,#7320,#7321
    )),.UNSPECIFIED.,.F.,.F.,.F.,(2,2),(4,4),(0.,1.),(0.,1.),
  .PIECEWISE_BEZIER_KNOTS.);
#7314 = CARTESIAN_POINT('',(1.55,-0.325957121653,0.843087334019));
#7315 = CARTESIAN_POINT('',(1.597775545966,-0.35035243404,0.847682493901
    ));
#7316 = CARTESIAN_POINT('',(1.645549981609,-0.375175682067,0.85));
#7317 = CARTESIAN_POINT('',(1.693325527575,-0.4,0.85));
#7318 = CARTESIAN_POINT('',(1.55,-0.353723201033,0.695679583762));
#7319 = CARTESIAN_POINT('',(1.597775342958,-0.368970206487,
    0.698551546484));
#7320 = CARTESIAN_POINT('',(1.645550184617,-0.384484867219,0.7));
#7321 = CARTESIAN_POINT('',(1.693325527575,-0.4,0.7));
#7322 = ADVANCED_FACE('',(#7323),#7357,.F.);
#7323 = FACE_BOUND('',#7324,.F.);
#7324 = EDGE_LOOP('',(#7325,#7336,#7343,#7352));
#7325 = ORIENTED_EDGE('',*,*,#7326,.T.);
#7326 = EDGE_CURVE('',#7327,#7329,#7331,.T.);
#7327 = VERTEX_POINT('',#7328);
#7328 = CARTESIAN_POINT('',(-2.663977241855,-0.4,0.7));
#7329 = VERTEX_POINT('',#7330);
#7330 = CARTESIAN_POINT('',(-2.6,-0.391917711479,0.69986931907));
#7331 = B_SPLINE_CURVE_WITH_KNOTS('',3,(#7332,#7333,#7334,#7335),
  .UNSPECIFIED.,.F.,.F.,(4,4),(0.,1.),.PIECEWISE_BEZIER_KNOTS.);
#7332 = CARTESIAN_POINT('',(-2.663977241855,-0.4,0.7));
#7333 = CARTESIAN_POINT('',(-2.642945968647,-0.395281238138,0.7));
#7334 = CARTESIAN_POINT('',(-2.621620221361,-0.392587730588,
    0.699890991549));
#7335 = CARTESIAN_POINT('',(-2.6,-0.391917711479,0.69986931907));
#7336 = ORIENTED_EDGE('',*,*,#7337,.F.);
#7337 = EDGE_CURVE('',#7338,#7329,#7340,.T.);
#7338 = VERTEX_POINT('',#7339);
#7339 = CARTESIAN_POINT('',(-2.6,-0.387068338367,0.849790910511));
#7340 = B_SPLINE_CURVE_WITH_KNOTS('',1,(#7341,#7342),.UNSPECIFIED.,.F.,
  .F.,(2,2),(0.,1.),.PIECEWISE_BEZIER_KNOTS.);
#7341 = CARTESIAN_POINT('',(-2.6,-0.387068338367,0.849790910511));
#7342 = CARTESIAN_POINT('',(-2.6,-0.391917711479,0.69986931907));
#7343 = ORIENTED_EDGE('',*,*,#7344,.F.);
#7344 = EDGE_CURVE('',#7345,#7338,#7347,.T.);
#7345 = VERTEX_POINT('',#7346);
#7346 = CARTESIAN_POINT('',(-2.663977241855,-0.4,0.85));
#7347 = B_SPLINE_CURVE_WITH_KNOTS('',3,(#7348,#7349,#7350,#7351),
  .UNSPECIFIED.,.F.,.F.,(4,4),(0.,1.),.PIECEWISE_BEZIER_KNOTS.);
#7348 = CARTESIAN_POINT('',(-2.663977241855,-0.4,0.85));
#7349 = CARTESIAN_POINT('',(-2.6429457645,-0.392449907735,0.85));
#7350 = CARTESIAN_POINT('',(-2.621620336388,-0.388140374645,
    0.849825586663));
#7351 = CARTESIAN_POINT('',(-2.6,-0.387068338367,0.849790910511));
#7352 = ORIENTED_EDGE('',*,*,#7353,.F.);
#7353 = EDGE_CURVE('',#7327,#7345,#7354,.T.);
#7354 = B_SPLINE_CURVE_WITH_KNOTS('',1,(#7355,#7356),.UNSPECIFIED.,.F.,
  .F.,(2,2),(0.,1.),.PIECEWISE_BEZIER_KNOTS.);
#7355 = CARTESIAN_POINT('',(-2.663977241855,-0.4,0.7));
#7356 = CARTESIAN_POINT('',(-2.663977241855,-0.4,0.85));
#7357 = B_SPLINE_SURFACE_WITH_KNOTS('',1,3,(
    (#7358,#7359,#7360,#7361)
    ,(#7362,#7363,#7364,#7365
    )),.UNSPECIFIED.,.F.,.F.,.F.,(2,2),(4,4),(0.,1.),(0.,1.),
  .PIECEWISE_BEZIER_KNOTS.);
#7358 = CARTESIAN_POINT('',(-2.663977241855,-0.4,0.85));
#7359 = CARTESIAN_POINT('',(-2.6429457645,-0.392449907735,0.85));
#7360 = CARTESIAN_POINT('',(-2.621620336388,-0.388140374645,
    0.849825586663));
#7361 = CARTESIAN_POINT('',(-2.6,-0.387068338367,0.849790910511));
#7362 = CARTESIAN_POINT('',(-2.663977241855,-0.4,0.7));
#7363 = CARTESIAN_POINT('',(-2.642945877509,-0.39528121769,0.7));
#7364 = CARTESIAN_POINT('',(-2.62162027432,-0.392587732229,
    0.699890991602));
#7365 = CARTESIAN_POINT('',(-2.6,-0.391917711479,0.69986931907));
#7366 = ADVANCED_FACE('',(#7367),#7393,.F.);
#7367 = FACE_BOUND('',#7368,.T.);
#7368 = EDGE_LOOP('',(#7369,#7370,#7378,#7387));
#7369 = ORIENTED_EDGE('',*,*,#7337,.F.);
#7370 = ORIENTED_EDGE('',*,*,#7371,.T.);
#7371 = EDGE_CURVE('',#7338,#7372,#7374,.T.);
#7372 = VERTEX_POINT('',#7373);
#7373 = CARTESIAN_POINT('',(-1.75,-0.387068338367,0.849790910511));
#7374 = LINE('',#7375,#7376);
#7375 = CARTESIAN_POINT('',(3.739670450694,-0.387068338367,
    0.849790910511));
#7376 = VECTOR('',#7377,1.);
#7377 = DIRECTION('',(1.,-0.,-0.));
#7378 = ORIENTED_EDGE('',*,*,#7379,.T.);
#7379 = EDGE_CURVE('',#7372,#7380,#7382,.T.);
#7380 = VERTEX_POINT('',#7381);
#7381 = CARTESIAN_POINT('',(-1.75,-0.391917711479,0.69986931907));
#7382 = B_SPLINE_CURVE_WITH_KNOTS('',3,(#7383,#7384,#7385,#7386),
  .UNSPECIFIED.,.F.,.F.,(4,4),(0.,1.),.PIECEWISE_BEZIER_KNOTS.);
#7383 = CARTESIAN_POINT('',(-1.75,-0.387068338367,0.849790910511));
#7384 = CARTESIAN_POINT('',(-1.75,-0.388684796071,0.799817046697));
#7385 = CARTESIAN_POINT('',(-1.75,-0.390301253775,0.749843182883));
#7386 = CARTESIAN_POINT('',(-1.75,-0.391917711479,0.69986931907));
#7387 = ORIENTED_EDGE('',*,*,#7388,.F.);
#7388 = EDGE_CURVE('',#7329,#7380,#7389,.T.);
#7389 = LINE('',#7390,#7391);
#7390 = CARTESIAN_POINT('',(-1.75,-0.391917711479,0.69986931907));
#7391 = VECTOR('',#7392,1.);
#7392 = DIRECTION('',(1.,-0.,-0.));
#7393 = PLANE('',#7394);
#7394 = AXIS2_PLACEMENT_3D('',#7395,#7396,#7397);
#7395 = CARTESIAN_POINT('',(-2.175,-0.391917711479,0.69986931907));
#7396 = DIRECTION('',(0.,-0.999477276278,3.232915408336E-02));
#7397 = DIRECTION('',(1.,0.,0.));
#7398 = ADVANCED_FACE('',(#7399),#7425,.F.);
#7399 = FACE_BOUND('',#7400,.F.);
#7400 = EDGE_LOOP('',(#7401,#7410,#7417,#7424));
#7401 = ORIENTED_EDGE('',*,*,#7402,.T.);
#7402 = EDGE_CURVE('',#7380,#7403,#7405,.T.);
#7403 = VERTEX_POINT('',#7404);
#7404 = CARTESIAN_POINT('',(-1.6,-0.281490038729,0.670125848277));
#7405 = B_SPLINE_CURVE_WITH_KNOTS('',3,(#7406,#7407,#7408,#7409),
  .UNSPECIFIED.,.F.,.F.,(4,4),(0.,1.),.PIECEWISE_BEZIER_KNOTS.);
#7406 = CARTESIAN_POINT('',(-1.75,-0.391917711479,0.69986931907));
#7407 = CARTESIAN_POINT('',(-1.7,-0.353476277776,0.698625890066));
#7408 = CARTESIAN_POINT('',(-1.65,-0.315355553849,0.688358150011));
#7409 = CARTESIAN_POINT('',(-1.6,-0.281490038729,0.670125848277));
#7410 = ORIENTED_EDGE('',*,*,#7411,.F.);
#7411 = EDGE_CURVE('',#7412,#7403,#7414,.T.);
#7412 = VERTEX_POINT('',#7413);
#7413 = CARTESIAN_POINT('',(-1.6,-0.210384061967,0.802201357243));
#7414 = B_SPLINE_CURVE_WITH_KNOTS('',1,(#7415,#7416),.UNSPECIFIED.,.F.,
  .F.,(2,2),(0.,1.),.PIECEWISE_BEZIER_KNOTS.);
#7415 = CARTESIAN_POINT('',(-1.6,-0.210384061967,0.802201357243));
#7416 = CARTESIAN_POINT('',(-1.6,-0.281490038729,0.670125848277));
#7417 = ORIENTED_EDGE('',*,*,#7418,.F.);
#7418 = EDGE_CURVE('',#7372,#7412,#7419,.T.);
#7419 = B_SPLINE_CURVE_WITH_KNOTS('',3,(#7420,#7421,#7422,#7423),
  .UNSPECIFIED.,.F.,.F.,(4,4),(0.,1.),.PIECEWISE_BEZIER_KNOTS.);
#7420 = CARTESIAN_POINT('',(-1.75,-0.387068338367,0.849790910511));
#7421 = CARTESIAN_POINT('',(-1.699965148201,-0.325519172342,
    0.847800037363));
#7422 = CARTESIAN_POINT('',(-1.650034851799,-0.26460665493,0.83139337373
    ));
#7423 = CARTESIAN_POINT('',(-1.6,-0.210384061967,0.802201357243));
#7424 = ORIENTED_EDGE('',*,*,#7379,.T.);
#7425 = B_SPLINE_SURFACE_WITH_KNOTS('',1,3,(
    (#7426,#7427,#7428,#7429)
    ,(#7430,#7431,#7432,#7433
    )),.UNSPECIFIED.,.F.,.F.,.F.,(2,2),(4,4),(0.,1.),(0.,1.),
  .PIECEWISE_BEZIER_KNOTS.);
#7426 = CARTESIAN_POINT('',(-1.75,-0.387068338367,0.849790910511));
#7427 = CARTESIAN_POINT('',(-1.699965148201,-0.325519172342,
    0.847800037363));
#7428 = CARTESIAN_POINT('',(-1.650034851799,-0.26460665493,0.83139337373
    ));
#7429 = CARTESIAN_POINT('',(-1.6,-0.210384061967,0.802201357243));
#7430 = CARTESIAN_POINT('',(-1.75,-0.391917711479,0.69986931907));
#7431 = CARTESIAN_POINT('',(-1.699977089626,-0.353458663623,
    0.698625320318));
#7432 = CARTESIAN_POINT('',(-1.650022910374,-0.315371071282,
    0.688366504188));
#7433 = CARTESIAN_POINT('',(-1.6,-0.281490038729,0.670125848277));
#7434 = ADVANCED_FACE('',(#7435),#7453,.F.);
#7435 = FACE_BOUND('',#7436,.T.);
#7436 = EDGE_LOOP('',(#7437,#7438,#7445,#7446));
#7437 = ORIENTED_EDGE('',*,*,#7411,.F.);
#7438 = ORIENTED_EDGE('',*,*,#7439,.T.);
#7439 = EDGE_CURVE('',#7412,#7175,#7440,.T.);
#7440 = CIRCLE('',#7441,0.4);
#7441 = AXIS2_PLACEMENT_3D('',#7442,#7443,#7444);
#7442 = CARTESIAN_POINT('',(-1.6,-0.4,0.45));
#7443 = DIRECTION('',(-1.,0.,0.));
#7444 = DIRECTION('',(0.,0.,1.));
#7445 = ORIENTED_EDGE('',*,*,#7212,.F.);
#7446 = ORIENTED_EDGE('',*,*,#7447,.F.);
#7447 = EDGE_CURVE('',#7403,#7205,#7448,.T.);
#7448 = CIRCLE('',#7449,0.25);
#7449 = AXIS2_PLACEMENT_3D('',#7450,#7451,#7452);
#7450 = CARTESIAN_POINT('',(-1.6,-0.4,0.45));
#7451 = DIRECTION('',(-1.,0.,-0.));
#7452 = DIRECTION('',(0.,0.,-1.));
#7453 = PLANE('',#7454);
#7454 = AXIS2_PLACEMENT_3D('',#7455,#7456,#7457);
#7455 = CARTESIAN_POINT('',(-1.6,-0.4,0.45));
#7456 = DIRECTION('',(1.,-0.,0.));
#7457 = DIRECTION('',(0.,0.,-1.));
#7458 = ADVANCED_FACE('',(#7459),#7486,.F.);
#7459 = FACE_BOUND('',#7460,.T.);
#7460 = EDGE_LOOP('',(#7461,#7462,#7471,#7479));
#7461 = ORIENTED_EDGE('',*,*,#7236,.F.);
#7462 = ORIENTED_EDGE('',*,*,#7463,.T.);
#7463 = EDGE_CURVE('',#7157,#7464,#7466,.T.);
#7464 = VERTEX_POINT('',#7465);
#7465 = CARTESIAN_POINT('',(0.3,-4.72439843256E-03,0.511295993389));
#7466 = CIRCLE('',#7467,0.4);
#7467 = AXIS2_PLACEMENT_3D('',#7468,#7469,#7470);
#7468 = CARTESIAN_POINT('',(0.3,-0.4,0.45));
#7469 = DIRECTION('',(1.,0.,-0.));
#7470 = DIRECTION('',(0.,1.328147661295E-14,1.));
#7471 = ORIENTED_EDGE('',*,*,#7472,.T.);
#7472 = EDGE_CURVE('',#7464,#7473,#7475,.T.);
#7473 = VERTEX_POINT('',#7474);
#7474 = CARTESIAN_POINT('',(0.3,-0.15295274902,0.488309995868));
#7475 = LINE('',#7476,#7477);
#7476 = CARTESIAN_POINT('',(0.3,-0.15295274902,0.488309995868));
#7477 = VECTOR('',#7478,1.);
#7478 = DIRECTION('',(-0.,-0.988189003919,-0.153239983472));
#7479 = ORIENTED_EDGE('',*,*,#7480,.F.);
#7480 = EDGE_CURVE('',#7237,#7473,#7481,.T.);
#7481 = CIRCLE('',#7482,0.25);
#7482 = AXIS2_PLACEMENT_3D('',#7483,#7484,#7485);
#7483 = CARTESIAN_POINT('',(0.3,-0.4,0.45));
#7484 = DIRECTION('',(1.,0.,-0.));
#7485 = DIRECTION('',(0.,0.,1.));
#7486 = PLANE('',#7487);
#7487 = AXIS2_PLACEMENT_3D('',#7488,#7489,#7490);
#7488 = CARTESIAN_POINT('',(0.3,-0.4,0.45));
#7489 = DIRECTION('',(-1.,0.,0.));
#7490 = DIRECTION('',(0.,0.,1.));
#7491 = ADVANCED_FACE('',(#7492),#7518,.F.);
#7492 = FACE_BOUND('',#7493,.T.);
#7493 = EDGE_LOOP('',(#7494,#7495,#7503,#7512));
#7494 = ORIENTED_EDGE('',*,*,#7472,.F.);
#7495 = ORIENTED_EDGE('',*,*,#7496,.T.);
#7496 = EDGE_CURVE('',#7464,#7497,#7499,.T.);
#7497 = VERTEX_POINT('',#7498);
#7498 = CARTESIAN_POINT('',(0.1,-4.72439843256E-03,0.511295993389));
#7499 = LINE('',#7500,#7501);
#7500 = CARTESIAN_POINT('',(3.739670450694,-4.72439843256E-03,
    0.511295993389));
#7501 = VECTOR('',#7502,1.);
#7502 = DIRECTION('',(-1.,0.,0.));
#7503 = ORIENTED_EDGE('',*,*,#7504,.T.);
#7504 = EDGE_CURVE('',#7497,#7505,#7507,.T.);
#7505 = VERTEX_POINT('',#7506);
#7506 = CARTESIAN_POINT('',(0.1,-0.15295274902,0.488309995868));
#7507 = B_SPLINE_CURVE_WITH_KNOTS('',3,(#7508,#7509,#7510,#7511),
  .UNSPECIFIED.,.F.,.F.,(4,4),(0.,1.),.PIECEWISE_BEZIER_KNOTS.);
#7508 = CARTESIAN_POINT('',(0.1,-4.72439843256E-03,0.511295993389));
#7509 = CARTESIAN_POINT('',(0.1,-5.413384862849E-02,0.503633994215));
#7510 = CARTESIAN_POINT('',(0.1,-0.103543298824,0.495971995041));
#7511 = CARTESIAN_POINT('',(0.1,-0.15295274902,0.488309995868));
#7512 = ORIENTED_EDGE('',*,*,#7513,.F.);
#7513 = EDGE_CURVE('',#7473,#7505,#7514,.T.);
#7514 = LINE('',#7515,#7516);
#7515 = CARTESIAN_POINT('',(0.1,-0.15295274902,0.488309995868));
#7516 = VECTOR('',#7517,1.);
#7517 = DIRECTION('',(-1.,-2.710505431214E-16,1.084202172486E-15));
#7518 = PLANE('',#7519);
#7519 = AXIS2_PLACEMENT_3D('',#7520,#7521,#7522);
#7520 = CARTESIAN_POINT('',(0.2,-0.15295274902,0.488309995868));
#7521 = DIRECTION('',(-1.112932445622E-15,0.153239983472,-0.988189003919
    ));
#7522 = DIRECTION('',(-1.,-2.710505431213E-16,1.084202172485E-15));
#7523 = ADVANCED_FACE('',(#7524),#7550,.F.);
#7524 = FACE_BOUND('',#7525,.F.);
#7525 = EDGE_LOOP('',(#7526,#7535,#7542,#7549));
#7526 = ORIENTED_EDGE('',*,*,#7527,.T.);
#7527 = EDGE_CURVE('',#7505,#7528,#7530,.T.);
#7528 = VERTEX_POINT('',#7529);
#7529 = CARTESIAN_POINT('',(-1.7763568394E-15,-0.176157889927,
    0.561331530836));
#7530 = B_SPLINE_CURVE_WITH_KNOTS('',3,(#7531,#7532,#7533,#7534),
  .UNSPECIFIED.,.F.,.F.,(4,4),(0.,1.),.PIECEWISE_BEZIER_KNOTS.);
#7531 = CARTESIAN_POINT('',(0.1,-0.15295274902,0.488309995868));
#7532 = CARTESIAN_POINT('',(6.666666666667E-02,-0.156881979366,
    0.513648175456));
#7533 = CARTESIAN_POINT('',(3.333333333333E-02,-0.16473927138,
    0.5383733657));
#7534 = CARTESIAN_POINT('',(0.,-0.176157889927,0.561331530836));
#7535 = ORIENTED_EDGE('',*,*,#7536,.F.);
#7536 = EDGE_CURVE('',#7537,#7528,#7539,.T.);
#7537 = VERTEX_POINT('',#7538);
#7538 = CARTESIAN_POINT('',(0.,-4.185262388385E-02,0.628130449337));
#7539 = B_SPLINE_CURVE_WITH_KNOTS('',1,(#7540,#7541),.UNSPECIFIED.,.F.,
  .F.,(2,2),(0.,1.),.PIECEWISE_BEZIER_KNOTS.);
#7540 = CARTESIAN_POINT('',(0.,-4.185262388385E-02,0.628130449337));
#7541 = CARTESIAN_POINT('',(0.,-0.176157889927,0.561331530836));
#7542 = ORIENTED_EDGE('',*,*,#7543,.F.);
#7543 = EDGE_CURVE('',#7497,#7537,#7544,.T.);
#7544 = B_SPLINE_CURVE_WITH_KNOTS('',3,(#7545,#7546,#7547,#7548),
  .UNSPECIFIED.,.F.,.F.,(4,4),(0.,1.),.PIECEWISE_BEZIER_KNOTS.);
#7545 = CARTESIAN_POINT('',(0.1,-4.72439843256E-03,0.511295993389));
#7546 = CARTESIAN_POINT('',(6.666159959391E-02,-1.101212265065E-02,
    0.551843243468));
#7547 = CARTESIAN_POINT('',(3.333840040609E-02,-2.358005697762E-02,
    0.591391801247));
#7548 = CARTESIAN_POINT('',(0.,-4.185262388385E-02,0.628130449337));
#7549 = ORIENTED_EDGE('',*,*,#7504,.T.);
#7550 = B_SPLINE_SURFACE_WITH_KNOTS('',1,3,(
    (#7551,#7552,#7553,#7554)
    ,(#7555,#7556,#7557,#7558
    )),.UNSPECIFIED.,.F.,.F.,.F.,(2,2),(4,4),(0.,1.),(0.,1.),
  .PIECEWISE_BEZIER_KNOTS.);
#7551 = CARTESIAN_POINT('',(0.1,-4.72439843256E-03,0.511295993389));
#7552 = CARTESIAN_POINT('',(6.666159959391E-02,-1.101212265065E-02,
    0.551843243468));
#7553 = CARTESIAN_POINT('',(3.333840040609E-02,-2.358005697762E-02,
    0.591391801247));
#7554 = CARTESIAN_POINT('',(0.,-4.185262388385E-02,0.628130449337));
#7555 = CARTESIAN_POINT('',(0.1,-0.15295274902,0.488309995868));
#7556 = CARTESIAN_POINT('',(6.666344241391E-02,-0.156882359431,
    0.513650626356));
#7557 = CARTESIAN_POINT('',(3.333655758609E-02,-0.164738166885,
    0.538371145012));
#7558 = CARTESIAN_POINT('',(0.,-0.176157889927,0.561331530836));
#7559 = ADVANCED_FACE('',(#7560),#7588,.F.);
#7560 = FACE_BOUND('',#7561,.T.);
#7561 = EDGE_LOOP('',(#7562,#7563,#7572,#7581));
#7562 = ORIENTED_EDGE('',*,*,#7536,.F.);
#7563 = ORIENTED_EDGE('',*,*,#7564,.T.);
#7564 = EDGE_CURVE('',#7537,#7565,#7567,.T.);
#7565 = VERTEX_POINT('',#7566);
#7566 = CARTESIAN_POINT('',(0.,-0.210384061967,0.802201357243));
#7567 = CIRCLE('',#7568,0.4);
#7568 = AXIS2_PLACEMENT_3D('',#7569,#7570,#7571);
#7569 = CARTESIAN_POINT('',(0.,-0.4,0.45));
#7570 = DIRECTION('',(1.,0.,0.));
#7571 = DIRECTION('',(0.,-5.285485590867E-15,1.));
#7572 = ORIENTED_EDGE('',*,*,#7573,.T.);
#7573 = EDGE_CURVE('',#7565,#7574,#7576,.T.);
#7574 = VERTEX_POINT('',#7575);
#7575 = CARTESIAN_POINT('',(0.,-0.281490038729,0.670125848277));
#7576 = B_SPLINE_CURVE_WITH_KNOTS('',3,(#7577,#7578,#7579,#7580),
  .UNSPECIFIED.,.F.,.F.,(4,4),(0.,1.),.PIECEWISE_BEZIER_KNOTS.);
#7577 = CARTESIAN_POINT('',(0.,-0.210384061967,0.802201357243));
#7578 = CARTESIAN_POINT('',(0.,-0.234086054221,0.758176187588));
#7579 = CARTESIAN_POINT('',(0.,-0.257788046475,0.714151017932));
#7580 = CARTESIAN_POINT('',(0.,-0.281490038729,0.670125848277));
#7581 = ORIENTED_EDGE('',*,*,#7582,.F.);
#7582 = EDGE_CURVE('',#7528,#7574,#7583,.T.);
#7583 = CIRCLE('',#7584,0.25);
#7584 = AXIS2_PLACEMENT_3D('',#7585,#7586,#7587);
#7585 = CARTESIAN_POINT('',(0.,-0.4,0.45));
#7586 = DIRECTION('',(1.,0.,-0.));
#7587 = DIRECTION('',(0.,0.,1.));
#7588 = PLANE('',#7589);
#7589 = AXIS2_PLACEMENT_3D('',#7590,#7591,#7592);
#7590 = CARTESIAN_POINT('',(0.,-0.4,0.45));
#7591 = DIRECTION('',(-1.,0.,0.));
#7592 = DIRECTION('',(0.,0.,1.));
#7593 = ADVANCED_FACE('',(#7594),#7620,.F.);
#7594 = FACE_BOUND('',#7595,.F.);
#7595 = EDGE_LOOP('',(#7596,#7605,#7612,#7619));
#7596 = ORIENTED_EDGE('',*,*,#7597,.T.);
#7597 = EDGE_CURVE('',#7574,#7598,#7600,.T.);
#7598 = VERTEX_POINT('',#7599);
#7599 = CARTESIAN_POINT('',(0.1,-0.353723201033,0.695679583762));
#7600 = B_SPLINE_CURVE_WITH_KNOTS('',3,(#7601,#7602,#7603,#7604),
  .UNSPECIFIED.,.F.,.F.,(4,4),(0.,1.),.PIECEWISE_BEZIER_KNOTS.);
#7601 = CARTESIAN_POINT('',(0.,-0.281490038729,0.670125848277));
#7602 = CARTESIAN_POINT('',(3.333333333333E-02,-0.304067048809,
    0.6822807161));
#7603 = CARTESIAN_POINT('',(6.666666666667E-02,-0.328525295006,
    0.690933245406));
#7604 = CARTESIAN_POINT('',(0.1,-0.353723201033,0.695679583762));
#7605 = ORIENTED_EDGE('',*,*,#7606,.F.);
#7606 = EDGE_CURVE('',#7607,#7598,#7609,.T.);
#7607 = VERTEX_POINT('',#7608);
#7608 = CARTESIAN_POINT('',(0.1,-0.325957121653,0.843087334019));
#7609 = B_SPLINE_CURVE_WITH_KNOTS('',1,(#7610,#7611),.UNSPECIFIED.,.F.,
  .F.,(2,2),(0.,1.),.PIECEWISE_BEZIER_KNOTS.);
#7610 = CARTESIAN_POINT('',(0.1,-0.325957121653,0.843087334019));
#7611 = CARTESIAN_POINT('',(0.1,-0.353723201033,0.695679583762));
#7612 = ORIENTED_EDGE('',*,*,#7613,.F.);
#7613 = EDGE_CURVE('',#7565,#7607,#7614,.T.);
#7614 = B_SPLINE_CURVE_WITH_KNOTS('',3,(#7615,#7616,#7617,#7618),
  .UNSPECIFIED.,.F.,.F.,(4,4),(0.,1.),.PIECEWISE_BEZIER_KNOTS.);
#7615 = CARTESIAN_POINT('',(0.,-0.210384061967,0.802201357243));
#7616 = CARTESIAN_POINT('',(3.333840040609E-02,-0.246512769264,
    0.82165210206));
#7617 = CARTESIAN_POINT('',(6.666159959391E-02,-0.285634343388,
    0.835492038248));
#7618 = CARTESIAN_POINT('',(0.1,-0.325957121653,0.843087334019));
#7619 = ORIENTED_EDGE('',*,*,#7573,.T.);
#7620 = B_SPLINE_SURFACE_WITH_KNOTS('',1,3,(
    (#7621,#7622,#7623,#7624)
    ,(#7625,#7626,#7627,#7628
    )),.UNSPECIFIED.,.F.,.F.,.F.,(2,2),(4,4),(0.,1.),(0.,1.),
  .PIECEWISE_BEZIER_KNOTS.);
#7621 = CARTESIAN_POINT('',(0.,-0.210384061967,0.802201357243));
#7622 = CARTESIAN_POINT('',(3.333840040609E-02,-0.246512769264,
    0.82165210206));
#7623 = CARTESIAN_POINT('',(6.666159959391E-02,-0.285634343388,
    0.835492038248));
#7624 = CARTESIAN_POINT('',(0.1,-0.325957121653,0.843087334019));
#7625 = CARTESIAN_POINT('',(0.,-0.281490038729,0.670125848277));
#7626 = CARTESIAN_POINT('',(3.333655758609E-02,-0.304069232629,
    0.682281891811));
#7627 = CARTESIAN_POINT('',(6.666344241391E-02,-0.328522857674,
    0.690932786304));
#7628 = CARTESIAN_POINT('',(0.1,-0.353723201033,0.695679583762));
#7629 = ADVANCED_FACE('',(#7630),#7646,.F.);
#7630 = FACE_BOUND('',#7631,.T.);
#7631 = EDGE_LOOP('',(#7632,#7638,#7639,#7645));
#7632 = ORIENTED_EDGE('',*,*,#7633,.T.);
#7633 = EDGE_CURVE('',#7607,#7299,#7634,.T.);
#7634 = LINE('',#7635,#7636);
#7635 = CARTESIAN_POINT('',(3.739670450694,-0.325957121653,
    0.843087334019));
#7636 = VECTOR('',#7637,1.);
#7637 = DIRECTION('',(1.,-0.,-0.));
#7638 = ORIENTED_EDGE('',*,*,#7307,.T.);
#7639 = ORIENTED_EDGE('',*,*,#7640,.F.);
#7640 = EDGE_CURVE('',#7598,#7281,#7641,.T.);
#7641 = LINE('',#7642,#7643);
#7642 = CARTESIAN_POINT('',(1.55,-0.353723201033,0.695679583762));
#7643 = VECTOR('',#7644,1.);
#7644 = DIRECTION('',(1.,-3.738628180984E-17,-0.));
#7645 = ORIENTED_EDGE('',*,*,#7606,.F.);
#7646 = PLANE('',#7647);
#7647 = AXIS2_PLACEMENT_3D('',#7648,#7649,#7650);
#7648 = CARTESIAN_POINT('',(0.825,-0.353723201033,0.695679583762));
#7649 = DIRECTION('',(-3.674018461378E-17,-0.982718335047,0.185107195868
    ));
#7650 = DIRECTION('',(1.,-3.738628180985E-17,1.127072084026E-30));
#7651 = ADVANCED_FACE('',(#7652),#7672,.F.);
#7652 = FACE_BOUND('',#7653,.F.);
#7653 = EDGE_LOOP('',(#7654,#7655,#7656,#7657,#7658,#7659,#7660,#7661,
    #7662,#7663,#7669,#7670,#7671));
#7654 = ORIENTED_EDGE('',*,*,#7582,.F.);
#7655 = ORIENTED_EDGE('',*,*,#7527,.F.);
#7656 = ORIENTED_EDGE('',*,*,#7513,.F.);
#7657 = ORIENTED_EDGE('',*,*,#7480,.F.);
#7658 = ORIENTED_EDGE('',*,*,#7265,.T.);
#7659 = ORIENTED_EDGE('',*,*,#7447,.F.);
#7660 = ORIENTED_EDGE('',*,*,#7402,.F.);
#7661 = ORIENTED_EDGE('',*,*,#7388,.F.);
#7662 = ORIENTED_EDGE('',*,*,#7326,.F.);
#7663 = ORIENTED_EDGE('',*,*,#7664,.F.);
#7664 = EDGE_CURVE('',#7283,#7327,#7665,.T.);
#7665 = LINE('',#7666,#7667);
#7666 = CARTESIAN_POINT('',(0.1,-0.4,0.7));
#7667 = VECTOR('',#7668,1.);
#7668 = DIRECTION('',(-1.,-0.,0.));
#7669 = ORIENTED_EDGE('',*,*,#7280,.F.);
#7670 = ORIENTED_EDGE('',*,*,#7640,.F.);
#7671 = ORIENTED_EDGE('',*,*,#7597,.F.);
#7672 = CYLINDRICAL_SURFACE('',#7673,0.25);
#7673 = AXIS2_PLACEMENT_3D('',#7674,#7675,#7676);
#7674 = CARTESIAN_POINT('',(3.739670450694,-0.4,0.45));
#7675 = DIRECTION('',(-1.,0.,0.));
#7676 = DIRECTION('',(0.,0.,1.));
#7677 = ADVANCED_FACE('',(#7678),#7698,.T.);
#7678 = FACE_BOUND('',#7679,.T.);
#7679 = EDGE_LOOP('',(#7680,#7681,#7682,#7683,#7684,#7685,#7686,#7687,
    #7688,#7689,#7690,#7696,#7697));
#7680 = ORIENTED_EDGE('',*,*,#7613,.F.);
#7681 = ORIENTED_EDGE('',*,*,#7564,.F.);
#7682 = ORIENTED_EDGE('',*,*,#7543,.F.);
#7683 = ORIENTED_EDGE('',*,*,#7496,.F.);
#7684 = ORIENTED_EDGE('',*,*,#7463,.F.);
#7685 = ORIENTED_EDGE('',*,*,#7182,.T.);
#7686 = ORIENTED_EDGE('',*,*,#7439,.F.);
#7687 = ORIENTED_EDGE('',*,*,#7418,.F.);
#7688 = ORIENTED_EDGE('',*,*,#7371,.F.);
#7689 = ORIENTED_EDGE('',*,*,#7344,.F.);
#7690 = ORIENTED_EDGE('',*,*,#7691,.F.);
#7691 = EDGE_CURVE('',#7292,#7345,#7692,.T.);
#7692 = LINE('',#7693,#7694);
#7693 = CARTESIAN_POINT('',(0.1,-0.4,0.85));
#7694 = VECTOR('',#7695,1.);
#7695 = DIRECTION('',(-1.,-0.,0.));
#7696 = ORIENTED_EDGE('',*,*,#7298,.F.);
#7697 = ORIENTED_EDGE('',*,*,#7633,.F.);
#7698 = CYLINDRICAL_SURFACE('',#7699,0.4);
#7699 = AXIS2_PLACEMENT_3D('',#7700,#7701,#7702);
#7700 = CARTESIAN_POINT('',(3.739670450694,-0.4,0.45));
#7701 = DIRECTION('',(-1.,0.,0.));
#7702 = DIRECTION('',(0.,0.,1.));
#7703 = ADVANCED_FACE('',(#7704),#7738,.T.);
#7704 = FACE_BOUND('',#7705,.T.);
#7705 = EDGE_LOOP('',(#7706,#7716,#7724,#7732));
#7706 = ORIENTED_EDGE('',*,*,#7707,.F.);
#7707 = EDGE_CURVE('',#7708,#7710,#7712,.T.);
#7708 = VERTEX_POINT('',#7709);
#7709 = CARTESIAN_POINT('',(-2.675,-2.024672635684,0.15));
#7710 = VERTEX_POINT('',#7711);
#7711 = CARTESIAN_POINT('',(-1.875,-2.024672635684,0.15));
#7712 = LINE('',#7713,#7714);
#7713 = CARTESIAN_POINT('',(-2.675,-2.024672635684,0.15));
#7714 = VECTOR('',#7715,1.);
#7715 = DIRECTION('',(1.,0.,0.));
#7716 = ORIENTED_EDGE('',*,*,#7717,.F.);
#7717 = EDGE_CURVE('',#7718,#7708,#7720,.T.);
#7718 = VERTEX_POINT('',#7719);
#7719 = CARTESIAN_POINT('',(-2.675,-2.024672635684,0.3));
#7720 = LINE('',#7721,#7722);
#7721 = CARTESIAN_POINT('',(-2.675,-2.024672635684,0.3));
#7722 = VECTOR('',#7723,1.);
#7723 = DIRECTION('',(0.,1.047444401653E-14,-1.));
#7724 = ORIENTED_EDGE('',*,*,#7725,.T.);
#7725 = EDGE_CURVE('',#7718,#7726,#7728,.T.);
#7726 = VERTEX_POINT('',#7727);
#7727 = CARTESIAN_POINT('',(-1.875,-2.024672635684,0.3));
#7728 = LINE('',#7729,#7730);
#7729 = CARTESIAN_POINT('',(-2.675,-2.024672635684,0.3));
#7730 = VECTOR('',#7731,1.);
#7731 = DIRECTION('',(1.,0.,0.));
#7732 = ORIENTED_EDGE('',*,*,#7733,.T.);
#7733 = EDGE_CURVE('',#7726,#7710,#7734,.T.);
#7734 = LINE('',#7735,#7736);
#7735 = CARTESIAN_POINT('',(-1.875,-2.024672635684,0.3));
#7736 = VECTOR('',#7737,1.);
#7737 = DIRECTION('',(0.,1.047444401653E-14,-1.));
#7738 = PLANE('',#7739);
#7739 = AXIS2_PLACEMENT_3D('',#7740,#7741,#7742);
#7740 = CARTESIAN_POINT('',(-2.675,-2.024672635684,0.3));
#7741 = DIRECTION('',(-0.,1.,1.047444401653E-14));
#7742 = DIRECTION('',(1.,0.,0.));
#7743 = ADVANCED_FACE('',(#7744),#7768,.T.);
#7744 = FACE_BOUND('',#7745,.T.);
#7745 = EDGE_LOOP('',(#7746,#7752,#7761,#7767));
#7746 = ORIENTED_EDGE('',*,*,#7747,.F.);
#7747 = EDGE_CURVE('',#7132,#7708,#7748,.T.);
#7748 = LINE('',#7749,#7750);
#7749 = CARTESIAN_POINT('',(-2.8,-3.453429173529,0.15));
#7750 = VECTOR('',#7751,1.);
#7751 = DIRECTION('',(8.715574274764E-02,0.996194698092,
    1.043458559473E-14));
#7752 = ORIENTED_EDGE('',*,*,#7753,.T.);
#7753 = EDGE_CURVE('',#7132,#7754,#7756,.T.);
#7754 = VERTEX_POINT('',#7755);
#7755 = CARTESIAN_POINT('',(-2.680670889021,-2.089491193792,0.3));
#7756 = B_SPLINE_CURVE_WITH_KNOTS('',3,(#7757,#7758,#7759,#7760),
  .UNSPECIFIED.,.F.,.F.,(4,4),(0.,1.),.PIECEWISE_BEZIER_KNOTS.);
#7757 = CARTESIAN_POINT('',(-2.680670889021,-2.089491193792,0.15));
#7758 = CARTESIAN_POINT('',(-2.680670889021,-2.089491193792,0.2));
#7759 = CARTESIAN_POINT('',(-2.680670889021,-2.089491193792,0.25));
#7760 = CARTESIAN_POINT('',(-2.680670889021,-2.089491193792,0.3));
#7761 = ORIENTED_EDGE('',*,*,#7762,.T.);
#7762 = EDGE_CURVE('',#7754,#7718,#7763,.T.);
#7763 = LINE('',#7764,#7765);
#7764 = CARTESIAN_POINT('',(-2.8,-3.453429173529,0.3));
#7765 = VECTOR('',#7766,1.);
#7766 = DIRECTION('',(8.715574274764E-02,0.996194698092,
    1.043458559473E-14));
#7767 = ORIENTED_EDGE('',*,*,#7717,.T.);
#7768 = PLANE('',#7769);
#7769 = AXIS2_PLACEMENT_3D('',#7770,#7771,#7772);
#7770 = CARTESIAN_POINT('',(-2.8,-3.453429173529,0.3));
#7771 = DIRECTION('',(-0.996194698092,8.715574274764E-02,
    9.129079481292E-16));
#7772 = DIRECTION('',(8.715574274764E-02,0.996194698092,
    1.043458559473E-14));
#7773 = ADVANCED_FACE('',(#7774),#7798,.T.);
#7774 = FACE_BOUND('',#7775,.T.);
#7775 = EDGE_LOOP('',(#7776,#7784,#7791,#7797));
#7776 = ORIENTED_EDGE('',*,*,#7777,.T.);
#7777 = EDGE_CURVE('',#7726,#7778,#7780,.T.);
#7778 = VERTEX_POINT('',#7779);
#7779 = CARTESIAN_POINT('',(-1.869329110979,-2.089491193792,0.3));
#7780 = LINE('',#7781,#7782);
#7781 = CARTESIAN_POINT('',(-1.75,-3.453429173529,0.3));
#7782 = VECTOR('',#7783,1.);
#7783 = DIRECTION('',(8.715574274764E-02,-0.996194698092,
    -1.043458559473E-14));
#7784 = ORIENTED_EDGE('',*,*,#7785,.T.);
#7785 = EDGE_CURVE('',#7778,#7113,#7786,.T.);
#7786 = B_SPLINE_CURVE_WITH_KNOTS('',3,(#7787,#7788,#7789,#7790),
  .UNSPECIFIED.,.F.,.F.,(4,4),(0.,1.),.PIECEWISE_BEZIER_KNOTS.);
#7787 = CARTESIAN_POINT('',(-1.869329110979,-2.089491193792,0.3));
#7788 = CARTESIAN_POINT('',(-1.869329110979,-2.089491193792,0.25));
#7789 = CARTESIAN_POINT('',(-1.869329110979,-2.089491193792,0.2));
#7790 = CARTESIAN_POINT('',(-1.869329110979,-2.089491193792,0.15));
#7791 = ORIENTED_EDGE('',*,*,#7792,.F.);
#7792 = EDGE_CURVE('',#7710,#7113,#7793,.T.);
#7793 = LINE('',#7794,#7795);
#7794 = CARTESIAN_POINT('',(-1.75,-3.453429173529,0.15));
#7795 = VECTOR('',#7796,1.);
#7796 = DIRECTION('',(8.715574274764E-02,-0.996194698092,
    -1.043458559473E-14));
#7797 = ORIENTED_EDGE('',*,*,#7733,.F.);
#7798 = PLANE('',#7799);
#7799 = AXIS2_PLACEMENT_3D('',#7800,#7801,#7802);
#7800 = CARTESIAN_POINT('',(-1.75,-3.453429173529,0.3));
#7801 = DIRECTION('',(0.996194698092,8.715574274764E-02,
    9.129079481292E-16));
#7802 = DIRECTION('',(8.715574274764E-02,-0.996194698092,
    -1.043458559473E-14));
#7803 = ADVANCED_FACE('',(#7804),#7838,.T.);
#7804 = FACE_BOUND('',#7805,.T.);
#7805 = EDGE_LOOP('',(#7806,#7816,#7824,#7832));
#7806 = ORIENTED_EDGE('',*,*,#7807,.F.);
#7807 = EDGE_CURVE('',#7808,#7810,#7812,.T.);
#7808 = VERTEX_POINT('',#7809);
#7809 = CARTESIAN_POINT('',(0.15,-1.989491193792,3.904862254808E-02));
#7810 = VERTEX_POINT('',#7811);
#7811 = CARTESIAN_POINT('',(1.75,-1.989491193792,3.904862254808E-02));
#7812 = LINE('',#7813,#7814);
#7813 = CARTESIAN_POINT('',(1.75,-1.989491193792,3.904862254808E-02));
#7814 = VECTOR('',#7815,1.);
#7815 = DIRECTION('',(1.,0.,0.));
#7816 = ORIENTED_EDGE('',*,*,#7817,.F.);
#7817 = EDGE_CURVE('',#7818,#7808,#7820,.T.);
#7818 = VERTEX_POINT('',#7819);
#7819 = CARTESIAN_POINT('',(0.15,-1.839491193792,3.904862254809E-02));
#7820 = LINE('',#7821,#7822);
#7821 = CARTESIAN_POINT('',(0.15,-1.839491193792,3.904862254809E-02));
#7822 = VECTOR('',#7823,1.);
#7823 = DIRECTION('',(0.,-1.,-6.982962677686E-15));
#7824 = ORIENTED_EDGE('',*,*,#7825,.T.);
#7825 = EDGE_CURVE('',#7818,#7826,#7828,.T.);
#7826 = VERTEX_POINT('',#7827);
#7827 = CARTESIAN_POINT('',(1.75,-1.839491193792,3.904862254809E-02));
#7828 = LINE('',#7829,#7830);
#7829 = CARTESIAN_POINT('',(1.75,-1.839491193792,3.904862254809E-02));
#7830 = VECTOR('',#7831,1.);
#7831 = DIRECTION('',(1.,0.,0.));
#7832 = ORIENTED_EDGE('',*,*,#7833,.T.);
#7833 = EDGE_CURVE('',#7826,#7810,#7834,.T.);
#7834 = LINE('',#7835,#7836);
#7835 = CARTESIAN_POINT('',(1.75,-1.839491193792,3.904862254809E-02));
#7836 = VECTOR('',#7837,1.);
#7837 = DIRECTION('',(0.,-1.,-6.982962677686E-15));
#7838 = PLANE('',#7839);
#7839 = AXIS2_PLACEMENT_3D('',#7840,#7841,#7842);
#7840 = CARTESIAN_POINT('',(1.75,-1.839491193792,3.904862254809E-02));
#7841 = DIRECTION('',(0.,6.982962677686E-15,-1.));
#7842 = DIRECTION('',(1.,0.,0.));
#7843 = ADVANCED_FACE('',(#7844),#7869,.T.);
#7844 = FACE_BOUND('',#7845,.T.);
#7845 = EDGE_LOOP('',(#7846,#7856,#7862,#7863));
#7846 = ORIENTED_EDGE('',*,*,#7847,.F.);
#7847 = EDGE_CURVE('',#7848,#7850,#7852,.T.);
#7848 = VERTEX_POINT('',#7849);
#7849 = CARTESIAN_POINT('',(0.15,-1.839491193792,0.4));
#7850 = VERTEX_POINT('',#7851);
#7851 = CARTESIAN_POINT('',(0.15,-1.989491193792,0.4));
#7852 = LINE('',#7853,#7854);
#7853 = CARTESIAN_POINT('',(0.15,-1.839491193792,0.4));
#7854 = VECTOR('',#7855,1.);
#7855 = DIRECTION('',(-4.717058874263E-32,-1.,-6.921730337729E-15));
#7856 = ORIENTED_EDGE('',*,*,#7857,.T.);
#7857 = EDGE_CURVE('',#7848,#7818,#7858,.T.);
#7858 = LINE('',#7859,#7860);
#7859 = CARTESIAN_POINT('',(0.15,-1.839491193792,0.989048622548));
#7860 = VECTOR('',#7861,1.);
#7861 = DIRECTION('',(0.,6.982962677686E-15,-1.));
#7862 = ORIENTED_EDGE('',*,*,#7817,.T.);
#7863 = ORIENTED_EDGE('',*,*,#7864,.F.);
#7864 = EDGE_CURVE('',#7850,#7808,#7865,.T.);
#7865 = LINE('',#7866,#7867);
#7866 = CARTESIAN_POINT('',(0.15,-1.989491193792,3.904862254808E-02));
#7867 = VECTOR('',#7868,1.);
#7868 = DIRECTION('',(7.703541751871E-16,6.982962677686E-15,-1.));
#7869 = PLANE('',#7870);
#7870 = AXIS2_PLACEMENT_3D('',#7871,#7872,#7873);
#7871 = CARTESIAN_POINT('',(0.15,-1.839491193792,3.904862254809E-02));
#7872 = DIRECTION('',(-1.,5.379354453931E-30,-7.703541751871E-16));
#7873 = DIRECTION('',(7.703541751871E-16,6.982962677686E-15,-1.));
#7874 = ADVANCED_FACE('',(#7875),#7900,.T.);
#7875 = FACE_BOUND('',#7876,.T.);
#7876 = EDGE_LOOP('',(#7877,#7887,#7893,#7894));
#7877 = ORIENTED_EDGE('',*,*,#7878,.F.);
#7878 = EDGE_CURVE('',#7879,#7881,#7883,.T.);
#7879 = VERTEX_POINT('',#7880);
#7880 = CARTESIAN_POINT('',(1.75,-1.989491193792,0.4));
#7881 = VERTEX_POINT('',#7882);
#7882 = CARTESIAN_POINT('',(1.75,-1.839491193792,0.4));
#7883 = LINE('',#7884,#7885);
#7884 = CARTESIAN_POINT('',(1.75,-1.839491193792,0.4));
#7885 = VECTOR('',#7886,1.);
#7886 = DIRECTION('',(0.,1.,6.921730337729E-15));
#7887 = ORIENTED_EDGE('',*,*,#7888,.F.);
#7888 = EDGE_CURVE('',#7810,#7879,#7889,.T.);
#7889 = LINE('',#7890,#7891);
#7890 = CARTESIAN_POINT('',(1.75,-1.989491193792,1.989048622548));
#7891 = VECTOR('',#7892,1.);
#7892 = DIRECTION('',(0.,-6.982962677686E-15,1.));
#7893 = ORIENTED_EDGE('',*,*,#7833,.F.);
#7894 = ORIENTED_EDGE('',*,*,#7895,.T.);
#7895 = EDGE_CURVE('',#7826,#7881,#7896,.T.);
#7896 = LINE('',#7897,#7898);
#7897 = CARTESIAN_POINT('',(1.75,-1.839491193792,0.989048622548));
#7898 = VECTOR('',#7899,1.);
#7899 = DIRECTION('',(2.282530889443E-16,-6.982962677686E-15,1.));
#7900 = PLANE('',#7901);
#7901 = AXIS2_PLACEMENT_3D('',#7902,#7903,#7904);
#7902 = CARTESIAN_POINT('',(1.75,-1.839491193792,1.989048622548));
#7903 = DIRECTION('',(1.,0.,0.));
#7904 = DIRECTION('',(0.,-6.982962677686E-15,1.));
#7905 = ADVANCED_FACE('',(#7906),#7917,.F.);
#7906 = FACE_BOUND('',#7907,.T.);
#7907 = EDGE_LOOP('',(#7908,#7909,#7915,#7916));
#7908 = ORIENTED_EDGE('',*,*,#7888,.T.);
#7909 = ORIENTED_EDGE('',*,*,#7910,.T.);
#7910 = EDGE_CURVE('',#7879,#7850,#7911,.T.);
#7911 = LINE('',#7912,#7913);
#7912 = CARTESIAN_POINT('',(0.1,-1.989491193792,0.4));
#7913 = VECTOR('',#7914,1.);
#7914 = DIRECTION('',(-1.,0.,-0.));
#7915 = ORIENTED_EDGE('',*,*,#7864,.T.);
#7916 = ORIENTED_EDGE('',*,*,#7807,.T.);
#7917 = PLANE('',#7918);
#7918 = AXIS2_PLACEMENT_3D('',#7919,#7920,#7921);
#7919 = CARTESIAN_POINT('',(0.1,-1.989491193792,3.689048622548));
#7920 = DIRECTION('',(0.,1.,6.982962677686E-15));
#7921 = DIRECTION('',(0.,-6.982962677686E-15,1.));
#7922 = ADVANCED_FACE('',(#7923),#7929,.F.);
#7923 = FACE_BOUND('',#7924,.T.);
#7924 = EDGE_LOOP('',(#7925,#7926,#7927,#7928));
#7925 = ORIENTED_EDGE('',*,*,#7142,.F.);
#7926 = ORIENTED_EDGE('',*,*,#7747,.T.);
#7927 = ORIENTED_EDGE('',*,*,#7707,.T.);
#7928 = ORIENTED_EDGE('',*,*,#7792,.T.);
#7929 = PLANE('',#7930);
#7930 = AXIS2_PLACEMENT_3D('',#7931,#7932,#7933);
#7931 = CARTESIAN_POINT('',(0.1,-6.203429173529,0.15));
#7932 = DIRECTION('',(0.,-1.047444401653E-14,1.));
#7933 = DIRECTION('',(0.,-1.,-1.047444401653E-14));
#7934 = ADVANCED_FACE('',(#7935),#7965,.F.);
#7935 = FACE_BOUND('',#7936,.F.);
#7936 = EDGE_LOOP('',(#7937,#7946,#7947,#7954,#7963,#7964));
#7937 = ORIENTED_EDGE('',*,*,#7938,.T.);
#7938 = EDGE_CURVE('',#7754,#7075,#7939,.T.);
#7939 = B_SPLINE_CURVE_WITH_KNOTS('',3,(#7940,#7941,#7942,#7943,#7944,
    #7945),.UNSPECIFIED.,.F.,.F.,(4,2,4),(0.,0.25,0.5),.UNSPECIFIED.);
#7940 = CARTESIAN_POINT('',(-2.680670889021,-2.089491193792,0.3));
#7941 = CARTESIAN_POINT('',(-2.686969620622,-2.141851071351,0.3));
#7942 = CARTESIAN_POINT('',(-2.693268352223,-2.193888525544,
    0.321554619278));
#7943 = CARTESIAN_POINT('',(-2.705865815426,-2.267936574514,
    0.395602668247));
#7944 = CARTESIAN_POINT('',(-2.712164547027,-2.289491193792,
    0.44764012244));
#7945 = CARTESIAN_POINT('',(-2.718463278629,-2.289491193792,0.5));
#7946 = ORIENTED_EDGE('',*,*,#7074,.T.);
#7947 = ORIENTED_EDGE('',*,*,#7948,.F.);
#7948 = EDGE_CURVE('',#7949,#7065,#7951,.T.);
#7949 = VERTEX_POINT('',#7950);
#7950 = CARTESIAN_POINT('',(-2.756255668237,-2.089491193792,0.85));
#7951 = B_SPLINE_CURVE_WITH_KNOTS('',1,(#7952,#7953),.UNSPECIFIED.,.F.,
  .F.,(2,2),(0.,1.),.PIECEWISE_BEZIER_KNOTS.);
#7952 = CARTESIAN_POINT('',(-2.756255668237,-2.089491193792,0.85));
#7953 = CARTESIAN_POINT('',(-2.756255668237,-2.089491193792,0.7));
#7954 = ORIENTED_EDGE('',*,*,#7955,.F.);
#7955 = EDGE_CURVE('',#7124,#7949,#7956,.T.);
#7956 = B_SPLINE_CURVE_WITH_KNOTS('',3,(#7957,#7958,#7959,#7960,#7961,
    #7962),.UNSPECIFIED.,.F.,.F.,(4,2,4),(0.5,0.75,1.),.UNSPECIFIED.);
#7957 = CARTESIAN_POINT('',(-2.718463278629,-2.439491193792,0.5));
#7958 = CARTESIAN_POINT('',(-2.72476201023,-2.439491193792,
    0.591629785729));
#7959 = CARTESIAN_POINT('',(-2.731060741832,-2.401770610055,
    0.682695330567));
#7960 = CARTESIAN_POINT('',(-2.743658205034,-2.272186524359,
    0.812279416263));
#7961 = CARTESIAN_POINT('',(-2.749939328335,-2.181377133443,0.85));
#7962 = CARTESIAN_POINT('',(-2.756255668237,-2.089491193792,0.85));
#7963 = ORIENTED_EDGE('',*,*,#7131,.F.);
#7964 = ORIENTED_EDGE('',*,*,#7753,.T.);
#7965 = B_SPLINE_SURFACE_WITH_KNOTS('',1,3,(
    (#7966,#7967,#7968,#7969,#7970,#7971,#7972,#7973,#7974,#7975)
    ,(#7976,#7977,#7978,#7979,#7980,#7981,#7982,#7983,#7984,#7985
  )),.UNSPECIFIED.,.F.,.F.,.F.,(2,2),(4,2,2,2,4),(0.,1.),(0.,0.25,0.5,
    0.75,1.),.UNSPECIFIED.);
#7966 = CARTESIAN_POINT('',(-2.680670889021,-2.089491193792,0.15));
#7967 = CARTESIAN_POINT('',(-2.686987228922,-2.181377133443,0.15));
#7968 = CARTESIAN_POINT('',(-2.693268352223,-2.272186524359,
    0.187720583737));
#7969 = CARTESIAN_POINT('',(-2.705865815426,-2.401770610055,
    0.317304669433));
#7970 = CARTESIAN_POINT('',(-2.712164547027,-2.439491193792,
    0.40837021427));
#7971 = CARTESIAN_POINT('',(-2.72476201023,-2.439491193792,0.59162978573
    ));
#7972 = CARTESIAN_POINT('',(-2.731060741832,-2.401770610055,
    0.682695330567));
#7973 = CARTESIAN_POINT('',(-2.743658205034,-2.272186524359,
    0.812279416263));
#7974 = CARTESIAN_POINT('',(-2.749939328335,-2.181377133443,0.85));
#7975 = CARTESIAN_POINT('',(-2.756255668237,-2.089491193792,0.85));
#7976 = CARTESIAN_POINT('',(-2.680670889021,-2.089491193792,0.3));
#7977 = CARTESIAN_POINT('',(-2.68698705976,-2.141996038811,0.3));
#7978 = CARTESIAN_POINT('',(-2.693268352223,-2.193888525544,
    0.321554619278));
#7979 = CARTESIAN_POINT('',(-2.705865815426,-2.267936574514,
    0.395602668247));
#7980 = CARTESIAN_POINT('',(-2.712164547027,-2.289491193792,
    0.44764012244));
#7981 = CARTESIAN_POINT('',(-2.72476201023,-2.289491193792,0.55235987756
    ));
#7982 = CARTESIAN_POINT('',(-2.731060741832,-2.267936574514,
    0.604397331753));
#7983 = CARTESIAN_POINT('',(-2.743658205034,-2.193888525544,
    0.678445380722));
#7984 = CARTESIAN_POINT('',(-2.749939497498,-2.141996038811,0.7));
#7985 = CARTESIAN_POINT('',(-2.756255668237,-2.089491193792,0.7));
#7986 = ADVANCED_FACE('',(#7987),#7998,.T.);
#7987 = FACE_BOUND('',#7988,.T.);
#7988 = EDGE_LOOP('',(#7989,#7990,#7996,#7997));
#7989 = ORIENTED_EDGE('',*,*,#7762,.F.);
#7990 = ORIENTED_EDGE('',*,*,#7991,.T.);
#7991 = EDGE_CURVE('',#7754,#7778,#7992,.T.);
#7992 = LINE('',#7993,#7994);
#7993 = CARTESIAN_POINT('',(0.1,-2.089491193792,0.3));
#7994 = VECTOR('',#7995,1.);
#7995 = DIRECTION('',(1.,0.,0.));
#7996 = ORIENTED_EDGE('',*,*,#7777,.F.);
#7997 = ORIENTED_EDGE('',*,*,#7725,.F.);
#7998 = PLANE('',#7999);
#7999 = AXIS2_PLACEMENT_3D('',#8000,#8001,#8002);
#8000 = CARTESIAN_POINT('',(0.1,-6.203429173529,0.3));
#8001 = DIRECTION('',(0.,-1.047444401653E-14,1.));
#8002 = DIRECTION('',(0.,-1.,-1.047444401653E-14));
#8003 = ADVANCED_FACE('',(#8004),#8034,.F.);
#8004 = FACE_BOUND('',#8005,.F.);
#8005 = EDGE_LOOP('',(#8006,#8013,#8014,#8023,#8024,#8025));
#8006 = ORIENTED_EDGE('',*,*,#8007,.F.);
#8007 = EDGE_CURVE('',#7067,#8008,#8010,.T.);
#8008 = VERTEX_POINT('',#8009);
#8009 = CARTESIAN_POINT('',(-1.793744331763,-2.089491193792,0.85));
#8010 = B_SPLINE_CURVE_WITH_KNOTS('',1,(#8011,#8012),.UNSPECIFIED.,.F.,
  .F.,(2,2),(0.,1.),.PIECEWISE_BEZIER_KNOTS.);
#8011 = CARTESIAN_POINT('',(-1.793744331763,-2.089491193792,0.7));
#8012 = CARTESIAN_POINT('',(-1.793744331763,-2.089491193792,0.85));
#8013 = ORIENTED_EDGE('',*,*,#7093,.T.);
#8014 = ORIENTED_EDGE('',*,*,#8015,.T.);
#8015 = EDGE_CURVE('',#7086,#7778,#8016,.T.);
#8016 = B_SPLINE_CURVE_WITH_KNOTS('',3,(#8017,#8018,#8019,#8020,#8021,
    #8022),.UNSPECIFIED.,.F.,.F.,(4,2,4),(0.5,0.75,1.),.UNSPECIFIED.);
#8017 = CARTESIAN_POINT('',(-1.831536721371,-2.289491193792,0.5));
#8018 = CARTESIAN_POINT('',(-1.837835452973,-2.289491193792,
    0.44764012244));
#8019 = CARTESIAN_POINT('',(-1.844134184574,-2.267936574514,
    0.395602668247));
#8020 = CARTESIAN_POINT('',(-1.856731647777,-2.193888525544,
    0.321554619278));
#8021 = CARTESIAN_POINT('',(-1.863030379378,-2.141851071351,0.3));
#8022 = CARTESIAN_POINT('',(-1.869329110979,-2.089491193792,0.3));
#8023 = ORIENTED_EDGE('',*,*,#7785,.T.);
#8024 = ORIENTED_EDGE('',*,*,#7110,.F.);
#8025 = ORIENTED_EDGE('',*,*,#8026,.F.);
#8026 = EDGE_CURVE('',#8008,#7111,#8027,.T.);
#8027 = B_SPLINE_CURVE_WITH_KNOTS('',3,(#8028,#8029,#8030,#8031,#8032,
    #8033),.UNSPECIFIED.,.F.,.F.,(4,2,4),(0.,0.25,0.5),.UNSPECIFIED.);
#8028 = CARTESIAN_POINT('',(-1.793744331763,-2.089491193792,0.85));
#8029 = CARTESIAN_POINT('',(-1.800060671665,-2.181377133443,0.85));
#8030 = CARTESIAN_POINT('',(-1.806341794966,-2.272186524359,
    0.812279416263));
#8031 = CARTESIAN_POINT('',(-1.818939258168,-2.401770610055,
    0.682695330567));
#8032 = CARTESIAN_POINT('',(-1.82523798977,-2.439491193792,
    0.591629785729));
#8033 = CARTESIAN_POINT('',(-1.831536721371,-2.439491193792,0.5));
#8034 = B_SPLINE_SURFACE_WITH_KNOTS('',1,3,(
    (#8035,#8036,#8037,#8038,#8039,#8040,#8041,#8042,#8043,#8044)
    ,(#8045,#8046,#8047,#8048,#8049,#8050,#8051,#8052,#8053,#8054
  )),.UNSPECIFIED.,.F.,.F.,.F.,(2,2),(4,2,2,2,4),(0.,1.),(0.,0.25,0.5,
    0.75,1.),.UNSPECIFIED.);
#8035 = CARTESIAN_POINT('',(-1.793744331763,-2.089491193792,0.85));
#8036 = CARTESIAN_POINT('',(-1.800060671665,-2.181377133443,0.85));
#8037 = CARTESIAN_POINT('',(-1.806341794966,-2.272186524359,
    0.812279416263));
#8038 = CARTESIAN_POINT('',(-1.818939258168,-2.401770610055,
    0.682695330567));
#8039 = CARTESIAN_POINT('',(-1.82523798977,-2.439491193792,0.59162978573
    ));
#8040 = CARTESIAN_POINT('',(-1.837835452973,-2.439491193792,
    0.40837021427));
#8041 = CARTESIAN_POINT('',(-1.844134184574,-2.401770610055,
    0.317304669433));
#8042 = CARTESIAN_POINT('',(-1.856731647777,-2.272186524359,
    0.187720583737));
#8043 = CARTESIAN_POINT('',(-1.863012771078,-2.181377133443,0.15));
#8044 = CARTESIAN_POINT('',(-1.869329110979,-2.089491193792,0.15));
#8045 = CARTESIAN_POINT('',(-1.793744331763,-2.089491193792,0.7));
#8046 = CARTESIAN_POINT('',(-1.800060502502,-2.141996038811,0.7));
#8047 = CARTESIAN_POINT('',(-1.806341794966,-2.193888525544,
    0.678445380722));
#8048 = CARTESIAN_POINT('',(-1.818939258168,-2.267936574514,
    0.604397331753));
#8049 = CARTESIAN_POINT('',(-1.82523798977,-2.289491193792,0.55235987756
    ));
#8050 = CARTESIAN_POINT('',(-1.837835452973,-2.289491193792,
    0.44764012244));
#8051 = CARTESIAN_POINT('',(-1.844134184574,-2.267936574514,
    0.395602668247));
#8052 = CARTESIAN_POINT('',(-1.856731647777,-2.193888525544,
    0.321554619278));
#8053 = CARTESIAN_POINT('',(-1.86301294024,-2.141996038811,0.3));
#8054 = CARTESIAN_POINT('',(-1.869329110979,-2.089491193792,0.3));
#8055 = ADVANCED_FACE('',(#8056),#8067,.T.);
#8056 = FACE_BOUND('',#8057,.T.);
#8057 = EDGE_LOOP('',(#8058,#8064,#8065,#8066));
#8058 = ORIENTED_EDGE('',*,*,#8059,.F.);
#8059 = EDGE_CURVE('',#7881,#7848,#8060,.T.);
#8060 = LINE('',#8061,#8062);
#8061 = CARTESIAN_POINT('',(0.1,-1.839491193792,0.4));
#8062 = VECTOR('',#8063,1.);
#8063 = DIRECTION('',(-1.,0.,-0.));
#8064 = ORIENTED_EDGE('',*,*,#7895,.F.);
#8065 = ORIENTED_EDGE('',*,*,#7825,.F.);
#8066 = ORIENTED_EDGE('',*,*,#7857,.F.);
#8067 = PLANE('',#8068);
#8068 = AXIS2_PLACEMENT_3D('',#8069,#8070,#8071);
#8069 = CARTESIAN_POINT('',(0.1,-1.839491193792,3.689048622548));
#8070 = DIRECTION('',(0.,1.,6.982962677686E-15));
#8071 = DIRECTION('',(0.,-6.982962677686E-15,1.));
#8072 = ADVANCED_FACE('',(#8073),#8100,.F.);
#8073 = FACE_BOUND('',#8074,.T.);
#8074 = EDGE_LOOP('',(#8075,#8076,#8085,#8093));
#8075 = ORIENTED_EDGE('',*,*,#7847,.T.);
#8076 = ORIENTED_EDGE('',*,*,#8077,.T.);
#8077 = EDGE_CURVE('',#7850,#8078,#8080,.T.);
#8078 = VERTEX_POINT('',#8079);
#8079 = CARTESIAN_POINT('',(0.15,-1.539491193792,0.85));
#8080 = CIRCLE('',#8081,0.45);
#8081 = AXIS2_PLACEMENT_3D('',#8082,#8083,#8084);
#8082 = CARTESIAN_POINT('',(0.15,-1.539491193792,0.4));
#8083 = DIRECTION('',(-1.,-0.,0.));
#8084 = DIRECTION('',(0.,-1.,-3.493540333564E-15));
#8085 = ORIENTED_EDGE('',*,*,#8086,.F.);
#8086 = EDGE_CURVE('',#8087,#8078,#8089,.T.);
#8087 = VERTEX_POINT('',#8088);
#8088 = CARTESIAN_POINT('',(0.15,-1.539491193792,0.7));
#8089 = LINE('',#8090,#8091);
#8090 = CARTESIAN_POINT('',(0.15,-1.539491193792,0.7));
#8091 = VECTOR('',#8092,1.);
#8092 = DIRECTION('',(-4.717058874263E-32,-3.430248998886E-15,1.));
#8093 = ORIENTED_EDGE('',*,*,#8094,.F.);
#8094 = EDGE_CURVE('',#7848,#8087,#8095,.T.);
#8095 = CIRCLE('',#8096,0.3);
#8096 = AXIS2_PLACEMENT_3D('',#8097,#8098,#8099);
#8097 = CARTESIAN_POINT('',(0.15,-1.539491193792,0.4));
#8098 = DIRECTION('',(-1.,0.,0.));
#8099 = DIRECTION('',(0.,1.,3.433306879537E-15));
#8100 = PLANE('',#8101);
#8101 = AXIS2_PLACEMENT_3D('',#8102,#8103,#8104);
#8102 = CARTESIAN_POINT('',(0.15,-1.539491193792,0.4));
#8103 = DIRECTION('',(1.,0.,-0.));
#8104 = DIRECTION('',(0.,1.,3.491481338843E-15));
#8105 = ADVANCED_FACE('',(#8106),#8133,.F.);
#8106 = FACE_BOUND('',#8107,.T.);
#8107 = EDGE_LOOP('',(#8108,#8118,#8125,#8126));
#8108 = ORIENTED_EDGE('',*,*,#8109,.F.);
#8109 = EDGE_CURVE('',#8110,#8112,#8114,.T.);
#8110 = VERTEX_POINT('',#8111);
#8111 = CARTESIAN_POINT('',(1.75,-1.539491193792,0.85));
#8112 = VERTEX_POINT('',#8113);
#8113 = CARTESIAN_POINT('',(1.75,-1.539491193792,0.7));
#8114 = LINE('',#8115,#8116);
#8115 = CARTESIAN_POINT('',(1.75,-1.539491193792,0.7));
#8116 = VECTOR('',#8117,1.);
#8117 = DIRECTION('',(0.,3.430248998886E-15,-1.));
#8118 = ORIENTED_EDGE('',*,*,#8119,.T.);
#8119 = EDGE_CURVE('',#8110,#7879,#8120,.T.);
#8120 = CIRCLE('',#8121,0.45);
#8121 = AXIS2_PLACEMENT_3D('',#8122,#8123,#8124);
#8122 = CARTESIAN_POINT('',(1.75,-1.539491193792,0.4));
#8123 = DIRECTION('',(1.,0.,0.));
#8124 = DIRECTION('',(0.,-1.,6.264279218805E-15));
#8125 = ORIENTED_EDGE('',*,*,#7878,.T.);
#8126 = ORIENTED_EDGE('',*,*,#8127,.F.);
#8127 = EDGE_CURVE('',#8112,#7881,#8128,.T.);
#8128 = CIRCLE('',#8129,0.3);
#8129 = AXIS2_PLACEMENT_3D('',#8130,#8131,#8132);
#8130 = CARTESIAN_POINT('',(1.75,-1.539491193792,0.4));
#8131 = DIRECTION('',(1.,0.,0.));
#8132 = DIRECTION('',(0.,-1.,-3.433306879537E-15));
#8133 = PLANE('',#8134);
#8134 = AXIS2_PLACEMENT_3D('',#8135,#8136,#8137);
#8135 = CARTESIAN_POINT('',(1.75,-1.539491193792,0.4));
#8136 = DIRECTION('',(-1.,-0.,0.));
#8137 = DIRECTION('',(0.,-1.,-3.491481338843E-15));
#8138 = ADVANCED_FACE('',(#8139),#8150,.T.);
#8139 = FACE_BOUND('',#8140,.T.);
#8140 = EDGE_LOOP('',(#8141,#8142,#8143,#8144));
#8141 = ORIENTED_EDGE('',*,*,#8077,.F.);
#8142 = ORIENTED_EDGE('',*,*,#7910,.F.);
#8143 = ORIENTED_EDGE('',*,*,#8119,.F.);
#8144 = ORIENTED_EDGE('',*,*,#8145,.T.);
#8145 = EDGE_CURVE('',#8110,#8078,#8146,.T.);
#8146 = LINE('',#8147,#8148);
#8147 = CARTESIAN_POINT('',(0.1,-1.539491193792,0.85));
#8148 = VECTOR('',#8149,1.);
#8149 = DIRECTION('',(-1.,-0.,0.));
#8150 = CYLINDRICAL_SURFACE('',#8151,0.45);
#8151 = AXIS2_PLACEMENT_3D('',#8152,#8153,#8154);
#8152 = CARTESIAN_POINT('',(2.661571873958,-1.539491193792,0.4));
#8153 = DIRECTION('',(-1.,-0.,0.));
#8154 = DIRECTION('',(0.,-1.,-3.493540333564E-15));
#8155 = ADVANCED_FACE('',(#8156),#8167,.T.);
#8156 = FACE_BOUND('',#8157,.T.);
#8157 = EDGE_LOOP('',(#8158,#8159,#8160,#8166));
#8158 = ORIENTED_EDGE('',*,*,#7123,.F.);
#8159 = ORIENTED_EDGE('',*,*,#8026,.F.);
#8160 = ORIENTED_EDGE('',*,*,#8161,.F.);
#8161 = EDGE_CURVE('',#7949,#8008,#8162,.T.);
#8162 = LINE('',#8163,#8164);
#8163 = CARTESIAN_POINT('',(0.1,-2.089491193792,0.85));
#8164 = VECTOR('',#8165,1.);
#8165 = DIRECTION('',(1.,0.,0.));
#8166 = ORIENTED_EDGE('',*,*,#7955,.F.);
#8167 = CYLINDRICAL_SURFACE('',#8168,0.35);
#8168 = AXIS2_PLACEMENT_3D('',#8169,#8170,#8171);
#8169 = CARTESIAN_POINT('',(-0.972956642168,-2.089491193792,0.5));
#8170 = DIRECTION('',(-1.,0.,0.));
#8171 = DIRECTION('',(-0.,-1.,-3.407492542097E-15));
#8172 = ADVANCED_FACE('',(#8173),#8207,.T.);
#8173 = FACE_BOUND('',#8174,.T.);
#8174 = EDGE_LOOP('',(#8175,#8185,#8193,#8201));
#8175 = ORIENTED_EDGE('',*,*,#8176,.F.);
#8176 = EDGE_CURVE('',#8177,#8179,#8181,.T.);
#8177 = VERTEX_POINT('',#8178);
#8178 = CARTESIAN_POINT('',(-2.8,-0.589491193792,0.85));
#8179 = VERTEX_POINT('',#8180);
#8180 = CARTESIAN_POINT('',(-2.8,-1.589491193792,0.85));
#8181 = LINE('',#8182,#8183);
#8182 = CARTESIAN_POINT('',(-2.8,-0.589491193792,0.85));
#8183 = VECTOR('',#8184,1.);
#8184 = DIRECTION('',(0.,-1.,-3.491481338843E-15));
#8185 = ORIENTED_EDGE('',*,*,#8186,.F.);
#8186 = EDGE_CURVE('',#8187,#8177,#8189,.T.);
#8187 = VERTEX_POINT('',#8188);
#8188 = CARTESIAN_POINT('',(-2.8,-0.589491193792,0.7));
#8189 = LINE('',#8190,#8191);
#8190 = CARTESIAN_POINT('',(-2.8,-0.589491193792,0.7));
#8191 = VECTOR('',#8192,1.);
#8192 = DIRECTION('',(0.,-3.491481338843E-15,1.));
#8193 = ORIENTED_EDGE('',*,*,#8194,.T.);
#8194 = EDGE_CURVE('',#8187,#8195,#8197,.T.);
#8195 = VERTEX_POINT('',#8196);
#8196 = CARTESIAN_POINT('',(-2.8,-1.589491193792,0.7));
#8197 = LINE('',#8198,#8199);
#8198 = CARTESIAN_POINT('',(-2.8,-0.589491193792,0.7));
#8199 = VECTOR('',#8200,1.);
#8200 = DIRECTION('',(0.,-1.,-3.491481338843E-15));
#8201 = ORIENTED_EDGE('',*,*,#8202,.T.);
#8202 = EDGE_CURVE('',#8195,#8179,#8203,.T.);
#8203 = LINE('',#8204,#8205);
#8204 = CARTESIAN_POINT('',(-2.8,-1.589491193792,0.7));
#8205 = VECTOR('',#8206,1.);
#8206 = DIRECTION('',(0.,-3.491481338843E-15,1.));
#8207 = PLANE('',#8208);
#8208 = AXIS2_PLACEMENT_3D('',#8209,#8210,#8211);
#8209 = CARTESIAN_POINT('',(-2.8,-0.589491193792,0.7));
#8210 = DIRECTION('',(-1.,-0.,0.));
#8211 = DIRECTION('',(0.,-1.,-3.491481338843E-15));
#8212 = ADVANCED_FACE('',(#8213),#8229,.T.);
#8213 = FACE_BOUND('',#8214,.T.);
#8214 = EDGE_LOOP('',(#8215,#8216,#8222,#8223));
#8215 = ORIENTED_EDGE('',*,*,#7948,.F.);
#8216 = ORIENTED_EDGE('',*,*,#8217,.F.);
#8217 = EDGE_CURVE('',#8179,#7949,#8218,.T.);
#8218 = LINE('',#8219,#8220);
#8219 = CARTESIAN_POINT('',(-2.8,-1.589491193792,0.85));
#8220 = VECTOR('',#8221,1.);
#8221 = DIRECTION('',(8.715574274764E-02,-0.996194698092,
    -3.478195198241E-15));
#8222 = ORIENTED_EDGE('',*,*,#8202,.F.);
#8223 = ORIENTED_EDGE('',*,*,#8224,.T.);
#8224 = EDGE_CURVE('',#8195,#7065,#8225,.T.);
#8225 = LINE('',#8226,#8227);
#8226 = CARTESIAN_POINT('',(-2.8,-1.589491193792,0.7));
#8227 = VECTOR('',#8228,1.);
#8228 = DIRECTION('',(8.715574274764E-02,-0.996194698092,
    -3.478195198241E-15));
#8229 = PLANE('',#8230);
#8230 = AXIS2_PLACEMENT_3D('',#8231,#8232,#8233);
#8231 = CARTESIAN_POINT('',(-2.8,-1.589491193792,0.7));
#8232 = DIRECTION('',(-0.996194698092,-8.715574274764E-02,
    -3.043026493764E-16));
#8233 = DIRECTION('',(8.715574274764E-02,-0.996194698092,
    -3.478195198241E-15));
#8234 = ADVANCED_FACE('',(#8235),#8241,.F.);
#8235 = FACE_BOUND('',#8236,.F.);
#8236 = EDGE_LOOP('',(#8237,#8238,#8239,#8240));
#8237 = ORIENTED_EDGE('',*,*,#7938,.F.);
#8238 = ORIENTED_EDGE('',*,*,#7991,.T.);
#8239 = ORIENTED_EDGE('',*,*,#8015,.F.);
#8240 = ORIENTED_EDGE('',*,*,#7085,.T.);
#8241 = CYLINDRICAL_SURFACE('',#8242,0.2);
#8242 = AXIS2_PLACEMENT_3D('',#8243,#8244,#8245);
#8243 = CARTESIAN_POINT('',(-0.972956642168,-2.089491193792,0.5));
#8244 = DIRECTION('',(-1.,0.,0.));
#8245 = DIRECTION('',(-0.,-1.,-3.252606517457E-15));
#8246 = ADVANCED_FACE('',(#8247),#8272,.T.);
#8247 = FACE_BOUND('',#8248,.T.);
#8248 = EDGE_LOOP('',(#8249,#8250,#8258,#8266));
#8249 = ORIENTED_EDGE('',*,*,#8007,.F.);
#8250 = ORIENTED_EDGE('',*,*,#8251,.T.);
#8251 = EDGE_CURVE('',#7067,#8252,#8254,.T.);
#8252 = VERTEX_POINT('',#8253);
#8253 = CARTESIAN_POINT('',(-1.75,-1.589491193792,0.7));
#8254 = LINE('',#8255,#8256);
#8255 = CARTESIAN_POINT('',(-1.75,-1.589491193792,0.7));
#8256 = VECTOR('',#8257,1.);
#8257 = DIRECTION('',(8.715574274764E-02,0.996194698092,
    3.478195198241E-15));
#8258 = ORIENTED_EDGE('',*,*,#8259,.T.);
#8259 = EDGE_CURVE('',#8252,#8260,#8262,.T.);
#8260 = VERTEX_POINT('',#8261);
#8261 = CARTESIAN_POINT('',(-1.75,-1.589491193792,0.85));
#8262 = LINE('',#8263,#8264);
#8263 = CARTESIAN_POINT('',(-1.75,-1.589491193792,0.7));
#8264 = VECTOR('',#8265,1.);
#8265 = DIRECTION('',(0.,-3.491481338843E-15,1.));
#8266 = ORIENTED_EDGE('',*,*,#8267,.F.);
#8267 = EDGE_CURVE('',#8008,#8260,#8268,.T.);
#8268 = LINE('',#8269,#8270);
#8269 = CARTESIAN_POINT('',(-1.75,-1.589491193792,0.85));
#8270 = VECTOR('',#8271,1.);
#8271 = DIRECTION('',(8.715574274764E-02,0.996194698092,
    3.478195198241E-15));
#8272 = PLANE('',#8273);
#8273 = AXIS2_PLACEMENT_3D('',#8274,#8275,#8276);
#8274 = CARTESIAN_POINT('',(-1.75,-1.589491193792,0.7));
#8275 = DIRECTION('',(0.996194698092,-8.715574274764E-02,
    -3.043026493764E-16));
#8276 = DIRECTION('',(8.715574274764E-02,0.996194698092,
    3.478195198241E-15));
#8277 = ADVANCED_FACE('',(#8278),#8303,.T.);
#8278 = FACE_BOUND('',#8279,.T.);
#8279 = EDGE_LOOP('',(#8280,#8288,#8289,#8297));
#8280 = ORIENTED_EDGE('',*,*,#8281,.F.);
#8281 = EDGE_CURVE('',#8260,#8282,#8284,.T.);
#8282 = VERTEX_POINT('',#8283);
#8283 = CARTESIAN_POINT('',(-1.75,-1.339491193792,0.85));
#8284 = LINE('',#8285,#8286);
#8285 = CARTESIAN_POINT('',(-1.75,-1.339491193792,0.85));
#8286 = VECTOR('',#8287,1.);
#8287 = DIRECTION('',(1.734723475977E-15,1.,3.491481338843E-15));
#8288 = ORIENTED_EDGE('',*,*,#8259,.F.);
#8289 = ORIENTED_EDGE('',*,*,#8290,.T.);
#8290 = EDGE_CURVE('',#8252,#8291,#8293,.T.);
#8291 = VERTEX_POINT('',#8292);
#8292 = CARTESIAN_POINT('',(-1.75,-1.339491193792,0.7));
#8293 = LINE('',#8294,#8295);
#8294 = CARTESIAN_POINT('',(-1.75,-1.339491193792,0.7));
#8295 = VECTOR('',#8296,1.);
#8296 = DIRECTION('',(1.734723475977E-15,1.,3.491481338843E-15));
#8297 = ORIENTED_EDGE('',*,*,#8298,.T.);
#8298 = EDGE_CURVE('',#8291,#8282,#8299,.T.);
#8299 = LINE('',#8300,#8301);
#8300 = CARTESIAN_POINT('',(-1.75,-1.339491193792,0.7));
#8301 = VECTOR('',#8302,1.);
#8302 = DIRECTION('',(0.,-3.491481338843E-15,1.));
#8303 = PLANE('',#8304);
#8304 = AXIS2_PLACEMENT_3D('',#8305,#8306,#8307);
#8305 = CARTESIAN_POINT('',(-1.75,-1.339491193792,0.7));
#8306 = DIRECTION('',(1.,-1.734723475977E-15,-6.056754644426E-30));
#8307 = DIRECTION('',(1.734723475977E-15,1.,3.491481338843E-15));
#8308 = ADVANCED_FACE('',(#8309),#8336,.F.);
#8309 = FACE_BOUND('',#8310,.F.);
#8310 = EDGE_LOOP('',(#8311,#8321,#8328,#8329));
#8311 = ORIENTED_EDGE('',*,*,#8312,.F.);
#8312 = EDGE_CURVE('',#8313,#8315,#8317,.T.);
#8313 = VERTEX_POINT('',#8314);
#8314 = CARTESIAN_POINT('',(-1.6,-1.189491193792,0.7));
#8315 = VERTEX_POINT('',#8316);
#8316 = CARTESIAN_POINT('',(-1.6,-1.189491193792,0.85));
#8317 = LINE('',#8318,#8319);
#8318 = CARTESIAN_POINT('',(-1.6,-1.189491193792,0.7));
#8319 = VECTOR('',#8320,1.);
#8320 = DIRECTION('',(0.,-3.491481338843E-15,1.));
#8321 = ORIENTED_EDGE('',*,*,#8322,.F.);
#8322 = EDGE_CURVE('',#8291,#8313,#8323,.T.);
#8323 = CIRCLE('',#8324,0.15);
#8324 = AXIS2_PLACEMENT_3D('',#8325,#8326,#8327);
#8325 = CARTESIAN_POINT('',(-1.6,-1.339491193792,0.7));
#8326 = DIRECTION('',(0.,3.491481338843E-15,-1.));
#8327 = DIRECTION('',(0.,1.,3.491481338843E-15));
#8328 = ORIENTED_EDGE('',*,*,#8298,.T.);
#8329 = ORIENTED_EDGE('',*,*,#8330,.T.);
#8330 = EDGE_CURVE('',#8282,#8315,#8331,.T.);
#8331 = CIRCLE('',#8332,0.15);
#8332 = AXIS2_PLACEMENT_3D('',#8333,#8334,#8335);
#8333 = CARTESIAN_POINT('',(-1.6,-1.339491193792,0.85));
#8334 = DIRECTION('',(0.,3.491481338843E-15,-1.));
#8335 = DIRECTION('',(0.,1.,3.491481338843E-15));
#8336 = CYLINDRICAL_SURFACE('',#8337,0.15);
#8337 = AXIS2_PLACEMENT_3D('',#8338,#8339,#8340);
#8338 = CARTESIAN_POINT('',(-1.6,-1.339491193792,0.7));
#8339 = DIRECTION('',(0.,-3.491481338843E-15,1.));
#8340 = DIRECTION('',(0.,-1.,-3.491481338843E-15));
#8341 = ADVANCED_FACE('',(#8342),#8367,.T.);
#8342 = FACE_BOUND('',#8343,.T.);
#8343 = EDGE_LOOP('',(#8344,#8352,#8353,#8361));
#8344 = ORIENTED_EDGE('',*,*,#8345,.F.);
#8345 = EDGE_CURVE('',#8315,#8346,#8348,.T.);
#8346 = VERTEX_POINT('',#8347);
#8347 = CARTESIAN_POINT('',(-1.7763568394E-15,-1.189491193792,0.85));
#8348 = LINE('',#8349,#8350);
#8349 = CARTESIAN_POINT('',(-2.168404344971E-16,-1.189491193792,0.85));
#8350 = VECTOR('',#8351,1.);
#8351 = DIRECTION('',(1.,0.,0.));
#8352 = ORIENTED_EDGE('',*,*,#8312,.F.);
#8353 = ORIENTED_EDGE('',*,*,#8354,.T.);
#8354 = EDGE_CURVE('',#8313,#8355,#8357,.T.);
#8355 = VERTEX_POINT('',#8356);
#8356 = CARTESIAN_POINT('',(-1.7763568394E-15,-1.189491193792,0.7));
#8357 = LINE('',#8358,#8359);
#8358 = CARTESIAN_POINT('',(-2.168404344971E-16,-1.189491193792,0.7));
#8359 = VECTOR('',#8360,1.);
#8360 = DIRECTION('',(1.,0.,0.));
#8361 = ORIENTED_EDGE('',*,*,#8362,.T.);
#8362 = EDGE_CURVE('',#8355,#8346,#8363,.T.);
#8363 = LINE('',#8364,#8365);
#8364 = CARTESIAN_POINT('',(-2.168404344971E-16,-1.189491193792,0.7));
#8365 = VECTOR('',#8366,1.);
#8366 = DIRECTION('',(0.,-3.491481338843E-15,1.));
#8367 = PLANE('',#8368);
#8368 = AXIS2_PLACEMENT_3D('',#8369,#8370,#8371);
#8369 = CARTESIAN_POINT('',(-2.168404344971E-16,-1.189491193792,0.7));
#8370 = DIRECTION('',(0.,-1.,-3.491481338843E-15));
#8371 = DIRECTION('',(1.,0.,0.));
#8372 = ADVANCED_FACE('',(#8373),#8400,.F.);
#8373 = FACE_BOUND('',#8374,.F.);
#8374 = EDGE_LOOP('',(#8375,#8385,#8392,#8393));
#8375 = ORIENTED_EDGE('',*,*,#8376,.F.);
#8376 = EDGE_CURVE('',#8377,#8379,#8381,.T.);
#8377 = VERTEX_POINT('',#8378);
#8378 = CARTESIAN_POINT('',(0.15,-1.339491193792,0.7));
#8379 = VERTEX_POINT('',#8380);
#8380 = CARTESIAN_POINT('',(0.15,-1.339491193792,0.85));
#8381 = LINE('',#8382,#8383);
#8382 = CARTESIAN_POINT('',(0.15,-1.339491193792,0.7));
#8383 = VECTOR('',#8384,1.);
#8384 = DIRECTION('',(0.,-3.491481338843E-15,1.));
#8385 = ORIENTED_EDGE('',*,*,#8386,.F.);
#8386 = EDGE_CURVE('',#8355,#8377,#8387,.T.);
#8387 = CIRCLE('',#8388,0.15);
#8388 = AXIS2_PLACEMENT_3D('',#8389,#8390,#8391);
#8389 = CARTESIAN_POINT('',(-2.168404344971E-16,-1.339491193792,0.7));
#8390 = DIRECTION('',(-0.,3.491481338843E-15,-1.));
#8391 = DIRECTION('',(0.,-1.,-3.491481338843E-15));
#8392 = ORIENTED_EDGE('',*,*,#8362,.T.);
#8393 = ORIENTED_EDGE('',*,*,#8394,.T.);
#8394 = EDGE_CURVE('',#8346,#8379,#8395,.T.);
#8395 = CIRCLE('',#8396,0.15);
#8396 = AXIS2_PLACEMENT_3D('',#8397,#8398,#8399);
#8397 = CARTESIAN_POINT('',(-2.168404344971E-16,-1.339491193792,0.85));
#8398 = DIRECTION('',(-0.,3.491481338843E-15,-1.));
#8399 = DIRECTION('',(0.,-1.,-3.491481338843E-15));
#8400 = CYLINDRICAL_SURFACE('',#8401,0.15);
#8401 = AXIS2_PLACEMENT_3D('',#8402,#8403,#8404);
#8402 = CARTESIAN_POINT('',(-2.168404344971E-16,-1.339491193792,0.7));
#8403 = DIRECTION('',(0.,-3.491481338843E-15,1.));
#8404 = DIRECTION('',(0.,-1.,-3.491481338843E-15));
#8405 = ADVANCED_FACE('',(#8406),#8422,.T.);
#8406 = FACE_BOUND('',#8407,.T.);
#8407 = EDGE_LOOP('',(#8408,#8414,#8415,#8421));
#8408 = ORIENTED_EDGE('',*,*,#8409,.T.);
#8409 = EDGE_CURVE('',#8377,#8087,#8410,.T.);
#8410 = LINE('',#8411,#8412);
#8411 = CARTESIAN_POINT('',(0.15,-1.539491193792,0.7));
#8412 = VECTOR('',#8413,1.);
#8413 = DIRECTION('',(0.,-1.,-3.491481338843E-15));
#8414 = ORIENTED_EDGE('',*,*,#8086,.T.);
#8415 = ORIENTED_EDGE('',*,*,#8416,.F.);
#8416 = EDGE_CURVE('',#8379,#8078,#8417,.T.);
#8417 = LINE('',#8418,#8419);
#8418 = CARTESIAN_POINT('',(0.15,-2.489491193792,0.85));
#8419 = VECTOR('',#8420,1.);
#8420 = DIRECTION('',(7.703541751871E-16,-1.,-3.491481338843E-15));
#8421 = ORIENTED_EDGE('',*,*,#8376,.F.);
#8422 = PLANE('',#8423);
#8423 = AXIS2_PLACEMENT_3D('',#8424,#8425,#8426);
#8424 = CARTESIAN_POINT('',(0.15,-2.489491193792,0.7));
#8425 = DIRECTION('',(-1.,-7.703541751871E-16,-2.689677226966E-30));
#8426 = DIRECTION('',(7.703541751871E-16,-1.,-3.491481338843E-15));
#8427 = ADVANCED_FACE('',(#8428),#8439,.F.);
#8428 = FACE_BOUND('',#8429,.F.);
#8429 = EDGE_LOOP('',(#8430,#8431,#8432,#8438));
#8430 = ORIENTED_EDGE('',*,*,#8059,.F.);
#8431 = ORIENTED_EDGE('',*,*,#8127,.F.);
#8432 = ORIENTED_EDGE('',*,*,#8433,.T.);
#8433 = EDGE_CURVE('',#8112,#8087,#8434,.T.);
#8434 = LINE('',#8435,#8436);
#8435 = CARTESIAN_POINT('',(0.1,-1.539491193792,0.7));
#8436 = VECTOR('',#8437,1.);
#8437 = DIRECTION('',(-1.,-0.,0.));
#8438 = ORIENTED_EDGE('',*,*,#8094,.F.);
#8439 = CYLINDRICAL_SURFACE('',#8440,0.3);
#8440 = AXIS2_PLACEMENT_3D('',#8441,#8442,#8443);
#8441 = CARTESIAN_POINT('',(2.661571873958,-1.539491193792,0.4));
#8442 = DIRECTION('',(-1.,-0.,0.));
#8443 = DIRECTION('',(0.,-1.,-3.433306879537E-15));
#8444 = ADVANCED_FACE('',(#8445),#8470,.T.);
#8445 = FACE_BOUND('',#8446,.T.);
#8446 = EDGE_LOOP('',(#8447,#8455,#8456,#8464));
#8447 = ORIENTED_EDGE('',*,*,#8448,.F.);
#8448 = EDGE_CURVE('',#8110,#8449,#8451,.T.);
#8449 = VERTEX_POINT('',#8450);
#8450 = CARTESIAN_POINT('',(1.75,-0.539491193792,0.85));
#8451 = LINE('',#8452,#8453);
#8452 = CARTESIAN_POINT('',(1.75,-0.539491193792,0.85));
#8453 = VECTOR('',#8454,1.);
#8454 = DIRECTION('',(-0.,1.,3.491481338843E-15));
#8455 = ORIENTED_EDGE('',*,*,#8109,.T.);
#8456 = ORIENTED_EDGE('',*,*,#8457,.T.);
#8457 = EDGE_CURVE('',#8112,#8458,#8460,.T.);
#8458 = VERTEX_POINT('',#8459);
#8459 = CARTESIAN_POINT('',(1.75,-0.539491193792,0.7));
#8460 = LINE('',#8461,#8462);
#8461 = CARTESIAN_POINT('',(1.75,-1.539491193792,0.7));
#8462 = VECTOR('',#8463,1.);
#8463 = DIRECTION('',(2.282530889443E-16,1.,3.491481338843E-15));
#8464 = ORIENTED_EDGE('',*,*,#8465,.T.);
#8465 = EDGE_CURVE('',#8458,#8449,#8466,.T.);
#8466 = LINE('',#8467,#8468);
#8467 = CARTESIAN_POINT('',(1.75,-0.539491193792,0.7));
#8468 = VECTOR('',#8469,1.);
#8469 = DIRECTION('',(0.,-3.491481338843E-15,1.));
#8470 = PLANE('',#8471);
#8471 = AXIS2_PLACEMENT_3D('',#8472,#8473,#8474);
#8472 = CARTESIAN_POINT('',(1.75,-0.539491193792,0.7));
#8473 = DIRECTION('',(1.,0.,-0.));
#8474 = DIRECTION('',(0.,1.,3.491481338843E-15));
#8475 = ADVANCED_FACE('',(#8476),#8504,.T.);
#8476 = FACE_BOUND('',#8477,.T.);
#8477 = EDGE_LOOP('',(#8478,#8479,#8486,#8487,#8488,#8489,#8490,#8491,
    #8492,#8493,#8494,#8495,#8496,#8497));
#8478 = ORIENTED_EDGE('',*,*,#7664,.F.);
#8479 = ORIENTED_EDGE('',*,*,#8480,.F.);
#8480 = EDGE_CURVE('',#8458,#7283,#8481,.T.);
#8481 = CIRCLE('',#8482,0.2);
#8482 = AXIS2_PLACEMENT_3D('',#8483,#8484,#8485);
#8483 = CARTESIAN_POINT('',(1.55,-0.539491193792,0.7));
#8484 = DIRECTION('',(0.,-3.491481338843E-15,1.));
#8485 = DIRECTION('',(0.,1.,3.491481338843E-15));
#8486 = ORIENTED_EDGE('',*,*,#8457,.F.);
#8487 = ORIENTED_EDGE('',*,*,#8433,.T.);
#8488 = ORIENTED_EDGE('',*,*,#8409,.F.);
#8489 = ORIENTED_EDGE('',*,*,#8386,.F.);
#8490 = ORIENTED_EDGE('',*,*,#8354,.F.);
#8491 = ORIENTED_EDGE('',*,*,#8322,.F.);
#8492 = ORIENTED_EDGE('',*,*,#8290,.F.);
#8493 = ORIENTED_EDGE('',*,*,#8251,.F.);
#8494 = ORIENTED_EDGE('',*,*,#7064,.F.);
#8495 = ORIENTED_EDGE('',*,*,#8224,.F.);
#8496 = ORIENTED_EDGE('',*,*,#8194,.F.);
#8497 = ORIENTED_EDGE('',*,*,#8498,.F.);
#8498 = EDGE_CURVE('',#7327,#8187,#8499,.T.);
#8499 = CIRCLE('',#8500,0.2);
#8500 = AXIS2_PLACEMENT_3D('',#8501,#8502,#8503);
#8501 = CARTESIAN_POINT('',(-2.6,-0.589491193792,0.7));
#8502 = DIRECTION('',(0.,-3.491481338843E-15,1.));
#8503 = DIRECTION('',(0.,-1.,-3.491481338843E-15));
#8504 = PLANE('',#8505);
#8505 = AXIS2_PLACEMENT_3D('',#8506,#8507,#8508);
#8506 = CARTESIAN_POINT('',(0.1,1.160508806208,0.7));
#8507 = DIRECTION('',(0.,3.491481338843E-15,-1.));
#8508 = DIRECTION('',(0.,1.,3.491481338843E-15));
#8509 = ADVANCED_FACE('',(#8510),#8522,.T.);
#8510 = FACE_BOUND('',#8511,.T.);
#8511 = EDGE_LOOP('',(#8512,#8513,#8520,#8521));
#8512 = ORIENTED_EDGE('',*,*,#7291,.F.);
#8513 = ORIENTED_EDGE('',*,*,#8514,.F.);
#8514 = EDGE_CURVE('',#8449,#7292,#8515,.T.);
#8515 = CIRCLE('',#8516,0.2);
#8516 = AXIS2_PLACEMENT_3D('',#8517,#8518,#8519);
#8517 = CARTESIAN_POINT('',(1.55,-0.539491193792,0.85));
#8518 = DIRECTION('',(0.,-3.491481338843E-15,1.));
#8519 = DIRECTION('',(0.,1.,3.491481338843E-15));
#8520 = ORIENTED_EDGE('',*,*,#8465,.F.);
#8521 = ORIENTED_EDGE('',*,*,#8480,.T.);
#8522 = CYLINDRICAL_SURFACE('',#8523,0.2);
#8523 = AXIS2_PLACEMENT_3D('',#8524,#8525,#8526);
#8524 = CARTESIAN_POINT('',(1.55,-0.539491193792,0.7));
#8525 = DIRECTION('',(0.,-3.491481338843E-15,1.));
#8526 = DIRECTION('',(0.,-1.,-3.491481338843E-15));
#8527 = ADVANCED_FACE('',(#8528),#8550,.F.);
#8528 = FACE_BOUND('',#8529,.T.);
#8529 = EDGE_LOOP('',(#8530,#8531,#8532,#8539,#8540,#8541,#8542,#8543,
    #8544,#8545,#8546,#8547,#8548,#8549));
#8530 = ORIENTED_EDGE('',*,*,#8514,.T.);
#8531 = ORIENTED_EDGE('',*,*,#7691,.T.);
#8532 = ORIENTED_EDGE('',*,*,#8533,.T.);
#8533 = EDGE_CURVE('',#7345,#8177,#8534,.T.);
#8534 = CIRCLE('',#8535,0.2);
#8535 = AXIS2_PLACEMENT_3D('',#8536,#8537,#8538);
#8536 = CARTESIAN_POINT('',(-2.6,-0.589491193792,0.85));
#8537 = DIRECTION('',(0.,-3.491481338843E-15,1.));
#8538 = DIRECTION('',(0.,-1.,-3.491481338843E-15));
#8539 = ORIENTED_EDGE('',*,*,#8176,.T.);
#8540 = ORIENTED_EDGE('',*,*,#8217,.T.);
#8541 = ORIENTED_EDGE('',*,*,#8161,.T.);
#8542 = ORIENTED_EDGE('',*,*,#8267,.T.);
#8543 = ORIENTED_EDGE('',*,*,#8281,.T.);
#8544 = ORIENTED_EDGE('',*,*,#8330,.T.);
#8545 = ORIENTED_EDGE('',*,*,#8345,.T.);
#8546 = ORIENTED_EDGE('',*,*,#8394,.T.);
#8547 = ORIENTED_EDGE('',*,*,#8416,.T.);
#8548 = ORIENTED_EDGE('',*,*,#8145,.F.);
#8549 = ORIENTED_EDGE('',*,*,#8448,.T.);
#8550 = PLANE('',#8551);
#8551 = AXIS2_PLACEMENT_3D('',#8552,#8553,#8554);
#8552 = CARTESIAN_POINT('',(0.1,1.160508806208,0.85));
#8553 = DIRECTION('',(0.,3.491481338843E-15,-1.));
#8554 = DIRECTION('',(0.,1.,3.491481338843E-15));
#8555 = ADVANCED_FACE('',(#8556),#8562,.T.);
#8556 = FACE_BOUND('',#8557,.T.);
#8557 = EDGE_LOOP('',(#8558,#8559,#8560,#8561));
#8558 = ORIENTED_EDGE('',*,*,#7353,.F.);
#8559 = ORIENTED_EDGE('',*,*,#8498,.T.);
#8560 = ORIENTED_EDGE('',*,*,#8186,.T.);
#8561 = ORIENTED_EDGE('',*,*,#8533,.F.);
#8562 = CYLINDRICAL_SURFACE('',#8563,0.2);
#8563 = AXIS2_PLACEMENT_3D('',#8564,#8565,#8566);
#8564 = CARTESIAN_POINT('',(-2.6,-0.589491193792,0.7));
#8565 = DIRECTION('',(0.,-3.491481338843E-15,1.));
#8566 = DIRECTION('',(0.,-1.,-3.491481338843E-15));
#8567 = ADVANCED_FACE('',(#8568),#8604,.F.);
#8568 = FACE_BOUND('',#8569,.F.);
#8569 = EDGE_LOOP('',(#8570,#8581,#8588,#8597));
#8570 = ORIENTED_EDGE('',*,*,#8571,.T.);
#8571 = EDGE_CURVE('',#8572,#8574,#8576,.T.);
#8572 = VERTEX_POINT('',#8573);
#8573 = CARTESIAN_POINT('',(1.693325527575,-0.4,-0.7));
#8574 = VERTEX_POINT('',#8575);
#8575 = CARTESIAN_POINT('',(1.55,-0.353723201033,-0.695679583762));
#8576 = B_SPLINE_CURVE_WITH_KNOTS('',3,(#8577,#8578,#8579,#8580),
  .UNSPECIFIED.,.F.,.F.,(4,4),(0.,1.),.PIECEWISE_BEZIER_KNOTS.);
#8577 = CARTESIAN_POINT('',(1.693325527575,-0.4,-0.7));
#8578 = CARTESIAN_POINT('',(1.645550351716,-0.384484921485,-0.7));
#8579 = CARTESIAN_POINT('',(1.597775175858,-0.368970153159,
    -0.698551536439));
#8580 = CARTESIAN_POINT('',(1.55,-0.353723201033,-0.695679583762));
#8581 = ORIENTED_EDGE('',*,*,#8582,.F.);
#8582 = EDGE_CURVE('',#8583,#8574,#8585,.T.);
#8583 = VERTEX_POINT('',#8584);
#8584 = CARTESIAN_POINT('',(1.55,-0.325957121653,-0.843087334019));
#8585 = B_SPLINE_CURVE_WITH_KNOTS('',1,(#8586,#8587),.UNSPECIFIED.,.F.,
  .F.,(2,2),(0.,1.),.PIECEWISE_BEZIER_KNOTS.);
#8586 = CARTESIAN_POINT('',(1.55,-0.325957121653,-0.843087334019));
#8587 = CARTESIAN_POINT('',(1.55,-0.353723201033,-0.695679583762));
#8588 = ORIENTED_EDGE('',*,*,#8589,.F.);
#8589 = EDGE_CURVE('',#8590,#8583,#8592,.T.);
#8590 = VERTEX_POINT('',#8591);
#8591 = CARTESIAN_POINT('',(1.693325527575,-0.4,-0.85));
#8592 = B_SPLINE_CURVE_WITH_KNOTS('',3,(#8593,#8594,#8595,#8596),
  .UNSPECIFIED.,.F.,.F.,(4,4),(0.,1.),.PIECEWISE_BEZIER_KNOTS.);
#8593 = CARTESIAN_POINT('',(1.693325527575,-0.4,-0.85));
#8594 = CARTESIAN_POINT('',(1.645549981609,-0.375175682067,-0.85));
#8595 = CARTESIAN_POINT('',(1.597775545966,-0.35035243404,
    -0.847682493901));
#8596 = CARTESIAN_POINT('',(1.55,-0.325957121653,-0.843087334019));
#8597 = ORIENTED_EDGE('',*,*,#8598,.T.);
#8598 = EDGE_CURVE('',#8590,#8572,#8599,.T.);
#8599 = B_SPLINE_CURVE_WITH_KNOTS('',3,(#8600,#8601,#8602,#8603),
  .UNSPECIFIED.,.F.,.F.,(4,4),(0.,1.),.PIECEWISE_BEZIER_KNOTS.);
#8600 = CARTESIAN_POINT('',(1.693325527575,-0.4,-0.85));
#8601 = CARTESIAN_POINT('',(1.693325527575,-0.4,-0.8));
#8602 = CARTESIAN_POINT('',(1.693325527575,-0.4,-0.75));
#8603 = CARTESIAN_POINT('',(1.693325527575,-0.4,-0.7));
#8604 = B_SPLINE_SURFACE_WITH_KNOTS('',1,3,(
    (#8605,#8606,#8607,#8608)
    ,(#8609,#8610,#8611,#8612
    )),.UNSPECIFIED.,.F.,.F.,.F.,(2,2),(4,4),(0.,1.),(0.,1.),
  .PIECEWISE_BEZIER_KNOTS.);
#8605 = CARTESIAN_POINT('',(1.693325527575,-0.4,-0.85));
#8606 = CARTESIAN_POINT('',(1.645549981609,-0.375175682067,-0.85));
#8607 = CARTESIAN_POINT('',(1.597775545966,-0.35035243404,
    -0.847682493901));
#8608 = CARTESIAN_POINT('',(1.55,-0.325957121653,-0.843087334019));
#8609 = CARTESIAN_POINT('',(1.693325527575,-0.4,-0.7));
#8610 = CARTESIAN_POINT('',(1.645550184617,-0.384484867219,-0.7));
#8611 = CARTESIAN_POINT('',(1.597775342958,-0.368970206487,
    -0.698551546484));
#8612 = CARTESIAN_POINT('',(1.55,-0.353723201033,-0.695679583762));
#8613 = ADVANCED_FACE('',(#8614),#8640,.F.);
#8614 = FACE_BOUND('',#8615,.T.);
#8615 = EDGE_LOOP('',(#8616,#8617,#8625,#8634));
#8616 = ORIENTED_EDGE('',*,*,#8582,.F.);
#8617 = ORIENTED_EDGE('',*,*,#8618,.T.);
#8618 = EDGE_CURVE('',#8583,#8619,#8621,.T.);
#8619 = VERTEX_POINT('',#8620);
#8620 = CARTESIAN_POINT('',(0.1,-0.325957121653,-0.843087334019));
#8621 = LINE('',#8622,#8623);
#8622 = CARTESIAN_POINT('',(-5.039670450694,-0.325957121653,
    -0.843087334019));
#8623 = VECTOR('',#8624,1.);
#8624 = DIRECTION('',(-1.,0.,0.));
#8625 = ORIENTED_EDGE('',*,*,#8626,.T.);
#8626 = EDGE_CURVE('',#8619,#8627,#8629,.T.);
#8627 = VERTEX_POINT('',#8628);
#8628 = CARTESIAN_POINT('',(0.1,-0.353723201033,-0.695679583762));
#8629 = B_SPLINE_CURVE_WITH_KNOTS('',3,(#8630,#8631,#8632,#8633),
  .UNSPECIFIED.,.F.,.F.,(4,4),(0.,1.),.PIECEWISE_BEZIER_KNOTS.);
#8630 = CARTESIAN_POINT('',(0.1,-0.325957121653,-0.843087334019));
#8631 = CARTESIAN_POINT('',(0.1,-0.335212481446,-0.793951417266));
#8632 = CARTESIAN_POINT('',(0.1,-0.34446784124,-0.744815500514));
#8633 = CARTESIAN_POINT('',(0.1,-0.353723201033,-0.695679583762));
#8634 = ORIENTED_EDGE('',*,*,#8635,.F.);
#8635 = EDGE_CURVE('',#8574,#8627,#8636,.T.);
#8636 = LINE('',#8637,#8638);
#8637 = CARTESIAN_POINT('',(0.1,-0.353723201033,-0.695679583762));
#8638 = VECTOR('',#8639,1.);
#8639 = DIRECTION('',(-1.,-7.477256361969E-17,-0.));
#8640 = PLANE('',#8641);
#8641 = AXIS2_PLACEMENT_3D('',#8642,#8643,#8644);
#8642 = CARTESIAN_POINT('',(0.825,-0.353723201033,-0.695679583762));
#8643 = DIRECTION('',(7.348036922756E-17,-0.982718335047,-0.185107195868
    ));
#8644 = DIRECTION('',(-1.,-7.47725636197E-17,-2.288002766495E-30));
#8645 = ADVANCED_FACE('',(#8646),#8672,.F.);
#8646 = FACE_BOUND('',#8647,.F.);
#8647 = EDGE_LOOP('',(#8648,#8657,#8664,#8671));
#8648 = ORIENTED_EDGE('',*,*,#8649,.T.);
#8649 = EDGE_CURVE('',#8627,#8650,#8652,.T.);
#8650 = VERTEX_POINT('',#8651);
#8651 = CARTESIAN_POINT('',(0.,-0.281490038729,-0.670125848277));
#8652 = B_SPLINE_CURVE_WITH_KNOTS('',3,(#8653,#8654,#8655,#8656),
  .UNSPECIFIED.,.F.,.F.,(4,4),(0.,1.),.PIECEWISE_BEZIER_KNOTS.);
#8653 = CARTESIAN_POINT('',(0.1,-0.353723201033,-0.695679583762));
#8654 = CARTESIAN_POINT('',(6.666666666667E-02,-0.328525295006,
    -0.690933245406));
#8655 = CARTESIAN_POINT('',(3.333333333333E-02,-0.304067048809,
    -0.6822807161));
#8656 = CARTESIAN_POINT('',(0.,-0.281490038729,-0.670125848277));
#8657 = ORIENTED_EDGE('',*,*,#8658,.F.);
#8658 = EDGE_CURVE('',#8659,#8650,#8661,.T.);
#8659 = VERTEX_POINT('',#8660);
#8660 = CARTESIAN_POINT('',(0.,-0.210384061967,-0.802201357243));
#8661 = B_SPLINE_CURVE_WITH_KNOTS('',1,(#8662,#8663),.UNSPECIFIED.,.F.,
  .F.,(2,2),(0.,1.),.PIECEWISE_BEZIER_KNOTS.);
#8662 = CARTESIAN_POINT('',(0.,-0.210384061967,-0.802201357243));
#8663 = CARTESIAN_POINT('',(0.,-0.281490038729,-0.670125848277));
#8664 = ORIENTED_EDGE('',*,*,#8665,.F.);
#8665 = EDGE_CURVE('',#8619,#8659,#8666,.T.);
#8666 = B_SPLINE_CURVE_WITH_KNOTS('',3,(#8667,#8668,#8669,#8670),
  .UNSPECIFIED.,.F.,.F.,(4,4),(0.,1.),.PIECEWISE_BEZIER_KNOTS.);
#8667 = CARTESIAN_POINT('',(0.1,-0.325957121653,-0.843087334019));
#8668 = CARTESIAN_POINT('',(6.666159959391E-02,-0.285634343388,
    -0.835492038248));
#8669 = CARTESIAN_POINT('',(3.333840040609E-02,-0.246512769264,
    -0.82165210206));
#8670 = CARTESIAN_POINT('',(0.,-0.210384061967,-0.802201357243));
#8671 = ORIENTED_EDGE('',*,*,#8626,.T.);
#8672 = B_SPLINE_SURFACE_WITH_KNOTS('',1,3,(
    (#8673,#8674,#8675,#8676)
    ,(#8677,#8678,#8679,#8680
    )),.UNSPECIFIED.,.F.,.F.,.F.,(2,2),(4,4),(0.,1.),(0.,1.),
  .PIECEWISE_BEZIER_KNOTS.);
#8673 = CARTESIAN_POINT('',(0.1,-0.325957121653,-0.843087334019));
#8674 = CARTESIAN_POINT('',(6.666159959391E-02,-0.285634343388,
    -0.835492038248));
#8675 = CARTESIAN_POINT('',(3.333840040609E-02,-0.246512769264,
    -0.82165210206));
#8676 = CARTESIAN_POINT('',(0.,-0.210384061967,-0.802201357243));
#8677 = CARTESIAN_POINT('',(0.1,-0.353723201033,-0.695679583762));
#8678 = CARTESIAN_POINT('',(6.666344241391E-02,-0.328522857674,
    -0.690932786304));
#8679 = CARTESIAN_POINT('',(3.333655758609E-02,-0.304069232629,
    -0.682281891811));
#8680 = CARTESIAN_POINT('',(0.,-0.281490038729,-0.670125848277));
#8681 = ADVANCED_FACE('',(#8682),#8710,.F.);
#8682 = FACE_BOUND('',#8683,.T.);
#8683 = EDGE_LOOP('',(#8684,#8685,#8694,#8703));
#8684 = ORIENTED_EDGE('',*,*,#8658,.F.);
#8685 = ORIENTED_EDGE('',*,*,#8686,.T.);
#8686 = EDGE_CURVE('',#8659,#8687,#8689,.T.);
#8687 = VERTEX_POINT('',#8688);
#8688 = CARTESIAN_POINT('',(0.,-4.185262388385E-02,-0.628130449337));
#8689 = CIRCLE('',#8690,0.4);
#8690 = AXIS2_PLACEMENT_3D('',#8691,#8692,#8693);
#8691 = CARTESIAN_POINT('',(0.,-0.4,-0.45));
#8692 = DIRECTION('',(1.,-0.,0.));
#8693 = DIRECTION('',(0.,0.,-1.));
#8694 = ORIENTED_EDGE('',*,*,#8695,.T.);
#8695 = EDGE_CURVE('',#8687,#8696,#8698,.T.);
#8696 = VERTEX_POINT('',#8697);
#8697 = CARTESIAN_POINT('',(-1.7763568394E-15,-0.176157889927,
    -0.561331530836));
#8698 = B_SPLINE_CURVE_WITH_KNOTS('',3,(#8699,#8700,#8701,#8702),
  .UNSPECIFIED.,.F.,.F.,(4,4),(0.,1.),.PIECEWISE_BEZIER_KNOTS.);
#8699 = CARTESIAN_POINT('',(0.,-4.185262388385E-02,-0.628130449337));
#8700 = CARTESIAN_POINT('',(0.,-8.662104589837E-02,-0.60586414317));
#8701 = CARTESIAN_POINT('',(0.,-0.131389467913,-0.583597837003));
#8702 = CARTESIAN_POINT('',(0.,-0.176157889927,-0.561331530836));
#8703 = ORIENTED_EDGE('',*,*,#8704,.F.);
#8704 = EDGE_CURVE('',#8650,#8696,#8705,.T.);
#8705 = CIRCLE('',#8706,0.25);
#8706 = AXIS2_PLACEMENT_3D('',#8707,#8708,#8709);
#8707 = CARTESIAN_POINT('',(0.,-0.4,-0.45));
#8708 = DIRECTION('',(1.,0.,-0.));
#8709 = DIRECTION('',(0.,0.,1.));
#8710 = PLANE('',#8711);
#8711 = AXIS2_PLACEMENT_3D('',#8712,#8713,#8714);
#8712 = CARTESIAN_POINT('',(0.,-0.4,-0.45));
#8713 = DIRECTION('',(-1.,0.,0.));
#8714 = DIRECTION('',(0.,0.,1.));
#8715 = ADVANCED_FACE('',(#8716),#8742,.F.);
#8716 = FACE_BOUND('',#8717,.F.);
#8717 = EDGE_LOOP('',(#8718,#8727,#8734,#8741));
#8718 = ORIENTED_EDGE('',*,*,#8719,.T.);
#8719 = EDGE_CURVE('',#8696,#8720,#8722,.T.);
#8720 = VERTEX_POINT('',#8721);
#8721 = CARTESIAN_POINT('',(0.1,-0.15295274902,-0.488309995868));
#8722 = B_SPLINE_CURVE_WITH_KNOTS('',3,(#8723,#8724,#8725,#8726),
  .UNSPECIFIED.,.F.,.F.,(4,4),(0.,1.),.PIECEWISE_BEZIER_KNOTS.);
#8723 = CARTESIAN_POINT('',(0.,-0.176157889927,-0.561331530836));
#8724 = CARTESIAN_POINT('',(3.333333333333E-02,-0.16473927138,
    -0.5383733657));
#8725 = CARTESIAN_POINT('',(6.666666666667E-02,-0.156881979366,
    -0.513648175456));
#8726 = CARTESIAN_POINT('',(0.1,-0.15295274902,-0.488309995868));
#8727 = ORIENTED_EDGE('',*,*,#8728,.F.);
#8728 = EDGE_CURVE('',#8729,#8720,#8731,.T.);
#8729 = VERTEX_POINT('',#8730);
#8730 = CARTESIAN_POINT('',(0.1,-4.72439843256E-03,-0.511295993389));
#8731 = B_SPLINE_CURVE_WITH_KNOTS('',1,(#8732,#8733),.UNSPECIFIED.,.F.,
  .F.,(2,2),(0.,1.),.PIECEWISE_BEZIER_KNOTS.);
#8732 = CARTESIAN_POINT('',(0.1,-4.72439843256E-03,-0.511295993389));
#8733 = CARTESIAN_POINT('',(0.1,-0.15295274902,-0.488309995868));
#8734 = ORIENTED_EDGE('',*,*,#8735,.F.);
#8735 = EDGE_CURVE('',#8687,#8729,#8736,.T.);
#8736 = B_SPLINE_CURVE_WITH_KNOTS('',3,(#8737,#8738,#8739,#8740),
  .UNSPECIFIED.,.F.,.F.,(4,4),(0.,1.),.PIECEWISE_BEZIER_KNOTS.);
#8737 = CARTESIAN_POINT('',(0.,-4.185262388385E-02,-0.628130449337));
#8738 = CARTESIAN_POINT('',(3.333840040609E-02,-2.358005697762E-02,
    -0.591391801247));
#8739 = CARTESIAN_POINT('',(6.666159959391E-02,-1.101212265065E-02,
    -0.551843243468));
#8740 = CARTESIAN_POINT('',(0.1,-4.72439843256E-03,-0.511295993389));
#8741 = ORIENTED_EDGE('',*,*,#8695,.T.);
#8742 = B_SPLINE_SURFACE_WITH_KNOTS('',1,3,(
    (#8743,#8744,#8745,#8746)
    ,(#8747,#8748,#8749,#8750
    )),.UNSPECIFIED.,.F.,.F.,.F.,(2,2),(4,4),(0.,1.),(0.,1.),
  .PIECEWISE_BEZIER_KNOTS.);
#8743 = CARTESIAN_POINT('',(0.,-4.185262388385E-02,-0.628130449337));
#8744 = CARTESIAN_POINT('',(3.333840040609E-02,-2.358005697762E-02,
    -0.591391801247));
#8745 = CARTESIAN_POINT('',(6.666159959391E-02,-1.101212265065E-02,
    -0.551843243468));
#8746 = CARTESIAN_POINT('',(0.1,-4.724398432559E-03,-0.511295993389));
#8747 = CARTESIAN_POINT('',(0.,-0.176157889927,-0.561331530836));
#8748 = CARTESIAN_POINT('',(3.333655758609E-02,-0.164738166885,
    -0.538371145012));
#8749 = CARTESIAN_POINT('',(6.666344241391E-02,-0.156882359431,
    -0.513650626356));
#8750 = CARTESIAN_POINT('',(0.1,-0.15295274902,-0.488309995868));
#8751 = ADVANCED_FACE('',(#8752),#8777,.F.);
#8752 = FACE_BOUND('',#8753,.T.);
#8753 = EDGE_LOOP('',(#8754,#8755,#8763,#8771));
#8754 = ORIENTED_EDGE('',*,*,#8728,.F.);
#8755 = ORIENTED_EDGE('',*,*,#8756,.T.);
#8756 = EDGE_CURVE('',#8729,#8757,#8759,.T.);
#8757 = VERTEX_POINT('',#8758);
#8758 = CARTESIAN_POINT('',(0.3,-4.72439843256E-03,-0.511295993389));
#8759 = LINE('',#8760,#8761);
#8760 = CARTESIAN_POINT('',(-5.039670450694,-4.72439843256E-03,
    -0.511295993389));
#8761 = VECTOR('',#8762,1.);
#8762 = DIRECTION('',(1.,-0.,-0.));
#8763 = ORIENTED_EDGE('',*,*,#8764,.T.);
#8764 = EDGE_CURVE('',#8757,#8765,#8767,.T.);
#8765 = VERTEX_POINT('',#8766);
#8766 = CARTESIAN_POINT('',(0.3,-0.15295274902,-0.488309995868));
#8767 = LINE('',#8768,#8769);
#8768 = CARTESIAN_POINT('',(0.3,-0.15295274902,-0.488309995868));
#8769 = VECTOR('',#8770,1.);
#8770 = DIRECTION('',(-0.,-0.988189003919,0.153239983472));
#8771 = ORIENTED_EDGE('',*,*,#8772,.F.);
#8772 = EDGE_CURVE('',#8720,#8765,#8773,.T.);
#8773 = LINE('',#8774,#8775);
#8774 = CARTESIAN_POINT('',(0.3,-0.15295274902,-0.488309995868));
#8775 = VECTOR('',#8776,1.);
#8776 = DIRECTION('',(1.,-0.,-0.));
#8777 = PLANE('',#8778);
#8778 = AXIS2_PLACEMENT_3D('',#8779,#8780,#8781);
#8779 = CARTESIAN_POINT('',(0.2,-0.15295274902,-0.488309995868));
#8780 = DIRECTION('',(0.,0.153239983472,0.988189003919));
#8781 = DIRECTION('',(1.,0.,-0.));
#8782 = ADVANCED_FACE('',(#8783),#8801,.F.);
#8783 = FACE_BOUND('',#8784,.T.);
#8784 = EDGE_LOOP('',(#8785,#8786,#8793,#8794));
#8785 = ORIENTED_EDGE('',*,*,#8764,.F.);
#8786 = ORIENTED_EDGE('',*,*,#8787,.T.);
#8787 = EDGE_CURVE('',#8757,#7159,#8788,.T.);
#8788 = CIRCLE('',#8789,0.4);
#8789 = AXIS2_PLACEMENT_3D('',#8790,#8791,#8792);
#8790 = CARTESIAN_POINT('',(0.3,-0.4,-0.45));
#8791 = DIRECTION('',(1.,-0.,0.));
#8792 = DIRECTION('',(0.,0.,-1.));
#8793 = ORIENTED_EDGE('',*,*,#7227,.T.);
#8794 = ORIENTED_EDGE('',*,*,#8795,.F.);
#8795 = EDGE_CURVE('',#8765,#7228,#8796,.T.);
#8796 = CIRCLE('',#8797,0.25);
#8797 = AXIS2_PLACEMENT_3D('',#8798,#8799,#8800);
#8798 = CARTESIAN_POINT('',(0.3,-0.4,-0.45));
#8799 = DIRECTION('',(1.,0.,-0.));
#8800 = DIRECTION('',(0.,0.,1.));
#8801 = PLANE('',#8802);
#8802 = AXIS2_PLACEMENT_3D('',#8803,#8804,#8805);
#8803 = CARTESIAN_POINT('',(0.3,-0.4,-0.45));
#8804 = DIRECTION('',(-1.,0.,0.));
#8805 = DIRECTION('',(0.,0.,1.));
#8806 = ADVANCED_FACE('',(#8807),#8835,.F.);
#8807 = FACE_BOUND('',#8808,.T.);
#8808 = EDGE_LOOP('',(#8809,#8810,#8819,#8828));
#8809 = ORIENTED_EDGE('',*,*,#7196,.T.);
#8810 = ORIENTED_EDGE('',*,*,#8811,.T.);
#8811 = EDGE_CURVE('',#7167,#8812,#8814,.T.);
#8812 = VERTEX_POINT('',#8813);
#8813 = CARTESIAN_POINT('',(-1.6,-0.210384061967,-0.802201357243));
#8814 = CIRCLE('',#8815,0.4);
#8815 = AXIS2_PLACEMENT_3D('',#8816,#8817,#8818);
#8816 = CARTESIAN_POINT('',(-1.6,-0.4,-0.45));
#8817 = DIRECTION('',(-1.,0.,0.));
#8818 = DIRECTION('',(-0.,-2.710505431214E-15,-1.));
#8819 = ORIENTED_EDGE('',*,*,#8820,.T.);
#8820 = EDGE_CURVE('',#8812,#8821,#8823,.T.);
#8821 = VERTEX_POINT('',#8822);
#8822 = CARTESIAN_POINT('',(-1.6,-0.281490038729,-0.670125848277));
#8823 = B_SPLINE_CURVE_WITH_KNOTS('',3,(#8824,#8825,#8826,#8827),
  .UNSPECIFIED.,.F.,.F.,(4,4),(0.,1.),.PIECEWISE_BEZIER_KNOTS.);
#8824 = CARTESIAN_POINT('',(-1.6,-0.210384061967,-0.802201357243));
#8825 = CARTESIAN_POINT('',(-1.6,-0.234086054221,-0.758176187588));
#8826 = CARTESIAN_POINT('',(-1.6,-0.257788046475,-0.714151017932));
#8827 = CARTESIAN_POINT('',(-1.6,-0.281490038729,-0.670125848277));
#8828 = ORIENTED_EDGE('',*,*,#8829,.F.);
#8829 = EDGE_CURVE('',#7197,#8821,#8830,.T.);
#8830 = CIRCLE('',#8831,0.25);
#8831 = AXIS2_PLACEMENT_3D('',#8832,#8833,#8834);
#8832 = CARTESIAN_POINT('',(-1.6,-0.4,-0.45));
#8833 = DIRECTION('',(-1.,-0.,-0.));
#8834 = DIRECTION('',(0.,0.,-1.));
#8835 = PLANE('',#8836);
#8836 = AXIS2_PLACEMENT_3D('',#8837,#8838,#8839);
#8837 = CARTESIAN_POINT('',(-1.6,-0.4,-0.45));
#8838 = DIRECTION('',(1.,0.,0.));
#8839 = DIRECTION('',(0.,0.,-1.));
#8840 = ADVANCED_FACE('',(#8841),#8867,.F.);
#8841 = FACE_BOUND('',#8842,.F.);
#8842 = EDGE_LOOP('',(#8843,#8852,#8859,#8866));
#8843 = ORIENTED_EDGE('',*,*,#8844,.T.);
#8844 = EDGE_CURVE('',#8821,#8845,#8847,.T.);
#8845 = VERTEX_POINT('',#8846);
#8846 = CARTESIAN_POINT('',(-1.75,-0.391917711479,-0.69986931907));
#8847 = B_SPLINE_CURVE_WITH_KNOTS('',3,(#8848,#8849,#8850,#8851),
  .UNSPECIFIED.,.F.,.F.,(4,4),(0.,1.),.PIECEWISE_BEZIER_KNOTS.);
#8848 = CARTESIAN_POINT('',(-1.6,-0.281490038729,-0.670125848277));
#8849 = CARTESIAN_POINT('',(-1.65,-0.315355553849,-0.688358150011));
#8850 = CARTESIAN_POINT('',(-1.7,-0.353476277776,-0.698625890066));
#8851 = CARTESIAN_POINT('',(-1.75,-0.391917711479,-0.69986931907));
#8852 = ORIENTED_EDGE('',*,*,#8853,.F.);
#8853 = EDGE_CURVE('',#8854,#8845,#8856,.T.);
#8854 = VERTEX_POINT('',#8855);
#8855 = CARTESIAN_POINT('',(-1.75,-0.387068338367,-0.849790910511));
#8856 = B_SPLINE_CURVE_WITH_KNOTS('',1,(#8857,#8858),.UNSPECIFIED.,.F.,
  .F.,(2,2),(0.,1.),.PIECEWISE_BEZIER_KNOTS.);
#8857 = CARTESIAN_POINT('',(-1.75,-0.387068338367,-0.849790910511));
#8858 = CARTESIAN_POINT('',(-1.75,-0.391917711479,-0.69986931907));
#8859 = ORIENTED_EDGE('',*,*,#8860,.F.);
#8860 = EDGE_CURVE('',#8812,#8854,#8861,.T.);
#8861 = B_SPLINE_CURVE_WITH_KNOTS('',3,(#8862,#8863,#8864,#8865),
  .UNSPECIFIED.,.F.,.F.,(4,4),(0.,1.),.PIECEWISE_BEZIER_KNOTS.);
#8862 = CARTESIAN_POINT('',(-1.6,-0.210384061967,-0.802201357243));
#8863 = CARTESIAN_POINT('',(-1.650034851799,-0.26460665493,
    -0.83139337373));
#8864 = CARTESIAN_POINT('',(-1.699965148201,-0.325519172342,
    -0.847800037363));
#8865 = CARTESIAN_POINT('',(-1.75,-0.387068338367,-0.849790910511));
#8866 = ORIENTED_EDGE('',*,*,#8820,.T.);
#8867 = B_SPLINE_SURFACE_WITH_KNOTS('',1,3,(
    (#8868,#8869,#8870,#8871)
    ,(#8872,#8873,#8874,#8875
    )),.UNSPECIFIED.,.F.,.F.,.F.,(2,2),(4,4),(0.,1.),(0.,1.),
  .PIECEWISE_BEZIER_KNOTS.);
#8868 = CARTESIAN_POINT('',(-1.6,-0.210384061967,-0.802201357243));
#8869 = CARTESIAN_POINT('',(-1.650034851799,-0.26460665493,
    -0.83139337373));
#8870 = CARTESIAN_POINT('',(-1.699965148201,-0.325519172342,
    -0.847800037363));
#8871 = CARTESIAN_POINT('',(-1.75,-0.387068338367,-0.849790910511));
#8872 = CARTESIAN_POINT('',(-1.6,-0.281490038729,-0.670125848277));
#8873 = CARTESIAN_POINT('',(-1.650022910374,-0.315371071282,
    -0.688366504188));
#8874 = CARTESIAN_POINT('',(-1.699977089626,-0.353458663623,
    -0.698625320318));
#8875 = CARTESIAN_POINT('',(-1.75,-0.391917711479,-0.69986931907));
#8876 = ADVANCED_FACE('',(#8877),#8903,.F.);
#8877 = FACE_BOUND('',#8878,.T.);
#8878 = EDGE_LOOP('',(#8879,#8880,#8888,#8897));
#8879 = ORIENTED_EDGE('',*,*,#8853,.F.);
#8880 = ORIENTED_EDGE('',*,*,#8881,.T.);
#8881 = EDGE_CURVE('',#8854,#8882,#8884,.T.);
#8882 = VERTEX_POINT('',#8883);
#8883 = CARTESIAN_POINT('',(-2.6,-0.387068338367,-0.849790910511));
#8884 = LINE('',#8885,#8886);
#8885 = CARTESIAN_POINT('',(-5.039670450694,-0.387068338367,
    -0.849790910511));
#8886 = VECTOR('',#8887,1.);
#8887 = DIRECTION('',(-1.,0.,0.));
#8888 = ORIENTED_EDGE('',*,*,#8889,.T.);
#8889 = EDGE_CURVE('',#8882,#8890,#8892,.T.);
#8890 = VERTEX_POINT('',#8891);
#8891 = CARTESIAN_POINT('',(-2.6,-0.391917711479,-0.69986931907));
#8892 = B_SPLINE_CURVE_WITH_KNOTS('',3,(#8893,#8894,#8895,#8896),
  .UNSPECIFIED.,.F.,.F.,(4,4),(0.,1.),.PIECEWISE_BEZIER_KNOTS.);
#8893 = CARTESIAN_POINT('',(-2.6,-0.387068338367,-0.849790910511));
#8894 = CARTESIAN_POINT('',(-2.6,-0.388684796071,-0.799817046697));
#8895 = CARTESIAN_POINT('',(-2.6,-0.390301253775,-0.749843182883));
#8896 = CARTESIAN_POINT('',(-2.6,-0.391917711479,-0.69986931907));
#8897 = ORIENTED_EDGE('',*,*,#8898,.F.);
#8898 = EDGE_CURVE('',#8845,#8890,#8899,.T.);
#8899 = LINE('',#8900,#8901);
#8900 = CARTESIAN_POINT('',(-2.6,-0.391917711479,-0.69986931907));
#8901 = VECTOR('',#8902,1.);
#8902 = DIRECTION('',(-1.,2.55106393526E-16,-0.));
#8903 = PLANE('',#8904);
#8904 = AXIS2_PLACEMENT_3D('',#8905,#8906,#8907);
#8905 = CARTESIAN_POINT('',(-2.175,-0.391917711479,-0.69986931907));
#8906 = DIRECTION('',(-2.549730433625E-16,-0.999477276278,
    -3.232915408336E-02));
#8907 = DIRECTION('',(-1.,2.55106393526E-16,9.671903096135E-31));
#8908 = ADVANCED_FACE('',(#8909),#8937,.F.);
#8909 = FACE_BOUND('',#8910,.F.);
#8910 = EDGE_LOOP('',(#8911,#8912,#8921,#8930));
#8911 = ORIENTED_EDGE('',*,*,#8889,.T.);
#8912 = ORIENTED_EDGE('',*,*,#8913,.T.);
#8913 = EDGE_CURVE('',#8890,#8914,#8916,.T.);
#8914 = VERTEX_POINT('',#8915);
#8915 = CARTESIAN_POINT('',(-2.663977241855,-0.4,-0.7));
#8916 = B_SPLINE_CURVE_WITH_KNOTS('',3,(#8917,#8918,#8919,#8920),
  .UNSPECIFIED.,.F.,.F.,(4,4),(0.,1.),.PIECEWISE_BEZIER_KNOTS.);
#8917 = CARTESIAN_POINT('',(-2.6,-0.391917711479,-0.69986931907));
#8918 = CARTESIAN_POINT('',(-2.621620221361,-0.392587730588,
    -0.699890991549));
#8919 = CARTESIAN_POINT('',(-2.642945968647,-0.395281238138,-0.7));
#8920 = CARTESIAN_POINT('',(-2.663977241855,-0.4,-0.7));
#8921 = ORIENTED_EDGE('',*,*,#8922,.T.);
#8922 = EDGE_CURVE('',#8914,#8923,#8925,.T.);
#8923 = VERTEX_POINT('',#8924);
#8924 = CARTESIAN_POINT('',(-2.663977241855,-0.4,-0.85));
#8925 = B_SPLINE_CURVE_WITH_KNOTS('',3,(#8926,#8927,#8928,#8929),
  .UNSPECIFIED.,.F.,.F.,(4,4),(0.,1.),.PIECEWISE_BEZIER_KNOTS.);
#8926 = CARTESIAN_POINT('',(-2.663977241855,-0.4,-0.7));
#8927 = CARTESIAN_POINT('',(-2.663977241855,-0.4,-0.75));
#8928 = CARTESIAN_POINT('',(-2.663977241855,-0.4,-0.8));
#8929 = CARTESIAN_POINT('',(-2.663977241855,-0.4,-0.85));
#8930 = ORIENTED_EDGE('',*,*,#8931,.F.);
#8931 = EDGE_CURVE('',#8882,#8923,#8932,.T.);
#8932 = B_SPLINE_CURVE_WITH_KNOTS('',3,(#8933,#8934,#8935,#8936),
  .UNSPECIFIED.,.F.,.F.,(4,4),(0.,1.),.PIECEWISE_BEZIER_KNOTS.);
#8933 = CARTESIAN_POINT('',(-2.6,-0.387068338367,-0.849790910511));
#8934 = CARTESIAN_POINT('',(-2.621620336388,-0.388140374645,
    -0.849825586663));
#8935 = CARTESIAN_POINT('',(-2.6429457645,-0.392449907735,-0.85));
#8936 = CARTESIAN_POINT('',(-2.663977241855,-0.4,-0.85));
#8937 = B_SPLINE_SURFACE_WITH_KNOTS('',1,3,(
    (#8938,#8939,#8940,#8941)
    ,(#8942,#8943,#8944,#8945
    )),.UNSPECIFIED.,.F.,.F.,.F.,(2,2),(4,4),(0.,1.),(0.,1.),
  .PIECEWISE_BEZIER_KNOTS.);
#8938 = CARTESIAN_POINT('',(-2.6,-0.387068338367,-0.849790910511));
#8939 = CARTESIAN_POINT('',(-2.621620336388,-0.388140374645,
    -0.849825586663));
#8940 = CARTESIAN_POINT('',(-2.6429457645,-0.392449907735,-0.85));
#8941 = CARTESIAN_POINT('',(-2.663977241855,-0.4,-0.85));
#8942 = CARTESIAN_POINT('',(-2.6,-0.391917711479,-0.69986931907));
#8943 = CARTESIAN_POINT('',(-2.62162027432,-0.392587732229,
    -0.699890991602));
#8944 = CARTESIAN_POINT('',(-2.642945877509,-0.39528121769,-0.7));
#8945 = CARTESIAN_POINT('',(-2.663977241855,-0.4,-0.7));
#8946 = ADVANCED_FACE('',(#8947),#8967,.F.);
#8947 = FACE_BOUND('',#8948,.F.);
#8948 = EDGE_LOOP('',(#8949,#8950,#8951,#8952,#8953,#8954,#8955,#8956,
    #8957,#8958,#8959,#8965,#8966));
#8949 = ORIENTED_EDGE('',*,*,#8844,.F.);
#8950 = ORIENTED_EDGE('',*,*,#8829,.F.);
#8951 = ORIENTED_EDGE('',*,*,#7258,.F.);
#8952 = ORIENTED_EDGE('',*,*,#8795,.F.);
#8953 = ORIENTED_EDGE('',*,*,#8772,.F.);
#8954 = ORIENTED_EDGE('',*,*,#8719,.F.);
#8955 = ORIENTED_EDGE('',*,*,#8704,.F.);
#8956 = ORIENTED_EDGE('',*,*,#8649,.F.);
#8957 = ORIENTED_EDGE('',*,*,#8635,.F.);
#8958 = ORIENTED_EDGE('',*,*,#8571,.F.);
#8959 = ORIENTED_EDGE('',*,*,#8960,.T.);
#8960 = EDGE_CURVE('',#8572,#8914,#8961,.T.);
#8961 = LINE('',#8962,#8963);
#8962 = CARTESIAN_POINT('',(0.1,-0.4,-0.7));
#8963 = VECTOR('',#8964,1.);
#8964 = DIRECTION('',(-1.,0.,-0.));
#8965 = ORIENTED_EDGE('',*,*,#8913,.F.);
#8966 = ORIENTED_EDGE('',*,*,#8898,.F.);
#8967 = CYLINDRICAL_SURFACE('',#8968,0.25);
#8968 = AXIS2_PLACEMENT_3D('',#8969,#8970,#8971);
#8969 = CARTESIAN_POINT('',(-5.039670450694,-0.4,-0.45));
#8970 = DIRECTION('',(1.,-0.,-0.));
#8971 = DIRECTION('',(0.,0.,-1.));
#8972 = ADVANCED_FACE('',(#8973),#8993,.T.);
#8973 = FACE_BOUND('',#8974,.T.);
#8974 = EDGE_LOOP('',(#8975,#8976,#8977,#8978,#8979,#8980,#8981,#8982,
    #8983,#8984,#8985,#8986,#8992));
#8975 = ORIENTED_EDGE('',*,*,#8881,.F.);
#8976 = ORIENTED_EDGE('',*,*,#8860,.F.);
#8977 = ORIENTED_EDGE('',*,*,#8811,.F.);
#8978 = ORIENTED_EDGE('',*,*,#7166,.F.);
#8979 = ORIENTED_EDGE('',*,*,#8787,.F.);
#8980 = ORIENTED_EDGE('',*,*,#8756,.F.);
#8981 = ORIENTED_EDGE('',*,*,#8735,.F.);
#8982 = ORIENTED_EDGE('',*,*,#8686,.F.);
#8983 = ORIENTED_EDGE('',*,*,#8665,.F.);
#8984 = ORIENTED_EDGE('',*,*,#8618,.F.);
#8985 = ORIENTED_EDGE('',*,*,#8589,.F.);
#8986 = ORIENTED_EDGE('',*,*,#8987,.T.);
#8987 = EDGE_CURVE('',#8590,#8923,#8988,.T.);
#8988 = LINE('',#8989,#8990);
#8989 = CARTESIAN_POINT('',(0.1,-0.4,-0.85));
#8990 = VECTOR('',#8991,1.);
#8991 = DIRECTION('',(-1.,0.,-0.));
#8992 = ORIENTED_EDGE('',*,*,#8931,.F.);
#8993 = CYLINDRICAL_SURFACE('',#8994,0.4);
#8994 = AXIS2_PLACEMENT_3D('',#8995,#8996,#8997);
#8995 = CARTESIAN_POINT('',(-5.039670450694,-0.4,-0.45));
#8996 = DIRECTION('',(1.,-0.,-0.));
#8997 = DIRECTION('',(0.,0.,-1.));
#8998 = ADVANCED_FACE('',(#8999),#9033,.T.);
#8999 = FACE_BOUND('',#9000,.T.);
#9000 = EDGE_LOOP('',(#9001,#9011,#9019,#9027));
#9001 = ORIENTED_EDGE('',*,*,#9002,.F.);
#9002 = EDGE_CURVE('',#9003,#9005,#9007,.T.);
#9003 = VERTEX_POINT('',#9004);
#9004 = CARTESIAN_POINT('',(1.75,-1.989491193792,-3.904862254808E-02));
#9005 = VERTEX_POINT('',#9006);
#9006 = CARTESIAN_POINT('',(0.15,-1.989491193792,-3.904862254808E-02));
#9007 = LINE('',#9008,#9009);
#9008 = CARTESIAN_POINT('',(1.75,-1.989491193792,-3.904862254808E-02));
#9009 = VECTOR('',#9010,1.);
#9010 = DIRECTION('',(-1.,-3.785471652766E-30,-5.421010862428E-16));
#9011 = ORIENTED_EDGE('',*,*,#9012,.F.);
#9012 = EDGE_CURVE('',#9013,#9003,#9015,.T.);
#9013 = VERTEX_POINT('',#9014);
#9014 = CARTESIAN_POINT('',(1.75,-1.839491193792,-3.904862254808E-02));
#9015 = LINE('',#9016,#9017);
#9016 = CARTESIAN_POINT('',(1.75,-1.839491193792,-3.904862254808E-02));
#9017 = VECTOR('',#9018,1.);
#9018 = DIRECTION('',(0.,-1.,6.982962677686E-15));
#9019 = ORIENTED_EDGE('',*,*,#9020,.T.);
#9020 = EDGE_CURVE('',#9013,#9021,#9023,.T.);
#9021 = VERTEX_POINT('',#9022);
#9022 = CARTESIAN_POINT('',(0.15,-1.839491193792,-3.904862254809E-02));
#9023 = LINE('',#9024,#9025);
#9024 = CARTESIAN_POINT('',(1.75,-1.839491193792,-3.904862254808E-02));
#9025 = VECTOR('',#9026,1.);
#9026 = DIRECTION('',(-1.,-3.785471652766E-30,-5.421010862428E-16));
#9027 = ORIENTED_EDGE('',*,*,#9028,.T.);
#9028 = EDGE_CURVE('',#9021,#9005,#9029,.T.);
#9029 = LINE('',#9030,#9031);
#9030 = CARTESIAN_POINT('',(0.15,-1.839491193792,-3.904862254809E-02));
#9031 = VECTOR('',#9032,1.);
#9032 = DIRECTION('',(0.,-1.,6.982962677686E-15));
#9033 = PLANE('',#9034);
#9034 = AXIS2_PLACEMENT_3D('',#9035,#9036,#9037);
#9035 = CARTESIAN_POINT('',(1.75,-1.839491193792,-3.904862254808E-02));
#9036 = DIRECTION('',(-5.421010862428E-16,6.982962677686E-15,1.));
#9037 = DIRECTION('',(-1.,-3.785471652766E-30,-5.421010862428E-16));
#9038 = ADVANCED_FACE('',(#9039),#9064,.T.);
#9039 = FACE_BOUND('',#9040,.T.);
#9040 = EDGE_LOOP('',(#9041,#9049,#9057,#9063));
#9041 = ORIENTED_EDGE('',*,*,#9042,.F.);
#9042 = EDGE_CURVE('',#9043,#9003,#9045,.T.);
#9043 = VERTEX_POINT('',#9044);
#9044 = CARTESIAN_POINT('',(1.75,-1.989491193792,-0.4));
#9045 = LINE('',#9046,#9047);
#9046 = CARTESIAN_POINT('',(1.75,-1.989491193792,-0.989048622548));
#9047 = VECTOR('',#9048,1.);
#9048 = DIRECTION('',(-9.130123557773E-16,6.982962677686E-15,1.));
#9049 = ORIENTED_EDGE('',*,*,#9050,.T.);
#9050 = EDGE_CURVE('',#9043,#9051,#9053,.T.);
#9051 = VERTEX_POINT('',#9052);
#9052 = CARTESIAN_POINT('',(1.75,-1.839491193792,-0.4));
#9053 = LINE('',#9054,#9055);
#9054 = CARTESIAN_POINT('',(1.75,-1.839491193792,-0.4));
#9055 = VECTOR('',#9056,1.);
#9056 = DIRECTION('',(5.590588295423E-32,1.,-7.044195017644E-15));
#9057 = ORIENTED_EDGE('',*,*,#9058,.T.);
#9058 = EDGE_CURVE('',#9051,#9013,#9059,.T.);
#9059 = LINE('',#9060,#9061);
#9060 = CARTESIAN_POINT('',(1.75,-1.839491193792,-1.989048622548));
#9061 = VECTOR('',#9062,1.);
#9062 = DIRECTION('',(0.,6.982962677686E-15,1.));
#9063 = ORIENTED_EDGE('',*,*,#9012,.T.);
#9064 = PLANE('',#9065);
#9065 = AXIS2_PLACEMENT_3D('',#9066,#9067,#9068);
#9066 = CARTESIAN_POINT('',(1.75,-1.839491193792,-0.989048622548));
#9067 = DIRECTION('',(1.,6.375531204659E-30,9.130123557773E-16));
#9068 = DIRECTION('',(-9.130123557773E-16,6.982962677686E-15,1.));
#9069 = ADVANCED_FACE('',(#9070),#9095,.T.);
#9070 = FACE_BOUND('',#9071,.T.);
#9071 = EDGE_LOOP('',(#9072,#9080,#9088,#9094));
#9072 = ORIENTED_EDGE('',*,*,#9073,.T.);
#9073 = EDGE_CURVE('',#9021,#9074,#9076,.T.);
#9074 = VERTEX_POINT('',#9075);
#9075 = CARTESIAN_POINT('',(0.15,-1.839491193792,-0.4));
#9076 = LINE('',#9077,#9078);
#9077 = CARTESIAN_POINT('',(0.15,-1.839491193792,-3.904862254809E-02));
#9078 = VECTOR('',#9079,1.);
#9079 = DIRECTION('',(2.853163611804E-17,-6.982962677686E-15,-1.));
#9080 = ORIENTED_EDGE('',*,*,#9081,.T.);
#9081 = EDGE_CURVE('',#9074,#9082,#9084,.T.);
#9082 = VERTEX_POINT('',#9083);
#9083 = CARTESIAN_POINT('',(0.15,-1.989491193792,-0.4));
#9084 = LINE('',#9085,#9086);
#9085 = CARTESIAN_POINT('',(0.15,-1.839491193792,-0.4));
#9086 = VECTOR('',#9087,1.);
#9087 = DIRECTION('',(0.,-1.,7.044195017644E-15));
#9088 = ORIENTED_EDGE('',*,*,#9089,.F.);
#9089 = EDGE_CURVE('',#9005,#9082,#9090,.T.);
#9090 = LINE('',#9091,#9092);
#9091 = CARTESIAN_POINT('',(0.15,-1.989491193792,-0.989048622548));
#9092 = VECTOR('',#9093,1.);
#9093 = DIRECTION('',(0.,-6.982962677686E-15,-1.));
#9094 = ORIENTED_EDGE('',*,*,#9028,.F.);
#9095 = PLANE('',#9096);
#9096 = AXIS2_PLACEMENT_3D('',#9097,#9098,#9099);
#9097 = CARTESIAN_POINT('',(0.15,-1.839491193792,-0.989048622548));
#9098 = DIRECTION('',(-1.,-0.,0.));
#9099 = DIRECTION('',(0.,-6.982962677686E-15,-1.));
#9100 = ADVANCED_FACE('',(#9101),#9135,.T.);
#9101 = FACE_BOUND('',#9102,.T.);
#9102 = EDGE_LOOP('',(#9103,#9113,#9121,#9129));
#9103 = ORIENTED_EDGE('',*,*,#9104,.F.);
#9104 = EDGE_CURVE('',#9105,#9107,#9109,.T.);
#9105 = VERTEX_POINT('',#9106);
#9106 = CARTESIAN_POINT('',(-1.875,-2.024672635684,-0.15));
#9107 = VERTEX_POINT('',#9108);
#9108 = CARTESIAN_POINT('',(-2.675,-2.024672635684,-0.15));
#9109 = LINE('',#9110,#9111);
#9110 = CARTESIAN_POINT('',(-2.675,-2.024672635684,-0.15));
#9111 = VECTOR('',#9112,1.);
#9112 = DIRECTION('',(-1.,0.,-0.));
#9113 = ORIENTED_EDGE('',*,*,#9114,.F.);
#9114 = EDGE_CURVE('',#9115,#9105,#9117,.T.);
#9115 = VERTEX_POINT('',#9116);
#9116 = CARTESIAN_POINT('',(-1.875,-2.024672635684,-0.3));
#9117 = LINE('',#9118,#9119);
#9118 = CARTESIAN_POINT('',(-1.875,-2.024672635684,-0.3));
#9119 = VECTOR('',#9120,1.);
#9120 = DIRECTION('',(0.,1.047444401653E-14,1.));
#9121 = ORIENTED_EDGE('',*,*,#9122,.T.);
#9122 = EDGE_CURVE('',#9115,#9123,#9125,.T.);
#9123 = VERTEX_POINT('',#9124);
#9124 = CARTESIAN_POINT('',(-2.675,-2.024672635684,-0.3));
#9125 = LINE('',#9126,#9127);
#9126 = CARTESIAN_POINT('',(-2.675,-2.024672635684,-0.3));
#9127 = VECTOR('',#9128,1.);
#9128 = DIRECTION('',(-1.,0.,-0.));
#9129 = ORIENTED_EDGE('',*,*,#9130,.T.);
#9130 = EDGE_CURVE('',#9123,#9107,#9131,.T.);
#9131 = LINE('',#9132,#9133);
#9132 = CARTESIAN_POINT('',(-2.675,-2.024672635684,-0.3));
#9133 = VECTOR('',#9134,1.);
#9134 = DIRECTION('',(0.,1.047444401653E-14,1.));
#9135 = PLANE('',#9136);
#9136 = AXIS2_PLACEMENT_3D('',#9137,#9138,#9139);
#9137 = CARTESIAN_POINT('',(-2.675,-2.024672635684,-0.3));
#9138 = DIRECTION('',(0.,1.,-1.047444401653E-14));
#9139 = DIRECTION('',(-1.,0.,-0.));
#9140 = ADVANCED_FACE('',(#9141),#9163,.T.);
#9141 = FACE_BOUND('',#9142,.T.);
#9142 = EDGE_LOOP('',(#9143,#9150,#9156,#9157));
#9143 = ORIENTED_EDGE('',*,*,#9144,.F.);
#9144 = EDGE_CURVE('',#9145,#7040,#9147,.T.);
#9145 = VERTEX_POINT('',#9146);
#9146 = CARTESIAN_POINT('',(-1.869329110979,-2.089491193792,-0.3));
#9147 = B_SPLINE_CURVE_WITH_KNOTS('',1,(#9148,#9149),.UNSPECIFIED.,.F.,
  .F.,(2,2),(0.,1.),.PIECEWISE_BEZIER_KNOTS.);
#9148 = CARTESIAN_POINT('',(-1.869329110979,-2.089491193792,-0.3));
#9149 = CARTESIAN_POINT('',(-1.869329110979,-2.089491193792,-0.15));
#9150 = ORIENTED_EDGE('',*,*,#9151,.T.);
#9151 = EDGE_CURVE('',#9145,#9115,#9152,.T.);
#9152 = LINE('',#9153,#9154);
#9153 = CARTESIAN_POINT('',(-1.75,-3.453429173529,-0.3));
#9154 = VECTOR('',#9155,1.);
#9155 = DIRECTION('',(-8.715574274764E-02,0.996194698092,
    -1.043458559473E-14));
#9156 = ORIENTED_EDGE('',*,*,#9114,.T.);
#9157 = ORIENTED_EDGE('',*,*,#9158,.F.);
#9158 = EDGE_CURVE('',#7040,#9105,#9159,.T.);
#9159 = LINE('',#9160,#9161);
#9160 = CARTESIAN_POINT('',(-1.75,-3.453429173529,-0.15));
#9161 = VECTOR('',#9162,1.);
#9162 = DIRECTION('',(-8.715574274764E-02,0.996194698092,
    -1.043458559473E-14));
#9163 = PLANE('',#9164);
#9164 = AXIS2_PLACEMENT_3D('',#9165,#9166,#9167);
#9165 = CARTESIAN_POINT('',(-1.75,-3.453429173529,-0.3));
#9166 = DIRECTION('',(0.996194698092,8.715574274764E-02,
    -9.129079481292E-16));
#9167 = DIRECTION('',(-8.715574274764E-02,0.996194698092,
    -1.043458559473E-14));
#9168 = ADVANCED_FACE('',(#9169),#9191,.T.);
#9169 = FACE_BOUND('',#9170,.T.);
#9170 = EDGE_LOOP('',(#9171,#9178,#9184,#9185));
#9171 = ORIENTED_EDGE('',*,*,#9172,.F.);
#9172 = EDGE_CURVE('',#7021,#9173,#9175,.T.);
#9173 = VERTEX_POINT('',#9174);
#9174 = CARTESIAN_POINT('',(-2.680670889021,-2.089491193792,-0.3));
#9175 = B_SPLINE_CURVE_WITH_KNOTS('',1,(#9176,#9177),.UNSPECIFIED.,.F.,
  .F.,(2,2),(0.,1.),.PIECEWISE_BEZIER_KNOTS.);
#9176 = CARTESIAN_POINT('',(-2.680670889021,-2.089491193792,-0.15));
#9177 = CARTESIAN_POINT('',(-2.680670889021,-2.089491193792,-0.3));
#9178 = ORIENTED_EDGE('',*,*,#9179,.F.);
#9179 = EDGE_CURVE('',#9107,#7021,#9180,.T.);
#9180 = LINE('',#9181,#9182);
#9181 = CARTESIAN_POINT('',(-2.8,-3.453429173529,-0.15));
#9182 = VECTOR('',#9183,1.);
#9183 = DIRECTION('',(-8.715574274764E-02,-0.996194698092,
    1.043458559473E-14));
#9184 = ORIENTED_EDGE('',*,*,#9130,.F.);
#9185 = ORIENTED_EDGE('',*,*,#9186,.T.);
#9186 = EDGE_CURVE('',#9123,#9173,#9187,.T.);
#9187 = LINE('',#9188,#9189);
#9188 = CARTESIAN_POINT('',(-2.8,-3.453429173529,-0.3));
#9189 = VECTOR('',#9190,1.);
#9190 = DIRECTION('',(-8.715574274764E-02,-0.996194698092,
    1.043458559473E-14));
#9191 = PLANE('',#9192);
#9192 = AXIS2_PLACEMENT_3D('',#9193,#9194,#9195);
#9193 = CARTESIAN_POINT('',(-2.8,-3.453429173529,-0.3));
#9194 = DIRECTION('',(-0.996194698092,8.715574274764E-02,
    -9.129079481292E-16));
#9195 = DIRECTION('',(-8.715574274764E-02,-0.996194698092,
    1.043458559473E-14));
#9196 = ADVANCED_FACE('',(#9197),#9203,.F.);
#9197 = FACE_BOUND('',#9198,.T.);
#9198 = EDGE_LOOP('',(#9199,#9200,#9201,#9202));
#9199 = ORIENTED_EDGE('',*,*,#9179,.T.);
#9200 = ORIENTED_EDGE('',*,*,#7050,.T.);
#9201 = ORIENTED_EDGE('',*,*,#9158,.T.);
#9202 = ORIENTED_EDGE('',*,*,#9104,.T.);
#9203 = PLANE('',#9204);
#9204 = AXIS2_PLACEMENT_3D('',#9205,#9206,#9207);
#9205 = CARTESIAN_POINT('',(0.1,-5.003429173529,-0.15));
#9206 = DIRECTION('',(0.,-1.047444401653E-14,-1.));
#9207 = DIRECTION('',(0.,1.,-1.047444401653E-14));
#9208 = ADVANCED_FACE('',(#9209),#9220,.F.);
#9209 = FACE_BOUND('',#9210,.T.);
#9210 = EDGE_LOOP('',(#9211,#9217,#9218,#9219));
#9211 = ORIENTED_EDGE('',*,*,#9212,.F.);
#9212 = EDGE_CURVE('',#9043,#9082,#9213,.T.);
#9213 = LINE('',#9214,#9215);
#9214 = CARTESIAN_POINT('',(0.1,-1.989491193792,-0.4));
#9215 = VECTOR('',#9216,1.);
#9216 = DIRECTION('',(-1.,-0.,0.));
#9217 = ORIENTED_EDGE('',*,*,#9042,.T.);
#9218 = ORIENTED_EDGE('',*,*,#9002,.T.);
#9219 = ORIENTED_EDGE('',*,*,#9089,.T.);
#9220 = PLANE('',#9221);
#9221 = AXIS2_PLACEMENT_3D('',#9222,#9223,#9224);
#9222 = CARTESIAN_POINT('',(0.1,-1.989491193792,-2.489048622548));
#9223 = DIRECTION('',(0.,1.,-6.982962677686E-15));
#9224 = DIRECTION('',(0.,6.982962677686E-15,1.));
#9225 = ADVANCED_FACE('',(#9226),#9253,.F.);
#9226 = FACE_BOUND('',#9227,.T.);
#9227 = EDGE_LOOP('',(#9228,#9229,#9238,#9246));
#9228 = ORIENTED_EDGE('',*,*,#9050,.F.);
#9229 = ORIENTED_EDGE('',*,*,#9230,.T.);
#9230 = EDGE_CURVE('',#9043,#9231,#9233,.T.);
#9231 = VERTEX_POINT('',#9232);
#9232 = CARTESIAN_POINT('',(1.75,-1.539491193792,-0.85));
#9233 = CIRCLE('',#9234,0.45);
#9234 = AXIS2_PLACEMENT_3D('',#9235,#9236,#9237);
#9235 = CARTESIAN_POINT('',(1.75,-1.539491193792,-0.4));
#9236 = DIRECTION('',(1.,0.,0.));
#9237 = DIRECTION('',(0.,-1.,3.493540333564E-15));
#9238 = ORIENTED_EDGE('',*,*,#9239,.T.);
#9239 = EDGE_CURVE('',#9231,#9240,#9242,.T.);
#9240 = VERTEX_POINT('',#9241);
#9241 = CARTESIAN_POINT('',(1.75,-1.539491193792,-0.7));
#9242 = LINE('',#9243,#9244);
#9243 = CARTESIAN_POINT('',(1.75,-1.539491193792,-0.7));
#9244 = VECTOR('',#9245,1.);
#9245 = DIRECTION('',(5.590588295423E-32,3.552713678801E-15,1.));
#9246 = ORIENTED_EDGE('',*,*,#9247,.F.);
#9247 = EDGE_CURVE('',#9051,#9240,#9248,.T.);
#9248 = CIRCLE('',#9249,0.3);
#9249 = AXIS2_PLACEMENT_3D('',#9250,#9251,#9252);
#9250 = CARTESIAN_POINT('',(1.75,-1.539491193792,-0.4));
#9251 = DIRECTION('',(1.,0.,0.));
#9252 = DIRECTION('',(0.,1.,-3.433306879537E-15));
#9253 = PLANE('',#9254);
#9254 = AXIS2_PLACEMENT_3D('',#9255,#9256,#9257);
#9255 = CARTESIAN_POINT('',(1.75,-1.539491193792,-0.4));
#9256 = DIRECTION('',(-1.,0.,-0.));
#9257 = DIRECTION('',(0.,1.,-3.491481338843E-15));
#9258 = ADVANCED_FACE('',(#9259),#9270,.T.);
#9259 = FACE_BOUND('',#9260,.T.);
#9260 = EDGE_LOOP('',(#9261,#9262,#9268,#9269));
#9261 = ORIENTED_EDGE('',*,*,#9058,.F.);
#9262 = ORIENTED_EDGE('',*,*,#9263,.T.);
#9263 = EDGE_CURVE('',#9051,#9074,#9264,.T.);
#9264 = LINE('',#9265,#9266);
#9265 = CARTESIAN_POINT('',(0.1,-1.839491193792,-0.4));
#9266 = VECTOR('',#9267,1.);
#9267 = DIRECTION('',(-1.,-0.,0.));
#9268 = ORIENTED_EDGE('',*,*,#9073,.F.);
#9269 = ORIENTED_EDGE('',*,*,#9020,.F.);
#9270 = PLANE('',#9271);
#9271 = AXIS2_PLACEMENT_3D('',#9272,#9273,#9274);
#9272 = CARTESIAN_POINT('',(0.1,-1.839491193792,-2.489048622548));
#9273 = DIRECTION('',(0.,1.,-6.982962677686E-15));
#9274 = DIRECTION('',(0.,6.982962677686E-15,1.));
#9275 = ADVANCED_FACE('',(#9276),#9303,.F.);
#9276 = FACE_BOUND('',#9277,.T.);
#9277 = EDGE_LOOP('',(#9278,#9287,#9288,#9297));
#9278 = ORIENTED_EDGE('',*,*,#9279,.T.);
#9279 = EDGE_CURVE('',#9280,#9082,#9282,.T.);
#9280 = VERTEX_POINT('',#9281);
#9281 = CARTESIAN_POINT('',(0.15,-1.539491193792,-0.85));
#9282 = CIRCLE('',#9283,0.45);
#9283 = AXIS2_PLACEMENT_3D('',#9284,#9285,#9286);
#9284 = CARTESIAN_POINT('',(0.15,-1.539491193792,-0.4));
#9285 = DIRECTION('',(-1.,-0.,0.));
#9286 = DIRECTION('',(0.,-1.,-6.264279218805E-15));
#9287 = ORIENTED_EDGE('',*,*,#9081,.F.);
#9288 = ORIENTED_EDGE('',*,*,#9289,.F.);
#9289 = EDGE_CURVE('',#9290,#9074,#9292,.T.);
#9290 = VERTEX_POINT('',#9291);
#9291 = CARTESIAN_POINT('',(0.15,-1.539491193792,-0.7));
#9292 = CIRCLE('',#9293,0.3);
#9293 = AXIS2_PLACEMENT_3D('',#9294,#9295,#9296);
#9294 = CARTESIAN_POINT('',(0.15,-1.539491193792,-0.4));
#9295 = DIRECTION('',(-1.,0.,0.));
#9296 = DIRECTION('',(0.,-1.,3.433306879537E-15));
#9297 = ORIENTED_EDGE('',*,*,#9298,.T.);
#9298 = EDGE_CURVE('',#9290,#9280,#9299,.T.);
#9299 = LINE('',#9300,#9301);
#9300 = CARTESIAN_POINT('',(0.15,-1.539491193792,-0.7));
#9301 = VECTOR('',#9302,1.);
#9302 = DIRECTION('',(0.,-3.552713678801E-15,-1.));
#9303 = PLANE('',#9304);
#9304 = AXIS2_PLACEMENT_3D('',#9305,#9306,#9307);
#9305 = CARTESIAN_POINT('',(0.15,-1.539491193792,-0.4));
#9306 = DIRECTION('',(1.,0.,0.));
#9307 = DIRECTION('',(0.,-1.,3.491481338843E-15));
#9308 = ADVANCED_FACE('',(#9309),#9320,.T.);
#9309 = FACE_BOUND('',#9310,.T.);
#9310 = EDGE_LOOP('',(#9311,#9317,#9318,#9319));
#9311 = ORIENTED_EDGE('',*,*,#9312,.F.);
#9312 = EDGE_CURVE('',#9173,#9145,#9313,.T.);
#9313 = LINE('',#9314,#9315);
#9314 = CARTESIAN_POINT('',(0.1,-2.089491193792,-0.3));
#9315 = VECTOR('',#9316,1.);
#9316 = DIRECTION('',(1.,0.,0.));
#9317 = ORIENTED_EDGE('',*,*,#9186,.F.);
#9318 = ORIENTED_EDGE('',*,*,#9122,.F.);
#9319 = ORIENTED_EDGE('',*,*,#9151,.F.);
#9320 = PLANE('',#9321);
#9321 = AXIS2_PLACEMENT_3D('',#9322,#9323,#9324);
#9322 = CARTESIAN_POINT('',(0.1,-5.003429173529,-0.3));
#9323 = DIRECTION('',(0.,-1.047444401653E-14,-1.));
#9324 = DIRECTION('',(0.,1.,-1.047444401653E-14));
#9325 = ADVANCED_FACE('',(#9326),#9358,.F.);
#9326 = FACE_BOUND('',#9327,.F.);
#9327 = EDGE_LOOP('',(#9328,#9337,#9338,#9347,#9356,#9357));
#9328 = ORIENTED_EDGE('',*,*,#9329,.T.);
#9329 = EDGE_CURVE('',#9145,#6983,#9330,.T.);
#9330 = B_SPLINE_CURVE_WITH_KNOTS('',3,(#9331,#9332,#9333,#9334,#9335,
    #9336),.UNSPECIFIED.,.F.,.F.,(4,2,4),(0.,0.25,0.5),.UNSPECIFIED.);
#9331 = CARTESIAN_POINT('',(-1.869329110979,-2.089491193792,-0.3));
#9332 = CARTESIAN_POINT('',(-1.863030379378,-2.141851071351,-0.3));
#9333 = CARTESIAN_POINT('',(-1.856731647777,-2.193888525544,
    -0.321554619278));
#9334 = CARTESIAN_POINT('',(-1.844134184574,-2.267936574514,
    -0.395602668247));
#9335 = CARTESIAN_POINT('',(-1.837835452973,-2.289491193792,
    -0.44764012244));
#9336 = CARTESIAN_POINT('',(-1.831536721371,-2.289491193792,-0.5));
#9337 = ORIENTED_EDGE('',*,*,#6982,.T.);
#9338 = ORIENTED_EDGE('',*,*,#9339,.T.);
#9339 = EDGE_CURVE('',#6975,#9340,#9342,.T.);
#9340 = VERTEX_POINT('',#9341);
#9341 = CARTESIAN_POINT('',(-1.793744331763,-2.089491193792,-0.85));
#9342 = B_SPLINE_CURVE_WITH_KNOTS('',3,(#9343,#9344,#9345,#9346),
  .UNSPECIFIED.,.F.,.F.,(4,4),(0.,1.),.PIECEWISE_BEZIER_KNOTS.);
#9343 = CARTESIAN_POINT('',(-1.793744331763,-2.089491193792,-0.7));
#9344 = CARTESIAN_POINT('',(-1.793744331763,-2.089491193792,-0.75));
#9345 = CARTESIAN_POINT('',(-1.793744331763,-2.089491193792,-0.8));
#9346 = CARTESIAN_POINT('',(-1.793744331763,-2.089491193792,-0.85));
#9347 = ORIENTED_EDGE('',*,*,#9348,.F.);
#9348 = EDGE_CURVE('',#7032,#9340,#9349,.T.);
#9349 = B_SPLINE_CURVE_WITH_KNOTS('',3,(#9350,#9351,#9352,#9353,#9354,
    #9355),.UNSPECIFIED.,.F.,.F.,(4,2,4),(0.5,0.75,1.),.UNSPECIFIED.);
#9350 = CARTESIAN_POINT('',(-1.831536721371,-2.439491193792,-0.5));
#9351 = CARTESIAN_POINT('',(-1.82523798977,-2.439491193791,
    -0.59162978573));
#9352 = CARTESIAN_POINT('',(-1.818939258168,-2.401770610055,
    -0.682695330567));
#9353 = CARTESIAN_POINT('',(-1.806341794966,-2.272186524359,
    -0.812279416263));
#9354 = CARTESIAN_POINT('',(-1.800060671665,-2.181377133443,-0.85));
#9355 = CARTESIAN_POINT('',(-1.793744331763,-2.089491193792,-0.85));
#9356 = ORIENTED_EDGE('',*,*,#7039,.F.);
#9357 = ORIENTED_EDGE('',*,*,#9144,.F.);
#9358 = B_SPLINE_SURFACE_WITH_KNOTS('',1,3,(
    (#9359,#9360,#9361,#9362,#9363,#9364,#9365,#9366,#9367,#9368)
    ,(#9369,#9370,#9371,#9372,#9373,#9374,#9375,#9376,#9377,#9378
  )),.UNSPECIFIED.,.F.,.F.,.F.,(2,2),(4,2,2,2,4),(0.,1.),(0.,0.25,0.5,
    0.75,1.),.UNSPECIFIED.);
#9359 = CARTESIAN_POINT('',(-1.869329110979,-2.089491193792,-0.15));
#9360 = CARTESIAN_POINT('',(-1.863012771078,-2.181377133443,-0.15));
#9361 = CARTESIAN_POINT('',(-1.856731647777,-2.272186524359,
    -0.187720583737));
#9362 = CARTESIAN_POINT('',(-1.844134184574,-2.401770610055,
    -0.317304669433));
#9363 = CARTESIAN_POINT('',(-1.837835452973,-2.439491193792,
    -0.40837021427));
#9364 = CARTESIAN_POINT('',(-1.82523798977,-2.439491193792,
    -0.59162978573));
#9365 = CARTESIAN_POINT('',(-1.818939258168,-2.401770610055,
    -0.682695330567));
#9366 = CARTESIAN_POINT('',(-1.806341794966,-2.272186524359,
    -0.812279416263));
#9367 = CARTESIAN_POINT('',(-1.800060671665,-2.181377133443,-0.85));
#9368 = CARTESIAN_POINT('',(-1.793744331763,-2.089491193792,-0.85));
#9369 = CARTESIAN_POINT('',(-1.869329110979,-2.089491193792,-0.3));
#9370 = CARTESIAN_POINT('',(-1.86301294024,-2.141996038811,-0.3));
#9371 = CARTESIAN_POINT('',(-1.856731647777,-2.193888525544,
    -0.321554619278));
#9372 = CARTESIAN_POINT('',(-1.844134184574,-2.267936574514,
    -0.395602668247));
#9373 = CARTESIAN_POINT('',(-1.837835452973,-2.289491193792,
    -0.44764012244));
#9374 = CARTESIAN_POINT('',(-1.82523798977,-2.289491193792,
    -0.55235987756));
#9375 = CARTESIAN_POINT('',(-1.818939258168,-2.267936574514,
    -0.604397331753));
#9376 = CARTESIAN_POINT('',(-1.806341794966,-2.193888525544,
    -0.678445380722));
#9377 = CARTESIAN_POINT('',(-1.800060502502,-2.141996038811,-0.7));
#9378 = CARTESIAN_POINT('',(-1.793744331763,-2.089491193792,-0.7));
#9379 = ADVANCED_FACE('',(#9380),#9412,.F.);
#9380 = FACE_BOUND('',#9381,.F.);
#9381 = EDGE_LOOP('',(#9382,#9383,#9392,#9393,#9394,#9405));
#9382 = ORIENTED_EDGE('',*,*,#7001,.T.);
#9383 = ORIENTED_EDGE('',*,*,#9384,.T.);
#9384 = EDGE_CURVE('',#6994,#9173,#9385,.T.);
#9385 = B_SPLINE_CURVE_WITH_KNOTS('',3,(#9386,#9387,#9388,#9389,#9390,
    #9391),.UNSPECIFIED.,.F.,.F.,(4,2,4),(0.5,0.75,1.),.UNSPECIFIED.);
#9386 = CARTESIAN_POINT('',(-2.718463278629,-2.289491193792,-0.5));
#9387 = CARTESIAN_POINT('',(-2.712164547027,-2.289491193792,
    -0.44764012244));
#9388 = CARTESIAN_POINT('',(-2.705865815426,-2.267936574514,
    -0.395602668247));
#9389 = CARTESIAN_POINT('',(-2.693268352223,-2.193888525544,
    -0.321554619278));
#9390 = CARTESIAN_POINT('',(-2.686969620622,-2.141851071351,-0.3));
#9391 = CARTESIAN_POINT('',(-2.680670889021,-2.089491193792,-0.3));
#9392 = ORIENTED_EDGE('',*,*,#9172,.F.);
#9393 = ORIENTED_EDGE('',*,*,#7018,.F.);
#9394 = ORIENTED_EDGE('',*,*,#9395,.F.);
#9395 = EDGE_CURVE('',#9396,#7019,#9398,.T.);
#9396 = VERTEX_POINT('',#9397);
#9397 = CARTESIAN_POINT('',(-2.756255668237,-2.089491193792,-0.85));
#9398 = B_SPLINE_CURVE_WITH_KNOTS('',3,(#9399,#9400,#9401,#9402,#9403,
    #9404),.UNSPECIFIED.,.F.,.F.,(4,2,4),(0.,0.25,0.5),.UNSPECIFIED.);
#9399 = CARTESIAN_POINT('',(-2.756255668237,-2.089491193792,-0.85));
#9400 = CARTESIAN_POINT('',(-2.749939328335,-2.181377133443,-0.85));
#9401 = CARTESIAN_POINT('',(-2.743658205034,-2.272186524359,
    -0.812279416263));
#9402 = CARTESIAN_POINT('',(-2.731060741832,-2.401770610055,
    -0.682695330567));
#9403 = CARTESIAN_POINT('',(-2.72476201023,-2.439491193792,
    -0.591629785729));
#9404 = CARTESIAN_POINT('',(-2.718463278629,-2.439491193792,-0.5));
#9405 = ORIENTED_EDGE('',*,*,#9406,.T.);
#9406 = EDGE_CURVE('',#9396,#6973,#9407,.T.);
#9407 = B_SPLINE_CURVE_WITH_KNOTS('',3,(#9408,#9409,#9410,#9411),
  .UNSPECIFIED.,.F.,.F.,(4,4),(0.,1.),.PIECEWISE_BEZIER_KNOTS.);
#9408 = CARTESIAN_POINT('',(-2.756255668237,-2.089491193792,-0.85));
#9409 = CARTESIAN_POINT('',(-2.756255668237,-2.089491193792,-0.8));
#9410 = CARTESIAN_POINT('',(-2.756255668237,-2.089491193792,-0.75));
#9411 = CARTESIAN_POINT('',(-2.756255668237,-2.089491193792,-0.7));
#9412 = B_SPLINE_SURFACE_WITH_KNOTS('',1,3,(
    (#9413,#9414,#9415,#9416,#9417,#9418,#9419,#9420,#9421,#9422)
    ,(#9423,#9424,#9425,#9426,#9427,#9428,#9429,#9430,#9431,#9432
  )),.UNSPECIFIED.,.F.,.F.,.F.,(2,2),(4,2,2,2,4),(0.,1.),(0.,0.25,0.5,
    0.75,1.),.UNSPECIFIED.);
#9413 = CARTESIAN_POINT('',(-2.756255668237,-2.089491193792,-0.85));
#9414 = CARTESIAN_POINT('',(-2.749939328335,-2.181377133443,-0.85));
#9415 = CARTESIAN_POINT('',(-2.743658205034,-2.272186524359,
    -0.812279416263));
#9416 = CARTESIAN_POINT('',(-2.731060741832,-2.401770610055,
    -0.682695330567));
#9417 = CARTESIAN_POINT('',(-2.72476201023,-2.439491193792,
    -0.59162978573));
#9418 = CARTESIAN_POINT('',(-2.712164547027,-2.439491193792,
    -0.40837021427));
#9419 = CARTESIAN_POINT('',(-2.705865815426,-2.401770610055,
    -0.317304669433));
#9420 = CARTESIAN_POINT('',(-2.693268352223,-2.272186524359,
    -0.187720583737));
#9421 = CARTESIAN_POINT('',(-2.686987228922,-2.181377133443,-0.15));
#9422 = CARTESIAN_POINT('',(-2.680670889021,-2.089491193792,-0.15));
#9423 = CARTESIAN_POINT('',(-2.756255668237,-2.089491193792,-0.7));
#9424 = CARTESIAN_POINT('',(-2.749939497498,-2.141996038811,-0.7));
#9425 = CARTESIAN_POINT('',(-2.743658205034,-2.193888525544,
    -0.678445380722));
#9426 = CARTESIAN_POINT('',(-2.731060741832,-2.267936574514,
    -0.604397331753));
#9427 = CARTESIAN_POINT('',(-2.72476201023,-2.289491193792,
    -0.55235987756));
#9428 = CARTESIAN_POINT('',(-2.712164547027,-2.289491193792,
    -0.44764012244));
#9429 = CARTESIAN_POINT('',(-2.705865815426,-2.267936574514,
    -0.395602668247));
#9430 = CARTESIAN_POINT('',(-2.693268352223,-2.193888525544,
    -0.321554619278));
#9431 = CARTESIAN_POINT('',(-2.68698705976,-2.141996038811,-0.3));
#9432 = CARTESIAN_POINT('',(-2.680670889021,-2.089491193792,-0.3));
#9433 = ADVANCED_FACE('',(#9434),#9445,.T.);
#9434 = FACE_BOUND('',#9435,.T.);
#9435 = EDGE_LOOP('',(#9436,#9437,#9438,#9444));
#9436 = ORIENTED_EDGE('',*,*,#7031,.F.);
#9437 = ORIENTED_EDGE('',*,*,#9395,.F.);
#9438 = ORIENTED_EDGE('',*,*,#9439,.T.);
#9439 = EDGE_CURVE('',#9396,#9340,#9440,.T.);
#9440 = LINE('',#9441,#9442);
#9441 = CARTESIAN_POINT('',(0.1,-2.089491193792,-0.85));
#9442 = VECTOR('',#9443,1.);
#9443 = DIRECTION('',(1.,0.,0.));
#9444 = ORIENTED_EDGE('',*,*,#9348,.F.);
#9445 = CYLINDRICAL_SURFACE('',#9446,0.35);
#9446 = AXIS2_PLACEMENT_3D('',#9447,#9448,#9449);
#9447 = CARTESIAN_POINT('',(-3.577043357832,-2.089491193792,-0.5));
#9448 = DIRECTION('',(1.,0.,0.));
#9449 = DIRECTION('',(0.,-1.,3.407492542097E-15));
#9450 = ADVANCED_FACE('',(#9451),#9462,.T.);
#9451 = FACE_BOUND('',#9452,.T.);
#9452 = EDGE_LOOP('',(#9453,#9459,#9460,#9461));
#9453 = ORIENTED_EDGE('',*,*,#9454,.F.);
#9454 = EDGE_CURVE('',#9231,#9280,#9455,.T.);
#9455 = LINE('',#9456,#9457);
#9456 = CARTESIAN_POINT('',(0.1,-1.539491193792,-0.85));
#9457 = VECTOR('',#9458,1.);
#9458 = DIRECTION('',(-1.,0.,-0.));
#9459 = ORIENTED_EDGE('',*,*,#9230,.F.);
#9460 = ORIENTED_EDGE('',*,*,#9212,.T.);
#9461 = ORIENTED_EDGE('',*,*,#9279,.F.);
#9462 = CYLINDRICAL_SURFACE('',#9463,0.45);
#9463 = AXIS2_PLACEMENT_3D('',#9464,#9465,#9466);
#9464 = CARTESIAN_POINT('',(-0.761571873958,-1.539491193792,-0.4));
#9465 = DIRECTION('',(1.,0.,0.));
#9466 = DIRECTION('',(0.,-1.,3.493540333564E-15));
#9467 = ADVANCED_FACE('',(#9468),#9493,.T.);
#9468 = FACE_BOUND('',#9469,.T.);
#9469 = EDGE_LOOP('',(#9470,#9471,#9479,#9487));
#9470 = ORIENTED_EDGE('',*,*,#9239,.F.);
#9471 = ORIENTED_EDGE('',*,*,#9472,.F.);
#9472 = EDGE_CURVE('',#9473,#9231,#9475,.T.);
#9473 = VERTEX_POINT('',#9474);
#9474 = CARTESIAN_POINT('',(1.75,-0.539491193792,-0.85));
#9475 = LINE('',#9476,#9477);
#9476 = CARTESIAN_POINT('',(1.75,-1.539491193792,-0.85));
#9477 = VECTOR('',#9478,1.);
#9478 = DIRECTION('',(-9.130123557773E-16,-1.,3.491481338843E-15));
#9479 = ORIENTED_EDGE('',*,*,#9480,.F.);
#9480 = EDGE_CURVE('',#9481,#9473,#9483,.T.);
#9481 = VERTEX_POINT('',#9482);
#9482 = CARTESIAN_POINT('',(1.75,-0.539491193792,-0.7));
#9483 = LINE('',#9484,#9485);
#9484 = CARTESIAN_POINT('',(1.75,-0.539491193792,-0.7));
#9485 = VECTOR('',#9486,1.);
#9486 = DIRECTION('',(0.,-3.491481338843E-15,-1.));
#9487 = ORIENTED_EDGE('',*,*,#9488,.T.);
#9488 = EDGE_CURVE('',#9481,#9240,#9489,.T.);
#9489 = LINE('',#9490,#9491);
#9490 = CARTESIAN_POINT('',(1.75,-0.539491193792,-0.7));
#9491 = VECTOR('',#9492,1.);
#9492 = DIRECTION('',(0.,-1.,3.491481338843E-15));
#9493 = PLANE('',#9494);
#9494 = AXIS2_PLACEMENT_3D('',#9495,#9496,#9497);
#9495 = CARTESIAN_POINT('',(1.75,-1.539491193792,-0.7));
#9496 = DIRECTION('',(1.,-9.130123557773E-16,3.18776560233E-30));
#9497 = DIRECTION('',(-9.130123557773E-16,-1.,3.491481338843E-15));
#9498 = ADVANCED_FACE('',(#9499),#9510,.F.);
#9499 = FACE_BOUND('',#9500,.F.);
#9500 = EDGE_LOOP('',(#9501,#9502,#9503,#9504));
#9501 = ORIENTED_EDGE('',*,*,#9247,.F.);
#9502 = ORIENTED_EDGE('',*,*,#9263,.T.);
#9503 = ORIENTED_EDGE('',*,*,#9289,.F.);
#9504 = ORIENTED_EDGE('',*,*,#9505,.F.);
#9505 = EDGE_CURVE('',#9240,#9290,#9506,.T.);
#9506 = LINE('',#9507,#9508);
#9507 = CARTESIAN_POINT('',(0.1,-1.539491193792,-0.7));
#9508 = VECTOR('',#9509,1.);
#9509 = DIRECTION('',(-1.,0.,-0.));
#9510 = CYLINDRICAL_SURFACE('',#9511,0.3);
#9511 = AXIS2_PLACEMENT_3D('',#9512,#9513,#9514);
#9512 = CARTESIAN_POINT('',(-0.761571873958,-1.539491193792,-0.4));
#9513 = DIRECTION('',(1.,0.,0.));
#9514 = DIRECTION('',(0.,-1.,3.433306879537E-15));
#9515 = ADVANCED_FACE('',(#9516),#9541,.T.);
#9516 = FACE_BOUND('',#9517,.T.);
#9517 = EDGE_LOOP('',(#9518,#9519,#9527,#9535));
#9518 = ORIENTED_EDGE('',*,*,#9298,.F.);
#9519 = ORIENTED_EDGE('',*,*,#9520,.T.);
#9520 = EDGE_CURVE('',#9290,#9521,#9523,.T.);
#9521 = VERTEX_POINT('',#9522);
#9522 = CARTESIAN_POINT('',(0.15,-1.339491193792,-0.7));
#9523 = LINE('',#9524,#9525);
#9524 = CARTESIAN_POINT('',(0.15,-2.489491193792,-0.7));
#9525 = VECTOR('',#9526,1.);
#9526 = DIRECTION('',(2.853163611804E-17,1.,-3.491481338843E-15));
#9527 = ORIENTED_EDGE('',*,*,#9528,.T.);
#9528 = EDGE_CURVE('',#9521,#9529,#9531,.T.);
#9529 = VERTEX_POINT('',#9530);
#9530 = CARTESIAN_POINT('',(0.15,-1.339491193792,-0.85));
#9531 = LINE('',#9532,#9533);
#9532 = CARTESIAN_POINT('',(0.15,-1.339491193792,-0.7));
#9533 = VECTOR('',#9534,1.);
#9534 = DIRECTION('',(0.,-3.491481338843E-15,-1.));
#9535 = ORIENTED_EDGE('',*,*,#9536,.F.);
#9536 = EDGE_CURVE('',#9280,#9529,#9537,.T.);
#9537 = LINE('',#9538,#9539);
#9538 = CARTESIAN_POINT('',(0.15,-1.539491193792,-0.85));
#9539 = VECTOR('',#9540,1.);
#9540 = DIRECTION('',(0.,1.,-3.491481338843E-15));
#9541 = PLANE('',#9542);
#9542 = AXIS2_PLACEMENT_3D('',#9543,#9544,#9545);
#9543 = CARTESIAN_POINT('',(0.15,-1.539491193792,-0.7));
#9544 = DIRECTION('',(-1.,0.,-0.));
#9545 = DIRECTION('',(0.,1.,-3.491481338843E-15));
#9546 = ADVANCED_FACE('',(#9547),#9574,.F.);
#9547 = FACE_BOUND('',#9548,.F.);
#9548 = EDGE_LOOP('',(#9549,#9559,#9566,#9567));
#9549 = ORIENTED_EDGE('',*,*,#9550,.F.);
#9550 = EDGE_CURVE('',#9551,#9553,#9555,.T.);
#9551 = VERTEX_POINT('',#9552);
#9552 = CARTESIAN_POINT('',(-1.7763568394E-15,-1.189491193792,-0.7));
#9553 = VERTEX_POINT('',#9554);
#9554 = CARTESIAN_POINT('',(-1.7763568394E-15,-1.189491193792,-0.85));
#9555 = LINE('',#9556,#9557);
#9556 = CARTESIAN_POINT('',(-1.984707325099E-16,-1.189491193792,-0.7));
#9557 = VECTOR('',#9558,1.);
#9558 = DIRECTION('',(0.,-3.491481338843E-15,-1.));
#9559 = ORIENTED_EDGE('',*,*,#9560,.F.);
#9560 = EDGE_CURVE('',#9521,#9551,#9561,.T.);
#9561 = CIRCLE('',#9562,0.15);
#9562 = AXIS2_PLACEMENT_3D('',#9563,#9564,#9565);
#9563 = CARTESIAN_POINT('',(-2.168404344971E-16,-1.339491193792,-0.7));
#9564 = DIRECTION('',(0.,3.491481338843E-15,1.));
#9565 = DIRECTION('',(0.,-1.,3.491481338843E-15));
#9566 = ORIENTED_EDGE('',*,*,#9528,.T.);
#9567 = ORIENTED_EDGE('',*,*,#9568,.T.);
#9568 = EDGE_CURVE('',#9529,#9553,#9569,.T.);
#9569 = CIRCLE('',#9570,0.15);
#9570 = AXIS2_PLACEMENT_3D('',#9571,#9572,#9573);
#9571 = CARTESIAN_POINT('',(-2.168404344971E-16,-1.339491193792,-0.85));
#9572 = DIRECTION('',(0.,3.491481338843E-15,1.));
#9573 = DIRECTION('',(0.,-1.,3.491481338843E-15));
#9574 = CYLINDRICAL_SURFACE('',#9575,0.15);
#9575 = AXIS2_PLACEMENT_3D('',#9576,#9577,#9578);
#9576 = CARTESIAN_POINT('',(-2.168404344971E-16,-1.339491193792,-0.7));
#9577 = DIRECTION('',(0.,-3.491481338843E-15,-1.));
#9578 = DIRECTION('',(0.,1.,-3.491481338843E-15));
#9579 = ADVANCED_FACE('',(#9580),#9605,.T.);
#9580 = FACE_BOUND('',#9581,.T.);
#9581 = EDGE_LOOP('',(#9582,#9590,#9591,#9599));
#9582 = ORIENTED_EDGE('',*,*,#9583,.F.);
#9583 = EDGE_CURVE('',#9553,#9584,#9586,.T.);
#9584 = VERTEX_POINT('',#9585);
#9585 = CARTESIAN_POINT('',(-1.6,-1.189491193792,-0.85));
#9586 = LINE('',#9587,#9588);
#9587 = CARTESIAN_POINT('',(-2.168404344971E-16,-1.189491193792,-0.85));
#9588 = VECTOR('',#9589,1.);
#9589 = DIRECTION('',(-1.,0.,-0.));
#9590 = ORIENTED_EDGE('',*,*,#9550,.F.);
#9591 = ORIENTED_EDGE('',*,*,#9592,.T.);
#9592 = EDGE_CURVE('',#9551,#9593,#9595,.T.);
#9593 = VERTEX_POINT('',#9594);
#9594 = CARTESIAN_POINT('',(-1.6,-1.189491193792,-0.7));
#9595 = LINE('',#9596,#9597);
#9596 = CARTESIAN_POINT('',(-2.168404344971E-16,-1.189491193792,-0.7));
#9597 = VECTOR('',#9598,1.);
#9598 = DIRECTION('',(-1.,0.,-0.));
#9599 = ORIENTED_EDGE('',*,*,#9600,.T.);
#9600 = EDGE_CURVE('',#9593,#9584,#9601,.T.);
#9601 = LINE('',#9602,#9603);
#9602 = CARTESIAN_POINT('',(-1.6,-1.189491193792,-0.7));
#9603 = VECTOR('',#9604,1.);
#9604 = DIRECTION('',(0.,-3.491481338843E-15,-1.));
#9605 = PLANE('',#9606);
#9606 = AXIS2_PLACEMENT_3D('',#9607,#9608,#9609);
#9607 = CARTESIAN_POINT('',(-2.168404344971E-16,-1.189491193792,-0.7));
#9608 = DIRECTION('',(0.,-1.,3.491481338843E-15));
#9609 = DIRECTION('',(-1.,0.,0.));
#9610 = ADVANCED_FACE('',(#9611),#9638,.F.);
#9611 = FACE_BOUND('',#9612,.F.);
#9612 = EDGE_LOOP('',(#9613,#9623,#9630,#9631));
#9613 = ORIENTED_EDGE('',*,*,#9614,.F.);
#9614 = EDGE_CURVE('',#9615,#9617,#9619,.T.);
#9615 = VERTEX_POINT('',#9616);
#9616 = CARTESIAN_POINT('',(-1.75,-1.339491193792,-0.7));
#9617 = VERTEX_POINT('',#9618);
#9618 = CARTESIAN_POINT('',(-1.75,-1.339491193792,-0.85));
#9619 = LINE('',#9620,#9621);
#9620 = CARTESIAN_POINT('',(-1.75,-1.339491193792,-0.7));
#9621 = VECTOR('',#9622,1.);
#9622 = DIRECTION('',(0.,-3.491481338843E-15,-1.));
#9623 = ORIENTED_EDGE('',*,*,#9624,.F.);
#9624 = EDGE_CURVE('',#9593,#9615,#9625,.T.);
#9625 = CIRCLE('',#9626,0.15);
#9626 = AXIS2_PLACEMENT_3D('',#9627,#9628,#9629);
#9627 = CARTESIAN_POINT('',(-1.6,-1.339491193792,-0.7));
#9628 = DIRECTION('',(0.,3.491481338843E-15,1.));
#9629 = DIRECTION('',(0.,1.,-3.491481338843E-15));
#9630 = ORIENTED_EDGE('',*,*,#9600,.T.);
#9631 = ORIENTED_EDGE('',*,*,#9632,.T.);
#9632 = EDGE_CURVE('',#9584,#9617,#9633,.T.);
#9633 = CIRCLE('',#9634,0.15);
#9634 = AXIS2_PLACEMENT_3D('',#9635,#9636,#9637);
#9635 = CARTESIAN_POINT('',(-1.6,-1.339491193792,-0.85));
#9636 = DIRECTION('',(0.,3.491481338843E-15,1.));
#9637 = DIRECTION('',(0.,1.,-3.491481338843E-15));
#9638 = CYLINDRICAL_SURFACE('',#9639,0.15);
#9639 = AXIS2_PLACEMENT_3D('',#9640,#9641,#9642);
#9640 = CARTESIAN_POINT('',(-1.6,-1.339491193792,-0.7));
#9641 = DIRECTION('',(0.,-3.491481338843E-15,-1.));
#9642 = DIRECTION('',(0.,1.,-3.491481338843E-15));
#9643 = ADVANCED_FACE('',(#9644),#9669,.T.);
#9644 = FACE_BOUND('',#9645,.T.);
#9645 = EDGE_LOOP('',(#9646,#9654,#9655,#9663));
#9646 = ORIENTED_EDGE('',*,*,#9647,.F.);
#9647 = EDGE_CURVE('',#9617,#9648,#9650,.T.);
#9648 = VERTEX_POINT('',#9649);
#9649 = CARTESIAN_POINT('',(-1.75,-1.589491193792,-0.85));
#9650 = LINE('',#9651,#9652);
#9651 = CARTESIAN_POINT('',(-1.75,-1.339491193792,-0.85));
#9652 = VECTOR('',#9653,1.);
#9653 = DIRECTION('',(-1.734723475977E-15,-1.,3.491481338843E-15));
#9654 = ORIENTED_EDGE('',*,*,#9614,.F.);
#9655 = ORIENTED_EDGE('',*,*,#9656,.T.);
#9656 = EDGE_CURVE('',#9615,#9657,#9659,.T.);
#9657 = VERTEX_POINT('',#9658);
#9658 = CARTESIAN_POINT('',(-1.75,-1.589491193792,-0.7));
#9659 = LINE('',#9660,#9661);
#9660 = CARTESIAN_POINT('',(-1.75,-1.339491193792,-0.7));
#9661 = VECTOR('',#9662,1.);
#9662 = DIRECTION('',(-1.734723475977E-15,-1.,3.491481338843E-15));
#9663 = ORIENTED_EDGE('',*,*,#9664,.T.);
#9664 = EDGE_CURVE('',#9657,#9648,#9665,.T.);
#9665 = LINE('',#9666,#9667);
#9666 = CARTESIAN_POINT('',(-1.75,-1.589491193792,-0.7));
#9667 = VECTOR('',#9668,1.);
#9668 = DIRECTION('',(0.,-3.491481338843E-15,-1.));
#9669 = PLANE('',#9670);
#9670 = AXIS2_PLACEMENT_3D('',#9671,#9672,#9673);
#9671 = CARTESIAN_POINT('',(-1.75,-1.339491193792,-0.7));
#9672 = DIRECTION('',(1.,-1.734723475977E-15,6.056754644426E-30));
#9673 = DIRECTION('',(-1.734723475977E-15,-1.,3.491481338843E-15));
#9674 = ADVANCED_FACE('',(#9675),#9691,.T.);
#9675 = FACE_BOUND('',#9676,.T.);
#9676 = EDGE_LOOP('',(#9677,#9683,#9684,#9690));
#9677 = ORIENTED_EDGE('',*,*,#9678,.T.);
#9678 = EDGE_CURVE('',#9657,#6975,#9679,.T.);
#9679 = LINE('',#9680,#9681);
#9680 = CARTESIAN_POINT('',(-1.75,-1.589491193792,-0.7));
#9681 = VECTOR('',#9682,1.);
#9682 = DIRECTION('',(-8.715574274764E-02,-0.996194698092,
    3.478195198241E-15));
#9683 = ORIENTED_EDGE('',*,*,#9339,.T.);
#9684 = ORIENTED_EDGE('',*,*,#9685,.F.);
#9685 = EDGE_CURVE('',#9648,#9340,#9686,.T.);
#9686 = LINE('',#9687,#9688);
#9687 = CARTESIAN_POINT('',(-1.75,-1.589491193792,-0.85));
#9688 = VECTOR('',#9689,1.);
#9689 = DIRECTION('',(-8.715574274764E-02,-0.996194698092,
    3.478195198241E-15));
#9690 = ORIENTED_EDGE('',*,*,#9664,.F.);
#9691 = PLANE('',#9692);
#9692 = AXIS2_PLACEMENT_3D('',#9693,#9694,#9695);
#9693 = CARTESIAN_POINT('',(-1.75,-1.589491193792,-0.7));
#9694 = DIRECTION('',(0.996194698092,-8.715574274764E-02,
    3.043026493764E-16));
#9695 = DIRECTION('',(-8.715574274764E-02,-0.996194698092,
    3.478195198241E-15));
#9696 = ADVANCED_FACE('',(#9697),#9703,.F.);
#9697 = FACE_BOUND('',#9698,.F.);
#9698 = EDGE_LOOP('',(#9699,#9700,#9701,#9702));
#9699 = ORIENTED_EDGE('',*,*,#9329,.F.);
#9700 = ORIENTED_EDGE('',*,*,#9312,.F.);
#9701 = ORIENTED_EDGE('',*,*,#9384,.F.);
#9702 = ORIENTED_EDGE('',*,*,#6993,.T.);
#9703 = CYLINDRICAL_SURFACE('',#9704,0.2);
#9704 = AXIS2_PLACEMENT_3D('',#9705,#9706,#9707);
#9705 = CARTESIAN_POINT('',(-3.577043357832,-2.089491193792,-0.5));
#9706 = DIRECTION('',(1.,0.,0.));
#9707 = DIRECTION('',(0.,-1.,3.252606517457E-15));
#9708 = ADVANCED_FACE('',(#9709),#9734,.T.);
#9709 = FACE_BOUND('',#9710,.T.);
#9710 = EDGE_LOOP('',(#9711,#9719,#9720,#9728));
#9711 = ORIENTED_EDGE('',*,*,#9712,.F.);
#9712 = EDGE_CURVE('',#9396,#9713,#9715,.T.);
#9713 = VERTEX_POINT('',#9714);
#9714 = CARTESIAN_POINT('',(-2.8,-1.589491193792,-0.85));
#9715 = LINE('',#9716,#9717);
#9716 = CARTESIAN_POINT('',(-2.8,-1.589491193792,-0.85));
#9717 = VECTOR('',#9718,1.);
#9718 = DIRECTION('',(-8.715574274764E-02,0.996194698092,
    -3.478195198241E-15));
#9719 = ORIENTED_EDGE('',*,*,#9406,.T.);
#9720 = ORIENTED_EDGE('',*,*,#9721,.T.);
#9721 = EDGE_CURVE('',#6973,#9722,#9724,.T.);
#9722 = VERTEX_POINT('',#9723);
#9723 = CARTESIAN_POINT('',(-2.8,-1.589491193792,-0.7));
#9724 = LINE('',#9725,#9726);
#9725 = CARTESIAN_POINT('',(-2.8,-1.589491193792,-0.7));
#9726 = VECTOR('',#9727,1.);
#9727 = DIRECTION('',(-8.715574274764E-02,0.996194698092,
    -3.478195198241E-15));
#9728 = ORIENTED_EDGE('',*,*,#9729,.T.);
#9729 = EDGE_CURVE('',#9722,#9713,#9730,.T.);
#9730 = LINE('',#9731,#9732);
#9731 = CARTESIAN_POINT('',(-2.8,-1.589491193792,-0.7));
#9732 = VECTOR('',#9733,1.);
#9733 = DIRECTION('',(0.,-3.491481338843E-15,-1.));
#9734 = PLANE('',#9735);
#9735 = AXIS2_PLACEMENT_3D('',#9736,#9737,#9738);
#9736 = CARTESIAN_POINT('',(-2.8,-1.589491193792,-0.7));
#9737 = DIRECTION('',(-0.996194698092,-8.715574274764E-02,
    3.043026493764E-16));
#9738 = DIRECTION('',(-8.715574274764E-02,0.996194698092,
    -3.478195198241E-15));
#9739 = ADVANCED_FACE('',(#9740),#9765,.T.);
#9740 = FACE_BOUND('',#9741,.T.);
#9741 = EDGE_LOOP('',(#9742,#9750,#9751,#9759));
#9742 = ORIENTED_EDGE('',*,*,#9743,.F.);
#9743 = EDGE_CURVE('',#9713,#9744,#9746,.T.);
#9744 = VERTEX_POINT('',#9745);
#9745 = CARTESIAN_POINT('',(-2.8,-0.589491193792,-0.85));
#9746 = LINE('',#9747,#9748);
#9747 = CARTESIAN_POINT('',(-2.8,-0.589491193792,-0.85));
#9748 = VECTOR('',#9749,1.);
#9749 = DIRECTION('',(0.,1.,-3.491481338843E-15));
#9750 = ORIENTED_EDGE('',*,*,#9729,.F.);
#9751 = ORIENTED_EDGE('',*,*,#9752,.T.);
#9752 = EDGE_CURVE('',#9722,#9753,#9755,.T.);
#9753 = VERTEX_POINT('',#9754);
#9754 = CARTESIAN_POINT('',(-2.8,-0.589491193792,-0.7));
#9755 = LINE('',#9756,#9757);
#9756 = CARTESIAN_POINT('',(-2.8,-0.589491193792,-0.7));
#9757 = VECTOR('',#9758,1.);
#9758 = DIRECTION('',(0.,1.,-3.491481338843E-15));
#9759 = ORIENTED_EDGE('',*,*,#9760,.T.);
#9760 = EDGE_CURVE('',#9753,#9744,#9761,.T.);
#9761 = LINE('',#9762,#9763);
#9762 = CARTESIAN_POINT('',(-2.8,-0.589491193792,-0.7));
#9763 = VECTOR('',#9764,1.);
#9764 = DIRECTION('',(0.,-3.491481338843E-15,-1.));
#9765 = PLANE('',#9766);
#9766 = AXIS2_PLACEMENT_3D('',#9767,#9768,#9769);
#9767 = CARTESIAN_POINT('',(-2.8,-0.589491193792,-0.7));
#9768 = DIRECTION('',(-1.,0.,-0.));
#9769 = DIRECTION('',(0.,1.,-3.491481338843E-15));
#9770 = ADVANCED_FACE('',(#9771),#9799,.T.);
#9771 = FACE_BOUND('',#9772,.T.);
#9772 = EDGE_LOOP('',(#9773,#9780,#9781,#9788,#9789,#9790,#9791,#9792,
    #9793,#9794,#9795,#9796,#9797,#9798));
#9773 = ORIENTED_EDGE('',*,*,#9774,.F.);
#9774 = EDGE_CURVE('',#8572,#9481,#9775,.T.);
#9775 = CIRCLE('',#9776,0.2);
#9776 = AXIS2_PLACEMENT_3D('',#9777,#9778,#9779);
#9777 = CARTESIAN_POINT('',(1.55,-0.539491193792,-0.7));
#9778 = DIRECTION('',(0.,-3.491481338843E-15,-1.));
#9779 = DIRECTION('',(0.,1.,-3.491481338843E-15));
#9780 = ORIENTED_EDGE('',*,*,#8960,.T.);
#9781 = ORIENTED_EDGE('',*,*,#9782,.F.);
#9782 = EDGE_CURVE('',#9753,#8914,#9783,.T.);
#9783 = CIRCLE('',#9784,0.2);
#9784 = AXIS2_PLACEMENT_3D('',#9785,#9786,#9787);
#9785 = CARTESIAN_POINT('',(-2.6,-0.589491193792,-0.7));
#9786 = DIRECTION('',(0.,-3.491481338843E-15,-1.));
#9787 = DIRECTION('',(0.,-1.,3.491481338843E-15));
#9788 = ORIENTED_EDGE('',*,*,#9752,.F.);
#9789 = ORIENTED_EDGE('',*,*,#9721,.F.);
#9790 = ORIENTED_EDGE('',*,*,#6972,.T.);
#9791 = ORIENTED_EDGE('',*,*,#9678,.F.);
#9792 = ORIENTED_EDGE('',*,*,#9656,.F.);
#9793 = ORIENTED_EDGE('',*,*,#9624,.F.);
#9794 = ORIENTED_EDGE('',*,*,#9592,.F.);
#9795 = ORIENTED_EDGE('',*,*,#9560,.F.);
#9796 = ORIENTED_EDGE('',*,*,#9520,.F.);
#9797 = ORIENTED_EDGE('',*,*,#9505,.F.);
#9798 = ORIENTED_EDGE('',*,*,#9488,.F.);
#9799 = PLANE('',#9800);
#9800 = AXIS2_PLACEMENT_3D('',#9801,#9802,#9803);
#9801 = CARTESIAN_POINT('',(0.1,-3.949119379166E-02,-0.7));
#9802 = DIRECTION('',(0.,3.491481338843E-15,1.));
#9803 = DIRECTION('',(0.,-1.,3.491481338843E-15));
#9804 = ADVANCED_FACE('',(#9805),#9817,.T.);
#9805 = FACE_BOUND('',#9806,.T.);
#9806 = EDGE_LOOP('',(#9807,#9808,#9809,#9816));
#9807 = ORIENTED_EDGE('',*,*,#9782,.T.);
#9808 = ORIENTED_EDGE('',*,*,#8922,.T.);
#9809 = ORIENTED_EDGE('',*,*,#9810,.F.);
#9810 = EDGE_CURVE('',#9744,#8923,#9811,.T.);
#9811 = CIRCLE('',#9812,0.2);
#9812 = AXIS2_PLACEMENT_3D('',#9813,#9814,#9815);
#9813 = CARTESIAN_POINT('',(-2.6,-0.589491193792,-0.85));
#9814 = DIRECTION('',(0.,-3.491481338843E-15,-1.));
#9815 = DIRECTION('',(0.,-1.,3.491481338843E-15));
#9816 = ORIENTED_EDGE('',*,*,#9760,.F.);
#9817 = CYLINDRICAL_SURFACE('',#9818,0.2);
#9818 = AXIS2_PLACEMENT_3D('',#9819,#9820,#9821);
#9819 = CARTESIAN_POINT('',(-2.6,-0.589491193792,-0.7));
#9820 = DIRECTION('',(0.,-3.491481338843E-15,-1.));
#9821 = DIRECTION('',(0.,1.,-3.491481338843E-15));
#9822 = ADVANCED_FACE('',(#9823),#9845,.F.);
#9823 = FACE_BOUND('',#9824,.T.);
#9824 = EDGE_LOOP('',(#9825,#9826,#9833,#9834,#9835,#9836,#9837,#9838,
    #9839,#9840,#9841,#9842,#9843,#9844));
#9825 = ORIENTED_EDGE('',*,*,#8987,.F.);
#9826 = ORIENTED_EDGE('',*,*,#9827,.T.);
#9827 = EDGE_CURVE('',#8590,#9473,#9828,.T.);
#9828 = CIRCLE('',#9829,0.2);
#9829 = AXIS2_PLACEMENT_3D('',#9830,#9831,#9832);
#9830 = CARTESIAN_POINT('',(1.55,-0.539491193792,-0.85));
#9831 = DIRECTION('',(0.,-3.491481338843E-15,-1.));
#9832 = DIRECTION('',(0.,1.,-3.491481338843E-15));
#9833 = ORIENTED_EDGE('',*,*,#9472,.T.);
#9834 = ORIENTED_EDGE('',*,*,#9454,.T.);
#9835 = ORIENTED_EDGE('',*,*,#9536,.T.);
#9836 = ORIENTED_EDGE('',*,*,#9568,.T.);
#9837 = ORIENTED_EDGE('',*,*,#9583,.T.);
#9838 = ORIENTED_EDGE('',*,*,#9632,.T.);
#9839 = ORIENTED_EDGE('',*,*,#9647,.T.);
#9840 = ORIENTED_EDGE('',*,*,#9685,.T.);
#9841 = ORIENTED_EDGE('',*,*,#9439,.F.);
#9842 = ORIENTED_EDGE('',*,*,#9712,.T.);
#9843 = ORIENTED_EDGE('',*,*,#9743,.T.);
#9844 = ORIENTED_EDGE('',*,*,#9810,.T.);
#9845 = PLANE('',#9846);
#9846 = AXIS2_PLACEMENT_3D('',#9847,#9848,#9849);
#9847 = CARTESIAN_POINT('',(0.1,-3.949119379166E-02,-0.85));
#9848 = DIRECTION('',(0.,3.491481338843E-15,1.));
#9849 = DIRECTION('',(0.,-1.,3.491481338843E-15));
#9850 = ADVANCED_FACE('',(#9851),#9857,.T.);
#9851 = FACE_BOUND('',#9852,.T.);
#9852 = EDGE_LOOP('',(#9853,#9854,#9855,#9856));
#9853 = ORIENTED_EDGE('',*,*,#9827,.F.);
#9854 = ORIENTED_EDGE('',*,*,#8598,.T.);
#9855 = ORIENTED_EDGE('',*,*,#9774,.T.);
#9856 = ORIENTED_EDGE('',*,*,#9480,.T.);
#9857 = CYLINDRICAL_SURFACE('',#9858,0.2);
#9858 = AXIS2_PLACEMENT_3D('',#9859,#9860,#9861);
#9859 = CARTESIAN_POINT('',(1.55,-0.539491193792,-0.7));
#9860 = DIRECTION('',(0.,-3.491481338843E-15,-1.));
#9861 = DIRECTION('',(0.,1.,-3.491481338843E-15));
#9862 = ( GEOMETRIC_REPRESENTATION_CONTEXT(3) 
GLOBAL_UNCERTAINTY_ASSIGNED_CONTEXT((#9866)) 
GLOBAL_UNIT_ASSIGNED_CONTEXT((#9863,#9864,#9865)) REPRESENTATION_CONTEXT
('Context #1','3D Context with UNIT and UNCERTAINTY') );
#9863 = ( LENGTH_UNIT() NAMED_UNIT(*) SI_UNIT(.MILLI.,.METRE.) );
#9864 = ( NAMED_UNIT(*) PLANE_ANGLE_UNIT() SI_UNIT($,.RADIAN.) );
#9865 = ( NAMED_UNIT(*) SI_UNIT($,.STERADIAN.) SOLID_ANGLE_UNIT() );
#9866 = UNCERTAINTY_MEASURE_WITH_UNIT(LENGTH_MEASURE(5.E-05),#9863,
  'distance_accuracy_value','confusion accuracy');
#9867 = CONTEXT_DEPENDENT_SHAPE_REPRESENTATION(#9868,#9870);
#9868 = ( REPRESENTATION_RELATIONSHIP('','',#6965,#175) 
REPRESENTATION_RELATIONSHIP_WITH_TRANSFORMATION(#9869) 
SHAPE_REPRESENTATION_RELATIONSHIP() );
#9869 = ITEM_DEFINED_TRANSFORMATION('','',#11,#184);
#9870 = PRODUCT_DEFINITION_SHAPE('Placement','Placement of an item',
  #9871);
#9871 = NEXT_ASSEMBLY_USAGE_OCCURRENCE('3','pin003','',#170,#6960,$);
#9872 = PRODUCT_RELATED_PRODUCT_CATEGORY('part',$,(#6962));
#9873 = CONTEXT_DEPENDENT_SHAPE_REPRESENTATION(#9874,#9876);
#9874 = ( REPRESENTATION_RELATIONSHIP('','',#152,#10) 
REPRESENTATION_RELATIONSHIP_WITH_TRANSFORMATION(#9875) 
SHAPE_REPRESENTATION_RELATIONSHIP() );
#9875 = ITEM_DEFINED_TRANSFORMATION('','',#11,#19);
#9876 = PRODUCT_DEFINITION_SHAPE('Placement','Placement of an item',
  #9877);
#9877 = NEXT_ASSEMBLY_USAGE_OCCURRENCE('6','L-T0','',#5,#147,$);
#9878 = CONTEXT_DEPENDENT_SHAPE_REPRESENTATION(#9879,#9881);
#9879 = ( REPRESENTATION_RELATIONSHIP('','',#152,#10) 
REPRESENTATION_RELATIONSHIP_WITH_TRANSFORMATION(#9880) 
SHAPE_REPRESENTATION_RELATIONSHIP() );
#9880 = ITEM_DEFINED_TRANSFORMATION('','',#11,#23);
#9881 = PRODUCT_DEFINITION_SHAPE('Placement','Placement of an item',
  #9882);
#9882 = NEXT_ASSEMBLY_USAGE_OCCURRENCE('7','L-STAR0','',#5,#147,$);
#9883 = CONTEXT_DEPENDENT_SHAPE_REPRESENTATION(#9884,#9886);
#9884 = ( REPRESENTATION_RELATIONSHIP('','',#152,#10) 
REPRESENTATION_RELATIONSHIP_WITH_TRANSFORMATION(#9885) 
SHAPE_REPRESENTATION_RELATIONSHIP() );
#9885 = ITEM_DEFINED_TRANSFORMATION('','',#11,#27);
#9886 = PRODUCT_DEFINITION_SHAPE('Placement','Placement of an item',
  #9887);
#9887 = NEXT_ASSEMBLY_USAGE_OCCURRENCE('8','LS2','',#5,#147,$);
#9888 = CONTEXT_DEPENDENT_SHAPE_REPRESENTATION(#9889,#9891);
#9889 = ( REPRESENTATION_RELATIONSHIP('','',#152,#10) 
REPRESENTATION_RELATIONSHIP_WITH_TRANSFORMATION(#9890) 
SHAPE_REPRESENTATION_RELATIONSHIP() );
#9890 = ITEM_DEFINED_TRANSFORMATION('','',#11,#31);
#9891 = PRODUCT_DEFINITION_SHAPE('Placement','Placement of an item',
  #9892);
#9892 = NEXT_ASSEMBLY_USAGE_OCCURRENCE('9','L-K0','',#5,#147,$);
#9893 = CONTEXT_DEPENDENT_SHAPE_REPRESENTATION(#9894,#9896);
#9894 = ( REPRESENTATION_RELATIONSHIP('','',#152,#10) 
REPRESENTATION_RELATIONSHIP_WITH_TRANSFORMATION(#9895) 
SHAPE_REPRESENTATION_RELATIONSHIP() );
#9895 = ITEM_DEFINED_TRANSFORMATION('','',#11,#35);
#9896 = PRODUCT_DEFINITION_SHAPE('Placement','Placement of an item',
  #9897);
#9897 = NEXT_ASSEMBLY_USAGE_OCCURRENCE('10','L-P0','',#5,#147,$);
#9898 = CONTEXT_DEPENDENT_SHAPE_REPRESENTATION(#9899,#9901);
#9899 = ( REPRESENTATION_RELATIONSHIP('','',#152,#10) 
REPRESENTATION_RELATIONSHIP_WITH_TRANSFORMATION(#9900) 
SHAPE_REPRESENTATION_RELATIONSHIP() );
#9900 = ITEM_DEFINED_TRANSFORMATION('','',#11,#39);
#9901 = PRODUCT_DEFINITION_SHAPE('Placement','Placement of an item',
  #9902);
#9902 = NEXT_ASSEMBLY_USAGE_OCCURRENCE('11','LF1','',#5,#147,$);
#9903 = CONTEXT_DEPENDENT_SHAPE_REPRESENTATION(#9904,#9906);
#9904 = ( REPRESENTATION_RELATIONSHIP('','',#152,#10) 
REPRESENTATION_RELATIONSHIP_WITH_TRANSFORMATION(#9905) 
SHAPE_REPRESENTATION_RELATIONSHIP() );
#9905 = ITEM_DEFINED_TRANSFORMATION('','',#11,#43);
#9906 = PRODUCT_DEFINITION_SHAPE('Placement','Placement of an item',
  #9907);
#9907 = NEXT_ASSEMBLY_USAGE_OCCURRENCE('12','LF2','',#5,#147,$);
#9908 = CONTEXT_DEPENDENT_SHAPE_REPRESENTATION(#9909,#9911);
#9909 = ( REPRESENTATION_RELATIONSHIP('','',#152,#10) 
REPRESENTATION_RELATIONSHIP_WITH_TRANSFORMATION(#9910) 
SHAPE_REPRESENTATION_RELATIONSHIP() );
#9910 = ITEM_DEFINED_TRANSFORMATION('','',#11,#47);
#9911 = PRODUCT_DEFINITION_SHAPE('Placement','Placement of an item',
  #9912);
#9912 = NEXT_ASSEMBLY_USAGE_OCCURRENCE('13','L-S0','',#5,#147,$);
#9913 = CONTEXT_DEPENDENT_SHAPE_REPRESENTATION(#9914,#9916);
#9914 = ( REPRESENTATION_RELATIONSHIP('','',#152,#10) 
REPRESENTATION_RELATIONSHIP_WITH_TRANSFORMATION(#9915) 
SHAPE_REPRESENTATION_RELATIONSHIP() );
#9915 = ITEM_DEFINED_TRANSFORMATION('','',#11,#51);
#9916 = PRODUCT_DEFINITION_SHAPE('Placement','Placement of an item',
  #9917);
#9917 = NEXT_ASSEMBLY_USAGE_OCCURRENCE('14','L-W0','',#5,#147,$);
#9918 = CONTEXT_DEPENDENT_SHAPE_REPRESENTATION(#9919,#9921);
#9919 = ( REPRESENTATION_RELATIONSHIP('','',#152,#10) 
REPRESENTATION_RELATIONSHIP_WITH_TRANSFORMATION(#9920) 
SHAPE_REPRESENTATION_RELATIONSHIP() );
#9920 = ITEM_DEFINED_TRANSFORMATION('','',#11,#55);
#9921 = PRODUCT_DEFINITION_SHAPE('Placement','Placement of an item',
  #9922);
#9922 = NEXT_ASSEMBLY_USAGE_OCCURRENCE('15','LNUM0','',#5,#147,$);
#9923 = CONTEXT_DEPENDENT_SHAPE_REPRESENTATION(#9924,#9926);
#9924 = ( REPRESENTATION_RELATIONSHIP('','',#152,#10) 
REPRESENTATION_RELATIONSHIP_WITH_TRANSFORMATION(#9925) 
SHAPE_REPRESENTATION_RELATIONSHIP() );
#9925 = ITEM_DEFINED_TRANSFORMATION('','',#11,#59);
#9926 = PRODUCT_DEFINITION_SHAPE('Placement','Placement of an item',
  #9927);
#9927 = NEXT_ASSEMBLY_USAGE_OCCURRENCE('16','L-A0','',#5,#147,$);
#9928 = CONTEXT_DEPENDENT_SHAPE_REPRESENTATION(#9929,#9931);
#9929 = ( REPRESENTATION_RELATIONSHIP('','',#152,#10) 
REPRESENTATION_RELATIONSHIP_WITH_TRANSFORMATION(#9930) 
SHAPE_REPRESENTATION_RELATIONSHIP() );
#9930 = ITEM_DEFINED_TRANSFORMATION('','',#11,#63);
#9931 = PRODUCT_DEFINITION_SHAPE('Placement','Placement of an item',
  #9932);
#9932 = NEXT_ASSEMBLY_USAGE_OCCURRENCE('17','LS1','',#5,#147,$);
#9933 = CONTEXT_DEPENDENT_SHAPE_REPRESENTATION(#9934,#9936);
#9934 = ( REPRESENTATION_RELATIONSHIP('','',#152,#10) 
REPRESENTATION_RELATIONSHIP_WITH_TRANSFORMATION(#9935) 
SHAPE_REPRESENTATION_RELATIONSHIP() );
#9935 = ITEM_DEFINED_TRANSFORMATION('','',#11,#67);
#9936 = PRODUCT_DEFINITION_SHAPE('Placement','Placement of an item',
  #9937);
#9937 = NEXT_ASSEMBLY_USAGE_OCCURRENCE('18','L-O0','',#5,#147,$);
#9938 = CONTEXT_DEPENDENT_SHAPE_REPRESENTATION(#9939,#9941);
#9939 = ( REPRESENTATION_RELATIONSHIP('','',#152,#10) 
REPRESENTATION_RELATIONSHIP_WITH_TRANSFORMATION(#9940) 
SHAPE_REPRESENTATION_RELATIONSHIP() );
#9940 = ITEM_DEFINED_TRANSFORMATION('','',#11,#71);
#9941 = PRODUCT_DEFINITION_SHAPE('Placement','Placement of an item',
  #9942);
#9942 = NEXT_ASSEMBLY_USAGE_OCCURRENCE('19','L-H0','',#5,#147,$);
#9943 = SHAPE_DEFINITION_REPRESENTATION(#9944,#9950);
#9944 = PRODUCT_DEFINITION_SHAPE('','',#9945);
#9945 = PRODUCT_DEFINITION('design','',#9946,#9949);
#9946 = PRODUCT_DEFINITION_FORMATION('','',#9947);
#9947 = PRODUCT('D_SOD-123','D_SOD-123','',(#9948));
#9948 = PRODUCT_CONTEXT('',#2,'mechanical');
#9949 = PRODUCT_DEFINITION_CONTEXT('part definition',#2,'design');
#9950 = SHAPE_REPRESENTATION('',(#11,#9951),#9955);
#9951 = AXIS2_PLACEMENT_3D('',#9952,#9953,#9954);
#9952 = CARTESIAN_POINT('',(0.,0.,0.));
#9953 = DIRECTION('',(0.,0.,1.));
#9954 = DIRECTION('',(1.,0.,-0.));
#9955 = ( GEOMETRIC_REPRESENTATION_CONTEXT(3) 
GLOBAL_UNCERTAINTY_ASSIGNED_CONTEXT((#9959)) 
GLOBAL_UNIT_ASSIGNED_CONTEXT((#9956,#9957,#9958)) REPRESENTATION_CONTEXT
('Context #1','3D Context with UNIT and UNCERTAINTY') );
#9956 = ( LENGTH_UNIT() NAMED_UNIT(*) SI_UNIT(.MILLI.,.METRE.) );
#9957 = ( NAMED_UNIT(*) PLANE_ANGLE_UNIT() SI_UNIT($,.RADIAN.) );
#9958 = ( NAMED_UNIT(*) SI_UNIT($,.STERADIAN.) SOLID_ANGLE_UNIT() );
#9959 = UNCERTAINTY_MEASURE_WITH_UNIT(LENGTH_MEASURE(1.E-07),#9956,
  'distance_accuracy_value','confusion accuracy');
#9960 = CONTEXT_DEPENDENT_SHAPE_REPRESENTATION(#9961,#9963);
#9961 = ( REPRESENTATION_RELATIONSHIP('','',#9950,#10) 
REPRESENTATION_RELATIONSHIP_WITH_TRANSFORMATION(#9962) 
SHAPE_REPRESENTATION_RELATIONSHIP() );
#9962 = ITEM_DEFINED_TRANSFORMATION('','',#11,#75);
#9963 = PRODUCT_DEFINITION_SHAPE('Placement','Placement of an item',
  #9964);
#9964 = NEXT_ASSEMBLY_USAGE_OCCURRENCE('21','D_LO0','',#5,#9945,$);
#9965 = PRODUCT_RELATED_PRODUCT_CATEGORY('part',$,(#9947));
#9966 = SHAPE_DEFINITION_REPRESENTATION(#9967,#9973);
#9967 = PRODUCT_DEFINITION_SHAPE('','',#9968);
#9968 = PRODUCT_DEFINITION('design','',#9969,#9972);
#9969 = PRODUCT_DEFINITION_FORMATION('','',#9970);
#9970 = PRODUCT('D_SOD-123','D_SOD-123','',(#9971));
#9971 = PRODUCT_CONTEXT('',#2,'mechanical');
#9972 = PRODUCT_DEFINITION_CONTEXT('part definition',#2,'design');
#9973 = ADVANCED_BREP_SHAPE_REPRESENTATION('',(#11,#9974),#11662);
#9974 = MANIFOLD_SOLID_BREP('',#9975);
#9975 = CLOSED_SHELL('',(#9976,#10030,#10093,#10116,#10146,#10179,#10209
    ,#10232,#10255,#10278,#10301,#10324,#10357,#10380,#10403,#10491,
    #10566,#10590,#10658,#10746,#10762,#10778,#10794,#10810,#10827,
    #10860,#10877,#10899,#10930,#10953,#10976,#10999,#11029,#11046,
    #11063,#11080,#11097,#11114,#11131,#11148,#11160,#11183,#11206,
    #11223,#11298,#11322,#11390,#11407,#11457,#11474,#11491,#11508,
    #11525,#11542,#11554,#11585,#11609,#11633,#11650));
#9976 = ADVANCED_FACE('',(#9977),#10025,.F.);
#9977 = FACE_BOUND('',#9978,.F.);
#9978 = EDGE_LOOP('',(#9979,#9989,#9996,#10004,#10012,#10020));
#9979 = ORIENTED_EDGE('',*,*,#9980,.T.);
#9980 = EDGE_CURVE('',#9981,#9983,#9985,.T.);
#9981 = VERTEX_POINT('',#9982);
#9982 = CARTESIAN_POINT('',(-1.308243103516,-0.671621551758,0.1));
#9983 = VERTEX_POINT('',#9984);
#9984 = CARTESIAN_POINT('',(-1.308243103516,0.671621551758,0.1));
#9985 = LINE('',#9986,#9987);
#9986 = CARTESIAN_POINT('',(-1.308243103516,-0.671621551758,0.1));
#9987 = VECTOR('',#9988,1.);
#9988 = DIRECTION('',(0.,1.,0.));
#9989 = ORIENTED_EDGE('',*,*,#9990,.T.);
#9990 = EDGE_CURVE('',#9983,#9991,#9993,.T.);
#9991 = VERTEX_POINT('',#9992);
#9992 = CARTESIAN_POINT('',(-1.375,0.705,0.575));
#9993 = B_SPLINE_CURVE_WITH_KNOTS('',1,(#9994,#9995),.UNSPECIFIED.,.F.,
  .F.,(2,2),(0.,1.),.PIECEWISE_BEZIER_KNOTS.);
#9994 = CARTESIAN_POINT('',(-1.308243103516,0.671621551758,0.1));
#9995 = CARTESIAN_POINT('',(-1.375,0.705,0.575));
#9996 = ORIENTED_EDGE('',*,*,#9997,.F.);
#9997 = EDGE_CURVE('',#9998,#9991,#10000,.T.);
#9998 = VERTEX_POINT('',#9999);
#9999 = CARTESIAN_POINT('',(-1.375,0.325,0.575));
#10000 = LINE('',#10001,#10002);
#10001 = CARTESIAN_POINT('',(-1.375,-0.705,0.575));
#10002 = VECTOR('',#10003,1.);
#10003 = DIRECTION('',(0.,1.,0.));
#10004 = ORIENTED_EDGE('',*,*,#10005,.F.);
#10005 = EDGE_CURVE('',#10006,#9998,#10008,.T.);
#10006 = VERTEX_POINT('',#10007);
#10007 = CARTESIAN_POINT('',(-1.375,-0.325,0.575));
#10008 = LINE('',#10009,#10010);
#10009 = CARTESIAN_POINT('',(-1.375,-0.325,0.575));
#10010 = VECTOR('',#10011,1.);
#10011 = DIRECTION('',(1.110223024625E-16,1.,0.));
#10012 = ORIENTED_EDGE('',*,*,#10013,.F.);
#10013 = EDGE_CURVE('',#10014,#10006,#10016,.T.);
#10014 = VERTEX_POINT('',#10015);
#10015 = CARTESIAN_POINT('',(-1.375,-0.705,0.575));
#10016 = LINE('',#10017,#10018);
#10017 = CARTESIAN_POINT('',(-1.375,-0.705,0.575));
#10018 = VECTOR('',#10019,1.);
#10019 = DIRECTION('',(0.,1.,0.));
#10020 = ORIENTED_EDGE('',*,*,#10021,.F.);
#10021 = EDGE_CURVE('',#9981,#10014,#10022,.T.);
#10022 = B_SPLINE_CURVE_WITH_KNOTS('',1,(#10023,#10024),.UNSPECIFIED.,
  .F.,.F.,(2,2),(0.,1.),.PIECEWISE_BEZIER_KNOTS.);
#10023 = CARTESIAN_POINT('',(-1.308243103516,-0.671621551758,0.1));
#10024 = CARTESIAN_POINT('',(-1.375,-0.705,0.575));
#10025 = B_SPLINE_SURFACE_WITH_KNOTS('',1,1,(
    (#10026,#10027)
    ,(#10028,#10029
    )),.UNSPECIFIED.,.F.,.F.,.F.,(2,2),(2,2),(0.,1.41),(0.,1.),
  .PIECEWISE_BEZIER_KNOTS.);
#10026 = CARTESIAN_POINT('',(-1.308243103516,-0.671621551758,0.1));
#10027 = CARTESIAN_POINT('',(-1.375,-0.705,0.575));
#10028 = CARTESIAN_POINT('',(-1.308243103516,0.671621551758,0.1));
#10029 = CARTESIAN_POINT('',(-1.375,0.705,0.575));
#10030 = ADVANCED_FACE('',(#10031),#10088,.F.);
#10031 = FACE_BOUND('',#10032,.T.);
#10032 = EDGE_LOOP('',(#10033,#10034,#10042,#10050,#10058,#10066,#10074,
    #10082));
#10033 = ORIENTED_EDGE('',*,*,#9980,.T.);
#10034 = ORIENTED_EDGE('',*,*,#10035,.T.);
#10035 = EDGE_CURVE('',#9983,#10036,#10038,.T.);
#10036 = VERTEX_POINT('',#10037);
#10037 = CARTESIAN_POINT('',(-1.246621551758,0.733243103516,0.1));
#10038 = LINE('',#10039,#10040);
#10039 = CARTESIAN_POINT('',(-1.308243103516,0.671621551758,0.1));
#10040 = VECTOR('',#10041,1.);
#10041 = DIRECTION('',(0.707106781187,0.707106781187,0.));
#10042 = ORIENTED_EDGE('',*,*,#10043,.T.);
#10043 = EDGE_CURVE('',#10036,#10044,#10046,.T.);
#10044 = VERTEX_POINT('',#10045);
#10045 = CARTESIAN_POINT('',(1.246621551758,0.733243103516,0.1));
#10046 = LINE('',#10047,#10048);
#10047 = CARTESIAN_POINT('',(-1.246621551758,0.733243103516,0.1));
#10048 = VECTOR('',#10049,1.);
#10049 = DIRECTION('',(1.,0.,0.));
#10050 = ORIENTED_EDGE('',*,*,#10051,.T.);
#10051 = EDGE_CURVE('',#10044,#10052,#10054,.T.);
#10052 = VERTEX_POINT('',#10053);
#10053 = CARTESIAN_POINT('',(1.308243103516,0.671621551758,0.1));
#10054 = LINE('',#10055,#10056);
#10055 = CARTESIAN_POINT('',(1.246621551758,0.733243103516,0.1));
#10056 = VECTOR('',#10057,1.);
#10057 = DIRECTION('',(0.707106781187,-0.707106781187,0.));
#10058 = ORIENTED_EDGE('',*,*,#10059,.T.);
#10059 = EDGE_CURVE('',#10052,#10060,#10062,.T.);
#10060 = VERTEX_POINT('',#10061);
#10061 = CARTESIAN_POINT('',(1.308243103516,-0.671621551758,0.1));
#10062 = LINE('',#10063,#10064);
#10063 = CARTESIAN_POINT('',(1.308243103516,0.671621551758,0.1));
#10064 = VECTOR('',#10065,1.);
#10065 = DIRECTION('',(0.,-1.,0.));
#10066 = ORIENTED_EDGE('',*,*,#10067,.T.);
#10067 = EDGE_CURVE('',#10060,#10068,#10070,.T.);
#10068 = VERTEX_POINT('',#10069);
#10069 = CARTESIAN_POINT('',(1.246621551758,-0.733243103516,0.1));
#10070 = LINE('',#10071,#10072);
#10071 = CARTESIAN_POINT('',(1.308243103516,-0.671621551758,0.1));
#10072 = VECTOR('',#10073,1.);
#10073 = DIRECTION('',(-0.707106781187,-0.707106781187,0.));
#10074 = ORIENTED_EDGE('',*,*,#10075,.T.);
#10075 = EDGE_CURVE('',#10068,#10076,#10078,.T.);
#10076 = VERTEX_POINT('',#10077);
#10077 = CARTESIAN_POINT('',(-1.246621551758,-0.733243103516,0.1));
#10078 = LINE('',#10079,#10080);
#10079 = CARTESIAN_POINT('',(1.246621551758,-0.733243103516,0.1));
#10080 = VECTOR('',#10081,1.);
#10081 = DIRECTION('',(-1.,0.,0.));
#10082 = ORIENTED_EDGE('',*,*,#10083,.T.);
#10083 = EDGE_CURVE('',#10076,#9981,#10084,.T.);
#10084 = LINE('',#10085,#10086);
#10085 = CARTESIAN_POINT('',(-1.246621551758,-0.733243103516,0.1));
#10086 = VECTOR('',#10087,1.);
#10087 = DIRECTION('',(-0.707106781187,0.707106781187,0.));
#10088 = PLANE('',#10089);
#10089 = AXIS2_PLACEMENT_3D('',#10090,#10091,#10092);
#10090 = CARTESIAN_POINT('',(-1.308243103516,-0.671621551758,0.1));
#10091 = DIRECTION('',(0.,0.,1.));
#10092 = DIRECTION('',(0.889616464678,0.456708381546,-0.));
#10093 = ADVANCED_FACE('',(#10094),#10111,.F.);
#10094 = FACE_BOUND('',#10095,.F.);
#10095 = EDGE_LOOP('',(#10096,#10097,#10104,#10110));
#10096 = ORIENTED_EDGE('',*,*,#10035,.T.);
#10097 = ORIENTED_EDGE('',*,*,#10098,.T.);
#10098 = EDGE_CURVE('',#10036,#10099,#10101,.T.);
#10099 = VERTEX_POINT('',#10100);
#10100 = CARTESIAN_POINT('',(-1.28,0.8,0.575));
#10101 = B_SPLINE_CURVE_WITH_KNOTS('',1,(#10102,#10103),.UNSPECIFIED.,
  .F.,.F.,(2,2),(0.,1.),.PIECEWISE_BEZIER_KNOTS.);
#10102 = CARTESIAN_POINT('',(-1.246621551758,0.733243103516,0.1));
#10103 = CARTESIAN_POINT('',(-1.28,0.8,0.575));
#10104 = ORIENTED_EDGE('',*,*,#10105,.F.);
#10105 = EDGE_CURVE('',#9991,#10099,#10106,.T.);
#10106 = LINE('',#10107,#10108);
#10107 = CARTESIAN_POINT('',(-1.375,0.705,0.575));
#10108 = VECTOR('',#10109,1.);
#10109 = DIRECTION('',(0.707106781187,0.707106781187,0.));
#10110 = ORIENTED_EDGE('',*,*,#9990,.F.);
#10111 = B_SPLINE_SURFACE_WITH_KNOTS('',1,1,(
    (#10112,#10113)
    ,(#10114,#10115
    )),.UNSPECIFIED.,.F.,.F.,.F.,(2,2),(2,2),(0.,0.134350288425),(0.,1.)
  ,.PIECEWISE_BEZIER_KNOTS.);
#10112 = CARTESIAN_POINT('',(-1.308243103516,0.671621551758,0.1));
#10113 = CARTESIAN_POINT('',(-1.375,0.705,0.575));
#10114 = CARTESIAN_POINT('',(-1.246621551758,0.733243103516,0.1));
#10115 = CARTESIAN_POINT('',(-1.28,0.8,0.575));
#10116 = ADVANCED_FACE('',(#10117),#10141,.F.);
#10117 = FACE_BOUND('',#10118,.F.);
#10118 = EDGE_LOOP('',(#10119,#10126,#10127,#10135));
#10119 = ORIENTED_EDGE('',*,*,#10120,.F.);
#10120 = EDGE_CURVE('',#10014,#10121,#10123,.T.);
#10121 = VERTEX_POINT('',#10122);
#10122 = CARTESIAN_POINT('',(-1.375,-0.705,0.775));
#10123 = B_SPLINE_CURVE_WITH_KNOTS('',1,(#10124,#10125),.UNSPECIFIED.,
  .F.,.F.,(2,2),(0.,1.),.PIECEWISE_BEZIER_KNOTS.);
#10124 = CARTESIAN_POINT('',(-1.375,-0.705,0.575));
#10125 = CARTESIAN_POINT('',(-1.375,-0.705,0.775));
#10126 = ORIENTED_EDGE('',*,*,#10013,.T.);
#10127 = ORIENTED_EDGE('',*,*,#10128,.T.);
#10128 = EDGE_CURVE('',#10006,#10129,#10131,.T.);
#10129 = VERTEX_POINT('',#10130);
#10130 = CARTESIAN_POINT('',(-1.375,-0.325,0.775));
#10131 = LINE('',#10132,#10133);
#10132 = CARTESIAN_POINT('',(-1.375,-0.325,0.579830288983));
#10133 = VECTOR('',#10134,1.);
#10134 = DIRECTION('',(0.,0.,1.));
#10135 = ORIENTED_EDGE('',*,*,#10136,.F.);
#10136 = EDGE_CURVE('',#10121,#10129,#10137,.T.);
#10137 = LINE('',#10138,#10139);
#10138 = CARTESIAN_POINT('',(-1.375,-0.705,0.775));
#10139 = VECTOR('',#10140,1.);
#10140 = DIRECTION('',(0.,1.,0.));
#10141 = PLANE('',#10142);
#10142 = AXIS2_PLACEMENT_3D('',#10143,#10144,#10145);
#10143 = CARTESIAN_POINT('',(-1.375,-0.705,0.775));
#10144 = DIRECTION('',(1.,0.,0.));
#10145 = DIRECTION('',(-0.,1.,0.));
#10146 = ADVANCED_FACE('',(#10147),#10174,.F.);
#10147 = FACE_BOUND('',#10148,.F.);
#10148 = EDGE_LOOP('',(#10149,#10150,#10159,#10167));
#10149 = ORIENTED_EDGE('',*,*,#10005,.T.);
#10150 = ORIENTED_EDGE('',*,*,#10151,.T.);
#10151 = EDGE_CURVE('',#9998,#10152,#10154,.T.);
#10152 = VERTEX_POINT('',#10153);
#10153 = CARTESIAN_POINT('',(-1.493176930361,0.325,0.47583778132));
#10154 = CIRCLE('',#10155,0.12);
#10155 = AXIS2_PLACEMENT_3D('',#10156,#10157,#10158);
#10156 = CARTESIAN_POINT('',(-1.375,0.325,0.455));
#10157 = DIRECTION('',(-1.110223024625E-16,-1.,-1.003534056487E-47));
#10158 = DIRECTION('',(9.251858538543E-16,-1.027162637006E-31,1.));
#10159 = ORIENTED_EDGE('',*,*,#10160,.F.);
#10160 = EDGE_CURVE('',#10161,#10152,#10163,.T.);
#10161 = VERTEX_POINT('',#10162);
#10162 = CARTESIAN_POINT('',(-1.493176930361,-0.325,0.47583778132));
#10163 = LINE('',#10164,#10165);
#10164 = CARTESIAN_POINT('',(-1.493176930361,-0.325,0.47583778132));
#10165 = VECTOR('',#10166,1.);
#10166 = DIRECTION('',(1.110223024625E-16,1.,0.));
#10167 = ORIENTED_EDGE('',*,*,#10168,.F.);
#10168 = EDGE_CURVE('',#10006,#10161,#10169,.T.);
#10169 = CIRCLE('',#10170,0.12);
#10170 = AXIS2_PLACEMENT_3D('',#10171,#10172,#10173);
#10171 = CARTESIAN_POINT('',(-1.375,-0.325,0.455));
#10172 = DIRECTION('',(-1.110223024625E-16,-1.,-1.003534056487E-47));
#10173 = DIRECTION('',(9.251858538543E-16,-1.027162637006E-31,1.));
#10174 = CYLINDRICAL_SURFACE('',#10175,0.12);
#10175 = AXIS2_PLACEMENT_3D('',#10176,#10177,#10178);
#10176 = CARTESIAN_POINT('',(-1.375,-0.325,0.455));
#10177 = DIRECTION('',(-1.110223024625E-16,-1.,0.));
#10178 = DIRECTION('',(9.251858538543E-16,-1.027162637006E-31,1.));
#10179 = ADVANCED_FACE('',(#10180),#10204,.F.);
#10180 = FACE_BOUND('',#10181,.F.);
#10181 = EDGE_LOOP('',(#10182,#10190,#10191,#10198));
#10182 = ORIENTED_EDGE('',*,*,#10183,.F.);
#10183 = EDGE_CURVE('',#9998,#10184,#10186,.T.);
#10184 = VERTEX_POINT('',#10185);
#10185 = CARTESIAN_POINT('',(-1.375,0.325,0.775));
#10186 = LINE('',#10187,#10188);
#10187 = CARTESIAN_POINT('',(-1.375,0.325,0.579830288983));
#10188 = VECTOR('',#10189,1.);
#10189 = DIRECTION('',(0.,0.,1.));
#10190 = ORIENTED_EDGE('',*,*,#9997,.T.);
#10191 = ORIENTED_EDGE('',*,*,#10192,.T.);
#10192 = EDGE_CURVE('',#9991,#10193,#10195,.T.);
#10193 = VERTEX_POINT('',#10194);
#10194 = CARTESIAN_POINT('',(-1.375,0.705,0.775));
#10195 = B_SPLINE_CURVE_WITH_KNOTS('',1,(#10196,#10197),.UNSPECIFIED.,
  .F.,.F.,(2,2),(0.,1.),.PIECEWISE_BEZIER_KNOTS.);
#10196 = CARTESIAN_POINT('',(-1.375,0.705,0.575));
#10197 = CARTESIAN_POINT('',(-1.375,0.705,0.775));
#10198 = ORIENTED_EDGE('',*,*,#10199,.F.);
#10199 = EDGE_CURVE('',#10184,#10193,#10200,.T.);
#10200 = LINE('',#10201,#10202);
#10201 = CARTESIAN_POINT('',(-1.375,-0.705,0.775));
#10202 = VECTOR('',#10203,1.);
#10203 = DIRECTION('',(0.,1.,0.));
#10204 = PLANE('',#10205);
#10205 = AXIS2_PLACEMENT_3D('',#10206,#10207,#10208);
#10206 = CARTESIAN_POINT('',(-1.375,-0.705,0.775));
#10207 = DIRECTION('',(1.,0.,0.));
#10208 = DIRECTION('',(-0.,1.,0.));
#10209 = ADVANCED_FACE('',(#10210),#10227,.F.);
#10210 = FACE_BOUND('',#10211,.F.);
#10211 = EDGE_LOOP('',(#10212,#10213,#10214,#10222));
#10212 = ORIENTED_EDGE('',*,*,#10083,.T.);
#10213 = ORIENTED_EDGE('',*,*,#10021,.T.);
#10214 = ORIENTED_EDGE('',*,*,#10215,.F.);
#10215 = EDGE_CURVE('',#10216,#10014,#10218,.T.);
#10216 = VERTEX_POINT('',#10217);
#10217 = CARTESIAN_POINT('',(-1.28,-0.8,0.575));
#10218 = LINE('',#10219,#10220);
#10219 = CARTESIAN_POINT('',(-1.28,-0.8,0.575));
#10220 = VECTOR('',#10221,1.);
#10221 = DIRECTION('',(-0.707106781187,0.707106781187,0.));
#10222 = ORIENTED_EDGE('',*,*,#10223,.F.);
#10223 = EDGE_CURVE('',#10076,#10216,#10224,.T.);
#10224 = B_SPLINE_CURVE_WITH_KNOTS('',1,(#10225,#10226),.UNSPECIFIED.,
  .F.,.F.,(2,2),(0.,1.),.PIECEWISE_BEZIER_KNOTS.);
#10225 = CARTESIAN_POINT('',(-1.246621551758,-0.733243103516,0.1));
#10226 = CARTESIAN_POINT('',(-1.28,-0.8,0.575));
#10227 = B_SPLINE_SURFACE_WITH_KNOTS('',1,1,(
    (#10228,#10229)
    ,(#10230,#10231
    )),.UNSPECIFIED.,.F.,.F.,.F.,(2,2),(2,2),(0.,0.134350288425),(0.,1.)
  ,.PIECEWISE_BEZIER_KNOTS.);
#10228 = CARTESIAN_POINT('',(-1.246621551758,-0.733243103516,0.1));
#10229 = CARTESIAN_POINT('',(-1.28,-0.8,0.575));
#10230 = CARTESIAN_POINT('',(-1.308243103516,-0.671621551758,0.1));
#10231 = CARTESIAN_POINT('',(-1.375,-0.705,0.575));
#10232 = ADVANCED_FACE('',(#10233),#10250,.F.);
#10233 = FACE_BOUND('',#10234,.F.);
#10234 = EDGE_LOOP('',(#10235,#10236,#10237,#10245));
#10235 = ORIENTED_EDGE('',*,*,#10075,.T.);
#10236 = ORIENTED_EDGE('',*,*,#10223,.T.);
#10237 = ORIENTED_EDGE('',*,*,#10238,.F.);
#10238 = EDGE_CURVE('',#10239,#10216,#10241,.T.);
#10239 = VERTEX_POINT('',#10240);
#10240 = CARTESIAN_POINT('',(1.28,-0.8,0.575));
#10241 = LINE('',#10242,#10243);
#10242 = CARTESIAN_POINT('',(1.28,-0.8,0.575));
#10243 = VECTOR('',#10244,1.);
#10244 = DIRECTION('',(-1.,0.,0.));
#10245 = ORIENTED_EDGE('',*,*,#10246,.F.);
#10246 = EDGE_CURVE('',#10068,#10239,#10247,.T.);
#10247 = B_SPLINE_CURVE_WITH_KNOTS('',1,(#10248,#10249),.UNSPECIFIED.,
  .F.,.F.,(2,2),(0.,1.),.PIECEWISE_BEZIER_KNOTS.);
#10248 = CARTESIAN_POINT('',(1.246621551758,-0.733243103516,0.1));
#10249 = CARTESIAN_POINT('',(1.28,-0.8,0.575));
#10250 = B_SPLINE_SURFACE_WITH_KNOTS('',1,1,(
    (#10251,#10252)
    ,(#10253,#10254
    )),.UNSPECIFIED.,.F.,.F.,.F.,(2,2),(2,2),(0.,2.56),(0.,1.),
  .PIECEWISE_BEZIER_KNOTS.);
#10251 = CARTESIAN_POINT('',(1.246621551758,-0.733243103516,0.1));
#10252 = CARTESIAN_POINT('',(1.28,-0.8,0.575));
#10253 = CARTESIAN_POINT('',(-1.246621551758,-0.733243103516,0.1));
#10254 = CARTESIAN_POINT('',(-1.28,-0.8,0.575));
#10255 = ADVANCED_FACE('',(#10256),#10273,.F.);
#10256 = FACE_BOUND('',#10257,.F.);
#10257 = EDGE_LOOP('',(#10258,#10259,#10266,#10272));
#10258 = ORIENTED_EDGE('',*,*,#10043,.T.);
#10259 = ORIENTED_EDGE('',*,*,#10260,.T.);
#10260 = EDGE_CURVE('',#10044,#10261,#10263,.T.);
#10261 = VERTEX_POINT('',#10262);
#10262 = CARTESIAN_POINT('',(1.28,0.8,0.575));
#10263 = B_SPLINE_CURVE_WITH_KNOTS('',1,(#10264,#10265),.UNSPECIFIED.,
  .F.,.F.,(2,2),(0.,1.),.PIECEWISE_BEZIER_KNOTS.);
#10264 = CARTESIAN_POINT('',(1.246621551758,0.733243103516,0.1));
#10265 = CARTESIAN_POINT('',(1.28,0.8,0.575));
#10266 = ORIENTED_EDGE('',*,*,#10267,.F.);
#10267 = EDGE_CURVE('',#10099,#10261,#10268,.T.);
#10268 = LINE('',#10269,#10270);
#10269 = CARTESIAN_POINT('',(-1.28,0.8,0.575));
#10270 = VECTOR('',#10271,1.);
#10271 = DIRECTION('',(1.,0.,0.));
#10272 = ORIENTED_EDGE('',*,*,#10098,.F.);
#10273 = B_SPLINE_SURFACE_WITH_KNOTS('',1,1,(
    (#10274,#10275)
    ,(#10276,#10277
    )),.UNSPECIFIED.,.F.,.F.,.F.,(2,2),(2,2),(0.,2.56),(0.,1.),
  .PIECEWISE_BEZIER_KNOTS.);
#10274 = CARTESIAN_POINT('',(-1.246621551758,0.733243103516,0.1));
#10275 = CARTESIAN_POINT('',(-1.28,0.8,0.575));
#10276 = CARTESIAN_POINT('',(1.246621551758,0.733243103516,0.1));
#10277 = CARTESIAN_POINT('',(1.28,0.8,0.575));
#10278 = ADVANCED_FACE('',(#10279),#10296,.F.);
#10279 = FACE_BOUND('',#10280,.F.);
#10280 = EDGE_LOOP('',(#10281,#10282,#10283,#10291));
#10281 = ORIENTED_EDGE('',*,*,#10067,.T.);
#10282 = ORIENTED_EDGE('',*,*,#10246,.T.);
#10283 = ORIENTED_EDGE('',*,*,#10284,.F.);
#10284 = EDGE_CURVE('',#10285,#10239,#10287,.T.);
#10285 = VERTEX_POINT('',#10286);
#10286 = CARTESIAN_POINT('',(1.375,-0.705,0.575));
#10287 = LINE('',#10288,#10289);
#10288 = CARTESIAN_POINT('',(1.375,-0.705,0.575));
#10289 = VECTOR('',#10290,1.);
#10290 = DIRECTION('',(-0.707106781187,-0.707106781187,0.));
#10291 = ORIENTED_EDGE('',*,*,#10292,.F.);
#10292 = EDGE_CURVE('',#10060,#10285,#10293,.T.);
#10293 = B_SPLINE_CURVE_WITH_KNOTS('',1,(#10294,#10295),.UNSPECIFIED.,
  .F.,.F.,(2,2),(0.,1.),.PIECEWISE_BEZIER_KNOTS.);
#10294 = CARTESIAN_POINT('',(1.308243103516,-0.671621551758,0.1));
#10295 = CARTESIAN_POINT('',(1.375,-0.705,0.575));
#10296 = B_SPLINE_SURFACE_WITH_KNOTS('',1,1,(
    (#10297,#10298)
    ,(#10299,#10300
    )),.UNSPECIFIED.,.F.,.F.,.F.,(2,2),(2,2),(0.,0.134350288425),(0.,1.)
  ,.PIECEWISE_BEZIER_KNOTS.);
#10297 = CARTESIAN_POINT('',(1.308243103516,-0.671621551758,0.1));
#10298 = CARTESIAN_POINT('',(1.375,-0.705,0.575));
#10299 = CARTESIAN_POINT('',(1.246621551758,-0.733243103516,0.1));
#10300 = CARTESIAN_POINT('',(1.28,-0.8,0.575));
#10301 = ADVANCED_FACE('',(#10302),#10319,.F.);
#10302 = FACE_BOUND('',#10303,.F.);
#10303 = EDGE_LOOP('',(#10304,#10305,#10312,#10318));
#10304 = ORIENTED_EDGE('',*,*,#10051,.T.);
#10305 = ORIENTED_EDGE('',*,*,#10306,.T.);
#10306 = EDGE_CURVE('',#10052,#10307,#10309,.T.);
#10307 = VERTEX_POINT('',#10308);
#10308 = CARTESIAN_POINT('',(1.375,0.705,0.575));
#10309 = B_SPLINE_CURVE_WITH_KNOTS('',1,(#10310,#10311),.UNSPECIFIED.,
  .F.,.F.,(2,2),(0.,1.),.PIECEWISE_BEZIER_KNOTS.);
#10310 = CARTESIAN_POINT('',(1.308243103516,0.671621551758,0.1));
#10311 = CARTESIAN_POINT('',(1.375,0.705,0.575));
#10312 = ORIENTED_EDGE('',*,*,#10313,.F.);
#10313 = EDGE_CURVE('',#10261,#10307,#10314,.T.);
#10314 = LINE('',#10315,#10316);
#10315 = CARTESIAN_POINT('',(1.28,0.8,0.575));
#10316 = VECTOR('',#10317,1.);
#10317 = DIRECTION('',(0.707106781187,-0.707106781187,0.));
#10318 = ORIENTED_EDGE('',*,*,#10260,.F.);
#10319 = B_SPLINE_SURFACE_WITH_KNOTS('',1,1,(
    (#10320,#10321)
    ,(#10322,#10323
    )),.UNSPECIFIED.,.F.,.F.,.F.,(2,2),(2,2),(0.,0.134350288425),(0.,1.)
  ,.PIECEWISE_BEZIER_KNOTS.);
#10320 = CARTESIAN_POINT('',(1.246621551758,0.733243103516,0.1));
#10321 = CARTESIAN_POINT('',(1.28,0.8,0.575));
#10322 = CARTESIAN_POINT('',(1.308243103516,0.671621551758,0.1));
#10323 = CARTESIAN_POINT('',(1.375,0.705,0.575));
#10324 = ADVANCED_FACE('',(#10325),#10352,.F.);
#10325 = FACE_BOUND('',#10326,.F.);
#10326 = EDGE_LOOP('',(#10327,#10328,#10329,#10337,#10345,#10351));
#10327 = ORIENTED_EDGE('',*,*,#10059,.T.);
#10328 = ORIENTED_EDGE('',*,*,#10292,.T.);
#10329 = ORIENTED_EDGE('',*,*,#10330,.F.);
#10330 = EDGE_CURVE('',#10331,#10285,#10333,.T.);
#10331 = VERTEX_POINT('',#10332);
#10332 = CARTESIAN_POINT('',(1.375,-0.325,0.575));
#10333 = LINE('',#10334,#10335);
#10334 = CARTESIAN_POINT('',(1.375,0.705,0.575));
#10335 = VECTOR('',#10336,1.);
#10336 = DIRECTION('',(0.,-1.,0.));
#10337 = ORIENTED_EDGE('',*,*,#10338,.F.);
#10338 = EDGE_CURVE('',#10339,#10331,#10341,.T.);
#10339 = VERTEX_POINT('',#10340);
#10340 = CARTESIAN_POINT('',(1.375,0.325,0.575));
#10341 = LINE('',#10342,#10343);
#10342 = CARTESIAN_POINT('',(1.375,0.325,0.575));
#10343 = VECTOR('',#10344,1.);
#10344 = DIRECTION('',(-2.22044604925E-16,-1.,0.));
#10345 = ORIENTED_EDGE('',*,*,#10346,.F.);
#10346 = EDGE_CURVE('',#10307,#10339,#10347,.T.);
#10347 = LINE('',#10348,#10349);
#10348 = CARTESIAN_POINT('',(1.375,0.705,0.575));
#10349 = VECTOR('',#10350,1.);
#10350 = DIRECTION('',(0.,-1.,0.));
#10351 = ORIENTED_EDGE('',*,*,#10306,.F.);
#10352 = B_SPLINE_SURFACE_WITH_KNOTS('',1,1,(
    (#10353,#10354)
    ,(#10355,#10356
    )),.UNSPECIFIED.,.F.,.F.,.F.,(2,2),(2,2),(0.,1.41),(0.,1.),
  .PIECEWISE_BEZIER_KNOTS.);
#10353 = CARTESIAN_POINT('',(1.308243103516,0.671621551758,0.1));
#10354 = CARTESIAN_POINT('',(1.375,0.705,0.575));
#10355 = CARTESIAN_POINT('',(1.308243103516,-0.671621551758,0.1));
#10356 = CARTESIAN_POINT('',(1.375,-0.705,0.575));
#10357 = ADVANCED_FACE('',(#10358),#10375,.F.);
#10358 = FACE_BOUND('',#10359,.F.);
#10359 = EDGE_LOOP('',(#10360,#10361,#10368,#10374));
#10360 = ORIENTED_EDGE('',*,*,#10105,.T.);
#10361 = ORIENTED_EDGE('',*,*,#10362,.T.);
#10362 = EDGE_CURVE('',#10099,#10363,#10365,.T.);
#10363 = VERTEX_POINT('',#10364);
#10364 = CARTESIAN_POINT('',(-1.28,0.8,0.775));
#10365 = B_SPLINE_CURVE_WITH_KNOTS('',1,(#10366,#10367),.UNSPECIFIED.,
  .F.,.F.,(2,2),(0.,1.),.PIECEWISE_BEZIER_KNOTS.);
#10366 = CARTESIAN_POINT('',(-1.28,0.8,0.575));
#10367 = CARTESIAN_POINT('',(-1.28,0.8,0.775));
#10368 = ORIENTED_EDGE('',*,*,#10369,.F.);
#10369 = EDGE_CURVE('',#10193,#10363,#10370,.T.);
#10370 = LINE('',#10371,#10372);
#10371 = CARTESIAN_POINT('',(-1.375,0.705,0.775));
#10372 = VECTOR('',#10373,1.);
#10373 = DIRECTION('',(0.707106781187,0.707106781187,0.));
#10374 = ORIENTED_EDGE('',*,*,#10192,.F.);
#10375 = PLANE('',#10376);
#10376 = AXIS2_PLACEMENT_3D('',#10377,#10378,#10379);
#10377 = CARTESIAN_POINT('',(-1.375,0.705,0.775));
#10378 = DIRECTION('',(0.707106781187,-0.707106781187,0.));
#10379 = DIRECTION('',(0.707106781187,0.707106781187,0.));
#10380 = ADVANCED_FACE('',(#10381),#10398,.F.);
#10381 = FACE_BOUND('',#10382,.F.);
#10382 = EDGE_LOOP('',(#10383,#10384,#10385,#10393));
#10383 = ORIENTED_EDGE('',*,*,#10215,.T.);
#10384 = ORIENTED_EDGE('',*,*,#10120,.T.);
#10385 = ORIENTED_EDGE('',*,*,#10386,.F.);
#10386 = EDGE_CURVE('',#10387,#10121,#10389,.T.);
#10387 = VERTEX_POINT('',#10388);
#10388 = CARTESIAN_POINT('',(-1.28,-0.8,0.775));
#10389 = LINE('',#10390,#10391);
#10390 = CARTESIAN_POINT('',(-1.28,-0.8,0.775));
#10391 = VECTOR('',#10392,1.);
#10392 = DIRECTION('',(-0.707106781187,0.707106781187,0.));
#10393 = ORIENTED_EDGE('',*,*,#10394,.F.);
#10394 = EDGE_CURVE('',#10216,#10387,#10395,.T.);
#10395 = B_SPLINE_CURVE_WITH_KNOTS('',1,(#10396,#10397),.UNSPECIFIED.,
  .F.,.F.,(2,2),(0.,1.),.PIECEWISE_BEZIER_KNOTS.);
#10396 = CARTESIAN_POINT('',(-1.28,-0.8,0.575));
#10397 = CARTESIAN_POINT('',(-1.28,-0.8,0.775));
#10398 = PLANE('',#10399);
#10399 = AXIS2_PLACEMENT_3D('',#10400,#10401,#10402);
#10400 = CARTESIAN_POINT('',(-1.28,-0.8,0.775));
#10401 = DIRECTION('',(0.707106781187,0.707106781187,0.));
#10402 = DIRECTION('',(-0.707106781187,0.707106781187,0.));
#10403 = ADVANCED_FACE('',(#10404),#10486,.F.);
#10404 = FACE_BOUND('',#10405,.F.);
#10405 = EDGE_LOOP('',(#10406,#10407,#10408,#10416,#10424,#10432,#10440,
    #10448,#10456,#10464,#10472,#10480));
#10406 = ORIENTED_EDGE('',*,*,#10386,.T.);
#10407 = ORIENTED_EDGE('',*,*,#10136,.T.);
#10408 = ORIENTED_EDGE('',*,*,#10409,.T.);
#10409 = EDGE_CURVE('',#10129,#10410,#10412,.T.);
#10410 = VERTEX_POINT('',#10411);
#10411 = CARTESIAN_POINT('',(-1.35,-0.325,0.775));
#10412 = LINE('',#10413,#10414);
#10413 = CARTESIAN_POINT('',(-1.375,-0.325,0.775));
#10414 = VECTOR('',#10415,1.);
#10415 = DIRECTION('',(1.,-1.110223024625E-16,0.));
#10416 = ORIENTED_EDGE('',*,*,#10417,.F.);
#10417 = EDGE_CURVE('',#10418,#10410,#10420,.T.);
#10418 = VERTEX_POINT('',#10419);
#10419 = CARTESIAN_POINT('',(-1.35,-0.6925,0.775));
#10420 = LINE('',#10421,#10422);
#10421 = CARTESIAN_POINT('',(-1.35,-0.6925,0.775));
#10422 = VECTOR('',#10423,1.);
#10423 = DIRECTION('',(0.,1.,0.));
#10424 = ORIENTED_EDGE('',*,*,#10425,.F.);
#10425 = EDGE_CURVE('',#10426,#10418,#10428,.T.);
#10426 = VERTEX_POINT('',#10427);
#10427 = CARTESIAN_POINT('',(-1.2675,-0.775,0.775));
#10428 = LINE('',#10429,#10430);
#10429 = CARTESIAN_POINT('',(-1.2675,-0.775,0.775));
#10430 = VECTOR('',#10431,1.);
#10431 = DIRECTION('',(-0.707106781187,0.707106781187,0.));
#10432 = ORIENTED_EDGE('',*,*,#10433,.F.);
#10433 = EDGE_CURVE('',#10434,#10426,#10436,.T.);
#10434 = VERTEX_POINT('',#10435);
#10435 = CARTESIAN_POINT('',(1.2675,-0.775,0.775));
#10436 = LINE('',#10437,#10438);
#10437 = CARTESIAN_POINT('',(1.2675,-0.775,0.775));
#10438 = VECTOR('',#10439,1.);
#10439 = DIRECTION('',(-1.,0.,0.));
#10440 = ORIENTED_EDGE('',*,*,#10441,.F.);
#10441 = EDGE_CURVE('',#10442,#10434,#10444,.T.);
#10442 = VERTEX_POINT('',#10443);
#10443 = CARTESIAN_POINT('',(1.35,-0.6925,0.775));
#10444 = LINE('',#10445,#10446);
#10445 = CARTESIAN_POINT('',(1.35,-0.6925,0.775));
#10446 = VECTOR('',#10447,1.);
#10447 = DIRECTION('',(-0.707106781187,-0.707106781187,0.));
#10448 = ORIENTED_EDGE('',*,*,#10449,.F.);
#10449 = EDGE_CURVE('',#10450,#10442,#10452,.T.);
#10450 = VERTEX_POINT('',#10451);
#10451 = CARTESIAN_POINT('',(1.35,-0.325,0.775));
#10452 = LINE('',#10453,#10454);
#10453 = CARTESIAN_POINT('',(1.35,0.6925,0.775));
#10454 = VECTOR('',#10455,1.);
#10455 = DIRECTION('',(0.,-1.,0.));
#10456 = ORIENTED_EDGE('',*,*,#10457,.F.);
#10457 = EDGE_CURVE('',#10458,#10450,#10460,.T.);
#10458 = VERTEX_POINT('',#10459);
#10459 = CARTESIAN_POINT('',(1.375,-0.325,0.775));
#10460 = LINE('',#10461,#10462);
#10461 = CARTESIAN_POINT('',(1.375,-0.325,0.775));
#10462 = VECTOR('',#10463,1.);
#10463 = DIRECTION('',(-1.,2.22044604925E-16,0.));
#10464 = ORIENTED_EDGE('',*,*,#10465,.T.);
#10465 = EDGE_CURVE('',#10458,#10466,#10468,.T.);
#10466 = VERTEX_POINT('',#10467);
#10467 = CARTESIAN_POINT('',(1.375,-0.705,0.775));
#10468 = LINE('',#10469,#10470);
#10469 = CARTESIAN_POINT('',(1.375,0.705,0.775));
#10470 = VECTOR('',#10471,1.);
#10471 = DIRECTION('',(0.,-1.,0.));
#10472 = ORIENTED_EDGE('',*,*,#10473,.T.);
#10473 = EDGE_CURVE('',#10466,#10474,#10476,.T.);
#10474 = VERTEX_POINT('',#10475);
#10475 = CARTESIAN_POINT('',(1.28,-0.8,0.775));
#10476 = LINE('',#10477,#10478);
#10477 = CARTESIAN_POINT('',(1.375,-0.705,0.775));
#10478 = VECTOR('',#10479,1.);
#10479 = DIRECTION('',(-0.707106781187,-0.707106781187,0.));
#10480 = ORIENTED_EDGE('',*,*,#10481,.T.);
#10481 = EDGE_CURVE('',#10474,#10387,#10482,.T.);
#10482 = LINE('',#10483,#10484);
#10483 = CARTESIAN_POINT('',(1.28,-0.8,0.775));
#10484 = VECTOR('',#10485,1.);
#10485 = DIRECTION('',(-1.,0.,0.));
#10486 = PLANE('',#10487);
#10487 = AXIS2_PLACEMENT_3D('',#10488,#10489,#10490);
#10488 = CARTESIAN_POINT('',(-1.3625,-4.954714324773E-17,0.775));
#10489 = DIRECTION('',(-7.340317518656E-17,9.85275154485E-18,-1.));
#10490 = DIRECTION('',(7.342878714278E-20,1.,9.85275154485E-18));
#10491 = ADVANCED_FACE('',(#10492),#10561,.F.);
#10492 = FACE_BOUND('',#10493,.F.);
#10493 = EDGE_LOOP('',(#10494,#10495,#10496,#10504,#10513,#10521,#10529,
    #10537,#10546,#10554));
#10494 = ORIENTED_EDGE('',*,*,#10128,.F.);
#10495 = ORIENTED_EDGE('',*,*,#10168,.T.);
#10496 = ORIENTED_EDGE('',*,*,#10497,.T.);
#10497 = EDGE_CURVE('',#10161,#10498,#10500,.T.);
#10498 = VERTEX_POINT('',#10499);
#10499 = CARTESIAN_POINT('',(-1.523665661432,-0.325,0.264432583147));
#10500 = LINE('',#10501,#10502);
#10501 = CARTESIAN_POINT('',(-1.493176930361,-0.325,0.47583778132));
#10502 = VECTOR('',#10503,1.);
#10503 = DIRECTION('',(-0.142742572604,1.584760906992E-17,
    -0.989759848633));
#10504 = ORIENTED_EDGE('',*,*,#10505,.T.);
#10505 = EDGE_CURVE('',#10498,#10506,#10508,.T.);
#10506 = VERTEX_POINT('',#10507);
#10507 = CARTESIAN_POINT('',(-1.838804142396,-0.325,-5.551115123126E-17)
  );
#10508 = CIRCLE('',#10509,0.32);
#10509 = AXIS2_PLACEMENT_3D('',#10510,#10511,#10512);
#10510 = CARTESIAN_POINT('',(-1.838804142396,-0.325,0.32));
#10511 = DIRECTION('',(1.110223024625E-16,1.,6.255634725081E-34));
#10512 = DIRECTION('',(0.984807753012,-1.093356242223E-16,
    -0.173648177667));
#10513 = ORIENTED_EDGE('',*,*,#10514,.T.);
#10514 = EDGE_CURVE('',#10506,#10515,#10517,.T.);
#10515 = VERTEX_POINT('',#10516);
#10516 = CARTESIAN_POINT('',(-1.9,-0.325,-5.551115123126E-17));
#10517 = LINE('',#10518,#10519);
#10518 = CARTESIAN_POINT('',(-1.838804142396,-0.325,-5.551115123126E-17)
  );
#10519 = VECTOR('',#10520,1.);
#10520 = DIRECTION('',(-1.,1.110223024625E-16,0.));
#10521 = ORIENTED_EDGE('',*,*,#10522,.T.);
#10522 = EDGE_CURVE('',#10515,#10523,#10525,.T.);
#10523 = VERTEX_POINT('',#10524);
#10524 = CARTESIAN_POINT('',(-1.9,-0.325,0.2));
#10525 = LINE('',#10526,#10527);
#10526 = CARTESIAN_POINT('',(-1.9,-0.325,-5.551115123126E-17));
#10527 = VECTOR('',#10528,1.);
#10528 = DIRECTION('',(0.,0.,1.));
#10529 = ORIENTED_EDGE('',*,*,#10530,.T.);
#10530 = EDGE_CURVE('',#10523,#10531,#10533,.T.);
#10531 = VERTEX_POINT('',#10532);
#10532 = CARTESIAN_POINT('',(-1.838804142396,-0.325,0.2));
#10533 = LINE('',#10534,#10535);
#10534 = CARTESIAN_POINT('',(-1.9,-0.325,0.2));
#10535 = VECTOR('',#10536,1.);
#10536 = DIRECTION('',(1.,-1.110223024625E-16,0.));
#10537 = ORIENTED_EDGE('',*,*,#10538,.T.);
#10538 = EDGE_CURVE('',#10531,#10539,#10541,.T.);
#10539 = VERTEX_POINT('',#10540);
#10540 = CARTESIAN_POINT('',(-1.720627212034,-0.325,0.29916221868));
#10541 = CIRCLE('',#10542,0.12);
#10542 = AXIS2_PLACEMENT_3D('',#10543,#10544,#10545);
#10543 = CARTESIAN_POINT('',(-1.838804142396,-0.325,0.32));
#10544 = DIRECTION('',(-1.110223024625E-16,-1.,2.0070681136E-47));
#10545 = DIRECTION('',(1.850371707709E-15,-2.054325274013E-31,-1.));
#10546 = ORIENTED_EDGE('',*,*,#10547,.T.);
#10547 = EDGE_CURVE('',#10539,#10548,#10550,.T.);
#10548 = VERTEX_POINT('',#10549);
#10549 = CARTESIAN_POINT('',(-1.690138480964,-0.325,0.510567416853));
#10550 = LINE('',#10551,#10552);
#10551 = CARTESIAN_POINT('',(-1.720627212034,-0.325,0.29916221868));
#10552 = VECTOR('',#10553,1.);
#10553 = DIRECTION('',(0.142742572604,-1.584760906992E-17,0.989759848633
    ));
#10554 = ORIENTED_EDGE('',*,*,#10555,.T.);
#10555 = EDGE_CURVE('',#10548,#10129,#10556,.T.);
#10556 = CIRCLE('',#10557,0.32);
#10557 = AXIS2_PLACEMENT_3D('',#10558,#10559,#10560);
#10558 = CARTESIAN_POINT('',(-1.375,-0.325,0.455));
#10559 = DIRECTION('',(1.110223024625E-16,1.,6.255634725081E-34));
#10560 = DIRECTION('',(-0.984807753012,1.093356242223E-16,0.173648177667
    ));
#10561 = PLANE('',#10562);
#10562 = AXIS2_PLACEMENT_3D('',#10563,#10564,#10565);
#10563 = CARTESIAN_POINT('',(-1.610729118287,-0.325,0.384660577966));
#10564 = DIRECTION('',(1.110223024625E-16,1.,0.));
#10565 = DIRECTION('',(0.,-0.,1.));
#10566 = ADVANCED_FACE('',(#10567),#10585,.F.);
#10567 = FACE_BOUND('',#10568,.F.);
#10568 = EDGE_LOOP('',(#10569,#10570,#10578,#10584));
#10569 = ORIENTED_EDGE('',*,*,#10160,.T.);
#10570 = ORIENTED_EDGE('',*,*,#10571,.T.);
#10571 = EDGE_CURVE('',#10152,#10572,#10574,.T.);
#10572 = VERTEX_POINT('',#10573);
#10573 = CARTESIAN_POINT('',(-1.523665661432,0.325,0.264432583147));
#10574 = LINE('',#10575,#10576);
#10575 = CARTESIAN_POINT('',(-1.493176930361,0.325,0.47583778132));
#10576 = VECTOR('',#10577,1.);
#10577 = DIRECTION('',(-0.142742572604,1.584760906992E-17,
    -0.989759848633));
#10578 = ORIENTED_EDGE('',*,*,#10579,.F.);
#10579 = EDGE_CURVE('',#10498,#10572,#10580,.T.);
#10580 = LINE('',#10581,#10582);
#10581 = CARTESIAN_POINT('',(-1.523665661432,-0.325,0.264432583147));
#10582 = VECTOR('',#10583,1.);
#10583 = DIRECTION('',(1.110223024625E-16,1.,0.));
#10584 = ORIENTED_EDGE('',*,*,#10497,.F.);
#10585 = PLANE('',#10586);
#10586 = AXIS2_PLACEMENT_3D('',#10587,#10588,#10589);
#10587 = CARTESIAN_POINT('',(-1.493176930361,-0.325,0.47583778132));
#10588 = DIRECTION('',(-0.989759848633,1.098854172802E-16,0.142742572604
    ));
#10589 = DIRECTION('',(-0.142742572604,1.584760906992E-17,
    -0.989759848633));
#10590 = ADVANCED_FACE('',(#10591),#10653,.T.);
#10591 = FACE_BOUND('',#10592,.T.);
#10592 = EDGE_LOOP('',(#10593,#10594,#10595,#10596,#10605,#10613,#10621,
    #10629,#10638,#10646));
#10593 = ORIENTED_EDGE('',*,*,#10183,.F.);
#10594 = ORIENTED_EDGE('',*,*,#10151,.T.);
#10595 = ORIENTED_EDGE('',*,*,#10571,.T.);
#10596 = ORIENTED_EDGE('',*,*,#10597,.T.);
#10597 = EDGE_CURVE('',#10572,#10598,#10600,.T.);
#10598 = VERTEX_POINT('',#10599);
#10599 = CARTESIAN_POINT('',(-1.838804142396,0.325,-5.551115123126E-17)
  );
#10600 = CIRCLE('',#10601,0.32);
#10601 = AXIS2_PLACEMENT_3D('',#10602,#10603,#10604);
#10602 = CARTESIAN_POINT('',(-1.838804142396,0.325,0.32));
#10603 = DIRECTION('',(1.110223024625E-16,1.,6.255634725081E-34));
#10604 = DIRECTION('',(0.984807753012,-1.093356242223E-16,
    -0.173648177667));
#10605 = ORIENTED_EDGE('',*,*,#10606,.T.);
#10606 = EDGE_CURVE('',#10598,#10607,#10609,.T.);
#10607 = VERTEX_POINT('',#10608);
#10608 = CARTESIAN_POINT('',(-1.9,0.325,-5.551115123126E-17));
#10609 = LINE('',#10610,#10611);
#10610 = CARTESIAN_POINT('',(-1.838804142396,0.325,-5.551115123126E-17)
  );
#10611 = VECTOR('',#10612,1.);
#10612 = DIRECTION('',(-1.,1.110223024625E-16,0.));
#10613 = ORIENTED_EDGE('',*,*,#10614,.T.);
#10614 = EDGE_CURVE('',#10607,#10615,#10617,.T.);
#10615 = VERTEX_POINT('',#10616);
#10616 = CARTESIAN_POINT('',(-1.9,0.325,0.2));
#10617 = LINE('',#10618,#10619);
#10618 = CARTESIAN_POINT('',(-1.9,0.325,-5.551115123126E-17));
#10619 = VECTOR('',#10620,1.);
#10620 = DIRECTION('',(0.,0.,1.));
#10621 = ORIENTED_EDGE('',*,*,#10622,.T.);
#10622 = EDGE_CURVE('',#10615,#10623,#10625,.T.);
#10623 = VERTEX_POINT('',#10624);
#10624 = CARTESIAN_POINT('',(-1.838804142396,0.325,0.2));
#10625 = LINE('',#10626,#10627);
#10626 = CARTESIAN_POINT('',(-1.9,0.325,0.2));
#10627 = VECTOR('',#10628,1.);
#10628 = DIRECTION('',(1.,-1.110223024625E-16,0.));
#10629 = ORIENTED_EDGE('',*,*,#10630,.T.);
#10630 = EDGE_CURVE('',#10623,#10631,#10633,.T.);
#10631 = VERTEX_POINT('',#10632);
#10632 = CARTESIAN_POINT('',(-1.720627212034,0.325,0.29916221868));
#10633 = CIRCLE('',#10634,0.12);
#10634 = AXIS2_PLACEMENT_3D('',#10635,#10636,#10637);
#10635 = CARTESIAN_POINT('',(-1.838804142396,0.325,0.32));
#10636 = DIRECTION('',(-1.110223024625E-16,-1.,2.0070681136E-47));
#10637 = DIRECTION('',(1.850371707709E-15,-2.054325274013E-31,-1.));
#10638 = ORIENTED_EDGE('',*,*,#10639,.T.);
#10639 = EDGE_CURVE('',#10631,#10640,#10642,.T.);
#10640 = VERTEX_POINT('',#10641);
#10641 = CARTESIAN_POINT('',(-1.690138480964,0.325,0.510567416853));
#10642 = LINE('',#10643,#10644);
#10643 = CARTESIAN_POINT('',(-1.720627212034,0.325,0.29916221868));
#10644 = VECTOR('',#10645,1.);
#10645 = DIRECTION('',(0.142742572604,-1.584760906992E-17,0.989759848633
    ));
#10646 = ORIENTED_EDGE('',*,*,#10647,.T.);
#10647 = EDGE_CURVE('',#10640,#10184,#10648,.T.);
#10648 = CIRCLE('',#10649,0.32);
#10649 = AXIS2_PLACEMENT_3D('',#10650,#10651,#10652);
#10650 = CARTESIAN_POINT('',(-1.375,0.325,0.455));
#10651 = DIRECTION('',(1.110223024625E-16,1.,6.255634725081E-34));
#10652 = DIRECTION('',(-0.984807753012,1.093356242223E-16,0.173648177667
    ));
#10653 = PLANE('',#10654);
#10654 = AXIS2_PLACEMENT_3D('',#10655,#10656,#10657);
#10655 = CARTESIAN_POINT('',(-1.610729118287,0.325,0.384660577966));
#10656 = DIRECTION('',(1.110223024625E-16,1.,0.));
#10657 = DIRECTION('',(0.,-0.,1.));
#10658 = ADVANCED_FACE('',(#10659),#10741,.F.);
#10659 = FACE_BOUND('',#10660,.F.);
#10660 = EDGE_LOOP('',(#10661,#10669,#10670,#10671,#10679,#10687,#10695,
    #10703,#10711,#10719,#10727,#10735));
#10661 = ORIENTED_EDGE('',*,*,#10662,.F.);
#10662 = EDGE_CURVE('',#10184,#10663,#10665,.T.);
#10663 = VERTEX_POINT('',#10664);
#10664 = CARTESIAN_POINT('',(-1.35,0.325,0.775));
#10665 = LINE('',#10666,#10667);
#10666 = CARTESIAN_POINT('',(-1.375,0.325,0.775));
#10667 = VECTOR('',#10668,1.);
#10668 = DIRECTION('',(1.,-1.110223024625E-16,0.));
#10669 = ORIENTED_EDGE('',*,*,#10199,.T.);
#10670 = ORIENTED_EDGE('',*,*,#10369,.T.);
#10671 = ORIENTED_EDGE('',*,*,#10672,.T.);
#10672 = EDGE_CURVE('',#10363,#10673,#10675,.T.);
#10673 = VERTEX_POINT('',#10674);
#10674 = CARTESIAN_POINT('',(1.28,0.8,0.775));
#10675 = LINE('',#10676,#10677);
#10676 = CARTESIAN_POINT('',(-1.28,0.8,0.775));
#10677 = VECTOR('',#10678,1.);
#10678 = DIRECTION('',(1.,0.,0.));
#10679 = ORIENTED_EDGE('',*,*,#10680,.T.);
#10680 = EDGE_CURVE('',#10673,#10681,#10683,.T.);
#10681 = VERTEX_POINT('',#10682);
#10682 = CARTESIAN_POINT('',(1.375,0.705,0.775));
#10683 = LINE('',#10684,#10685);
#10684 = CARTESIAN_POINT('',(1.28,0.8,0.775));
#10685 = VECTOR('',#10686,1.);
#10686 = DIRECTION('',(0.707106781187,-0.707106781187,0.));
#10687 = ORIENTED_EDGE('',*,*,#10688,.T.);
#10688 = EDGE_CURVE('',#10681,#10689,#10691,.T.);
#10689 = VERTEX_POINT('',#10690);
#10690 = CARTESIAN_POINT('',(1.375,0.325,0.775));
#10691 = LINE('',#10692,#10693);
#10692 = CARTESIAN_POINT('',(1.375,0.705,0.775));
#10693 = VECTOR('',#10694,1.);
#10694 = DIRECTION('',(0.,-1.,0.));
#10695 = ORIENTED_EDGE('',*,*,#10696,.T.);
#10696 = EDGE_CURVE('',#10689,#10697,#10699,.T.);
#10697 = VERTEX_POINT('',#10698);
#10698 = CARTESIAN_POINT('',(1.35,0.325,0.775));
#10699 = LINE('',#10700,#10701);
#10700 = CARTESIAN_POINT('',(1.375,0.325,0.775));
#10701 = VECTOR('',#10702,1.);
#10702 = DIRECTION('',(-1.,2.22044604925E-16,0.));
#10703 = ORIENTED_EDGE('',*,*,#10704,.F.);
#10704 = EDGE_CURVE('',#10705,#10697,#10707,.T.);
#10705 = VERTEX_POINT('',#10706);
#10706 = CARTESIAN_POINT('',(1.35,0.6925,0.775));
#10707 = LINE('',#10708,#10709);
#10708 = CARTESIAN_POINT('',(1.35,0.6925,0.775));
#10709 = VECTOR('',#10710,1.);
#10710 = DIRECTION('',(0.,-1.,0.));
#10711 = ORIENTED_EDGE('',*,*,#10712,.F.);
#10712 = EDGE_CURVE('',#10713,#10705,#10715,.T.);
#10713 = VERTEX_POINT('',#10714);
#10714 = CARTESIAN_POINT('',(1.2675,0.775,0.775));
#10715 = LINE('',#10716,#10717);
#10716 = CARTESIAN_POINT('',(1.2675,0.775,0.775));
#10717 = VECTOR('',#10718,1.);
#10718 = DIRECTION('',(0.707106781187,-0.707106781187,0.));
#10719 = ORIENTED_EDGE('',*,*,#10720,.F.);
#10720 = EDGE_CURVE('',#10721,#10713,#10723,.T.);
#10721 = VERTEX_POINT('',#10722);
#10722 = CARTESIAN_POINT('',(-1.2675,0.775,0.775));
#10723 = LINE('',#10724,#10725);
#10724 = CARTESIAN_POINT('',(-1.2675,0.775,0.775));
#10725 = VECTOR('',#10726,1.);
#10726 = DIRECTION('',(1.,0.,0.));
#10727 = ORIENTED_EDGE('',*,*,#10728,.F.);
#10728 = EDGE_CURVE('',#10729,#10721,#10731,.T.);
#10729 = VERTEX_POINT('',#10730);
#10730 = CARTESIAN_POINT('',(-1.35,0.6925,0.775));
#10731 = LINE('',#10732,#10733);
#10732 = CARTESIAN_POINT('',(-1.35,0.6925,0.775));
#10733 = VECTOR('',#10734,1.);
#10734 = DIRECTION('',(0.707106781187,0.707106781187,0.));
#10735 = ORIENTED_EDGE('',*,*,#10736,.F.);
#10736 = EDGE_CURVE('',#10663,#10729,#10737,.T.);
#10737 = LINE('',#10738,#10739);
#10738 = CARTESIAN_POINT('',(-1.35,-0.6925,0.775));
#10739 = VECTOR('',#10740,1.);
#10740 = DIRECTION('',(0.,1.,0.));
#10741 = PLANE('',#10742);
#10742 = AXIS2_PLACEMENT_3D('',#10743,#10744,#10745);
#10743 = CARTESIAN_POINT('',(-1.3625,-4.954714324773E-17,0.775));
#10744 = DIRECTION('',(-7.340317518656E-17,9.85275154485E-18,-1.));
#10745 = DIRECTION('',(7.342878714278E-20,1.,9.85275154485E-18));
#10746 = ADVANCED_FACE('',(#10747),#10757,.F.);
#10747 = FACE_BOUND('',#10748,.F.);
#10748 = EDGE_LOOP('',(#10749,#10750,#10751,#10752));
#10749 = ORIENTED_EDGE('',*,*,#10238,.T.);
#10750 = ORIENTED_EDGE('',*,*,#10394,.T.);
#10751 = ORIENTED_EDGE('',*,*,#10481,.F.);
#10752 = ORIENTED_EDGE('',*,*,#10753,.F.);
#10753 = EDGE_CURVE('',#10239,#10474,#10754,.T.);
#10754 = B_SPLINE_CURVE_WITH_KNOTS('',1,(#10755,#10756),.UNSPECIFIED.,
  .F.,.F.,(2,2),(0.,1.),.PIECEWISE_BEZIER_KNOTS.);
#10755 = CARTESIAN_POINT('',(1.28,-0.8,0.575));
#10756 = CARTESIAN_POINT('',(1.28,-0.8,0.775));
#10757 = PLANE('',#10758);
#10758 = AXIS2_PLACEMENT_3D('',#10759,#10760,#10761);
#10759 = CARTESIAN_POINT('',(1.28,-0.8,0.775));
#10760 = DIRECTION('',(0.,1.,0.));
#10761 = DIRECTION('',(-1.,0.,0.));
#10762 = ADVANCED_FACE('',(#10763),#10773,.F.);
#10763 = FACE_BOUND('',#10764,.F.);
#10764 = EDGE_LOOP('',(#10765,#10766,#10771,#10772));
#10765 = ORIENTED_EDGE('',*,*,#10267,.T.);
#10766 = ORIENTED_EDGE('',*,*,#10767,.T.);
#10767 = EDGE_CURVE('',#10261,#10673,#10768,.T.);
#10768 = B_SPLINE_CURVE_WITH_KNOTS('',1,(#10769,#10770),.UNSPECIFIED.,
  .F.,.F.,(2,2),(0.,1.),.PIECEWISE_BEZIER_KNOTS.);
#10769 = CARTESIAN_POINT('',(1.28,0.8,0.575));
#10770 = CARTESIAN_POINT('',(1.28,0.8,0.775));
#10771 = ORIENTED_EDGE('',*,*,#10672,.F.);
#10772 = ORIENTED_EDGE('',*,*,#10362,.F.);
#10773 = PLANE('',#10774);
#10774 = AXIS2_PLACEMENT_3D('',#10775,#10776,#10777);
#10775 = CARTESIAN_POINT('',(-1.28,0.8,0.775));
#10776 = DIRECTION('',(0.,-1.,0.));
#10777 = DIRECTION('',(1.,0.,0.));
#10778 = ADVANCED_FACE('',(#10779),#10789,.F.);
#10779 = FACE_BOUND('',#10780,.F.);
#10780 = EDGE_LOOP('',(#10781,#10782,#10783,#10784));
#10781 = ORIENTED_EDGE('',*,*,#10284,.T.);
#10782 = ORIENTED_EDGE('',*,*,#10753,.T.);
#10783 = ORIENTED_EDGE('',*,*,#10473,.F.);
#10784 = ORIENTED_EDGE('',*,*,#10785,.F.);
#10785 = EDGE_CURVE('',#10285,#10466,#10786,.T.);
#10786 = B_SPLINE_CURVE_WITH_KNOTS('',1,(#10787,#10788),.UNSPECIFIED.,
  .F.,.F.,(2,2),(0.,1.),.PIECEWISE_BEZIER_KNOTS.);
#10787 = CARTESIAN_POINT('',(1.375,-0.705,0.575));
#10788 = CARTESIAN_POINT('',(1.375,-0.705,0.775));
#10789 = PLANE('',#10790);
#10790 = AXIS2_PLACEMENT_3D('',#10791,#10792,#10793);
#10791 = CARTESIAN_POINT('',(1.375,-0.705,0.775));
#10792 = DIRECTION('',(-0.707106781187,0.707106781187,0.));
#10793 = DIRECTION('',(-0.707106781187,-0.707106781187,0.));
#10794 = ADVANCED_FACE('',(#10795),#10805,.F.);
#10795 = FACE_BOUND('',#10796,.F.);
#10796 = EDGE_LOOP('',(#10797,#10798,#10803,#10804));
#10797 = ORIENTED_EDGE('',*,*,#10313,.T.);
#10798 = ORIENTED_EDGE('',*,*,#10799,.T.);
#10799 = EDGE_CURVE('',#10307,#10681,#10800,.T.);
#10800 = B_SPLINE_CURVE_WITH_KNOTS('',1,(#10801,#10802),.UNSPECIFIED.,
  .F.,.F.,(2,2),(0.,1.),.PIECEWISE_BEZIER_KNOTS.);
#10801 = CARTESIAN_POINT('',(1.375,0.705,0.575));
#10802 = CARTESIAN_POINT('',(1.375,0.705,0.775));
#10803 = ORIENTED_EDGE('',*,*,#10680,.F.);
#10804 = ORIENTED_EDGE('',*,*,#10767,.F.);
#10805 = PLANE('',#10806);
#10806 = AXIS2_PLACEMENT_3D('',#10807,#10808,#10809);
#10807 = CARTESIAN_POINT('',(1.28,0.8,0.775));
#10808 = DIRECTION('',(-0.707106781187,-0.707106781187,0.));
#10809 = DIRECTION('',(0.707106781187,-0.707106781187,0.));
#10810 = ADVANCED_FACE('',(#10811),#10822,.F.);
#10811 = FACE_BOUND('',#10812,.F.);
#10812 = EDGE_LOOP('',(#10813,#10814,#10815,#10821));
#10813 = ORIENTED_EDGE('',*,*,#10799,.F.);
#10814 = ORIENTED_EDGE('',*,*,#10346,.T.);
#10815 = ORIENTED_EDGE('',*,*,#10816,.T.);
#10816 = EDGE_CURVE('',#10339,#10689,#10817,.T.);
#10817 = LINE('',#10818,#10819);
#10818 = CARTESIAN_POINT('',(1.375,0.325,0.579830288983));
#10819 = VECTOR('',#10820,1.);
#10820 = DIRECTION('',(0.,0.,1.));
#10821 = ORIENTED_EDGE('',*,*,#10688,.F.);
#10822 = PLANE('',#10823);
#10823 = AXIS2_PLACEMENT_3D('',#10824,#10825,#10826);
#10824 = CARTESIAN_POINT('',(1.375,0.705,0.775));
#10825 = DIRECTION('',(-1.,0.,0.));
#10826 = DIRECTION('',(0.,-1.,0.));
#10827 = ADVANCED_FACE('',(#10828),#10855,.F.);
#10828 = FACE_BOUND('',#10829,.F.);
#10829 = EDGE_LOOP('',(#10830,#10831,#10840,#10848));
#10830 = ORIENTED_EDGE('',*,*,#10338,.T.);
#10831 = ORIENTED_EDGE('',*,*,#10832,.T.);
#10832 = EDGE_CURVE('',#10331,#10833,#10835,.T.);
#10833 = VERTEX_POINT('',#10834);
#10834 = CARTESIAN_POINT('',(1.493176930361,-0.325,0.47583778132));
#10835 = CIRCLE('',#10836,0.12);
#10836 = AXIS2_PLACEMENT_3D('',#10837,#10838,#10839);
#10837 = CARTESIAN_POINT('',(1.375,-0.325,0.455));
#10838 = DIRECTION('',(2.22044604925E-16,1.,-2.007068112974E-47));
#10839 = DIRECTION('',(-9.251858538543E-16,2.054325274013E-31,1.));
#10840 = ORIENTED_EDGE('',*,*,#10841,.F.);
#10841 = EDGE_CURVE('',#10842,#10833,#10844,.T.);
#10842 = VERTEX_POINT('',#10843);
#10843 = CARTESIAN_POINT('',(1.493176930361,0.325,0.47583778132));
#10844 = LINE('',#10845,#10846);
#10845 = CARTESIAN_POINT('',(1.493176930361,0.325,0.47583778132));
#10846 = VECTOR('',#10847,1.);
#10847 = DIRECTION('',(-2.22044604925E-16,-1.,0.));
#10848 = ORIENTED_EDGE('',*,*,#10849,.F.);
#10849 = EDGE_CURVE('',#10339,#10842,#10850,.T.);
#10850 = CIRCLE('',#10851,0.12);
#10851 = AXIS2_PLACEMENT_3D('',#10852,#10853,#10854);
#10852 = CARTESIAN_POINT('',(1.375,0.325,0.455));
#10853 = DIRECTION('',(2.22044604925E-16,1.,-2.007068112974E-47));
#10854 = DIRECTION('',(-9.251858538543E-16,2.054325274013E-31,1.));
#10855 = CYLINDRICAL_SURFACE('',#10856,0.12);
#10856 = AXIS2_PLACEMENT_3D('',#10857,#10858,#10859);
#10857 = CARTESIAN_POINT('',(1.375,0.325,0.455));
#10858 = DIRECTION('',(2.22044604925E-16,1.,0.));
#10859 = DIRECTION('',(-9.251858538543E-16,2.054325274013E-31,1.));
#10860 = ADVANCED_FACE('',(#10861),#10872,.F.);
#10861 = FACE_BOUND('',#10862,.F.);
#10862 = EDGE_LOOP('',(#10863,#10869,#10870,#10871));
#10863 = ORIENTED_EDGE('',*,*,#10864,.F.);
#10864 = EDGE_CURVE('',#10331,#10458,#10865,.T.);
#10865 = LINE('',#10866,#10867);
#10866 = CARTESIAN_POINT('',(1.375,-0.325,0.579830288983));
#10867 = VECTOR('',#10868,1.);
#10868 = DIRECTION('',(0.,0.,1.));
#10869 = ORIENTED_EDGE('',*,*,#10330,.T.);
#10870 = ORIENTED_EDGE('',*,*,#10785,.T.);
#10871 = ORIENTED_EDGE('',*,*,#10465,.F.);
#10872 = PLANE('',#10873);
#10873 = AXIS2_PLACEMENT_3D('',#10874,#10875,#10876);
#10874 = CARTESIAN_POINT('',(1.375,0.705,0.775));
#10875 = DIRECTION('',(-1.,0.,0.));
#10876 = DIRECTION('',(0.,-1.,0.));
#10877 = ADVANCED_FACE('',(#10878),#10894,.F.);
#10878 = FACE_BOUND('',#10879,.F.);
#10879 = EDGE_LOOP('',(#10880,#10881,#10887,#10888));
#10880 = ORIENTED_EDGE('',*,*,#10696,.F.);
#10881 = ORIENTED_EDGE('',*,*,#10882,.T.);
#10882 = EDGE_CURVE('',#10689,#10458,#10883,.T.);
#10883 = LINE('',#10884,#10885);
#10884 = CARTESIAN_POINT('',(1.375,0.325,0.775));
#10885 = VECTOR('',#10886,1.);
#10886 = DIRECTION('',(-2.22044604925E-16,-1.,0.));
#10887 = ORIENTED_EDGE('',*,*,#10457,.T.);
#10888 = ORIENTED_EDGE('',*,*,#10889,.F.);
#10889 = EDGE_CURVE('',#10697,#10450,#10890,.T.);
#10890 = LINE('',#10891,#10892);
#10891 = CARTESIAN_POINT('',(1.35,0.6925,0.775));
#10892 = VECTOR('',#10893,1.);
#10893 = DIRECTION('',(0.,-1.,0.));
#10894 = PLANE('',#10895);
#10895 = AXIS2_PLACEMENT_3D('',#10896,#10897,#10898);
#10896 = CARTESIAN_POINT('',(1.375,0.325,0.775));
#10897 = DIRECTION('',(0.,0.,-1.));
#10898 = DIRECTION('',(-1.,2.22044604925E-16,0.));
#10899 = ADVANCED_FACE('',(#10900),#10925,.F.);
#10900 = FACE_BOUND('',#10901,.F.);
#10901 = EDGE_LOOP('',(#10902,#10903,#10904,#10905,#10912,#10920));
#10902 = ORIENTED_EDGE('',*,*,#10704,.T.);
#10903 = ORIENTED_EDGE('',*,*,#10889,.T.);
#10904 = ORIENTED_EDGE('',*,*,#10449,.T.);
#10905 = ORIENTED_EDGE('',*,*,#10906,.T.);
#10906 = EDGE_CURVE('',#10442,#10907,#10909,.T.);
#10907 = VERTEX_POINT('',#10908);
#10908 = CARTESIAN_POINT('',(1.283243103516,-0.659121551758,1.25));
#10909 = B_SPLINE_CURVE_WITH_KNOTS('',1,(#10910,#10911),.UNSPECIFIED.,
  .F.,.F.,(2,2),(0.,1.),.PIECEWISE_BEZIER_KNOTS.);
#10910 = CARTESIAN_POINT('',(1.35,-0.6925,0.775));
#10911 = CARTESIAN_POINT('',(1.283243103516,-0.659121551758,1.25));
#10912 = ORIENTED_EDGE('',*,*,#10913,.F.);
#10913 = EDGE_CURVE('',#10914,#10907,#10916,.T.);
#10914 = VERTEX_POINT('',#10915);
#10915 = CARTESIAN_POINT('',(1.283243103516,0.659121551758,1.25));
#10916 = LINE('',#10917,#10918);
#10917 = CARTESIAN_POINT('',(1.283243103516,0.659121551758,1.25));
#10918 = VECTOR('',#10919,1.);
#10919 = DIRECTION('',(0.,-1.,0.));
#10920 = ORIENTED_EDGE('',*,*,#10921,.F.);
#10921 = EDGE_CURVE('',#10705,#10914,#10922,.T.);
#10922 = B_SPLINE_CURVE_WITH_KNOTS('',1,(#10923,#10924),.UNSPECIFIED.,
  .F.,.F.,(2,2),(0.,1.),.PIECEWISE_BEZIER_KNOTS.);
#10923 = CARTESIAN_POINT('',(1.35,0.6925,0.775));
#10924 = CARTESIAN_POINT('',(1.283243103516,0.659121551758,1.25));
#10925 = B_SPLINE_SURFACE_WITH_KNOTS('',1,1,(
    (#10926,#10927)
    ,(#10928,#10929
    )),.UNSPECIFIED.,.F.,.F.,.F.,(2,2),(2,2),(0.,1.385),(0.,1.),
  .PIECEWISE_BEZIER_KNOTS.);
#10926 = CARTESIAN_POINT('',(1.35,0.6925,0.775));
#10927 = CARTESIAN_POINT('',(1.283243103516,0.659121551758,1.25));
#10928 = CARTESIAN_POINT('',(1.35,-0.6925,0.775));
#10929 = CARTESIAN_POINT('',(1.283243103516,-0.659121551758,1.25));
#10930 = ADVANCED_FACE('',(#10931),#10948,.F.);
#10931 = FACE_BOUND('',#10932,.F.);
#10932 = EDGE_LOOP('',(#10933,#10934,#10941,#10947));
#10933 = ORIENTED_EDGE('',*,*,#10441,.T.);
#10934 = ORIENTED_EDGE('',*,*,#10935,.T.);
#10935 = EDGE_CURVE('',#10434,#10936,#10938,.T.);
#10936 = VERTEX_POINT('',#10937);
#10937 = CARTESIAN_POINT('',(1.234121551758,-0.708243103516,1.25));
#10938 = B_SPLINE_CURVE_WITH_KNOTS('',1,(#10939,#10940),.UNSPECIFIED.,
  .F.,.F.,(2,2),(0.,1.),.PIECEWISE_BEZIER_KNOTS.);
#10939 = CARTESIAN_POINT('',(1.2675,-0.775,0.775));
#10940 = CARTESIAN_POINT('',(1.234121551758,-0.708243103516,1.25));
#10941 = ORIENTED_EDGE('',*,*,#10942,.F.);
#10942 = EDGE_CURVE('',#10907,#10936,#10943,.T.);
#10943 = LINE('',#10944,#10945);
#10944 = CARTESIAN_POINT('',(1.283243103516,-0.659121551758,1.25));
#10945 = VECTOR('',#10946,1.);
#10946 = DIRECTION('',(-0.707106781187,-0.707106781187,0.));
#10947 = ORIENTED_EDGE('',*,*,#10906,.F.);
#10948 = B_SPLINE_SURFACE_WITH_KNOTS('',1,1,(
    (#10949,#10950)
    ,(#10951,#10952
    )),.UNSPECIFIED.,.F.,.F.,.F.,(2,2),(2,2),(0.,0.116672618896),(0.,1.)
  ,.PIECEWISE_BEZIER_KNOTS.);
#10949 = CARTESIAN_POINT('',(1.35,-0.6925,0.775));
#10950 = CARTESIAN_POINT('',(1.283243103516,-0.659121551758,1.25));
#10951 = CARTESIAN_POINT('',(1.2675,-0.775,0.775));
#10952 = CARTESIAN_POINT('',(1.234121551758,-0.708243103516,1.25));
#10953 = ADVANCED_FACE('',(#10954),#10971,.F.);
#10954 = FACE_BOUND('',#10955,.F.);
#10955 = EDGE_LOOP('',(#10956,#10957,#10964,#10970));
#10956 = ORIENTED_EDGE('',*,*,#10433,.T.);
#10957 = ORIENTED_EDGE('',*,*,#10958,.T.);
#10958 = EDGE_CURVE('',#10426,#10959,#10961,.T.);
#10959 = VERTEX_POINT('',#10960);
#10960 = CARTESIAN_POINT('',(-1.234121551758,-0.708243103516,1.25));
#10961 = B_SPLINE_CURVE_WITH_KNOTS('',1,(#10962,#10963),.UNSPECIFIED.,
  .F.,.F.,(2,2),(0.,1.),.PIECEWISE_BEZIER_KNOTS.);
#10962 = CARTESIAN_POINT('',(-1.2675,-0.775,0.775));
#10963 = CARTESIAN_POINT('',(-1.234121551758,-0.708243103516,1.25));
#10964 = ORIENTED_EDGE('',*,*,#10965,.F.);
#10965 = EDGE_CURVE('',#10936,#10959,#10966,.T.);
#10966 = LINE('',#10967,#10968);
#10967 = CARTESIAN_POINT('',(1.234121551758,-0.708243103516,1.25));
#10968 = VECTOR('',#10969,1.);
#10969 = DIRECTION('',(-1.,0.,0.));
#10970 = ORIENTED_EDGE('',*,*,#10935,.F.);
#10971 = B_SPLINE_SURFACE_WITH_KNOTS('',1,1,(
    (#10972,#10973)
    ,(#10974,#10975
    )),.UNSPECIFIED.,.F.,.F.,.F.,(2,2),(2,2),(0.,2.535),(0.,1.),
  .PIECEWISE_BEZIER_KNOTS.);
#10972 = CARTESIAN_POINT('',(1.2675,-0.775,0.775));
#10973 = CARTESIAN_POINT('',(1.234121551758,-0.708243103516,1.25));
#10974 = CARTESIAN_POINT('',(-1.2675,-0.775,0.775));
#10975 = CARTESIAN_POINT('',(-1.234121551758,-0.708243103516,1.25));
#10976 = ADVANCED_FACE('',(#10977),#10994,.F.);
#10977 = FACE_BOUND('',#10978,.F.);
#10978 = EDGE_LOOP('',(#10979,#10980,#10987,#10993));
#10979 = ORIENTED_EDGE('',*,*,#10425,.T.);
#10980 = ORIENTED_EDGE('',*,*,#10981,.T.);
#10981 = EDGE_CURVE('',#10418,#10982,#10984,.T.);
#10982 = VERTEX_POINT('',#10983);
#10983 = CARTESIAN_POINT('',(-1.283243103516,-0.659121551758,1.25));
#10984 = B_SPLINE_CURVE_WITH_KNOTS('',1,(#10985,#10986),.UNSPECIFIED.,
  .F.,.F.,(2,2),(0.,1.),.PIECEWISE_BEZIER_KNOTS.);
#10985 = CARTESIAN_POINT('',(-1.35,-0.6925,0.775));
#10986 = CARTESIAN_POINT('',(-1.283243103516,-0.659121551758,1.25));
#10987 = ORIENTED_EDGE('',*,*,#10988,.F.);
#10988 = EDGE_CURVE('',#10959,#10982,#10989,.T.);
#10989 = LINE('',#10990,#10991);
#10990 = CARTESIAN_POINT('',(-1.234121551758,-0.708243103516,1.25));
#10991 = VECTOR('',#10992,1.);
#10992 = DIRECTION('',(-0.707106781187,0.707106781187,0.));
#10993 = ORIENTED_EDGE('',*,*,#10958,.F.);
#10994 = B_SPLINE_SURFACE_WITH_KNOTS('',1,1,(
    (#10995,#10996)
    ,(#10997,#10998
    )),.UNSPECIFIED.,.F.,.F.,.F.,(2,2),(2,2),(0.,0.116672618896),(0.,1.)
  ,.PIECEWISE_BEZIER_KNOTS.);
#10995 = CARTESIAN_POINT('',(-1.2675,-0.775,0.775));
#10996 = CARTESIAN_POINT('',(-1.234121551758,-0.708243103516,1.25));
#10997 = CARTESIAN_POINT('',(-1.35,-0.6925,0.775));
#10998 = CARTESIAN_POINT('',(-1.283243103516,-0.659121551758,1.25));
#10999 = ADVANCED_FACE('',(#11000),#11024,.F.);
#11000 = FACE_BOUND('',#11001,.F.);
#11001 = EDGE_LOOP('',(#11002,#11003,#11009,#11010,#11017,#11023));
#11002 = ORIENTED_EDGE('',*,*,#10417,.T.);
#11003 = ORIENTED_EDGE('',*,*,#11004,.T.);
#11004 = EDGE_CURVE('',#10410,#10663,#11005,.T.);
#11005 = LINE('',#11006,#11007);
#11006 = CARTESIAN_POINT('',(-1.35,-0.6925,0.775));
#11007 = VECTOR('',#11008,1.);
#11008 = DIRECTION('',(0.,1.,0.));
#11009 = ORIENTED_EDGE('',*,*,#10736,.T.);
#11010 = ORIENTED_EDGE('',*,*,#11011,.T.);
#11011 = EDGE_CURVE('',#10729,#11012,#11014,.T.);
#11012 = VERTEX_POINT('',#11013);
#11013 = CARTESIAN_POINT('',(-1.283243103516,0.659121551758,1.25));
#11014 = B_SPLINE_CURVE_WITH_KNOTS('',1,(#11015,#11016),.UNSPECIFIED.,
  .F.,.F.,(2,2),(0.,1.),.PIECEWISE_BEZIER_KNOTS.);
#11015 = CARTESIAN_POINT('',(-1.35,0.6925,0.775));
#11016 = CARTESIAN_POINT('',(-1.283243103516,0.659121551758,1.25));
#11017 = ORIENTED_EDGE('',*,*,#11018,.F.);
#11018 = EDGE_CURVE('',#10982,#11012,#11019,.T.);
#11019 = LINE('',#11020,#11021);
#11020 = CARTESIAN_POINT('',(-1.283243103516,-0.659121551758,1.25));
#11021 = VECTOR('',#11022,1.);
#11022 = DIRECTION('',(0.,1.,0.));
#11023 = ORIENTED_EDGE('',*,*,#10981,.F.);
#11024 = B_SPLINE_SURFACE_WITH_KNOTS('',1,1,(
    (#11025,#11026)
    ,(#11027,#11028
    )),.UNSPECIFIED.,.F.,.F.,.F.,(2,2),(2,2),(0.,1.385),(0.,1.),
  .PIECEWISE_BEZIER_KNOTS.);
#11025 = CARTESIAN_POINT('',(-1.35,-0.6925,0.775));
#11026 = CARTESIAN_POINT('',(-1.283243103516,-0.659121551758,1.25));
#11027 = CARTESIAN_POINT('',(-1.35,0.6925,0.775));
#11028 = CARTESIAN_POINT('',(-1.283243103516,0.659121551758,1.25));
#11029 = ADVANCED_FACE('',(#11030),#11041,.F.);
#11030 = FACE_BOUND('',#11031,.F.);
#11031 = EDGE_LOOP('',(#11032,#11033,#11039,#11040));
#11032 = ORIENTED_EDGE('',*,*,#10409,.F.);
#11033 = ORIENTED_EDGE('',*,*,#11034,.T.);
#11034 = EDGE_CURVE('',#10129,#10184,#11035,.T.);
#11035 = LINE('',#11036,#11037);
#11036 = CARTESIAN_POINT('',(-1.375,-0.325,0.775));
#11037 = VECTOR('',#11038,1.);
#11038 = DIRECTION('',(1.110223024625E-16,1.,0.));
#11039 = ORIENTED_EDGE('',*,*,#10662,.T.);
#11040 = ORIENTED_EDGE('',*,*,#11004,.F.);
#11041 = PLANE('',#11042);
#11042 = AXIS2_PLACEMENT_3D('',#11043,#11044,#11045);
#11043 = CARTESIAN_POINT('',(-1.375,-0.325,0.775));
#11044 = DIRECTION('',(0.,0.,-1.));
#11045 = DIRECTION('',(1.,-1.110223024625E-16,0.));
#11046 = ADVANCED_FACE('',(#11047),#11058,.T.);
#11047 = FACE_BOUND('',#11048,.T.);
#11048 = EDGE_LOOP('',(#11049,#11050,#11051,#11052));
#11049 = ORIENTED_EDGE('',*,*,#10555,.T.);
#11050 = ORIENTED_EDGE('',*,*,#11034,.T.);
#11051 = ORIENTED_EDGE('',*,*,#10647,.F.);
#11052 = ORIENTED_EDGE('',*,*,#11053,.F.);
#11053 = EDGE_CURVE('',#10548,#10640,#11054,.T.);
#11054 = LINE('',#11055,#11056);
#11055 = CARTESIAN_POINT('',(-1.690138480964,-0.325,0.510567416853));
#11056 = VECTOR('',#11057,1.);
#11057 = DIRECTION('',(1.110223024625E-16,1.,0.));
#11058 = CYLINDRICAL_SURFACE('',#11059,0.32);
#11059 = AXIS2_PLACEMENT_3D('',#11060,#11061,#11062);
#11060 = CARTESIAN_POINT('',(-1.375,-0.325,0.455));
#11061 = DIRECTION('',(-1.110223024625E-16,-1.,-0.));
#11062 = DIRECTION('',(-0.984807753012,1.093356242223E-16,0.173648177667
    ));
#11063 = ADVANCED_FACE('',(#11064),#11075,.F.);
#11064 = FACE_BOUND('',#11065,.F.);
#11065 = EDGE_LOOP('',(#11066,#11072,#11073,#11074));
#11066 = ORIENTED_EDGE('',*,*,#11067,.T.);
#11067 = EDGE_CURVE('',#10539,#10631,#11068,.T.);
#11068 = LINE('',#11069,#11070);
#11069 = CARTESIAN_POINT('',(-1.720627212034,-0.325,0.29916221868));
#11070 = VECTOR('',#11071,1.);
#11071 = DIRECTION('',(1.110223024625E-16,1.,0.));
#11072 = ORIENTED_EDGE('',*,*,#10639,.T.);
#11073 = ORIENTED_EDGE('',*,*,#11053,.F.);
#11074 = ORIENTED_EDGE('',*,*,#10547,.F.);
#11075 = PLANE('',#11076);
#11076 = AXIS2_PLACEMENT_3D('',#11077,#11078,#11079);
#11077 = CARTESIAN_POINT('',(-1.720627212034,-0.325,0.29916221868));
#11078 = DIRECTION('',(0.989759848633,-1.098854172802E-16,
    -0.142742572604));
#11079 = DIRECTION('',(0.142742572604,-1.584760906992E-17,0.989759848633
    ));
#11080 = ADVANCED_FACE('',(#11081),#11092,.F.);
#11081 = FACE_BOUND('',#11082,.F.);
#11082 = EDGE_LOOP('',(#11083,#11089,#11090,#11091));
#11083 = ORIENTED_EDGE('',*,*,#11084,.T.);
#11084 = EDGE_CURVE('',#10531,#10623,#11085,.T.);
#11085 = LINE('',#11086,#11087);
#11086 = CARTESIAN_POINT('',(-1.838804142396,-0.325,0.2));
#11087 = VECTOR('',#11088,1.);
#11088 = DIRECTION('',(1.110223024625E-16,1.,0.));
#11089 = ORIENTED_EDGE('',*,*,#10630,.T.);
#11090 = ORIENTED_EDGE('',*,*,#11067,.F.);
#11091 = ORIENTED_EDGE('',*,*,#10538,.F.);
#11092 = CYLINDRICAL_SURFACE('',#11093,0.12);
#11093 = AXIS2_PLACEMENT_3D('',#11094,#11095,#11096);
#11094 = CARTESIAN_POINT('',(-1.838804142396,-0.325,0.32));
#11095 = DIRECTION('',(-1.110223024625E-16,-1.,0.));
#11096 = DIRECTION('',(1.850371707709E-15,-2.054325274013E-31,-1.));
#11097 = ADVANCED_FACE('',(#11098),#11109,.F.);
#11098 = FACE_BOUND('',#11099,.F.);
#11099 = EDGE_LOOP('',(#11100,#11106,#11107,#11108));
#11100 = ORIENTED_EDGE('',*,*,#11101,.T.);
#11101 = EDGE_CURVE('',#10523,#10615,#11102,.T.);
#11102 = LINE('',#11103,#11104);
#11103 = CARTESIAN_POINT('',(-1.9,-0.325,0.2));
#11104 = VECTOR('',#11105,1.);
#11105 = DIRECTION('',(1.110223024625E-16,1.,0.));
#11106 = ORIENTED_EDGE('',*,*,#10622,.T.);
#11107 = ORIENTED_EDGE('',*,*,#11084,.F.);
#11108 = ORIENTED_EDGE('',*,*,#10530,.F.);
#11109 = PLANE('',#11110);
#11110 = AXIS2_PLACEMENT_3D('',#11111,#11112,#11113);
#11111 = CARTESIAN_POINT('',(-1.9,-0.325,0.2));
#11112 = DIRECTION('',(0.,0.,-1.));
#11113 = DIRECTION('',(1.,-1.110223024625E-16,0.));
#11114 = ADVANCED_FACE('',(#11115),#11126,.F.);
#11115 = FACE_BOUND('',#11116,.F.);
#11116 = EDGE_LOOP('',(#11117,#11123,#11124,#11125));
#11117 = ORIENTED_EDGE('',*,*,#11118,.T.);
#11118 = EDGE_CURVE('',#10515,#10607,#11119,.T.);
#11119 = LINE('',#11120,#11121);
#11120 = CARTESIAN_POINT('',(-1.9,-0.325,-5.551115123126E-17));
#11121 = VECTOR('',#11122,1.);
#11122 = DIRECTION('',(1.110223024625E-16,1.,0.));
#11123 = ORIENTED_EDGE('',*,*,#10614,.T.);
#11124 = ORIENTED_EDGE('',*,*,#11101,.F.);
#11125 = ORIENTED_EDGE('',*,*,#10522,.F.);
#11126 = PLANE('',#11127);
#11127 = AXIS2_PLACEMENT_3D('',#11128,#11129,#11130);
#11128 = CARTESIAN_POINT('',(-1.9,-0.325,-5.551115123126E-17));
#11129 = DIRECTION('',(1.,-1.110223024625E-16,0.));
#11130 = DIRECTION('',(0.,0.,1.));
#11131 = ADVANCED_FACE('',(#11132),#11143,.F.);
#11132 = FACE_BOUND('',#11133,.F.);
#11133 = EDGE_LOOP('',(#11134,#11140,#11141,#11142));
#11134 = ORIENTED_EDGE('',*,*,#11135,.T.);
#11135 = EDGE_CURVE('',#10506,#10598,#11136,.T.);
#11136 = LINE('',#11137,#11138);
#11137 = CARTESIAN_POINT('',(-1.838804142396,-0.325,-5.551115123126E-17)
  );
#11138 = VECTOR('',#11139,1.);
#11139 = DIRECTION('',(1.110223024625E-16,1.,0.));
#11140 = ORIENTED_EDGE('',*,*,#10606,.T.);
#11141 = ORIENTED_EDGE('',*,*,#11118,.F.);
#11142 = ORIENTED_EDGE('',*,*,#10514,.F.);
#11143 = PLANE('',#11144);
#11144 = AXIS2_PLACEMENT_3D('',#11145,#11146,#11147);
#11145 = CARTESIAN_POINT('',(-1.838804142396,-0.325,-5.551115123126E-17)
  );
#11146 = DIRECTION('',(0.,0.,1.));
#11147 = DIRECTION('',(-1.,1.110223024625E-16,0.));
#11148 = ADVANCED_FACE('',(#11149),#11155,.T.);
#11149 = FACE_BOUND('',#11150,.T.);
#11150 = EDGE_LOOP('',(#11151,#11152,#11153,#11154));
#11151 = ORIENTED_EDGE('',*,*,#10505,.T.);
#11152 = ORIENTED_EDGE('',*,*,#11135,.T.);
#11153 = ORIENTED_EDGE('',*,*,#10597,.F.);
#11154 = ORIENTED_EDGE('',*,*,#10579,.F.);
#11155 = CYLINDRICAL_SURFACE('',#11156,0.32);
#11156 = AXIS2_PLACEMENT_3D('',#11157,#11158,#11159);
#11157 = CARTESIAN_POINT('',(-1.838804142396,-0.325,0.32));
#11158 = DIRECTION('',(-1.110223024625E-16,-1.,-0.));
#11159 = DIRECTION('',(0.984807753012,-1.093356242223E-16,
    -0.173648177667));
#11160 = ADVANCED_FACE('',(#11161),#11178,.F.);
#11161 = FACE_BOUND('',#11162,.F.);
#11162 = EDGE_LOOP('',(#11163,#11164,#11171,#11177));
#11163 = ORIENTED_EDGE('',*,*,#10728,.T.);
#11164 = ORIENTED_EDGE('',*,*,#11165,.T.);
#11165 = EDGE_CURVE('',#10721,#11166,#11168,.T.);
#11166 = VERTEX_POINT('',#11167);
#11167 = CARTESIAN_POINT('',(-1.234121551758,0.708243103516,1.25));
#11168 = B_SPLINE_CURVE_WITH_KNOTS('',1,(#11169,#11170),.UNSPECIFIED.,
  .F.,.F.,(2,2),(0.,1.),.PIECEWISE_BEZIER_KNOTS.);
#11169 = CARTESIAN_POINT('',(-1.2675,0.775,0.775));
#11170 = CARTESIAN_POINT('',(-1.234121551758,0.708243103516,1.25));
#11171 = ORIENTED_EDGE('',*,*,#11172,.F.);
#11172 = EDGE_CURVE('',#11012,#11166,#11173,.T.);
#11173 = LINE('',#11174,#11175);
#11174 = CARTESIAN_POINT('',(-1.283243103516,0.659121551758,1.25));
#11175 = VECTOR('',#11176,1.);
#11176 = DIRECTION('',(0.707106781187,0.707106781187,0.));
#11177 = ORIENTED_EDGE('',*,*,#11011,.F.);
#11178 = B_SPLINE_SURFACE_WITH_KNOTS('',1,1,(
    (#11179,#11180)
    ,(#11181,#11182
    )),.UNSPECIFIED.,.F.,.F.,.F.,(2,2),(2,2),(0.,0.116672618896),(0.,1.)
  ,.PIECEWISE_BEZIER_KNOTS.);
#11179 = CARTESIAN_POINT('',(-1.35,0.6925,0.775));
#11180 = CARTESIAN_POINT('',(-1.283243103516,0.659121551758,1.25));
#11181 = CARTESIAN_POINT('',(-1.2675,0.775,0.775));
#11182 = CARTESIAN_POINT('',(-1.234121551758,0.708243103516,1.25));
#11183 = ADVANCED_FACE('',(#11184),#11201,.F.);
#11184 = FACE_BOUND('',#11185,.F.);
#11185 = EDGE_LOOP('',(#11186,#11187,#11194,#11200));
#11186 = ORIENTED_EDGE('',*,*,#10720,.T.);
#11187 = ORIENTED_EDGE('',*,*,#11188,.T.);
#11188 = EDGE_CURVE('',#10713,#11189,#11191,.T.);
#11189 = VERTEX_POINT('',#11190);
#11190 = CARTESIAN_POINT('',(1.234121551758,0.708243103516,1.25));
#11191 = B_SPLINE_CURVE_WITH_KNOTS('',1,(#11192,#11193),.UNSPECIFIED.,
  .F.,.F.,(2,2),(0.,1.),.PIECEWISE_BEZIER_KNOTS.);
#11192 = CARTESIAN_POINT('',(1.2675,0.775,0.775));
#11193 = CARTESIAN_POINT('',(1.234121551758,0.708243103516,1.25));
#11194 = ORIENTED_EDGE('',*,*,#11195,.F.);
#11195 = EDGE_CURVE('',#11166,#11189,#11196,.T.);
#11196 = LINE('',#11197,#11198);
#11197 = CARTESIAN_POINT('',(-1.234121551758,0.708243103516,1.25));
#11198 = VECTOR('',#11199,1.);
#11199 = DIRECTION('',(1.,0.,0.));
#11200 = ORIENTED_EDGE('',*,*,#11165,.F.);
#11201 = B_SPLINE_SURFACE_WITH_KNOTS('',1,1,(
    (#11202,#11203)
    ,(#11204,#11205
    )),.UNSPECIFIED.,.F.,.F.,.F.,(2,2),(2,2),(0.,2.535),(0.,1.),
  .PIECEWISE_BEZIER_KNOTS.);
#11202 = CARTESIAN_POINT('',(-1.2675,0.775,0.775));
#11203 = CARTESIAN_POINT('',(-1.234121551758,0.708243103516,1.25));
#11204 = CARTESIAN_POINT('',(1.2675,0.775,0.775));
#11205 = CARTESIAN_POINT('',(1.234121551758,0.708243103516,1.25));
#11206 = ADVANCED_FACE('',(#11207),#11218,.F.);
#11207 = FACE_BOUND('',#11208,.F.);
#11208 = EDGE_LOOP('',(#11209,#11210,#11211,#11217));
#11209 = ORIENTED_EDGE('',*,*,#10712,.T.);
#11210 = ORIENTED_EDGE('',*,*,#10921,.T.);
#11211 = ORIENTED_EDGE('',*,*,#11212,.F.);
#11212 = EDGE_CURVE('',#11189,#10914,#11213,.T.);
#11213 = LINE('',#11214,#11215);
#11214 = CARTESIAN_POINT('',(1.234121551758,0.708243103516,1.25));
#11215 = VECTOR('',#11216,1.);
#11216 = DIRECTION('',(0.707106781187,-0.707106781187,0.));
#11217 = ORIENTED_EDGE('',*,*,#11188,.F.);
#11218 = B_SPLINE_SURFACE_WITH_KNOTS('',1,1,(
    (#11219,#11220)
    ,(#11221,#11222
    )),.UNSPECIFIED.,.F.,.F.,.F.,(2,2),(2,2),(0.,0.116672618896),(0.,1.)
  ,.PIECEWISE_BEZIER_KNOTS.);
#11219 = CARTESIAN_POINT('',(1.2675,0.775,0.775));
#11220 = CARTESIAN_POINT('',(1.234121551758,0.708243103516,1.25));
#11221 = CARTESIAN_POINT('',(1.35,0.6925,0.775));
#11222 = CARTESIAN_POINT('',(1.283243103516,0.659121551758,1.25));
#11223 = ADVANCED_FACE('',(#11224),#11293,.F.);
#11224 = FACE_BOUND('',#11225,.F.);
#11225 = EDGE_LOOP('',(#11226,#11227,#11228,#11236,#11245,#11253,#11261,
    #11269,#11278,#11286));
#11226 = ORIENTED_EDGE('',*,*,#10816,.F.);
#11227 = ORIENTED_EDGE('',*,*,#10849,.T.);
#11228 = ORIENTED_EDGE('',*,*,#11229,.T.);
#11229 = EDGE_CURVE('',#10842,#11230,#11232,.T.);
#11230 = VERTEX_POINT('',#11231);
#11231 = CARTESIAN_POINT('',(1.523665661432,0.325,0.264432583147));
#11232 = LINE('',#11233,#11234);
#11233 = CARTESIAN_POINT('',(1.493176930361,0.325,0.47583778132));
#11234 = VECTOR('',#11235,1.);
#11235 = DIRECTION('',(0.142742572604,-3.169521813984E-17,
    -0.989759848633));
#11236 = ORIENTED_EDGE('',*,*,#11237,.T.);
#11237 = EDGE_CURVE('',#11230,#11238,#11240,.T.);
#11238 = VERTEX_POINT('',#11239);
#11239 = CARTESIAN_POINT('',(1.838804142396,0.325,-5.551115123126E-17));
#11240 = CIRCLE('',#11241,0.32);
#11241 = AXIS2_PLACEMENT_3D('',#11242,#11243,#11244);
#11242 = CARTESIAN_POINT('',(1.838804142396,0.325,0.32));
#11243 = DIRECTION('',(-2.22044604925E-16,-1.,1.251126945016E-33));
#11244 = DIRECTION('',(-0.984807753012,2.186712484447E-16,
    -0.173648177667));
#11245 = ORIENTED_EDGE('',*,*,#11246,.T.);
#11246 = EDGE_CURVE('',#11238,#11247,#11249,.T.);
#11247 = VERTEX_POINT('',#11248);
#11248 = CARTESIAN_POINT('',(1.9,0.325,-5.551115123126E-17));
#11249 = LINE('',#11250,#11251);
#11250 = CARTESIAN_POINT('',(1.838804142396,0.325,-5.551115123126E-17));
#11251 = VECTOR('',#11252,1.);
#11252 = DIRECTION('',(1.,-2.22044604925E-16,0.));
#11253 = ORIENTED_EDGE('',*,*,#11254,.T.);
#11254 = EDGE_CURVE('',#11247,#11255,#11257,.T.);
#11255 = VERTEX_POINT('',#11256);
#11256 = CARTESIAN_POINT('',(1.9,0.325,0.2));
#11257 = LINE('',#11258,#11259);
#11258 = CARTESIAN_POINT('',(1.9,0.325,-5.551115123126E-17));
#11259 = VECTOR('',#11260,1.);
#11260 = DIRECTION('',(0.,0.,1.));
#11261 = ORIENTED_EDGE('',*,*,#11262,.T.);
#11262 = EDGE_CURVE('',#11255,#11263,#11265,.T.);
#11263 = VERTEX_POINT('',#11264);
#11264 = CARTESIAN_POINT('',(1.838804142396,0.325,0.2));
#11265 = LINE('',#11266,#11267);
#11266 = CARTESIAN_POINT('',(1.9,0.325,0.2));
#11267 = VECTOR('',#11268,1.);
#11268 = DIRECTION('',(-1.,2.22044604925E-16,0.));
#11269 = ORIENTED_EDGE('',*,*,#11270,.T.);
#11270 = EDGE_CURVE('',#11263,#11271,#11273,.T.);
#11271 = VERTEX_POINT('',#11272);
#11272 = CARTESIAN_POINT('',(1.720627212034,0.325,0.29916221868));
#11273 = CIRCLE('',#11274,0.12);
#11274 = AXIS2_PLACEMENT_3D('',#11275,#11276,#11277);
#11275 = CARTESIAN_POINT('',(1.838804142396,0.325,0.32));
#11276 = DIRECTION('',(2.22044604925E-16,1.,4.0141362272E-47));
#11277 = DIRECTION('',(-1.850371707709E-15,4.108650548026E-31,-1.));
#11278 = ORIENTED_EDGE('',*,*,#11279,.T.);
#11279 = EDGE_CURVE('',#11271,#11280,#11282,.T.);
#11280 = VERTEX_POINT('',#11281);
#11281 = CARTESIAN_POINT('',(1.690138480964,0.325,0.510567416853));
#11282 = LINE('',#11283,#11284);
#11283 = CARTESIAN_POINT('',(1.720627212034,0.325,0.29916221868));
#11284 = VECTOR('',#11285,1.);
#11285 = DIRECTION('',(-0.142742572604,3.169521813984E-17,0.989759848633
    ));
#11286 = ORIENTED_EDGE('',*,*,#11287,.T.);
#11287 = EDGE_CURVE('',#11280,#10689,#11288,.T.);
#11288 = CIRCLE('',#11289,0.32);
#11289 = AXIS2_PLACEMENT_3D('',#11290,#11291,#11292);
#11290 = CARTESIAN_POINT('',(1.375,0.325,0.455));
#11291 = DIRECTION('',(-2.22044604925E-16,-1.,1.251126945016E-33));
#11292 = DIRECTION('',(0.984807753012,-2.186712484447E-16,0.173648177667
    ));
#11293 = PLANE('',#11294);
#11294 = AXIS2_PLACEMENT_3D('',#11295,#11296,#11297);
#11295 = CARTESIAN_POINT('',(1.610729118287,0.325,0.384660577966));
#11296 = DIRECTION('',(-2.22044604925E-16,-1.,0.));
#11297 = DIRECTION('',(0.,0.,1.));
#11298 = ADVANCED_FACE('',(#11299),#11317,.F.);
#11299 = FACE_BOUND('',#11300,.F.);
#11300 = EDGE_LOOP('',(#11301,#11302,#11310,#11316));
#11301 = ORIENTED_EDGE('',*,*,#10841,.T.);
#11302 = ORIENTED_EDGE('',*,*,#11303,.T.);
#11303 = EDGE_CURVE('',#10833,#11304,#11306,.T.);
#11304 = VERTEX_POINT('',#11305);
#11305 = CARTESIAN_POINT('',(1.523665661432,-0.325,0.264432583147));
#11306 = LINE('',#11307,#11308);
#11307 = CARTESIAN_POINT('',(1.493176930361,-0.325,0.47583778132));
#11308 = VECTOR('',#11309,1.);
#11309 = DIRECTION('',(0.142742572604,-3.169521813984E-17,
    -0.989759848633));
#11310 = ORIENTED_EDGE('',*,*,#11311,.F.);
#11311 = EDGE_CURVE('',#11230,#11304,#11312,.T.);
#11312 = LINE('',#11313,#11314);
#11313 = CARTESIAN_POINT('',(1.523665661432,0.325,0.264432583147));
#11314 = VECTOR('',#11315,1.);
#11315 = DIRECTION('',(-2.22044604925E-16,-1.,0.));
#11316 = ORIENTED_EDGE('',*,*,#11229,.F.);
#11317 = PLANE('',#11318);
#11318 = AXIS2_PLACEMENT_3D('',#11319,#11320,#11321);
#11319 = CARTESIAN_POINT('',(1.493176930361,0.325,0.47583778132));
#11320 = DIRECTION('',(0.989759848633,-2.197708345604E-16,0.142742572604
    ));
#11321 = DIRECTION('',(0.142742572604,-3.169521813984E-17,
    -0.989759848633));
#11322 = ADVANCED_FACE('',(#11323),#11385,.T.);
#11323 = FACE_BOUND('',#11324,.T.);
#11324 = EDGE_LOOP('',(#11325,#11326,#11327,#11328,#11337,#11345,#11353,
    #11361,#11370,#11378));
#11325 = ORIENTED_EDGE('',*,*,#10864,.F.);
#11326 = ORIENTED_EDGE('',*,*,#10832,.T.);
#11327 = ORIENTED_EDGE('',*,*,#11303,.T.);
#11328 = ORIENTED_EDGE('',*,*,#11329,.T.);
#11329 = EDGE_CURVE('',#11304,#11330,#11332,.T.);
#11330 = VERTEX_POINT('',#11331);
#11331 = CARTESIAN_POINT('',(1.838804142396,-0.325,-5.551115123126E-17)
  );
#11332 = CIRCLE('',#11333,0.32);
#11333 = AXIS2_PLACEMENT_3D('',#11334,#11335,#11336);
#11334 = CARTESIAN_POINT('',(1.838804142396,-0.325,0.32));
#11335 = DIRECTION('',(-2.22044604925E-16,-1.,1.251126945016E-33));
#11336 = DIRECTION('',(-0.984807753012,2.186712484447E-16,
    -0.173648177667));
#11337 = ORIENTED_EDGE('',*,*,#11338,.T.);
#11338 = EDGE_CURVE('',#11330,#11339,#11341,.T.);
#11339 = VERTEX_POINT('',#11340);
#11340 = CARTESIAN_POINT('',(1.9,-0.325,-5.551115123126E-17));
#11341 = LINE('',#11342,#11343);
#11342 = CARTESIAN_POINT('',(1.838804142396,-0.325,-5.551115123126E-17)
  );
#11343 = VECTOR('',#11344,1.);
#11344 = DIRECTION('',(1.,-2.22044604925E-16,0.));
#11345 = ORIENTED_EDGE('',*,*,#11346,.T.);
#11346 = EDGE_CURVE('',#11339,#11347,#11349,.T.);
#11347 = VERTEX_POINT('',#11348);
#11348 = CARTESIAN_POINT('',(1.9,-0.325,0.2));
#11349 = LINE('',#11350,#11351);
#11350 = CARTESIAN_POINT('',(1.9,-0.325,-5.551115123126E-17));
#11351 = VECTOR('',#11352,1.);
#11352 = DIRECTION('',(0.,0.,1.));
#11353 = ORIENTED_EDGE('',*,*,#11354,.T.);
#11354 = EDGE_CURVE('',#11347,#11355,#11357,.T.);
#11355 = VERTEX_POINT('',#11356);
#11356 = CARTESIAN_POINT('',(1.838804142396,-0.325,0.2));
#11357 = LINE('',#11358,#11359);
#11358 = CARTESIAN_POINT('',(1.9,-0.325,0.2));
#11359 = VECTOR('',#11360,1.);
#11360 = DIRECTION('',(-1.,2.22044604925E-16,0.));
#11361 = ORIENTED_EDGE('',*,*,#11362,.T.);
#11362 = EDGE_CURVE('',#11355,#11363,#11365,.T.);
#11363 = VERTEX_POINT('',#11364);
#11364 = CARTESIAN_POINT('',(1.720627212034,-0.325,0.29916221868));
#11365 = CIRCLE('',#11366,0.12);
#11366 = AXIS2_PLACEMENT_3D('',#11367,#11368,#11369);
#11367 = CARTESIAN_POINT('',(1.838804142396,-0.325,0.32));
#11368 = DIRECTION('',(2.22044604925E-16,1.,4.0141362272E-47));
#11369 = DIRECTION('',(-1.850371707709E-15,4.108650548026E-31,-1.));
#11370 = ORIENTED_EDGE('',*,*,#11371,.T.);
#11371 = EDGE_CURVE('',#11363,#11372,#11374,.T.);
#11372 = VERTEX_POINT('',#11373);
#11373 = CARTESIAN_POINT('',(1.690138480964,-0.325,0.510567416853));
#11374 = LINE('',#11375,#11376);
#11375 = CARTESIAN_POINT('',(1.720627212034,-0.325,0.29916221868));
#11376 = VECTOR('',#11377,1.);
#11377 = DIRECTION('',(-0.142742572604,3.169521813984E-17,0.989759848633
    ));
#11378 = ORIENTED_EDGE('',*,*,#11379,.T.);
#11379 = EDGE_CURVE('',#11372,#10458,#11380,.T.);
#11380 = CIRCLE('',#11381,0.32);
#11381 = AXIS2_PLACEMENT_3D('',#11382,#11383,#11384);
#11382 = CARTESIAN_POINT('',(1.375,-0.325,0.455));
#11383 = DIRECTION('',(-2.22044604925E-16,-1.,1.251126945016E-33));
#11384 = DIRECTION('',(0.984807753012,-2.186712484447E-16,0.173648177667
    ));
#11385 = PLANE('',#11386);
#11386 = AXIS2_PLACEMENT_3D('',#11387,#11388,#11389);
#11387 = CARTESIAN_POINT('',(1.610729118287,-0.325,0.384660577966));
#11388 = DIRECTION('',(-2.22044604925E-16,-1.,0.));
#11389 = DIRECTION('',(0.,0.,1.));
#11390 = ADVANCED_FACE('',(#11391),#11402,.T.);
#11391 = FACE_BOUND('',#11392,.T.);
#11392 = EDGE_LOOP('',(#11393,#11394,#11395,#11396));
#11393 = ORIENTED_EDGE('',*,*,#11287,.T.);
#11394 = ORIENTED_EDGE('',*,*,#10882,.T.);
#11395 = ORIENTED_EDGE('',*,*,#11379,.F.);
#11396 = ORIENTED_EDGE('',*,*,#11397,.F.);
#11397 = EDGE_CURVE('',#11280,#11372,#11398,.T.);
#11398 = LINE('',#11399,#11400);
#11399 = CARTESIAN_POINT('',(1.690138480964,0.325,0.510567416853));
#11400 = VECTOR('',#11401,1.);
#11401 = DIRECTION('',(-2.22044604925E-16,-1.,0.));
#11402 = CYLINDRICAL_SURFACE('',#11403,0.32);
#11403 = AXIS2_PLACEMENT_3D('',#11404,#11405,#11406);
#11404 = CARTESIAN_POINT('',(1.375,0.325,0.455));
#11405 = DIRECTION('',(2.22044604925E-16,1.,0.));
#11406 = DIRECTION('',(0.984807753012,-2.186712484447E-16,0.173648177667
    ));
#11407 = ADVANCED_FACE('',(#11408,#11418),#11452,.T.);
#11408 = FACE_BOUND('',#11409,.T.);
#11409 = EDGE_LOOP('',(#11410,#11411,#11412,#11413,#11414,#11415,#11416,
    #11417));
#11410 = ORIENTED_EDGE('',*,*,#11018,.F.);
#11411 = ORIENTED_EDGE('',*,*,#10988,.F.);
#11412 = ORIENTED_EDGE('',*,*,#10965,.F.);
#11413 = ORIENTED_EDGE('',*,*,#10942,.F.);
#11414 = ORIENTED_EDGE('',*,*,#10913,.F.);
#11415 = ORIENTED_EDGE('',*,*,#11212,.F.);
#11416 = ORIENTED_EDGE('',*,*,#11195,.F.);
#11417 = ORIENTED_EDGE('',*,*,#11172,.F.);
#11418 = FACE_BOUND('',#11419,.T.);
#11419 = EDGE_LOOP('',(#11420,#11430,#11438,#11446));
#11420 = ORIENTED_EDGE('',*,*,#11421,.T.);
#11421 = EDGE_CURVE('',#11422,#11424,#11426,.T.);
#11422 = VERTEX_POINT('',#11423);
#11423 = CARTESIAN_POINT('',(-0.683243103516,-0.608243103516,1.25));
#11424 = VERTEX_POINT('',#11425);
#11425 = CARTESIAN_POINT('',(-1.183243103516,-0.608243103516,1.25));
#11426 = LINE('',#11427,#11428);
#11427 = CARTESIAN_POINT('',(-1.233243103516,-0.608243103516,1.25));
#11428 = VECTOR('',#11429,1.);
#11429 = DIRECTION('',(-1.,0.,0.));
#11430 = ORIENTED_EDGE('',*,*,#11431,.T.);
#11431 = EDGE_CURVE('',#11424,#11432,#11434,.T.);
#11432 = VERTEX_POINT('',#11433);
#11433 = CARTESIAN_POINT('',(-1.183243103516,0.608243103516,1.25));
#11434 = LINE('',#11435,#11436);
#11435 = CARTESIAN_POINT('',(-1.183243103516,-0.633682327637,1.25));
#11436 = VECTOR('',#11437,1.);
#11437 = DIRECTION('',(0.,1.,0.));
#11438 = ORIENTED_EDGE('',*,*,#11439,.F.);
#11439 = EDGE_CURVE('',#11440,#11432,#11442,.T.);
#11440 = VERTEX_POINT('',#11441);
#11441 = CARTESIAN_POINT('',(-0.683243103516,0.608243103516,1.25));
#11442 = LINE('',#11443,#11444);
#11443 = CARTESIAN_POINT('',(-1.233243103516,0.608243103516,1.25));
#11444 = VECTOR('',#11445,1.);
#11445 = DIRECTION('',(-1.,0.,0.));
#11446 = ORIENTED_EDGE('',*,*,#11447,.F.);
#11447 = EDGE_CURVE('',#11422,#11440,#11448,.T.);
#11448 = LINE('',#11449,#11450);
#11449 = CARTESIAN_POINT('',(-0.683243103516,-0.633682327637,1.25));
#11450 = VECTOR('',#11451,1.);
#11451 = DIRECTION('',(0.,1.,0.));
#11452 = PLANE('',#11453);
#11453 = AXIS2_PLACEMENT_3D('',#11454,#11455,#11456);
#11454 = CARTESIAN_POINT('',(-1.283243103516,-0.659121551758,1.25));
#11455 = DIRECTION('',(0.,0.,1.));
#11456 = DIRECTION('',(0.889522261294,0.456891832562,-0.));
#11457 = ADVANCED_FACE('',(#11458),#11469,.F.);
#11458 = FACE_BOUND('',#11459,.F.);
#11459 = EDGE_LOOP('',(#11460,#11466,#11467,#11468));
#11460 = ORIENTED_EDGE('',*,*,#11461,.T.);
#11461 = EDGE_CURVE('',#11271,#11363,#11462,.T.);
#11462 = LINE('',#11463,#11464);
#11463 = CARTESIAN_POINT('',(1.720627212034,0.325,0.29916221868));
#11464 = VECTOR('',#11465,1.);
#11465 = DIRECTION('',(-2.22044604925E-16,-1.,0.));
#11466 = ORIENTED_EDGE('',*,*,#11371,.T.);
#11467 = ORIENTED_EDGE('',*,*,#11397,.F.);
#11468 = ORIENTED_EDGE('',*,*,#11279,.F.);
#11469 = PLANE('',#11470);
#11470 = AXIS2_PLACEMENT_3D('',#11471,#11472,#11473);
#11471 = CARTESIAN_POINT('',(1.720627212034,0.325,0.29916221868));
#11472 = DIRECTION('',(-0.989759848633,2.197708345604E-16,
    -0.142742572604));
#11473 = DIRECTION('',(-0.142742572604,3.169521813984E-17,0.989759848633
    ));
#11474 = ADVANCED_FACE('',(#11475),#11486,.F.);
#11475 = FACE_BOUND('',#11476,.F.);
#11476 = EDGE_LOOP('',(#11477,#11483,#11484,#11485));
#11477 = ORIENTED_EDGE('',*,*,#11478,.T.);
#11478 = EDGE_CURVE('',#11263,#11355,#11479,.T.);
#11479 = LINE('',#11480,#11481);
#11480 = CARTESIAN_POINT('',(1.838804142396,0.325,0.2));
#11481 = VECTOR('',#11482,1.);
#11482 = DIRECTION('',(-2.22044604925E-16,-1.,0.));
#11483 = ORIENTED_EDGE('',*,*,#11362,.T.);
#11484 = ORIENTED_EDGE('',*,*,#11461,.F.);
#11485 = ORIENTED_EDGE('',*,*,#11270,.F.);
#11486 = CYLINDRICAL_SURFACE('',#11487,0.12);
#11487 = AXIS2_PLACEMENT_3D('',#11488,#11489,#11490);
#11488 = CARTESIAN_POINT('',(1.838804142396,0.325,0.32));
#11489 = DIRECTION('',(2.22044604925E-16,1.,0.));
#11490 = DIRECTION('',(-1.850371707709E-15,4.108650548026E-31,-1.));
#11491 = ADVANCED_FACE('',(#11492),#11503,.F.);
#11492 = FACE_BOUND('',#11493,.F.);
#11493 = EDGE_LOOP('',(#11494,#11500,#11501,#11502));
#11494 = ORIENTED_EDGE('',*,*,#11495,.T.);
#11495 = EDGE_CURVE('',#11255,#11347,#11496,.T.);
#11496 = LINE('',#11497,#11498);
#11497 = CARTESIAN_POINT('',(1.9,0.325,0.2));
#11498 = VECTOR('',#11499,1.);
#11499 = DIRECTION('',(-2.22044604925E-16,-1.,0.));
#11500 = ORIENTED_EDGE('',*,*,#11354,.T.);
#11501 = ORIENTED_EDGE('',*,*,#11478,.F.);
#11502 = ORIENTED_EDGE('',*,*,#11262,.F.);
#11503 = PLANE('',#11504);
#11504 = AXIS2_PLACEMENT_3D('',#11505,#11506,#11507);
#11505 = CARTESIAN_POINT('',(1.9,0.325,0.2));
#11506 = DIRECTION('',(0.,0.,-1.));
#11507 = DIRECTION('',(-1.,2.22044604925E-16,0.));
#11508 = ADVANCED_FACE('',(#11509),#11520,.F.);
#11509 = FACE_BOUND('',#11510,.F.);
#11510 = EDGE_LOOP('',(#11511,#11517,#11518,#11519));
#11511 = ORIENTED_EDGE('',*,*,#11512,.T.);
#11512 = EDGE_CURVE('',#11247,#11339,#11513,.T.);
#11513 = LINE('',#11514,#11515);
#11514 = CARTESIAN_POINT('',(1.9,0.325,-5.551115123126E-17));
#11515 = VECTOR('',#11516,1.);
#11516 = DIRECTION('',(-2.22044604925E-16,-1.,0.));
#11517 = ORIENTED_EDGE('',*,*,#11346,.T.);
#11518 = ORIENTED_EDGE('',*,*,#11495,.F.);
#11519 = ORIENTED_EDGE('',*,*,#11254,.F.);
#11520 = PLANE('',#11521);
#11521 = AXIS2_PLACEMENT_3D('',#11522,#11523,#11524);
#11522 = CARTESIAN_POINT('',(1.9,0.325,-5.551115123126E-17));
#11523 = DIRECTION('',(-1.,2.22044604925E-16,0.));
#11524 = DIRECTION('',(0.,0.,1.));
#11525 = ADVANCED_FACE('',(#11526),#11537,.F.);
#11526 = FACE_BOUND('',#11527,.F.);
#11527 = EDGE_LOOP('',(#11528,#11534,#11535,#11536));
#11528 = ORIENTED_EDGE('',*,*,#11529,.T.);
#11529 = EDGE_CURVE('',#11238,#11330,#11530,.T.);
#11530 = LINE('',#11531,#11532);
#11531 = CARTESIAN_POINT('',(1.838804142396,0.325,-5.551115123126E-17));
#11532 = VECTOR('',#11533,1.);
#11533 = DIRECTION('',(-2.22044604925E-16,-1.,0.));
#11534 = ORIENTED_EDGE('',*,*,#11338,.T.);
#11535 = ORIENTED_EDGE('',*,*,#11512,.F.);
#11536 = ORIENTED_EDGE('',*,*,#11246,.F.);
#11537 = PLANE('',#11538);
#11538 = AXIS2_PLACEMENT_3D('',#11539,#11540,#11541);
#11539 = CARTESIAN_POINT('',(1.838804142396,0.325,-5.551115123126E-17));
#11540 = DIRECTION('',(0.,0.,1.));
#11541 = DIRECTION('',(1.,-2.22044604925E-16,0.));
#11542 = ADVANCED_FACE('',(#11543),#11549,.T.);
#11543 = FACE_BOUND('',#11544,.T.);
#11544 = EDGE_LOOP('',(#11545,#11546,#11547,#11548));
#11545 = ORIENTED_EDGE('',*,*,#11237,.T.);
#11546 = ORIENTED_EDGE('',*,*,#11529,.T.);
#11547 = ORIENTED_EDGE('',*,*,#11329,.F.);
#11548 = ORIENTED_EDGE('',*,*,#11311,.F.);
#11549 = CYLINDRICAL_SURFACE('',#11550,0.32);
#11550 = AXIS2_PLACEMENT_3D('',#11551,#11552,#11553);
#11551 = CARTESIAN_POINT('',(1.838804142396,0.325,0.32));
#11552 = DIRECTION('',(2.22044604925E-16,1.,0.));
#11553 = DIRECTION('',(-0.984807753012,2.186712484447E-16,
    -0.173648177667));
#11554 = ADVANCED_FACE('',(#11555),#11580,.F.);
#11555 = FACE_BOUND('',#11556,.F.);
#11556 = EDGE_LOOP('',(#11557,#11558,#11566,#11574));
#11557 = ORIENTED_EDGE('',*,*,#11421,.T.);
#11558 = ORIENTED_EDGE('',*,*,#11559,.T.);
#11559 = EDGE_CURVE('',#11424,#11560,#11562,.T.);
#11560 = VERTEX_POINT('',#11561);
#11561 = CARTESIAN_POINT('',(-1.183243103516,-0.608243103516,1.26));
#11562 = LINE('',#11563,#11564);
#11563 = CARTESIAN_POINT('',(-1.183243103516,-0.608243103516,1.24));
#11564 = VECTOR('',#11565,1.);
#11565 = DIRECTION('',(0.,0.,1.));
#11566 = ORIENTED_EDGE('',*,*,#11567,.T.);
#11567 = EDGE_CURVE('',#11560,#11568,#11570,.T.);
#11568 = VERTEX_POINT('',#11569);
#11569 = CARTESIAN_POINT('',(-0.683243103516,-0.608243103516,1.26));
#11570 = LINE('',#11571,#11572);
#11571 = CARTESIAN_POINT('',(-1.183243103516,-0.608243103516,1.26));
#11572 = VECTOR('',#11573,1.);
#11573 = DIRECTION('',(1.,0.,0.));
#11574 = ORIENTED_EDGE('',*,*,#11575,.F.);
#11575 = EDGE_CURVE('',#11422,#11568,#11576,.T.);
#11576 = LINE('',#11577,#11578);
#11577 = CARTESIAN_POINT('',(-0.683243103516,-0.608243103516,1.24));
#11578 = VECTOR('',#11579,1.);
#11579 = DIRECTION('',(0.,0.,1.));
#11580 = PLANE('',#11581);
#11581 = AXIS2_PLACEMENT_3D('',#11582,#11583,#11584);
#11582 = CARTESIAN_POINT('',(-1.183243103516,-0.608243103516,1.24));
#11583 = DIRECTION('',(0.,1.,0.));
#11584 = DIRECTION('',(0.,-0.,1.));
#11585 = ADVANCED_FACE('',(#11586),#11604,.T.);
#11586 = FACE_BOUND('',#11587,.T.);
#11587 = EDGE_LOOP('',(#11588,#11589,#11590,#11598));
#11588 = ORIENTED_EDGE('',*,*,#11575,.F.);
#11589 = ORIENTED_EDGE('',*,*,#11447,.T.);
#11590 = ORIENTED_EDGE('',*,*,#11591,.T.);
#11591 = EDGE_CURVE('',#11440,#11592,#11594,.T.);
#11592 = VERTEX_POINT('',#11593);
#11593 = CARTESIAN_POINT('',(-0.683243103516,0.608243103516,1.26));
#11594 = LINE('',#11595,#11596);
#11595 = CARTESIAN_POINT('',(-0.683243103516,0.608243103516,1.24));
#11596 = VECTOR('',#11597,1.);
#11597 = DIRECTION('',(0.,0.,1.));
#11598 = ORIENTED_EDGE('',*,*,#11599,.F.);
#11599 = EDGE_CURVE('',#11568,#11592,#11600,.T.);
#11600 = LINE('',#11601,#11602);
#11601 = CARTESIAN_POINT('',(-0.683243103516,-0.608243103516,1.26));
#11602 = VECTOR('',#11603,1.);
#11603 = DIRECTION('',(0.,1.,0.));
#11604 = PLANE('',#11605);
#11605 = AXIS2_PLACEMENT_3D('',#11606,#11607,#11608);
#11606 = CARTESIAN_POINT('',(-0.683243103516,-0.608243103516,1.24));
#11607 = DIRECTION('',(1.,0.,0.));
#11608 = DIRECTION('',(0.,0.,1.));
#11609 = ADVANCED_FACE('',(#11610),#11628,.T.);
#11610 = FACE_BOUND('',#11611,.T.);
#11611 = EDGE_LOOP('',(#11612,#11613,#11621,#11627));
#11612 = ORIENTED_EDGE('',*,*,#11439,.T.);
#11613 = ORIENTED_EDGE('',*,*,#11614,.T.);
#11614 = EDGE_CURVE('',#11432,#11615,#11617,.T.);
#11615 = VERTEX_POINT('',#11616);
#11616 = CARTESIAN_POINT('',(-1.183243103516,0.608243103516,1.26));
#11617 = LINE('',#11618,#11619);
#11618 = CARTESIAN_POINT('',(-1.183243103516,0.608243103516,1.24));
#11619 = VECTOR('',#11620,1.);
#11620 = DIRECTION('',(0.,0.,1.));
#11621 = ORIENTED_EDGE('',*,*,#11622,.T.);
#11622 = EDGE_CURVE('',#11615,#11592,#11623,.T.);
#11623 = LINE('',#11624,#11625);
#11624 = CARTESIAN_POINT('',(-1.183243103516,0.608243103516,1.26));
#11625 = VECTOR('',#11626,1.);
#11626 = DIRECTION('',(1.,0.,0.));
#11627 = ORIENTED_EDGE('',*,*,#11591,.F.);
#11628 = PLANE('',#11629);
#11629 = AXIS2_PLACEMENT_3D('',#11630,#11631,#11632);
#11630 = CARTESIAN_POINT('',(-1.183243103516,0.608243103516,1.24));
#11631 = DIRECTION('',(0.,1.,0.));
#11632 = DIRECTION('',(0.,-0.,1.));
#11633 = ADVANCED_FACE('',(#11634),#11645,.F.);
#11634 = FACE_BOUND('',#11635,.F.);
#11635 = EDGE_LOOP('',(#11636,#11637,#11638,#11639));
#11636 = ORIENTED_EDGE('',*,*,#11559,.F.);
#11637 = ORIENTED_EDGE('',*,*,#11431,.T.);
#11638 = ORIENTED_EDGE('',*,*,#11614,.T.);
#11639 = ORIENTED_EDGE('',*,*,#11640,.F.);
#11640 = EDGE_CURVE('',#11560,#11615,#11641,.T.);
#11641 = LINE('',#11642,#11643);
#11642 = CARTESIAN_POINT('',(-1.183243103516,-0.608243103516,1.26));
#11643 = VECTOR('',#11644,1.);
#11644 = DIRECTION('',(0.,1.,0.));
#11645 = PLANE('',#11646);
#11646 = AXIS2_PLACEMENT_3D('',#11647,#11648,#11649);
#11647 = CARTESIAN_POINT('',(-1.183243103516,-0.608243103516,1.24));
#11648 = DIRECTION('',(1.,0.,0.));
#11649 = DIRECTION('',(0.,0.,1.));
#11650 = ADVANCED_FACE('',(#11651),#11657,.T.);
#11651 = FACE_BOUND('',#11652,.T.);
#11652 = EDGE_LOOP('',(#11653,#11654,#11655,#11656));
#11653 = ORIENTED_EDGE('',*,*,#11640,.F.);
#11654 = ORIENTED_EDGE('',*,*,#11567,.T.);
#11655 = ORIENTED_EDGE('',*,*,#11599,.T.);
#11656 = ORIENTED_EDGE('',*,*,#11622,.F.);
#11657 = PLANE('',#11658);
#11658 = AXIS2_PLACEMENT_3D('',#11659,#11660,#11661);
#11659 = CARTESIAN_POINT('',(-1.183243103516,-0.608243103516,1.26));
#11660 = DIRECTION('',(0.,0.,1.));
#11661 = DIRECTION('',(1.,0.,-0.));
#11662 = ( GEOMETRIC_REPRESENTATION_CONTEXT(3) 
GLOBAL_UNCERTAINTY_ASSIGNED_CONTEXT((#11666)) 
GLOBAL_UNIT_ASSIGNED_CONTEXT((#11663,#11664,#11665)) 
REPRESENTATION_CONTEXT('Context #1',
  '3D Context with UNIT and UNCERTAINTY') );
#11663 = ( LENGTH_UNIT() NAMED_UNIT(*) SI_UNIT(.MILLI.,.METRE.) );
#11664 = ( NAMED_UNIT(*) PLANE_ANGLE_UNIT() SI_UNIT($,.RADIAN.) );
#11665 = ( NAMED_UNIT(*) SI_UNIT($,.STERADIAN.) SOLID_ANGLE_UNIT() );
#11666 = UNCERTAINTY_MEASURE_WITH_UNIT(LENGTH_MEASURE(1.E-07),#11663,
  'distance_accuracy_value','confusion accuracy');
#11667 = CONTEXT_DEPENDENT_SHAPE_REPRESENTATION(#11668,#11670);
#11668 = ( REPRESENTATION_RELATIONSHIP('','',#9973,#9950) 
REPRESENTATION_RELATIONSHIP_WITH_TRANSFORMATION(#11669) 
SHAPE_REPRESENTATION_RELATIONSHIP() );
#11669 = ITEM_DEFINED_TRANSFORMATION('','',#11,#9951);
#11670 = PRODUCT_DEFINITION_SHAPE('Placement','Placement of an item',
  #11671);
#11671 = NEXT_ASSEMBLY_USAGE_OCCURRENCE('20','=>[0:1:1:8]','',#9945,
  #9968,$);
#11672 = PRODUCT_RELATED_PRODUCT_CATEGORY('part',$,(#9970));
#11673 = CONTEXT_DEPENDENT_SHAPE_REPRESENTATION(#11674,#11676);
#11674 = ( REPRESENTATION_RELATIONSHIP('','',#9950,#10) 
REPRESENTATION_RELATIONSHIP_WITH_TRANSFORMATION(#11675) 
SHAPE_REPRESENTATION_RELATIONSHIP() );
#11675 = ITEM_DEFINED_TRANSFORMATION('','',#11,#79);
#11676 = PRODUCT_DEFINITION_SHAPE('Placement','Placement of an item',
  #11677);
#11677 = NEXT_ASSEMBLY_USAGE_OCCURRENCE('22','D_LSTAR0','',#5,#9945,$);
#11678 = CONTEXT_DEPENDENT_SHAPE_REPRESENTATION(#11679,#11681);
#11679 = ( REPRESENTATION_RELATIONSHIP('','',#9950,#10) 
REPRESENTATION_RELATIONSHIP_WITH_TRANSFORMATION(#11680) 
SHAPE_REPRESENTATION_RELATIONSHIP() );
#11680 = ITEM_DEFINED_TRANSFORMATION('','',#11,#83);
#11681 = PRODUCT_DEFINITION_SHAPE('Placement','Placement of an item',
  #11682);
#11682 = NEXT_ASSEMBLY_USAGE_OCCURRENCE('23','D_LS1','',#5,#9945,$);
#11683 = CONTEXT_DEPENDENT_SHAPE_REPRESENTATION(#11684,#11686);
#11684 = ( REPRESENTATION_RELATIONSHIP('','',#9950,#10) 
REPRESENTATION_RELATIONSHIP_WITH_TRANSFORMATION(#11685) 
SHAPE_REPRESENTATION_RELATIONSHIP() );
#11685 = ITEM_DEFINED_TRANSFORMATION('','',#11,#87);
#11686 = PRODUCT_DEFINITION_SHAPE('Placement','Placement of an item',
  #11687);
#11687 = NEXT_ASSEMBLY_USAGE_OCCURRENCE('24','D_LH0','',#5,#9945,$);
#11688 = CONTEXT_DEPENDENT_SHAPE_REPRESENTATION(#11689,#11691);
#11689 = ( REPRESENTATION_RELATIONSHIP('','',#9950,#10) 
REPRESENTATION_RELATIONSHIP_WITH_TRANSFORMATION(#11690) 
SHAPE_REPRESENTATION_RELATIONSHIP() );
#11690 = ITEM_DEFINED_TRANSFORMATION('','',#11,#91);
#11691 = PRODUCT_DEFINITION_SHAPE('Placement','Placement of an item',
  #11692);
#11692 = NEXT_ASSEMBLY_USAGE_OCCURRENCE('25','D_LR0','',#5,#9945,$);
#11693 = CONTEXT_DEPENDENT_SHAPE_REPRESENTATION(#11694,#11696);
#11694 = ( REPRESENTATION_RELATIONSHIP('','',#9950,#10) 
REPRESENTATION_RELATIONSHIP_WITH_TRANSFORMATION(#11695) 
SHAPE_REPRESENTATION_RELATIONSHIP() );
#11695 = ITEM_DEFINED_TRANSFORMATION('','',#11,#95);
#11696 = PRODUCT_DEFINITION_SHAPE('Placement','Placement of an item',
  #11697);
#11697 = NEXT_ASSEMBLY_USAGE_OCCURRENCE('26','D_LP0','',#5,#9945,$);
#11698 = CONTEXT_DEPENDENT_SHAPE_REPRESENTATION(#11699,#11701);
#11699 = ( REPRESENTATION_RELATIONSHIP('','',#9950,#10) 
REPRESENTATION_RELATIONSHIP_WITH_TRANSFORMATION(#11700) 
SHAPE_REPRESENTATION_RELATIONSHIP() );
#11700 = ITEM_DEFINED_TRANSFORMATION('','',#11,#99);
#11701 = PRODUCT_DEFINITION_SHAPE('Placement','Placement of an item',
  #11702);
#11702 = NEXT_ASSEMBLY_USAGE_OCCURRENCE('27','D_LK0','',#5,#9945,$);
#11703 = CONTEXT_DEPENDENT_SHAPE_REPRESENTATION(#11704,#11706);
#11704 = ( REPRESENTATION_RELATIONSHIP('','',#9950,#10) 
REPRESENTATION_RELATIONSHIP_WITH_TRANSFORMATION(#11705) 
SHAPE_REPRESENTATION_RELATIONSHIP() );
#11705 = ITEM_DEFINED_TRANSFORMATION('','',#11,#103);
#11706 = PRODUCT_DEFINITION_SHAPE('Placement','Placement of an item',
  #11707);
#11707 = NEXT_ASSEMBLY_USAGE_OCCURRENCE('28','D_LS0','',#5,#9945,$);
#11708 = CONTEXT_DEPENDENT_SHAPE_REPRESENTATION(#11709,#11711);
#11709 = ( REPRESENTATION_RELATIONSHIP('','',#9950,#10) 
REPRESENTATION_RELATIONSHIP_WITH_TRANSFORMATION(#11710) 
SHAPE_REPRESENTATION_RELATIONSHIP() );
#11710 = ITEM_DEFINED_TRANSFORMATION('','',#11,#107);
#11711 = PRODUCT_DEFINITION_SHAPE('Placement','Placement of an item',
  #11712);
#11712 = NEXT_ASSEMBLY_USAGE_OCCURRENCE('29','D_LF2','',#5,#9945,$);
#11713 = CONTEXT_DEPENDENT_SHAPE_REPRESENTATION(#11714,#11716);
#11714 = ( REPRESENTATION_RELATIONSHIP('','',#9950,#10) 
REPRESENTATION_RELATIONSHIP_WITH_TRANSFORMATION(#11715) 
SHAPE_REPRESENTATION_RELATIONSHIP() );
#11715 = ITEM_DEFINED_TRANSFORMATION('','',#11,#111);
#11716 = PRODUCT_DEFINITION_SHAPE('Placement','Placement of an item',
  #11717);
#11717 = NEXT_ASSEMBLY_USAGE_OCCURRENCE('30','D_LA0','',#5,#9945,$);
#11718 = CONTEXT_DEPENDENT_SHAPE_REPRESENTATION(#11719,#11721);
#11719 = ( REPRESENTATION_RELATIONSHIP('','',#9950,#10) 
REPRESENTATION_RELATIONSHIP_WITH_TRANSFORMATION(#11720) 
SHAPE_REPRESENTATION_RELATIONSHIP() );
#11720 = ITEM_DEFINED_TRANSFORMATION('','',#11,#115);
#11721 = PRODUCT_DEFINITION_SHAPE('Placement','Placement of an item',
  #11722);
#11722 = NEXT_ASSEMBLY_USAGE_OCCURRENCE('31','D_LW0','',#5,#9945,$);
#11723 = CONTEXT_DEPENDENT_SHAPE_REPRESENTATION(#11724,#11726);
#11724 = ( REPRESENTATION_RELATIONSHIP('','',#9950,#10) 
REPRESENTATION_RELATIONSHIP_WITH_TRANSFORMATION(#11725) 
SHAPE_REPRESENTATION_RELATIONSHIP() );
#11725 = ITEM_DEFINED_TRANSFORMATION('','',#11,#119);
#11726 = PRODUCT_DEFINITION_SHAPE('Placement','Placement of an item',
  #11727);
#11727 = NEXT_ASSEMBLY_USAGE_OCCURRENCE('32','D_LF1','',#5,#9945,$);
#11728 = CONTEXT_DEPENDENT_SHAPE_REPRESENTATION(#11729,#11731);
#11729 = ( REPRESENTATION_RELATIONSHIP('','',#9950,#10) 
REPRESENTATION_RELATIONSHIP_WITH_TRANSFORMATION(#11730) 
SHAPE_REPRESENTATION_RELATIONSHIP() );
#11730 = ITEM_DEFINED_TRANSFORMATION('','',#11,#123);
#11731 = PRODUCT_DEFINITION_SHAPE('Placement','Placement of an item',
  #11732);
#11732 = NEXT_ASSEMBLY_USAGE_OCCURRENCE('33','D_LNUM0','',#5,#9945,$);
#11733 = CONTEXT_DEPENDENT_SHAPE_REPRESENTATION(#11734,#11736);
#11734 = ( REPRESENTATION_RELATIONSHIP('','',#9950,#10) 
REPRESENTATION_RELATIONSHIP_WITH_TRANSFORMATION(#11735) 
SHAPE_REPRESENTATION_RELATIONSHIP() );
#11735 = ITEM_DEFINED_TRANSFORMATION('','',#11,#127);
#11736 = PRODUCT_DEFINITION_SHAPE('Placement','Placement of an item',
  #11737);
#11737 = NEXT_ASSEMBLY_USAGE_OCCURRENCE('34','D_LT0','',#5,#9945,$);
#11738 = CONTEXT_DEPENDENT_SHAPE_REPRESENTATION(#11739,#11741);
#11739 = ( REPRESENTATION_RELATIONSHIP('','',#9950,#10) 
REPRESENTATION_RELATIONSHIP_WITH_TRANSFORMATION(#11740) 
SHAPE_REPRESENTATION_RELATIONSHIP() );
#11740 = ITEM_DEFINED_TRANSFORMATION('','',#11,#131);
#11741 = PRODUCT_DEFINITION_SHAPE('Placement','Placement of an item',
  #11742);
#11742 = NEXT_ASSEMBLY_USAGE_OCCURRENCE('35','D_LS2','',#5,#9945,$);
#11743 = SHAPE_DEFINITION_REPRESENTATION(#11744,#11750);
#11744 = PRODUCT_DEFINITION_SHAPE('','',#11745);
#11745 = PRODUCT_DEFINITION('design','',#11746,#11749);
#11746 = PRODUCT_DEFINITION_FORMATION('','',#11747);
#11747 = PRODUCT('mesa1-left-unsaved-export-JyNPS8_PCB',
  'mesa1-left-unsaved-export-JyNPS8_PCB','',(#11748));
#11748 = PRODUCT_CONTEXT('',#2,'mechanical');
#11749 = PRODUCT_DEFINITION_CONTEXT('part definition',#2,'design');
#11750 = ADVANCED_BREP_SHAPE_REPRESENTATION('',(#11,#11751),#16767);
#11751 = MANIFOLD_SOLID_BREP('',#11752);
#11752 = CLOSED_SHELL('',(#11753,#11793,#11824,#11855,#13217,#14579,
    #14596,#14613,#14630,#14647,#14664,#14681,#14698,#14715,#14732,
    #14749,#14766,#14783,#14800,#14817,#14834,#14851,#14868,#14885,
    #14902,#14919,#14936,#14948,#14965,#14982,#14999,#15016,#15033,
    #15050,#15067,#15084,#15101,#15118,#15135,#15152,#15169,#15186,
    #15203,#15220,#15237,#15254,#15271,#15288,#15305,#15322,#15339,
    #15356,#15373,#15390,#15407,#15424,#15441,#15458,#15475,#15492,
    #15509,#15526,#15543,#15560,#15577,#15594,#15611,#15628,#15645,
    #15662,#15679,#15696,#15713,#15730,#15747,#15764,#15781,#15798,
    #15815,#15832,#15849,#15866,#15883,#15900,#15917,#15934,#15951,
    #15968,#15985,#16002,#16019,#16036,#16053,#16070,#16087,#16104,
    #16121,#16138,#16155,#16172,#16189,#16206,#16223,#16240,#16257,
    #16274,#16291,#16308,#16325,#16342,#16359,#16376,#16393,#16410,
    #16427,#16444,#16461,#16478,#16495,#16512,#16529,#16546,#16563,
    #16580,#16597,#16614,#16631,#16648,#16665,#16682,#16699,#16716,
    #16733,#16750));
#11753 = ADVANCED_FACE('',(#11754),#11788,.T.);
#11754 = FACE_BOUND('',#11755,.T.);
#11755 = EDGE_LOOP('',(#11756,#11766,#11774,#11782));
#11756 = ORIENTED_EDGE('',*,*,#11757,.T.);
#11757 = EDGE_CURVE('',#11758,#11760,#11762,.T.);
#11758 = VERTEX_POINT('',#11759);
#11759 = CARTESIAN_POINT('',(208.,-58.,0.));
#11760 = VERTEX_POINT('',#11761);
#11761 = CARTESIAN_POINT('',(208.,-58.,1.51));
#11762 = LINE('',#11763,#11764);
#11763 = CARTESIAN_POINT('',(208.,-58.,0.));
#11764 = VECTOR('',#11765,1.);
#11765 = DIRECTION('',(0.,0.,1.));
#11766 = ORIENTED_EDGE('',*,*,#11767,.T.);
#11767 = EDGE_CURVE('',#11760,#11768,#11770,.T.);
#11768 = VERTEX_POINT('',#11769);
#11769 = CARTESIAN_POINT('',(212.7,-58.,1.51));
#11770 = LINE('',#11771,#11772);
#11771 = CARTESIAN_POINT('',(208.,-58.,1.51));
#11772 = VECTOR('',#11773,1.);
#11773 = DIRECTION('',(1.,0.,0.));
#11774 = ORIENTED_EDGE('',*,*,#11775,.F.);
#11775 = EDGE_CURVE('',#11776,#11768,#11778,.T.);
#11776 = VERTEX_POINT('',#11777);
#11777 = CARTESIAN_POINT('',(212.7,-58.,0.));
#11778 = LINE('',#11779,#11780);
#11779 = CARTESIAN_POINT('',(212.7,-58.,0.));
#11780 = VECTOR('',#11781,1.);
#11781 = DIRECTION('',(0.,0.,1.));
#11782 = ORIENTED_EDGE('',*,*,#11783,.F.);
#11783 = EDGE_CURVE('',#11758,#11776,#11784,.T.);
#11784 = LINE('',#11785,#11786);
#11785 = CARTESIAN_POINT('',(208.,-58.,0.));
#11786 = VECTOR('',#11787,1.);
#11787 = DIRECTION('',(1.,0.,0.));
#11788 = PLANE('',#11789);
#11789 = AXIS2_PLACEMENT_3D('',#11790,#11791,#11792);
#11790 = CARTESIAN_POINT('',(208.,-58.,0.));
#11791 = DIRECTION('',(0.,1.,0.));
#11792 = DIRECTION('',(1.,0.,0.));
#11793 = ADVANCED_FACE('',(#11794),#11819,.T.);
#11794 = FACE_BOUND('',#11795,.T.);
#11795 = EDGE_LOOP('',(#11796,#11806,#11812,#11813));
#11796 = ORIENTED_EDGE('',*,*,#11797,.T.);
#11797 = EDGE_CURVE('',#11798,#11800,#11802,.T.);
#11798 = VERTEX_POINT('',#11799);
#11799 = CARTESIAN_POINT('',(171.,-50.,0.));
#11800 = VERTEX_POINT('',#11801);
#11801 = CARTESIAN_POINT('',(171.,-50.,1.51));
#11802 = LINE('',#11803,#11804);
#11803 = CARTESIAN_POINT('',(171.,-50.,0.));
#11804 = VECTOR('',#11805,1.);
#11805 = DIRECTION('',(0.,0.,1.));
#11806 = ORIENTED_EDGE('',*,*,#11807,.T.);
#11807 = EDGE_CURVE('',#11800,#11760,#11808,.T.);
#11808 = LINE('',#11809,#11810);
#11809 = CARTESIAN_POINT('',(171.,-50.,1.51));
#11810 = VECTOR('',#11811,1.);
#11811 = DIRECTION('',(0.97741416544,-0.211332792528,0.));
#11812 = ORIENTED_EDGE('',*,*,#11757,.F.);
#11813 = ORIENTED_EDGE('',*,*,#11814,.F.);
#11814 = EDGE_CURVE('',#11798,#11758,#11815,.T.);
#11815 = LINE('',#11816,#11817);
#11816 = CARTESIAN_POINT('',(171.,-50.,0.));
#11817 = VECTOR('',#11818,1.);
#11818 = DIRECTION('',(0.97741416544,-0.211332792528,0.));
#11819 = PLANE('',#11820);
#11820 = AXIS2_PLACEMENT_3D('',#11821,#11822,#11823);
#11821 = CARTESIAN_POINT('',(171.,-50.,0.));
#11822 = DIRECTION('',(0.211332792528,0.97741416544,-0.));
#11823 = DIRECTION('',(0.97741416544,-0.211332792528,0.));
#11824 = ADVANCED_FACE('',(#11825),#11850,.T.);
#11825 = FACE_BOUND('',#11826,.T.);
#11826 = EDGE_LOOP('',(#11827,#11828,#11836,#11844));
#11827 = ORIENTED_EDGE('',*,*,#11775,.T.);
#11828 = ORIENTED_EDGE('',*,*,#11829,.T.);
#11829 = EDGE_CURVE('',#11768,#11830,#11832,.T.);
#11830 = VERTEX_POINT('',#11831);
#11831 = CARTESIAN_POINT('',(212.7,-59.41,1.51));
#11832 = LINE('',#11833,#11834);
#11833 = CARTESIAN_POINT('',(212.7,-58.,1.51));
#11834 = VECTOR('',#11835,1.);
#11835 = DIRECTION('',(0.,-1.,0.));
#11836 = ORIENTED_EDGE('',*,*,#11837,.F.);
#11837 = EDGE_CURVE('',#11838,#11830,#11840,.T.);
#11838 = VERTEX_POINT('',#11839);
#11839 = CARTESIAN_POINT('',(212.7,-59.41,0.));
#11840 = LINE('',#11841,#11842);
#11841 = CARTESIAN_POINT('',(212.7,-59.41,0.));
#11842 = VECTOR('',#11843,1.);
#11843 = DIRECTION('',(0.,0.,1.));
#11844 = ORIENTED_EDGE('',*,*,#11845,.F.);
#11845 = EDGE_CURVE('',#11776,#11838,#11846,.T.);
#11846 = LINE('',#11847,#11848);
#11847 = CARTESIAN_POINT('',(212.7,-58.,0.));
#11848 = VECTOR('',#11849,1.);
#11849 = DIRECTION('',(0.,-1.,0.));
#11850 = PLANE('',#11851);
#11851 = AXIS2_PLACEMENT_3D('',#11852,#11853,#11854);
#11852 = CARTESIAN_POINT('',(212.7,-58.,0.));
#11853 = DIRECTION('',(1.,0.,-0.));
#11854 = DIRECTION('',(0.,-1.,0.));
#11855 = ADVANCED_FACE('',(#11856,#12035,#12046,#12057,#12068,#12079,
    #12090,#12101,#12112,#12123,#12134,#12145,#12156,#12167,#12178,
    #12189,#12200,#12211,#12222,#12233,#12244,#12255,#12266,#12277,
    #12288,#12299,#12310,#12321,#12332,#12343,#12354,#12365,#12376,
    #12387,#12398,#12409,#12420,#12431,#12442,#12453,#12464,#12475,
    #12486,#12497,#12508,#12519,#12530,#12541,#12552,#12563,#12574,
    #12585,#12596,#12607,#12618,#12629,#12640,#12651,#12662,#12673,
    #12684,#12695,#12706,#12717,#12728,#12739,#12750,#12761,#12772,
    #12783,#12794,#12805,#12816,#12827,#12838,#12849,#12860,#12871,
    #12882,#12893,#12904,#12915,#12926,#12937,#12948,#12959,#12970,
    #12981,#12992,#13003,#13014,#13025,#13036,#13047,#13058,#13069,
    #13080,#13091,#13102,#13113,#13124,#13135,#13146,#13157,#13168,
    #13179,#13190,#13201),#13212,.F.);
#11856 = FACE_BOUND('',#11857,.F.);
#11857 = EDGE_LOOP('',(#11858,#11859,#11860,#11868,#11876,#11884,#11892,
    #11900,#11908,#11916,#11924,#11932,#11940,#11948,#11956,#11964,
    #11972,#11980,#11988,#11996,#12004,#12012,#12020,#12028,#12034));
#11858 = ORIENTED_EDGE('',*,*,#11783,.F.);
#11859 = ORIENTED_EDGE('',*,*,#11814,.F.);
#11860 = ORIENTED_EDGE('',*,*,#11861,.F.);
#11861 = EDGE_CURVE('',#11862,#11798,#11864,.T.);
#11862 = VERTEX_POINT('',#11863);
#11863 = CARTESIAN_POINT('',(155.,-50.,0.));
#11864 = LINE('',#11865,#11866);
#11865 = CARTESIAN_POINT('',(155.,-50.,0.));
#11866 = VECTOR('',#11867,1.);
#11867 = DIRECTION('',(1.,0.,0.));
#11868 = ORIENTED_EDGE('',*,*,#11869,.F.);
#11869 = EDGE_CURVE('',#11870,#11862,#11872,.T.);
#11870 = VERTEX_POINT('',#11871);
#11871 = CARTESIAN_POINT('',(100.,-66.,0.));
#11872 = LINE('',#11873,#11874);
#11873 = CARTESIAN_POINT('',(100.,-66.,0.));
#11874 = VECTOR('',#11875,1.);
#11875 = DIRECTION('',(0.960195296604,0.27932954083,0.));
#11876 = ORIENTED_EDGE('',*,*,#11877,.F.);
#11877 = EDGE_CURVE('',#11878,#11870,#11880,.T.);
#11878 = VERTEX_POINT('',#11879);
#11879 = CARTESIAN_POINT('',(100.,-101.,0.));
#11880 = LINE('',#11881,#11882);
#11881 = CARTESIAN_POINT('',(100.,-101.,0.));
#11882 = VECTOR('',#11883,1.);
#11883 = DIRECTION('',(0.,1.,0.));
#11884 = ORIENTED_EDGE('',*,*,#11885,.F.);
#11885 = EDGE_CURVE('',#11886,#11878,#11888,.T.);
#11886 = VERTEX_POINT('',#11887);
#11887 = CARTESIAN_POINT('',(138.,-101.,0.));
#11888 = LINE('',#11889,#11890);
#11889 = CARTESIAN_POINT('',(138.,-101.,0.));
#11890 = VECTOR('',#11891,1.);
#11891 = DIRECTION('',(-1.,0.,0.));
#11892 = ORIENTED_EDGE('',*,*,#11893,.F.);
#11893 = EDGE_CURVE('',#11894,#11886,#11896,.T.);
#11894 = VERTEX_POINT('',#11895);
#11895 = CARTESIAN_POINT('',(138.,-91.,0.));
#11896 = LINE('',#11897,#11898);
#11897 = CARTESIAN_POINT('',(138.,-91.,0.));
#11898 = VECTOR('',#11899,1.);
#11899 = DIRECTION('',(0.,-1.,0.));
#11900 = ORIENTED_EDGE('',*,*,#11901,.F.);
#11901 = EDGE_CURVE('',#11902,#11894,#11904,.T.);
#11902 = VERTEX_POINT('',#11903);
#11903 = CARTESIAN_POINT('',(161.,-91.,0.));
#11904 = LINE('',#11905,#11906);
#11905 = CARTESIAN_POINT('',(161.,-91.,0.));
#11906 = VECTOR('',#11907,1.);
#11907 = DIRECTION('',(-1.,0.,0.));
#11908 = ORIENTED_EDGE('',*,*,#11909,.F.);
#11909 = EDGE_CURVE('',#11910,#11902,#11912,.T.);
#11910 = VERTEX_POINT('',#11911);
#11911 = CARTESIAN_POINT('',(179.,-100.,0.));
#11912 = LINE('',#11913,#11914);
#11913 = CARTESIAN_POINT('',(179.,-100.,0.));
#11914 = VECTOR('',#11915,1.);
#11915 = DIRECTION('',(-0.894427191,0.4472135955,0.));
#11916 = ORIENTED_EDGE('',*,*,#11917,.F.);
#11917 = EDGE_CURVE('',#11918,#11910,#11920,.T.);
#11918 = VERTEX_POINT('',#11919);
#11919 = CARTESIAN_POINT('',(170.,-115.,0.));
#11920 = LINE('',#11921,#11922);
#11921 = CARTESIAN_POINT('',(170.,-115.,0.));
#11922 = VECTOR('',#11923,1.);
#11923 = DIRECTION('',(0.514495755428,0.857492925713,0.));
#11924 = ORIENTED_EDGE('',*,*,#11925,.F.);
#11925 = EDGE_CURVE('',#11926,#11918,#11928,.T.);
#11926 = VERTEX_POINT('',#11927);
#11927 = CARTESIAN_POINT('',(219.,-144.,0.));
#11928 = LINE('',#11929,#11930);
#11929 = CARTESIAN_POINT('',(219.,-144.,0.));
#11930 = VECTOR('',#11931,1.);
#11931 = DIRECTION('',(-0.860576682824,0.509320893916,0.));
#11932 = ORIENTED_EDGE('',*,*,#11933,.F.);
#11933 = EDGE_CURVE('',#11934,#11926,#11936,.T.);
#11934 = VERTEX_POINT('',#11935);
#11935 = CARTESIAN_POINT('',(233.,-120.,0.));
#11936 = LINE('',#11937,#11938);
#11937 = CARTESIAN_POINT('',(233.,-120.,0.));
#11938 = VECTOR('',#11939,1.);
#11939 = DIRECTION('',(-0.503871025524,-0.863778900898,0.));
#11940 = ORIENTED_EDGE('',*,*,#11941,.F.);
#11941 = EDGE_CURVE('',#11942,#11934,#11944,.T.);
#11942 = VERTEX_POINT('',#11943);
#11943 = CARTESIAN_POINT('',(233.,-109.715,0.));
#11944 = LINE('',#11945,#11946);
#11945 = CARTESIAN_POINT('',(233.,-109.715,0.));
#11946 = VECTOR('',#11947,1.);
#11947 = DIRECTION('',(0.,-1.,0.));
#11948 = ORIENTED_EDGE('',*,*,#11949,.F.);
#11949 = EDGE_CURVE('',#11950,#11942,#11952,.T.);
#11950 = VERTEX_POINT('',#11951);
#11951 = CARTESIAN_POINT('',(228.,-109.715,0.));
#11952 = LINE('',#11953,#11954);
#11953 = CARTESIAN_POINT('',(228.,-109.715,0.));
#11954 = VECTOR('',#11955,1.);
#11955 = DIRECTION('',(1.,0.,0.));
#11956 = ORIENTED_EDGE('',*,*,#11957,.F.);
#11957 = EDGE_CURVE('',#11958,#11950,#11960,.T.);
#11958 = VERTEX_POINT('',#11959);
#11959 = CARTESIAN_POINT('',(228.,-104.715,0.));
#11960 = LINE('',#11961,#11962);
#11961 = CARTESIAN_POINT('',(228.,-104.715,0.));
#11962 = VECTOR('',#11963,1.);
#11963 = DIRECTION('',(0.,-1.,0.));
#11964 = ORIENTED_EDGE('',*,*,#11965,.F.);
#11965 = EDGE_CURVE('',#11966,#11958,#11968,.T.);
#11966 = VERTEX_POINT('',#11967);
#11967 = CARTESIAN_POINT('',(233.,-104.715,0.));
#11968 = LINE('',#11969,#11970);
#11969 = CARTESIAN_POINT('',(233.,-104.715,0.));
#11970 = VECTOR('',#11971,1.);
#11971 = DIRECTION('',(-1.,0.,0.));
#11972 = ORIENTED_EDGE('',*,*,#11973,.F.);
#11973 = EDGE_CURVE('',#11974,#11966,#11976,.T.);
#11974 = VERTEX_POINT('',#11975);
#11975 = CARTESIAN_POINT('',(233.,-58.,0.));
#11976 = LINE('',#11977,#11978);
#11977 = CARTESIAN_POINT('',(233.,-58.,0.));
#11978 = VECTOR('',#11979,1.);
#11979 = DIRECTION('',(0.,-1.,0.));
#11980 = ORIENTED_EDGE('',*,*,#11981,.F.);
#11981 = EDGE_CURVE('',#11982,#11974,#11984,.T.);
#11982 = VERTEX_POINT('',#11983);
#11983 = CARTESIAN_POINT('',(225.3,-58.,0.));
#11984 = LINE('',#11985,#11986);
#11985 = CARTESIAN_POINT('',(225.3,-58.,0.));
#11986 = VECTOR('',#11987,1.);
#11987 = DIRECTION('',(1.,0.,0.));
#11988 = ORIENTED_EDGE('',*,*,#11989,.F.);
#11989 = EDGE_CURVE('',#11990,#11982,#11992,.T.);
#11990 = VERTEX_POINT('',#11991);
#11991 = CARTESIAN_POINT('',(225.3,-59.41,0.));
#11992 = LINE('',#11993,#11994);
#11993 = CARTESIAN_POINT('',(225.3,-59.41,0.));
#11994 = VECTOR('',#11995,1.);
#11995 = DIRECTION('',(0.,1.,0.));
#11996 = ORIENTED_EDGE('',*,*,#11997,.F.);
#11997 = EDGE_CURVE('',#11998,#11990,#12000,.T.);
#11998 = VERTEX_POINT('',#11999);
#11999 = CARTESIAN_POINT('',(225.3,-75.33,0.));
#12000 = LINE('',#12001,#12002);
#12001 = CARTESIAN_POINT('',(225.3,-75.33,0.));
#12002 = VECTOR('',#12003,1.);
#12003 = DIRECTION('',(0.,1.,0.));
#12004 = ORIENTED_EDGE('',*,*,#12005,.F.);
#12005 = EDGE_CURVE('',#12006,#11998,#12008,.T.);
#12006 = VERTEX_POINT('',#12007);
#12007 = CARTESIAN_POINT('',(224.3,-76.33,0.));
#12008 = LINE('',#12009,#12010);
#12009 = CARTESIAN_POINT('',(224.3,-76.33,0.));
#12010 = VECTOR('',#12011,1.);
#12011 = DIRECTION('',(0.707106781187,0.707106781187,0.));
#12012 = ORIENTED_EDGE('',*,*,#12013,.F.);
#12013 = EDGE_CURVE('',#12014,#12006,#12016,.T.);
#12014 = VERTEX_POINT('',#12015);
#12015 = CARTESIAN_POINT('',(213.7,-76.33,0.));
#12016 = LINE('',#12017,#12018);
#12017 = CARTESIAN_POINT('',(213.7,-76.33,0.));
#12018 = VECTOR('',#12019,1.);
#12019 = DIRECTION('',(1.,0.,0.));
#12020 = ORIENTED_EDGE('',*,*,#12021,.F.);
#12021 = EDGE_CURVE('',#12022,#12014,#12024,.T.);
#12022 = VERTEX_POINT('',#12023);
#12023 = CARTESIAN_POINT('',(212.7,-75.33,0.));
#12024 = LINE('',#12025,#12026);
#12025 = CARTESIAN_POINT('',(212.7,-75.33,0.));
#12026 = VECTOR('',#12027,1.);
#12027 = DIRECTION('',(0.707106781187,-0.707106781187,0.));
#12028 = ORIENTED_EDGE('',*,*,#12029,.F.);
#12029 = EDGE_CURVE('',#11838,#12022,#12030,.T.);
#12030 = LINE('',#12031,#12032);
#12031 = CARTESIAN_POINT('',(212.7,-59.41,0.));
#12032 = VECTOR('',#12033,1.);
#12033 = DIRECTION('',(0.,-1.,0.));
#12034 = ORIENTED_EDGE('',*,*,#11845,.F.);
#12035 = FACE_BOUND('',#12036,.F.);
#12036 = EDGE_LOOP('',(#12037));
#12037 = ORIENTED_EDGE('',*,*,#12038,.T.);
#12038 = EDGE_CURVE('',#12039,#12039,#12041,.T.);
#12039 = VERTEX_POINT('',#12040);
#12040 = CARTESIAN_POINT('',(103.78,-96.6953,0.));
#12041 = CIRCLE('',#12042,0.4953);
#12042 = AXIS2_PLACEMENT_3D('',#12043,#12044,#12045);
#12043 = CARTESIAN_POINT('',(103.78,-96.2,0.));
#12044 = DIRECTION('',(-0.,0.,-1.));
#12045 = DIRECTION('',(-0.,-1.,0.));
#12046 = FACE_BOUND('',#12047,.F.);
#12047 = EDGE_LOOP('',(#12048));
#12048 = ORIENTED_EDGE('',*,*,#12049,.T.);
#12049 = EDGE_CURVE('',#12050,#12050,#12052,.T.);
#12050 = VERTEX_POINT('',#12051);
#12051 = CARTESIAN_POINT('',(121.78,-96.6953,0.));
#12052 = CIRCLE('',#12053,0.4953);
#12053 = AXIS2_PLACEMENT_3D('',#12054,#12055,#12056);
#12054 = CARTESIAN_POINT('',(121.78,-96.2,0.));
#12055 = DIRECTION('',(-0.,0.,-1.));
#12056 = DIRECTION('',(-0.,-1.,0.));
#12057 = FACE_BOUND('',#12058,.F.);
#12058 = EDGE_LOOP('',(#12059));
#12059 = ORIENTED_EDGE('',*,*,#12060,.T.);
#12060 = EDGE_CURVE('',#12061,#12061,#12063,.T.);
#12061 = VERTEX_POINT('',#12062);
#12062 = CARTESIAN_POINT('',(193.500673,-124.613595,0.));
#12063 = CIRCLE('',#12064,1.5);
#12064 = AXIS2_PLACEMENT_3D('',#12065,#12066,#12067);
#12065 = CARTESIAN_POINT('',(193.500673,-123.113595,0.));
#12066 = DIRECTION('',(-0.,0.,-1.));
#12067 = DIRECTION('',(-0.,-1.,0.));
#12068 = FACE_BOUND('',#12069,.F.);
#12069 = EDGE_LOOP('',(#12070));
#12070 = ORIENTED_EDGE('',*,*,#12071,.T.);
#12071 = EDGE_CURVE('',#12072,#12072,#12074,.T.);
#12072 = VERTEX_POINT('',#12073);
#12073 = CARTESIAN_POINT('',(181.1423,-120.018851,0.));
#12074 = CIRCLE('',#12075,1.5);
#12075 = AXIS2_PLACEMENT_3D('',#12076,#12077,#12078);
#12076 = CARTESIAN_POINT('',(181.1423,-118.518851,0.));
#12077 = DIRECTION('',(-0.,0.,-1.));
#12078 = DIRECTION('',(-0.,-1.,0.));
#12079 = FACE_BOUND('',#12080,.F.);
#12080 = EDGE_LOOP('',(#12081));
#12081 = ORIENTED_EDGE('',*,*,#12082,.T.);
#12082 = EDGE_CURVE('',#12083,#12083,#12085,.T.);
#12083 = VERTEX_POINT('',#12084);
#12084 = CARTESIAN_POINT('',(194.94266,-120.4669,0.));
#12085 = CIRCLE('',#12086,0.8509);
#12086 = AXIS2_PLACEMENT_3D('',#12087,#12088,#12089);
#12087 = CARTESIAN_POINT('',(194.94266,-119.616,0.));
#12088 = DIRECTION('',(-0.,0.,-1.));
#12089 = DIRECTION('',(-0.,-1.,0.));
#12090 = FACE_BOUND('',#12091,.F.);
#12091 = EDGE_LOOP('',(#12092));
#12092 = ORIENTED_EDGE('',*,*,#12093,.T.);
#12093 = EDGE_CURVE('',#12094,#12094,#12096,.T.);
#12094 = VERTEX_POINT('',#12095);
#12095 = CARTESIAN_POINT('',(196.7308,-129.018851,0.));
#12096 = CIRCLE('',#12097,1.5);
#12097 = AXIS2_PLACEMENT_3D('',#12098,#12099,#12100);
#12098 = CARTESIAN_POINT('',(196.7308,-127.518851,0.));
#12099 = DIRECTION('',(-0.,0.,-1.));
#12100 = DIRECTION('',(-0.,-1.,0.));
#12101 = FACE_BOUND('',#12102,.F.);
#12102 = EDGE_LOOP('',(#12103));
#12103 = ORIENTED_EDGE('',*,*,#12104,.T.);
#12104 = EDGE_CURVE('',#12105,#12105,#12107,.T.);
#12105 = VERTEX_POINT('',#12106);
#12106 = CARTESIAN_POINT('',(209.089073,-133.613595,0.));
#12107 = CIRCLE('',#12108,1.5);
#12108 = AXIS2_PLACEMENT_3D('',#12109,#12110,#12111);
#12109 = CARTESIAN_POINT('',(209.089073,-132.113595,0.));
#12110 = DIRECTION('',(-0.,0.,-1.));
#12111 = DIRECTION('',(-0.,-1.,0.));
#12112 = FACE_BOUND('',#12113,.F.);
#12113 = EDGE_LOOP('',(#12114));
#12114 = ORIENTED_EDGE('',*,*,#12115,.T.);
#12115 = EDGE_CURVE('',#12116,#12116,#12118,.T.);
#12116 = VERTEX_POINT('',#12117);
#12117 = CARTESIAN_POINT('',(210.53106,-129.4669,0.));
#12118 = CIRCLE('',#12119,0.8509);
#12119 = AXIS2_PLACEMENT_3D('',#12120,#12121,#12122);
#12120 = CARTESIAN_POINT('',(210.53106,-128.616,0.));
#12121 = DIRECTION('',(-0.,0.,-1.));
#12122 = DIRECTION('',(-0.,-1.,0.));
#12123 = FACE_BOUND('',#12124,.F.);
#12124 = EDGE_LOOP('',(#12125));
#12125 = ORIENTED_EDGE('',*,*,#12126,.T.);
#12126 = EDGE_CURVE('',#12127,#12127,#12129,.T.);
#12127 = VERTEX_POINT('',#12128);
#12128 = CARTESIAN_POINT('',(212.3192,-138.018851,0.));
#12129 = CIRCLE('',#12130,1.5);
#12130 = AXIS2_PLACEMENT_3D('',#12131,#12132,#12133);
#12131 = CARTESIAN_POINT('',(212.3192,-136.518851,0.));
#12132 = DIRECTION('',(-0.,0.,-1.));
#12133 = DIRECTION('',(-0.,-1.,0.));
#12134 = FACE_BOUND('',#12135,.F.);
#12135 = EDGE_LOOP('',(#12136));
#12136 = ORIENTED_EDGE('',*,*,#12137,.T.);
#12137 = EDGE_CURVE('',#12138,#12138,#12140,.T.);
#12138 = VERTEX_POINT('',#12139);
#12139 = CARTESIAN_POINT('',(220.05734,-134.9669,0.));
#12140 = CIRCLE('',#12141,0.8509);
#12141 = AXIS2_PLACEMENT_3D('',#12142,#12143,#12144);
#12142 = CARTESIAN_POINT('',(220.05734,-134.116,0.));
#12143 = DIRECTION('',(-0.,0.,-1.));
#12144 = DIRECTION('',(-0.,-1.,0.));
#12145 = FACE_BOUND('',#12146,.F.);
#12146 = EDGE_LOOP('',(#12147));
#12147 = ORIENTED_EDGE('',*,*,#12148,.T.);
#12148 = EDGE_CURVE('',#12149,#12149,#12151,.T.);
#12149 = VERTEX_POINT('',#12150);
#12150 = CARTESIAN_POINT('',(215.2942,-133.0805,0.));
#12151 = CIRCLE('',#12152,1.7145);
#12152 = AXIS2_PLACEMENT_3D('',#12153,#12154,#12155);
#12153 = CARTESIAN_POINT('',(215.2942,-131.366,0.));
#12154 = DIRECTION('',(-0.,0.,-1.));
#12155 = DIRECTION('',(-0.,-1.,0.));
#12156 = FACE_BOUND('',#12157,.F.);
#12157 = EDGE_LOOP('',(#12158));
#12158 = ORIENTED_EDGE('',*,*,#12159,.T.);
#12159 = EDGE_CURVE('',#12160,#12160,#12162,.T.);
#12160 = VERTEX_POINT('',#12161);
#12161 = CARTESIAN_POINT('',(221.914853,-130.833993,0.));
#12162 = CIRCLE('',#12163,0.4953);
#12163 = AXIS2_PLACEMENT_3D('',#12164,#12165,#12166);
#12164 = CARTESIAN_POINT('',(221.914853,-130.338693,0.));
#12165 = DIRECTION('',(-0.,0.,-1.));
#12166 = DIRECTION('',(-0.,-1.,0.));
#12167 = FACE_BOUND('',#12168,.F.);
#12168 = EDGE_LOOP('',(#12169));
#12169 = ORIENTED_EDGE('',*,*,#12170,.T.);
#12170 = EDGE_CURVE('',#12171,#12171,#12173,.T.);
#12171 = VERTEX_POINT('',#12172);
#12172 = CARTESIAN_POINT('',(199.7058,-124.0805,0.));
#12173 = CIRCLE('',#12174,1.7145);
#12174 = AXIS2_PLACEMENT_3D('',#12175,#12176,#12177);
#12175 = CARTESIAN_POINT('',(199.7058,-122.366,0.));
#12176 = DIRECTION('',(-0.,0.,-1.));
#12177 = DIRECTION('',(-0.,-1.,0.));
#12178 = FACE_BOUND('',#12179,.F.);
#12179 = EDGE_LOOP('',(#12180));
#12180 = ORIENTED_EDGE('',*,*,#12181,.T.);
#12181 = EDGE_CURVE('',#12182,#12182,#12184,.T.);
#12182 = VERTEX_POINT('',#12183);
#12183 = CARTESIAN_POINT('',(204.46894,-125.9669,0.));
#12184 = CIRCLE('',#12185,0.8509);
#12185 = AXIS2_PLACEMENT_3D('',#12186,#12187,#12188);
#12186 = CARTESIAN_POINT('',(204.46894,-125.116,0.));
#12187 = DIRECTION('',(-0.,0.,-1.));
#12188 = DIRECTION('',(-0.,-1.,0.));
#12189 = FACE_BOUND('',#12190,.F.);
#12190 = EDGE_LOOP('',(#12191));
#12191 = ORIENTED_EDGE('',*,*,#12192,.T.);
#12192 = EDGE_CURVE('',#12193,#12193,#12195,.T.);
#12193 = VERTEX_POINT('',#12194);
#12194 = CARTESIAN_POINT('',(206.326453,-121.833993,0.));
#12195 = CIRCLE('',#12196,0.4953);
#12196 = AXIS2_PLACEMENT_3D('',#12197,#12198,#12199);
#12197 = CARTESIAN_POINT('',(206.326453,-121.338693,0.));
#12198 = DIRECTION('',(-0.,0.,-1.));
#12199 = DIRECTION('',(-5.738281734384E-14,-1.,0.));
#12200 = FACE_BOUND('',#12201,.F.);
#12201 = EDGE_LOOP('',(#12202));
#12202 = ORIENTED_EDGE('',*,*,#12203,.T.);
#12203 = EDGE_CURVE('',#12204,#12204,#12206,.T.);
#12204 = VERTEX_POINT('',#12205);
#12205 = CARTESIAN_POINT('',(177.912173,-115.613595,0.));
#12206 = CIRCLE('',#12207,1.5);
#12207 = AXIS2_PLACEMENT_3D('',#12208,#12209,#12210);
#12208 = CARTESIAN_POINT('',(177.912173,-114.113595,0.));
#12209 = DIRECTION('',(-0.,0.,-1.));
#12210 = DIRECTION('',(-0.,-1.,0.));
#12211 = FACE_BOUND('',#12212,.F.);
#12212 = EDGE_LOOP('',(#12213));
#12213 = ORIENTED_EDGE('',*,*,#12214,.T.);
#12214 = EDGE_CURVE('',#12215,#12215,#12217,.T.);
#12215 = VERTEX_POINT('',#12216);
#12216 = CARTESIAN_POINT('',(179.35416,-111.4669,0.));
#12217 = CIRCLE('',#12218,0.8509);
#12218 = AXIS2_PLACEMENT_3D('',#12219,#12220,#12221);
#12219 = CARTESIAN_POINT('',(179.35416,-110.616,0.));
#12220 = DIRECTION('',(-0.,0.,-1.));
#12221 = DIRECTION('',(-0.,-1.,0.));
#12222 = FACE_BOUND('',#12223,.F.);
#12223 = EDGE_LOOP('',(#12224));
#12224 = ORIENTED_EDGE('',*,*,#12225,.T.);
#12225 = EDGE_CURVE('',#12226,#12226,#12228,.T.);
#12226 = VERTEX_POINT('',#12227);
#12227 = CARTESIAN_POINT('',(184.1173,-115.0805,0.));
#12228 = CIRCLE('',#12229,1.7145);
#12229 = AXIS2_PLACEMENT_3D('',#12230,#12231,#12232);
#12230 = CARTESIAN_POINT('',(184.1173,-113.366,0.));
#12231 = DIRECTION('',(-0.,0.,-1.));
#12232 = DIRECTION('',(-0.,-1.,0.));
#12233 = FACE_BOUND('',#12234,.F.);
#12234 = EDGE_LOOP('',(#12235));
#12235 = ORIENTED_EDGE('',*,*,#12236,.T.);
#12236 = EDGE_CURVE('',#12237,#12237,#12239,.T.);
#12237 = VERTEX_POINT('',#12238);
#12238 = CARTESIAN_POINT('',(188.88044,-116.9669,0.));
#12239 = CIRCLE('',#12240,0.8509);
#12240 = AXIS2_PLACEMENT_3D('',#12241,#12242,#12243);
#12241 = CARTESIAN_POINT('',(188.88044,-116.116,0.));
#12242 = DIRECTION('',(-0.,0.,-1.));
#12243 = DIRECTION('',(-0.,-1.,0.));
#12244 = FACE_BOUND('',#12245,.F.);
#12245 = EDGE_LOOP('',(#12246));
#12246 = ORIENTED_EDGE('',*,*,#12247,.T.);
#12247 = EDGE_CURVE('',#12248,#12248,#12250,.T.);
#12248 = VERTEX_POINT('',#12249);
#12249 = CARTESIAN_POINT('',(190.737953,-112.833993,0.));
#12250 = CIRCLE('',#12251,0.4953);
#12251 = AXIS2_PLACEMENT_3D('',#12252,#12253,#12254);
#12252 = CARTESIAN_POINT('',(190.737953,-112.338693,0.));
#12253 = DIRECTION('',(-0.,0.,-1.));
#12254 = DIRECTION('',(-0.,-1.,0.));
#12255 = FACE_BOUND('',#12256,.F.);
#12256 = EDGE_LOOP('',(#12257));
#12257 = ORIENTED_EDGE('',*,*,#12258,.T.);
#12258 = EDGE_CURVE('',#12259,#12259,#12261,.T.);
#12259 = VERTEX_POINT('',#12260);
#12260 = CARTESIAN_POINT('',(216.01,-112.04,0.));
#12261 = CIRCLE('',#12262,0.38);
#12262 = AXIS2_PLACEMENT_3D('',#12263,#12264,#12265);
#12263 = CARTESIAN_POINT('',(216.01,-111.66,0.));
#12264 = DIRECTION('',(-0.,0.,-1.));
#12265 = DIRECTION('',(-0.,-1.,0.));
#12266 = FACE_BOUND('',#12267,.F.);
#12267 = EDGE_LOOP('',(#12268));
#12268 = ORIENTED_EDGE('',*,*,#12269,.T.);
#12269 = EDGE_CURVE('',#12270,#12270,#12272,.T.);
#12270 = VERTEX_POINT('',#12271);
#12271 = CARTESIAN_POINT('',(224.9,-114.53,0.));
#12272 = CIRCLE('',#12273,1.6);
#12273 = AXIS2_PLACEMENT_3D('',#12274,#12275,#12276);
#12274 = CARTESIAN_POINT('',(224.9,-112.93,0.));
#12275 = DIRECTION('',(-0.,0.,-1.));
#12276 = DIRECTION('',(-0.,-1.,0.));
#12277 = FACE_BOUND('',#12278,.F.);
#12278 = EDGE_LOOP('',(#12279));
#12279 = ORIENTED_EDGE('',*,*,#12280,.T.);
#12280 = EDGE_CURVE('',#12281,#12281,#12283,.T.);
#12281 = VERTEX_POINT('',#12282);
#12282 = CARTESIAN_POINT('',(218.55,-110.77,0.));
#12283 = CIRCLE('',#12284,0.38);
#12284 = AXIS2_PLACEMENT_3D('',#12285,#12286,#12287);
#12285 = CARTESIAN_POINT('',(218.55,-110.39,0.));
#12286 = DIRECTION('',(-0.,0.,-1.));
#12287 = DIRECTION('',(-0.,-1.,0.));
#12288 = FACE_BOUND('',#12289,.F.);
#12289 = EDGE_LOOP('',(#12290));
#12290 = ORIENTED_EDGE('',*,*,#12291,.T.);
#12291 = EDGE_CURVE('',#12292,#12292,#12294,.T.);
#12292 = VERTEX_POINT('',#12293);
#12293 = CARTESIAN_POINT('',(216.01,-109.5,0.));
#12294 = CIRCLE('',#12295,0.38);
#12295 = AXIS2_PLACEMENT_3D('',#12296,#12297,#12298);
#12296 = CARTESIAN_POINT('',(216.01,-109.12,0.));
#12297 = DIRECTION('',(-0.,0.,-1.));
#12298 = DIRECTION('',(-0.,-1.,0.));
#12299 = FACE_BOUND('',#12300,.F.);
#12300 = EDGE_LOOP('',(#12301));
#12301 = ORIENTED_EDGE('',*,*,#12302,.T.);
#12302 = EDGE_CURVE('',#12303,#12303,#12305,.T.);
#12303 = VERTEX_POINT('',#12304);
#12304 = CARTESIAN_POINT('',(218.55,-108.23,0.));
#12305 = CIRCLE('',#12306,0.38);
#12306 = AXIS2_PLACEMENT_3D('',#12307,#12308,#12309);
#12307 = CARTESIAN_POINT('',(218.55,-107.85,0.));
#12308 = DIRECTION('',(-0.,0.,-1.));
#12309 = DIRECTION('',(-0.,-1.,0.));
#12310 = FACE_BOUND('',#12311,.F.);
#12311 = EDGE_LOOP('',(#12312));
#12312 = ORIENTED_EDGE('',*,*,#12313,.T.);
#12313 = EDGE_CURVE('',#12314,#12314,#12316,.T.);
#12314 = VERTEX_POINT('',#12315);
#12315 = CARTESIAN_POINT('',(216.01,-106.96,0.));
#12316 = CIRCLE('',#12317,0.38);
#12317 = AXIS2_PLACEMENT_3D('',#12318,#12319,#12320);
#12318 = CARTESIAN_POINT('',(216.01,-106.58,0.));
#12319 = DIRECTION('',(-0.,0.,-1.));
#12320 = DIRECTION('',(-0.,-1.,0.));
#12321 = FACE_BOUND('',#12322,.F.);
#12322 = EDGE_LOOP('',(#12323));
#12323 = ORIENTED_EDGE('',*,*,#12324,.T.);
#12324 = EDGE_CURVE('',#12325,#12325,#12327,.T.);
#12325 = VERTEX_POINT('',#12326);
#12326 = CARTESIAN_POINT('',(218.55,-105.69,0.));
#12327 = CIRCLE('',#12328,0.38);
#12328 = AXIS2_PLACEMENT_3D('',#12329,#12330,#12331);
#12329 = CARTESIAN_POINT('',(218.55,-105.31,0.));
#12330 = DIRECTION('',(-0.,0.,-1.));
#12331 = DIRECTION('',(-0.,-1.,0.));
#12332 = FACE_BOUND('',#12333,.F.);
#12333 = EDGE_LOOP('',(#12334));
#12334 = ORIENTED_EDGE('',*,*,#12335,.T.);
#12335 = EDGE_CURVE('',#12336,#12336,#12338,.T.);
#12336 = VERTEX_POINT('',#12337);
#12337 = CARTESIAN_POINT('',(216.01,-104.42,0.));
#12338 = CIRCLE('',#12339,0.38);
#12339 = AXIS2_PLACEMENT_3D('',#12340,#12341,#12342);
#12340 = CARTESIAN_POINT('',(216.01,-104.04,0.));
#12341 = DIRECTION('',(-0.,0.,-1.));
#12342 = DIRECTION('',(-0.,-1.,0.));
#12343 = FACE_BOUND('',#12344,.F.);
#12344 = EDGE_LOOP('',(#12345));
#12345 = ORIENTED_EDGE('',*,*,#12346,.T.);
#12346 = EDGE_CURVE('',#12347,#12347,#12349,.T.);
#12347 = VERTEX_POINT('',#12348);
#12348 = CARTESIAN_POINT('',(218.55,-103.15,0.));
#12349 = CIRCLE('',#12350,0.38);
#12350 = AXIS2_PLACEMENT_3D('',#12351,#12352,#12353);
#12351 = CARTESIAN_POINT('',(218.55,-102.77,0.));
#12352 = DIRECTION('',(-0.,0.,-1.));
#12353 = DIRECTION('',(-0.,-1.,0.));
#12354 = FACE_BOUND('',#12355,.F.);
#12355 = EDGE_LOOP('',(#12356));
#12356 = ORIENTED_EDGE('',*,*,#12357,.T.);
#12357 = EDGE_CURVE('',#12358,#12358,#12360,.T.);
#12358 = VERTEX_POINT('',#12359);
#12359 = CARTESIAN_POINT('',(224.9,-103.1,0.));
#12360 = CIRCLE('',#12361,1.6);
#12361 = AXIS2_PLACEMENT_3D('',#12362,#12363,#12364);
#12362 = CARTESIAN_POINT('',(224.9,-101.5,0.));
#12363 = DIRECTION('',(-0.,0.,-1.));
#12364 = DIRECTION('',(-0.,-1.,0.));
#12365 = FACE_BOUND('',#12366,.F.);
#12366 = EDGE_LOOP('',(#12367));
#12367 = ORIENTED_EDGE('',*,*,#12368,.T.);
#12368 = EDGE_CURVE('',#12369,#12369,#12371,.T.);
#12369 = VERTEX_POINT('',#12370);
#12370 = CARTESIAN_POINT('',(221.325,-96.28745,0.));
#12371 = CIRCLE('',#12372,1.18745);
#12372 = AXIS2_PLACEMENT_3D('',#12373,#12374,#12375);
#12373 = CARTESIAN_POINT('',(221.325,-95.1,0.));
#12374 = DIRECTION('',(-0.,0.,-1.));
#12375 = DIRECTION('',(-0.,-1.,0.));
#12376 = FACE_BOUND('',#12377,.F.);
#12377 = EDGE_LOOP('',(#12378));
#12378 = ORIENTED_EDGE('',*,*,#12379,.T.);
#12379 = EDGE_CURVE('',#12380,#12380,#12382,.T.);
#12380 = VERTEX_POINT('',#12381);
#12381 = CARTESIAN_POINT('',(224.5,-96.28745,0.));
#12382 = CIRCLE('',#12383,1.18745);
#12383 = AXIS2_PLACEMENT_3D('',#12384,#12385,#12386);
#12384 = CARTESIAN_POINT('',(224.5,-95.1,0.));
#12385 = DIRECTION('',(-0.,0.,-1.));
#12386 = DIRECTION('',(-0.,-1.,0.));
#12387 = FACE_BOUND('',#12388,.F.);
#12388 = EDGE_LOOP('',(#12389));
#12389 = ORIENTED_EDGE('',*,*,#12390,.T.);
#12390 = EDGE_CURVE('',#12391,#12391,#12393,.T.);
#12391 = VERTEX_POINT('',#12392);
#12392 = CARTESIAN_POINT('',(103.5,-92.8509,0.));
#12393 = CIRCLE('',#12394,0.8509);
#12394 = AXIS2_PLACEMENT_3D('',#12395,#12396,#12397);
#12395 = CARTESIAN_POINT('',(103.5,-92.,0.));
#12396 = DIRECTION('',(-0.,0.,-1.));
#12397 = DIRECTION('',(-0.,-1.,0.));
#12398 = FACE_BOUND('',#12399,.F.);
#12399 = EDGE_LOOP('',(#12400));
#12400 = ORIENTED_EDGE('',*,*,#12401,.T.);
#12401 = EDGE_CURVE('',#12402,#12402,#12404,.T.);
#12402 = VERTEX_POINT('',#12403);
#12403 = CARTESIAN_POINT('',(109.,-93.7145,0.));
#12404 = CIRCLE('',#12405,1.7145);
#12405 = AXIS2_PLACEMENT_3D('',#12406,#12407,#12408);
#12406 = CARTESIAN_POINT('',(109.,-92.,0.));
#12407 = DIRECTION('',(-0.,0.,-1.));
#12408 = DIRECTION('',(-0.,-1.,0.));
#12409 = FACE_BOUND('',#12410,.F.);
#12410 = EDGE_LOOP('',(#12411));
#12411 = ORIENTED_EDGE('',*,*,#12412,.T.);
#12412 = EDGE_CURVE('',#12413,#12413,#12415,.T.);
#12413 = VERTEX_POINT('',#12414);
#12414 = CARTESIAN_POINT('',(114.5,-92.8509,0.));
#12415 = CIRCLE('',#12416,0.8509);
#12416 = AXIS2_PLACEMENT_3D('',#12417,#12418,#12419);
#12417 = CARTESIAN_POINT('',(114.5,-92.,0.));
#12418 = DIRECTION('',(-0.,0.,-1.));
#12419 = DIRECTION('',(-0.,-1.,0.));
#12420 = FACE_BOUND('',#12421,.F.);
#12421 = EDGE_LOOP('',(#12422));
#12422 = ORIENTED_EDGE('',*,*,#12423,.T.);
#12423 = EDGE_CURVE('',#12424,#12424,#12426,.T.);
#12424 = VERTEX_POINT('',#12425);
#12425 = CARTESIAN_POINT('',(109.,-87.55,0.));
#12426 = CIRCLE('',#12427,1.5);
#12427 = AXIS2_PLACEMENT_3D('',#12428,#12429,#12430);
#12428 = CARTESIAN_POINT('',(109.,-86.05,0.));
#12429 = DIRECTION('',(-0.,0.,-1.));
#12430 = DIRECTION('',(-0.,-1.,0.));
#12431 = FACE_BOUND('',#12432,.F.);
#12432 = EDGE_LOOP('',(#12433));
#12433 = ORIENTED_EDGE('',*,*,#12434,.T.);
#12434 = EDGE_CURVE('',#12435,#12435,#12437,.T.);
#12435 = VERTEX_POINT('',#12436);
#12436 = CARTESIAN_POINT('',(114.,-89.75,0.));
#12437 = CIRCLE('',#12438,1.5);
#12438 = AXIS2_PLACEMENT_3D('',#12439,#12440,#12441);
#12439 = CARTESIAN_POINT('',(114.,-88.25,0.));
#12440 = DIRECTION('',(-0.,0.,-1.));
#12441 = DIRECTION('',(-0.,-1.,0.));
#12442 = FACE_BOUND('',#12443,.F.);
#12443 = EDGE_LOOP('',(#12444));
#12444 = ORIENTED_EDGE('',*,*,#12445,.T.);
#12445 = EDGE_CURVE('',#12446,#12446,#12448,.T.);
#12446 = VERTEX_POINT('',#12447);
#12447 = CARTESIAN_POINT('',(121.5,-92.8509,0.));
#12448 = CIRCLE('',#12449,0.8509);
#12449 = AXIS2_PLACEMENT_3D('',#12450,#12451,#12452);
#12450 = CARTESIAN_POINT('',(121.5,-92.,0.));
#12451 = DIRECTION('',(-0.,0.,-1.));
#12452 = DIRECTION('',(-0.,-1.,0.));
#12453 = FACE_BOUND('',#12454,.F.);
#12454 = EDGE_LOOP('',(#12455));
#12455 = ORIENTED_EDGE('',*,*,#12456,.T.);
#12456 = EDGE_CURVE('',#12457,#12457,#12459,.T.);
#12457 = VERTEX_POINT('',#12458);
#12458 = CARTESIAN_POINT('',(127.,-93.7145,0.));
#12459 = CIRCLE('',#12460,1.7145);
#12460 = AXIS2_PLACEMENT_3D('',#12461,#12462,#12463);
#12461 = CARTESIAN_POINT('',(127.,-92.,0.));
#12462 = DIRECTION('',(-0.,0.,-1.));
#12463 = DIRECTION('',(-0.,-1.,0.));
#12464 = FACE_BOUND('',#12465,.F.);
#12465 = EDGE_LOOP('',(#12466));
#12466 = ORIENTED_EDGE('',*,*,#12467,.T.);
#12467 = EDGE_CURVE('',#12468,#12468,#12470,.T.);
#12468 = VERTEX_POINT('',#12469);
#12469 = CARTESIAN_POINT('',(132.5,-92.8509,0.));
#12470 = CIRCLE('',#12471,0.8509);
#12471 = AXIS2_PLACEMENT_3D('',#12472,#12473,#12474);
#12472 = CARTESIAN_POINT('',(132.5,-92.,0.));
#12473 = DIRECTION('',(-0.,0.,-1.));
#12474 = DIRECTION('',(-0.,-1.,0.));
#12475 = FACE_BOUND('',#12476,.F.);
#12476 = EDGE_LOOP('',(#12477));
#12477 = ORIENTED_EDGE('',*,*,#12478,.T.);
#12478 = EDGE_CURVE('',#12479,#12479,#12481,.T.);
#12479 = VERTEX_POINT('',#12480);
#12480 = CARTESIAN_POINT('',(132.,-89.75,0.));
#12481 = CIRCLE('',#12482,1.5);
#12482 = AXIS2_PLACEMENT_3D('',#12483,#12484,#12485);
#12483 = CARTESIAN_POINT('',(132.,-88.25,0.));
#12484 = DIRECTION('',(-0.,0.,-1.));
#12485 = DIRECTION('',(-0.,-1.,0.));
#12486 = FACE_BOUND('',#12487,.F.);
#12487 = EDGE_LOOP('',(#12488));
#12488 = ORIENTED_EDGE('',*,*,#12489,.T.);
#12489 = EDGE_CURVE('',#12490,#12490,#12492,.T.);
#12490 = VERTEX_POINT('',#12491);
#12491 = CARTESIAN_POINT('',(127.,-87.55,0.));
#12492 = CIRCLE('',#12493,1.5);
#12493 = AXIS2_PLACEMENT_3D('',#12494,#12495,#12496);
#12494 = CARTESIAN_POINT('',(127.,-86.05,0.));
#12495 = DIRECTION('',(-0.,0.,-1.));
#12496 = DIRECTION('',(-0.,-1.,0.));
#12497 = FACE_BOUND('',#12498,.F.);
#12498 = EDGE_LOOP('',(#12499));
#12499 = ORIENTED_EDGE('',*,*,#12500,.T.);
#12500 = EDGE_CURVE('',#12501,#12501,#12503,.T.);
#12501 = VERTEX_POINT('',#12502);
#12502 = CARTESIAN_POINT('',(103.78,-79.6953,0.));
#12503 = CIRCLE('',#12504,0.4953);
#12504 = AXIS2_PLACEMENT_3D('',#12505,#12506,#12507);
#12505 = CARTESIAN_POINT('',(103.78,-79.2,0.));
#12506 = DIRECTION('',(-0.,0.,-1.));
#12507 = DIRECTION('',(-0.,-1.,0.));
#12508 = FACE_BOUND('',#12509,.F.);
#12509 = EDGE_LOOP('',(#12510));
#12510 = ORIENTED_EDGE('',*,*,#12511,.T.);
#12511 = EDGE_CURVE('',#12512,#12512,#12514,.T.);
#12512 = VERTEX_POINT('',#12513);
#12513 = CARTESIAN_POINT('',(103.5,-75.8509,0.));
#12514 = CIRCLE('',#12515,0.8509);
#12515 = AXIS2_PLACEMENT_3D('',#12516,#12517,#12518);
#12516 = CARTESIAN_POINT('',(103.5,-75.,0.));
#12517 = DIRECTION('',(-0.,0.,-1.));
#12518 = DIRECTION('',(-0.,-1.,0.));
#12519 = FACE_BOUND('',#12520,.F.);
#12520 = EDGE_LOOP('',(#12521));
#12521 = ORIENTED_EDGE('',*,*,#12522,.T.);
#12522 = EDGE_CURVE('',#12523,#12523,#12525,.T.);
#12523 = VERTEX_POINT('',#12524);
#12524 = CARTESIAN_POINT('',(109.,-76.7145,0.));
#12525 = CIRCLE('',#12526,1.7145);
#12526 = AXIS2_PLACEMENT_3D('',#12527,#12528,#12529);
#12527 = CARTESIAN_POINT('',(109.,-75.,0.));
#12528 = DIRECTION('',(-0.,0.,-1.));
#12529 = DIRECTION('',(-0.,-1.,0.));
#12530 = FACE_BOUND('',#12531,.F.);
#12531 = EDGE_LOOP('',(#12532));
#12532 = ORIENTED_EDGE('',*,*,#12533,.T.);
#12533 = EDGE_CURVE('',#12534,#12534,#12536,.T.);
#12534 = VERTEX_POINT('',#12535);
#12535 = CARTESIAN_POINT('',(114.5,-75.8509,0.));
#12536 = CIRCLE('',#12537,0.8509);
#12537 = AXIS2_PLACEMENT_3D('',#12538,#12539,#12540);
#12538 = CARTESIAN_POINT('',(114.5,-75.,0.));
#12539 = DIRECTION('',(-0.,0.,-1.));
#12540 = DIRECTION('',(-0.,-1.,0.));
#12541 = FACE_BOUND('',#12542,.F.);
#12542 = EDGE_LOOP('',(#12543));
#12543 = ORIENTED_EDGE('',*,*,#12544,.T.);
#12544 = EDGE_CURVE('',#12545,#12545,#12547,.T.);
#12545 = VERTEX_POINT('',#12546);
#12546 = CARTESIAN_POINT('',(121.78,-79.6953,0.));
#12547 = CIRCLE('',#12548,0.4953);
#12548 = AXIS2_PLACEMENT_3D('',#12549,#12550,#12551);
#12549 = CARTESIAN_POINT('',(121.78,-79.2,0.));
#12550 = DIRECTION('',(-0.,0.,-1.));
#12551 = DIRECTION('',(-0.,-1.,0.));
#12552 = FACE_BOUND('',#12553,.F.);
#12553 = EDGE_LOOP('',(#12554));
#12554 = ORIENTED_EDGE('',*,*,#12555,.T.);
#12555 = EDGE_CURVE('',#12556,#12556,#12558,.T.);
#12556 = VERTEX_POINT('',#12557);
#12557 = CARTESIAN_POINT('',(121.5,-75.8509,0.));
#12558 = CIRCLE('',#12559,0.8509);
#12559 = AXIS2_PLACEMENT_3D('',#12560,#12561,#12562);
#12560 = CARTESIAN_POINT('',(121.5,-75.,0.));
#12561 = DIRECTION('',(-0.,0.,-1.));
#12562 = DIRECTION('',(-0.,-1.,0.));
#12563 = FACE_BOUND('',#12564,.F.);
#12564 = EDGE_LOOP('',(#12565));
#12565 = ORIENTED_EDGE('',*,*,#12566,.T.);
#12566 = EDGE_CURVE('',#12567,#12567,#12569,.T.);
#12567 = VERTEX_POINT('',#12568);
#12568 = CARTESIAN_POINT('',(127.,-76.7145,0.));
#12569 = CIRCLE('',#12570,1.7145);
#12570 = AXIS2_PLACEMENT_3D('',#12571,#12572,#12573);
#12571 = CARTESIAN_POINT('',(127.,-75.,0.));
#12572 = DIRECTION('',(-0.,0.,-1.));
#12573 = DIRECTION('',(-0.,-1.,0.));
#12574 = FACE_BOUND('',#12575,.F.);
#12575 = EDGE_LOOP('',(#12576));
#12576 = ORIENTED_EDGE('',*,*,#12577,.T.);
#12577 = EDGE_CURVE('',#12578,#12578,#12580,.T.);
#12578 = VERTEX_POINT('',#12579);
#12579 = CARTESIAN_POINT('',(132.5,-75.8509,0.));
#12580 = CIRCLE('',#12581,0.8509);
#12581 = AXIS2_PLACEMENT_3D('',#12582,#12583,#12584);
#12582 = CARTESIAN_POINT('',(132.5,-75.,0.));
#12583 = DIRECTION('',(-0.,0.,-1.));
#12584 = DIRECTION('',(-0.,-1.,0.));
#12585 = FACE_BOUND('',#12586,.F.);
#12586 = EDGE_LOOP('',(#12587));
#12587 = ORIENTED_EDGE('',*,*,#12588,.T.);
#12588 = EDGE_CURVE('',#12589,#12589,#12591,.T.);
#12589 = VERTEX_POINT('',#12590);
#12590 = CARTESIAN_POINT('',(139.78,-85.6953,0.));
#12591 = CIRCLE('',#12592,0.4953);
#12592 = AXIS2_PLACEMENT_3D('',#12593,#12594,#12595);
#12593 = CARTESIAN_POINT('',(139.78,-85.2,0.));
#12594 = DIRECTION('',(-0.,0.,-1.));
#12595 = DIRECTION('',(5.738281734384E-14,-1.,-0.));
#12596 = FACE_BOUND('',#12597,.F.);
#12597 = EDGE_LOOP('',(#12598));
#12598 = ORIENTED_EDGE('',*,*,#12599,.T.);
#12599 = EDGE_CURVE('',#12600,#12600,#12602,.T.);
#12600 = VERTEX_POINT('',#12601);
#12601 = CARTESIAN_POINT('',(139.5,-81.8509,0.));
#12602 = CIRCLE('',#12603,0.8509);
#12603 = AXIS2_PLACEMENT_3D('',#12604,#12605,#12606);
#12604 = CARTESIAN_POINT('',(139.5,-81.,0.));
#12605 = DIRECTION('',(-0.,0.,-1.));
#12606 = DIRECTION('',(-0.,-1.,0.));
#12607 = FACE_BOUND('',#12608,.F.);
#12608 = EDGE_LOOP('',(#12609));
#12609 = ORIENTED_EDGE('',*,*,#12610,.T.);
#12610 = EDGE_CURVE('',#12611,#12611,#12613,.T.);
#12611 = VERTEX_POINT('',#12612);
#12612 = CARTESIAN_POINT('',(145.,-82.7145,0.));
#12613 = CIRCLE('',#12614,1.7145);
#12614 = AXIS2_PLACEMENT_3D('',#12615,#12616,#12617);
#12615 = CARTESIAN_POINT('',(145.,-81.,0.));
#12616 = DIRECTION('',(-0.,0.,-1.));
#12617 = DIRECTION('',(-0.,-1.,0.));
#12618 = FACE_BOUND('',#12619,.F.);
#12619 = EDGE_LOOP('',(#12620));
#12620 = ORIENTED_EDGE('',*,*,#12621,.T.);
#12621 = EDGE_CURVE('',#12622,#12622,#12624,.T.);
#12622 = VERTEX_POINT('',#12623);
#12623 = CARTESIAN_POINT('',(145.,-76.55,0.));
#12624 = CIRCLE('',#12625,1.5);
#12625 = AXIS2_PLACEMENT_3D('',#12626,#12627,#12628);
#12626 = CARTESIAN_POINT('',(145.,-75.05,0.));
#12627 = DIRECTION('',(-0.,0.,-1.));
#12628 = DIRECTION('',(-0.,-1.,0.));
#12629 = FACE_BOUND('',#12630,.F.);
#12630 = EDGE_LOOP('',(#12631));
#12631 = ORIENTED_EDGE('',*,*,#12632,.T.);
#12632 = EDGE_CURVE('',#12633,#12633,#12635,.T.);
#12633 = VERTEX_POINT('',#12634);
#12634 = CARTESIAN_POINT('',(150.5,-81.8509,0.));
#12635 = CIRCLE('',#12636,0.8509);
#12636 = AXIS2_PLACEMENT_3D('',#12637,#12638,#12639);
#12637 = CARTESIAN_POINT('',(150.5,-81.,0.));
#12638 = DIRECTION('',(-0.,0.,-1.));
#12639 = DIRECTION('',(-0.,-1.,0.));
#12640 = FACE_BOUND('',#12641,.F.);
#12641 = EDGE_LOOP('',(#12642));
#12642 = ORIENTED_EDGE('',*,*,#12643,.T.);
#12643 = EDGE_CURVE('',#12644,#12644,#12646,.T.);
#12644 = VERTEX_POINT('',#12645);
#12645 = CARTESIAN_POINT('',(157.78,-80.6953,0.));
#12646 = CIRCLE('',#12647,0.4953);
#12647 = AXIS2_PLACEMENT_3D('',#12648,#12649,#12650);
#12648 = CARTESIAN_POINT('',(157.78,-80.2,0.));
#12649 = DIRECTION('',(-0.,0.,-1.));
#12650 = DIRECTION('',(5.738281734384E-14,-1.,-0.));
#12651 = FACE_BOUND('',#12652,.F.);
#12652 = EDGE_LOOP('',(#12653));
#12653 = ORIENTED_EDGE('',*,*,#12654,.T.);
#12654 = EDGE_CURVE('',#12655,#12655,#12657,.T.);
#12655 = VERTEX_POINT('',#12656);
#12656 = CARTESIAN_POINT('',(150.,-78.75,0.));
#12657 = CIRCLE('',#12658,1.5);
#12658 = AXIS2_PLACEMENT_3D('',#12659,#12660,#12661);
#12659 = CARTESIAN_POINT('',(150.,-77.25,0.));
#12660 = DIRECTION('',(-0.,0.,-1.));
#12661 = DIRECTION('',(-0.,-1.,0.));
#12662 = FACE_BOUND('',#12663,.F.);
#12663 = EDGE_LOOP('',(#12664));
#12664 = ORIENTED_EDGE('',*,*,#12665,.T.);
#12665 = EDGE_CURVE('',#12666,#12666,#12668,.T.);
#12666 = VERTEX_POINT('',#12667);
#12667 = CARTESIAN_POINT('',(157.5,-76.8509,0.));
#12668 = CIRCLE('',#12669,0.8509);
#12669 = AXIS2_PLACEMENT_3D('',#12670,#12671,#12672);
#12670 = CARTESIAN_POINT('',(157.5,-76.,0.));
#12671 = DIRECTION('',(-0.,0.,-1.));
#12672 = DIRECTION('',(-0.,-1.,0.));
#12673 = FACE_BOUND('',#12674,.F.);
#12674 = EDGE_LOOP('',(#12675));
#12675 = ORIENTED_EDGE('',*,*,#12676,.T.);
#12676 = EDGE_CURVE('',#12677,#12677,#12679,.T.);
#12677 = VERTEX_POINT('',#12678);
#12678 = CARTESIAN_POINT('',(163.,-77.7145,0.));
#12679 = CIRCLE('',#12680,1.7145);
#12680 = AXIS2_PLACEMENT_3D('',#12681,#12682,#12683);
#12681 = CARTESIAN_POINT('',(163.,-76.,0.));
#12682 = DIRECTION('',(-0.,0.,-1.));
#12683 = DIRECTION('',(-0.,-1.,0.));
#12684 = FACE_BOUND('',#12685,.F.);
#12685 = EDGE_LOOP('',(#12686));
#12686 = ORIENTED_EDGE('',*,*,#12687,.T.);
#12687 = EDGE_CURVE('',#12688,#12688,#12690,.T.);
#12688 = VERTEX_POINT('',#12689);
#12689 = CARTESIAN_POINT('',(109.,-70.55,0.));
#12690 = CIRCLE('',#12691,1.5);
#12691 = AXIS2_PLACEMENT_3D('',#12692,#12693,#12694);
#12692 = CARTESIAN_POINT('',(109.,-69.05,0.));
#12693 = DIRECTION('',(-0.,0.,-1.));
#12694 = DIRECTION('',(-0.,-1.,0.));
#12695 = FACE_BOUND('',#12696,.F.);
#12696 = EDGE_LOOP('',(#12697));
#12697 = ORIENTED_EDGE('',*,*,#12698,.T.);
#12698 = EDGE_CURVE('',#12699,#12699,#12701,.T.);
#12699 = VERTEX_POINT('',#12700);
#12700 = CARTESIAN_POINT('',(114.,-72.75,0.));
#12701 = CIRCLE('',#12702,1.5);
#12702 = AXIS2_PLACEMENT_3D('',#12703,#12704,#12705);
#12703 = CARTESIAN_POINT('',(114.,-71.25,0.));
#12704 = DIRECTION('',(-0.,0.,-1.));
#12705 = DIRECTION('',(-0.,-1.,0.));
#12706 = FACE_BOUND('',#12707,.F.);
#12707 = EDGE_LOOP('',(#12708));
#12708 = ORIENTED_EDGE('',*,*,#12709,.T.);
#12709 = EDGE_CURVE('',#12710,#12710,#12712,.T.);
#12710 = VERTEX_POINT('',#12711);
#12711 = CARTESIAN_POINT('',(132.,-72.75,0.));
#12712 = CIRCLE('',#12713,1.5);
#12713 = AXIS2_PLACEMENT_3D('',#12714,#12715,#12716);
#12714 = CARTESIAN_POINT('',(132.,-71.25,0.));
#12715 = DIRECTION('',(-0.,0.,-1.));
#12716 = DIRECTION('',(-0.,-1.,0.));
#12717 = FACE_BOUND('',#12718,.F.);
#12718 = EDGE_LOOP('',(#12719));
#12719 = ORIENTED_EDGE('',*,*,#12720,.T.);
#12720 = EDGE_CURVE('',#12721,#12721,#12723,.T.);
#12721 = VERTEX_POINT('',#12722);
#12722 = CARTESIAN_POINT('',(127.,-70.55,0.));
#12723 = CIRCLE('',#12724,1.5);
#12724 = AXIS2_PLACEMENT_3D('',#12725,#12726,#12727);
#12725 = CARTESIAN_POINT('',(127.,-69.05,0.));
#12726 = DIRECTION('',(-0.,0.,-1.));
#12727 = DIRECTION('',(-0.,-1.,0.));
#12728 = FACE_BOUND('',#12729,.F.);
#12729 = EDGE_LOOP('',(#12730));
#12730 = ORIENTED_EDGE('',*,*,#12731,.T.);
#12731 = EDGE_CURVE('',#12732,#12732,#12734,.T.);
#12732 = VERTEX_POINT('',#12733);
#12733 = CARTESIAN_POINT('',(139.78,-68.6953,0.));
#12734 = CIRCLE('',#12735,0.4953);
#12735 = AXIS2_PLACEMENT_3D('',#12736,#12737,#12738);
#12736 = CARTESIAN_POINT('',(139.78,-68.2,0.));
#12737 = DIRECTION('',(-0.,0.,-1.));
#12738 = DIRECTION('',(5.738281734384E-14,-1.,-0.));
#12739 = FACE_BOUND('',#12740,.F.);
#12740 = EDGE_LOOP('',(#12741));
#12741 = ORIENTED_EDGE('',*,*,#12742,.T.);
#12742 = EDGE_CURVE('',#12743,#12743,#12745,.T.);
#12743 = VERTEX_POINT('',#12744);
#12744 = CARTESIAN_POINT('',(139.5,-64.8509,0.));
#12745 = CIRCLE('',#12746,0.8509);
#12746 = AXIS2_PLACEMENT_3D('',#12747,#12748,#12749);
#12747 = CARTESIAN_POINT('',(139.5,-64.,0.));
#12748 = DIRECTION('',(-0.,0.,-1.));
#12749 = DIRECTION('',(-0.,-1.,0.));
#12750 = FACE_BOUND('',#12751,.F.);
#12751 = EDGE_LOOP('',(#12752));
#12752 = ORIENTED_EDGE('',*,*,#12753,.T.);
#12753 = EDGE_CURVE('',#12754,#12754,#12756,.T.);
#12754 = VERTEX_POINT('',#12755);
#12755 = CARTESIAN_POINT('',(145.,-65.7145,0.));
#12756 = CIRCLE('',#12757,1.7145);
#12757 = AXIS2_PLACEMENT_3D('',#12758,#12759,#12760);
#12758 = CARTESIAN_POINT('',(145.,-64.,0.));
#12759 = DIRECTION('',(-0.,0.,-1.));
#12760 = DIRECTION('',(-0.,-1.,0.));
#12761 = FACE_BOUND('',#12762,.F.);
#12762 = EDGE_LOOP('',(#12763));
#12763 = ORIENTED_EDGE('',*,*,#12764,.T.);
#12764 = EDGE_CURVE('',#12765,#12765,#12767,.T.);
#12765 = VERTEX_POINT('',#12766);
#12766 = CARTESIAN_POINT('',(163.,-71.55,0.));
#12767 = CIRCLE('',#12768,1.5);
#12768 = AXIS2_PLACEMENT_3D('',#12769,#12770,#12771);
#12769 = CARTESIAN_POINT('',(163.,-70.05,0.));
#12770 = DIRECTION('',(-0.,0.,-1.));
#12771 = DIRECTION('',(-0.,-1.,0.));
#12772 = FACE_BOUND('',#12773,.F.);
#12773 = EDGE_LOOP('',(#12774));
#12774 = ORIENTED_EDGE('',*,*,#12775,.T.);
#12775 = EDGE_CURVE('',#12776,#12776,#12778,.T.);
#12776 = VERTEX_POINT('',#12777);
#12777 = CARTESIAN_POINT('',(150.5,-64.8509,0.));
#12778 = CIRCLE('',#12779,0.8509);
#12779 = AXIS2_PLACEMENT_3D('',#12780,#12781,#12782);
#12780 = CARTESIAN_POINT('',(150.5,-64.,0.));
#12781 = DIRECTION('',(-0.,0.,-1.));
#12782 = DIRECTION('',(-0.,-1.,0.));
#12783 = FACE_BOUND('',#12784,.F.);
#12784 = EDGE_LOOP('',(#12785));
#12785 = ORIENTED_EDGE('',*,*,#12786,.T.);
#12786 = EDGE_CURVE('',#12787,#12787,#12789,.T.);
#12787 = VERTEX_POINT('',#12788);
#12788 = CARTESIAN_POINT('',(157.78,-63.6953,0.));
#12789 = CIRCLE('',#12790,0.4953);
#12790 = AXIS2_PLACEMENT_3D('',#12791,#12792,#12793);
#12791 = CARTESIAN_POINT('',(157.78,-63.2,0.));
#12792 = DIRECTION('',(-0.,0.,-1.));
#12793 = DIRECTION('',(5.738281734384E-14,-1.,-0.));
#12794 = FACE_BOUND('',#12795,.F.);
#12795 = EDGE_LOOP('',(#12796));
#12796 = ORIENTED_EDGE('',*,*,#12797,.T.);
#12797 = EDGE_CURVE('',#12798,#12798,#12800,.T.);
#12798 = VERTEX_POINT('',#12799);
#12799 = CARTESIAN_POINT('',(145.,-59.55,0.));
#12800 = CIRCLE('',#12801,1.5);
#12801 = AXIS2_PLACEMENT_3D('',#12802,#12803,#12804);
#12802 = CARTESIAN_POINT('',(145.,-58.05,0.));
#12803 = DIRECTION('',(-0.,0.,-1.));
#12804 = DIRECTION('',(-0.,-1.,0.));
#12805 = FACE_BOUND('',#12806,.F.);
#12806 = EDGE_LOOP('',(#12807));
#12807 = ORIENTED_EDGE('',*,*,#12808,.T.);
#12808 = EDGE_CURVE('',#12809,#12809,#12811,.T.);
#12809 = VERTEX_POINT('',#12810);
#12810 = CARTESIAN_POINT('',(150.,-61.75,0.));
#12811 = CIRCLE('',#12812,1.5);
#12812 = AXIS2_PLACEMENT_3D('',#12813,#12814,#12815);
#12813 = CARTESIAN_POINT('',(150.,-60.25,0.));
#12814 = DIRECTION('',(-0.,0.,-1.));
#12815 = DIRECTION('',(-0.,-1.,0.));
#12816 = FACE_BOUND('',#12817,.F.);
#12817 = EDGE_LOOP('',(#12818));
#12818 = ORIENTED_EDGE('',*,*,#12819,.T.);
#12819 = EDGE_CURVE('',#12820,#12820,#12822,.T.);
#12820 = VERTEX_POINT('',#12821);
#12821 = CARTESIAN_POINT('',(157.5,-59.8509,0.));
#12822 = CIRCLE('',#12823,0.8509);
#12823 = AXIS2_PLACEMENT_3D('',#12824,#12825,#12826);
#12824 = CARTESIAN_POINT('',(157.5,-59.,0.));
#12825 = DIRECTION('',(-0.,0.,-1.));
#12826 = DIRECTION('',(-0.,-1.,0.));
#12827 = FACE_BOUND('',#12828,.F.);
#12828 = EDGE_LOOP('',(#12829));
#12829 = ORIENTED_EDGE('',*,*,#12830,.T.);
#12830 = EDGE_CURVE('',#12831,#12831,#12833,.T.);
#12831 = VERTEX_POINT('',#12832);
#12832 = CARTESIAN_POINT('',(163.,-60.7145,0.));
#12833 = CIRCLE('',#12834,1.7145);
#12834 = AXIS2_PLACEMENT_3D('',#12835,#12836,#12837);
#12835 = CARTESIAN_POINT('',(163.,-59.,0.));
#12836 = DIRECTION('',(-0.,0.,-1.));
#12837 = DIRECTION('',(-0.,-1.,0.));
#12838 = FACE_BOUND('',#12839,.F.);
#12839 = EDGE_LOOP('',(#12840));
#12840 = ORIENTED_EDGE('',*,*,#12841,.T.);
#12841 = EDGE_CURVE('',#12842,#12842,#12844,.T.);
#12842 = VERTEX_POINT('',#12843);
#12843 = CARTESIAN_POINT('',(163.,-54.55,0.));
#12844 = CIRCLE('',#12845,1.5);
#12845 = AXIS2_PLACEMENT_3D('',#12846,#12847,#12848);
#12846 = CARTESIAN_POINT('',(163.,-53.05,0.));
#12847 = DIRECTION('',(-0.,0.,-1.));
#12848 = DIRECTION('',(-0.,-1.,0.));
#12849 = FACE_BOUND('',#12850,.F.);
#12850 = EDGE_LOOP('',(#12851));
#12851 = ORIENTED_EDGE('',*,*,#12852,.T.);
#12852 = EDGE_CURVE('',#12853,#12853,#12855,.T.);
#12853 = VERTEX_POINT('',#12854);
#12854 = CARTESIAN_POINT('',(175.78,-90.6953,0.));
#12855 = CIRCLE('',#12856,0.4953);
#12856 = AXIS2_PLACEMENT_3D('',#12857,#12858,#12859);
#12857 = CARTESIAN_POINT('',(175.78,-90.2,0.));
#12858 = DIRECTION('',(-0.,0.,-1.));
#12859 = DIRECTION('',(5.738281734384E-14,-1.,-0.));
#12860 = FACE_BOUND('',#12861,.F.);
#12861 = EDGE_LOOP('',(#12862));
#12862 = ORIENTED_EDGE('',*,*,#12863,.T.);
#12863 = EDGE_CURVE('',#12864,#12864,#12866,.T.);
#12864 = VERTEX_POINT('',#12865);
#12865 = CARTESIAN_POINT('',(175.5,-86.8509,0.));
#12866 = CIRCLE('',#12867,0.8509);
#12867 = AXIS2_PLACEMENT_3D('',#12868,#12869,#12870);
#12868 = CARTESIAN_POINT('',(175.5,-86.,0.));
#12869 = DIRECTION('',(-0.,0.,-1.));
#12870 = DIRECTION('',(-0.,-1.,0.));
#12871 = FACE_BOUND('',#12872,.F.);
#12872 = EDGE_LOOP('',(#12873));
#12873 = ORIENTED_EDGE('',*,*,#12874,.T.);
#12874 = EDGE_CURVE('',#12875,#12875,#12877,.T.);
#12875 = VERTEX_POINT('',#12876);
#12876 = CARTESIAN_POINT('',(193.78,-90.6953,0.));
#12877 = CIRCLE('',#12878,0.4953);
#12878 = AXIS2_PLACEMENT_3D('',#12879,#12880,#12881);
#12879 = CARTESIAN_POINT('',(193.78,-90.2,0.));
#12880 = DIRECTION('',(-0.,0.,-1.));
#12881 = DIRECTION('',(5.738281734384E-14,-1.,-0.));
#12882 = FACE_BOUND('',#12883,.F.);
#12883 = EDGE_LOOP('',(#12884));
#12884 = ORIENTED_EDGE('',*,*,#12885,.T.);
#12885 = EDGE_CURVE('',#12886,#12886,#12888,.T.);
#12886 = VERTEX_POINT('',#12887);
#12887 = CARTESIAN_POINT('',(181.,-87.7145,0.));
#12888 = CIRCLE('',#12889,1.7145);
#12889 = AXIS2_PLACEMENT_3D('',#12890,#12891,#12892);
#12890 = CARTESIAN_POINT('',(181.,-86.,0.));
#12891 = DIRECTION('',(-0.,0.,-1.));
#12892 = DIRECTION('',(-0.,-1.,0.));
#12893 = FACE_BOUND('',#12894,.F.);
#12894 = EDGE_LOOP('',(#12895));
#12895 = ORIENTED_EDGE('',*,*,#12896,.T.);
#12896 = EDGE_CURVE('',#12897,#12897,#12899,.T.);
#12897 = VERTEX_POINT('',#12898);
#12898 = CARTESIAN_POINT('',(186.5,-86.8509,0.));
#12899 = CIRCLE('',#12900,0.8509);
#12900 = AXIS2_PLACEMENT_3D('',#12901,#12902,#12903);
#12901 = CARTESIAN_POINT('',(186.5,-86.,0.));
#12902 = DIRECTION('',(-0.,0.,-1.));
#12903 = DIRECTION('',(-0.,-1.,0.));
#12904 = FACE_BOUND('',#12905,.F.);
#12905 = EDGE_LOOP('',(#12906));
#12906 = ORIENTED_EDGE('',*,*,#12907,.T.);
#12907 = EDGE_CURVE('',#12908,#12908,#12910,.T.);
#12908 = VERTEX_POINT('',#12909);
#12909 = CARTESIAN_POINT('',(193.5,-86.8509,0.));
#12910 = CIRCLE('',#12911,0.8509);
#12911 = AXIS2_PLACEMENT_3D('',#12912,#12913,#12914);
#12912 = CARTESIAN_POINT('',(193.5,-86.,0.));
#12913 = DIRECTION('',(-0.,0.,-1.));
#12914 = DIRECTION('',(-0.,-1.,0.));
#12915 = FACE_BOUND('',#12916,.F.);
#12916 = EDGE_LOOP('',(#12917));
#12917 = ORIENTED_EDGE('',*,*,#12918,.T.);
#12918 = EDGE_CURVE('',#12919,#12919,#12921,.T.);
#12919 = VERTEX_POINT('',#12920);
#12920 = CARTESIAN_POINT('',(168.5,-76.8509,0.));
#12921 = CIRCLE('',#12922,0.8509);
#12922 = AXIS2_PLACEMENT_3D('',#12923,#12924,#12925);
#12923 = CARTESIAN_POINT('',(168.5,-76.,0.));
#12924 = DIRECTION('',(-0.,0.,-1.));
#12925 = DIRECTION('',(-0.,-1.,0.));
#12926 = FACE_BOUND('',#12927,.F.);
#12927 = EDGE_LOOP('',(#12928));
#12928 = ORIENTED_EDGE('',*,*,#12929,.T.);
#12929 = EDGE_CURVE('',#12930,#12930,#12932,.T.);
#12930 = VERTEX_POINT('',#12931);
#12931 = CARTESIAN_POINT('',(175.78,-73.6953,0.));
#12932 = CIRCLE('',#12933,0.4953);
#12933 = AXIS2_PLACEMENT_3D('',#12934,#12935,#12936);
#12934 = CARTESIAN_POINT('',(175.78,-73.2,0.));
#12935 = DIRECTION('',(-0.,0.,-1.));
#12936 = DIRECTION('',(5.738281734384E-14,-1.,-0.));
#12937 = FACE_BOUND('',#12938,.F.);
#12938 = EDGE_LOOP('',(#12939));
#12939 = ORIENTED_EDGE('',*,*,#12940,.T.);
#12940 = EDGE_CURVE('',#12941,#12941,#12943,.T.);
#12941 = VERTEX_POINT('',#12942);
#12942 = CARTESIAN_POINT('',(186.,-83.75,0.));
#12943 = CIRCLE('',#12944,1.5);
#12944 = AXIS2_PLACEMENT_3D('',#12945,#12946,#12947);
#12945 = CARTESIAN_POINT('',(186.,-82.25,0.));
#12946 = DIRECTION('',(-0.,0.,-1.));
#12947 = DIRECTION('',(-0.,-1.,0.));
#12948 = FACE_BOUND('',#12949,.F.);
#12949 = EDGE_LOOP('',(#12950));
#12950 = ORIENTED_EDGE('',*,*,#12951,.T.);
#12951 = EDGE_CURVE('',#12952,#12952,#12954,.T.);
#12952 = VERTEX_POINT('',#12953);
#12953 = CARTESIAN_POINT('',(181.,-81.55,0.));
#12954 = CIRCLE('',#12955,1.5);
#12955 = AXIS2_PLACEMENT_3D('',#12956,#12957,#12958);
#12956 = CARTESIAN_POINT('',(181.,-80.05,0.));
#12957 = DIRECTION('',(-0.,0.,-1.));
#12958 = DIRECTION('',(-0.,-1.,0.));
#12959 = FACE_BOUND('',#12960,.F.);
#12960 = EDGE_LOOP('',(#12961));
#12961 = ORIENTED_EDGE('',*,*,#12962,.T.);
#12962 = EDGE_CURVE('',#12963,#12963,#12965,.T.);
#12963 = VERTEX_POINT('',#12964);
#12964 = CARTESIAN_POINT('',(193.78,-73.6953,0.));
#12965 = CIRCLE('',#12966,0.4953);
#12966 = AXIS2_PLACEMENT_3D('',#12967,#12968,#12969);
#12967 = CARTESIAN_POINT('',(193.78,-73.2,0.));
#12968 = DIRECTION('',(-0.,0.,-1.));
#12969 = DIRECTION('',(5.738281734384E-14,-1.,-0.));
#12970 = FACE_BOUND('',#12971,.F.);
#12971 = EDGE_LOOP('',(#12972));
#12972 = ORIENTED_EDGE('',*,*,#12973,.T.);
#12973 = EDGE_CURVE('',#12974,#12974,#12976,.T.);
#12974 = VERTEX_POINT('',#12975);
#12975 = CARTESIAN_POINT('',(199.,-87.7145,0.));
#12976 = CIRCLE('',#12977,1.7145);
#12977 = AXIS2_PLACEMENT_3D('',#12978,#12979,#12980);
#12978 = CARTESIAN_POINT('',(199.,-86.,0.));
#12979 = DIRECTION('',(-0.,0.,-1.));
#12980 = DIRECTION('',(-0.,-1.,0.));
#12981 = FACE_BOUND('',#12982,.F.);
#12982 = EDGE_LOOP('',(#12983));
#12983 = ORIENTED_EDGE('',*,*,#12984,.T.);
#12984 = EDGE_CURVE('',#12985,#12985,#12987,.T.);
#12985 = VERTEX_POINT('',#12986);
#12986 = CARTESIAN_POINT('',(204.5,-86.8509,0.));
#12987 = CIRCLE('',#12988,0.8509);
#12988 = AXIS2_PLACEMENT_3D('',#12989,#12990,#12991);
#12989 = CARTESIAN_POINT('',(204.5,-86.,0.));
#12990 = DIRECTION('',(-0.,0.,-1.));
#12991 = DIRECTION('',(-0.,-1.,0.));
#12992 = FACE_BOUND('',#12993,.F.);
#12993 = EDGE_LOOP('',(#12994));
#12994 = ORIENTED_EDGE('',*,*,#12995,.T.);
#12995 = EDGE_CURVE('',#12996,#12996,#12998,.T.);
#12996 = VERTEX_POINT('',#12997);
#12997 = CARTESIAN_POINT('',(221.325,-93.0553,0.));
#12998 = CIRCLE('',#12999,0.4953);
#12999 = AXIS2_PLACEMENT_3D('',#13000,#13001,#13002);
#13000 = CARTESIAN_POINT('',(221.325,-92.56,0.));
#13001 = DIRECTION('',(-0.,0.,-1.));
#13002 = DIRECTION('',(-0.,-1.,0.));
#13003 = FACE_BOUND('',#13004,.F.);
#13004 = EDGE_LOOP('',(#13005));
#13005 = ORIENTED_EDGE('',*,*,#13006,.T.);
#13006 = EDGE_CURVE('',#13007,#13007,#13009,.T.);
#13007 = VERTEX_POINT('',#13008);
#13008 = CARTESIAN_POINT('',(226.405,-94.0713,0.));
#13009 = CIRCLE('',#13010,0.4953);
#13010 = AXIS2_PLACEMENT_3D('',#13011,#13012,#13013);
#13011 = CARTESIAN_POINT('',(226.405,-93.576,0.));
#13012 = DIRECTION('',(-0.,0.,-1.));
#13013 = DIRECTION('',(5.738281734384E-14,-1.,-0.));
#13014 = FACE_BOUND('',#13015,.F.);
#13015 = EDGE_LOOP('',(#13016));
#13016 = ORIENTED_EDGE('',*,*,#13017,.T.);
#13017 = EDGE_CURVE('',#13018,#13018,#13020,.T.);
#13018 = VERTEX_POINT('',#13019);
#13019 = CARTESIAN_POINT('',(221.325,-91.20745,0.));
#13020 = CIRCLE('',#13021,1.18745);
#13021 = AXIS2_PLACEMENT_3D('',#13022,#13023,#13024);
#13022 = CARTESIAN_POINT('',(221.325,-90.02,0.));
#13023 = DIRECTION('',(-0.,0.,-1.));
#13024 = DIRECTION('',(-0.,-1.,0.));
#13025 = FACE_BOUND('',#13026,.F.);
#13026 = EDGE_LOOP('',(#13027));
#13027 = ORIENTED_EDGE('',*,*,#13028,.T.);
#13028 = EDGE_CURVE('',#13029,#13029,#13031,.T.);
#13029 = VERTEX_POINT('',#13030);
#13030 = CARTESIAN_POINT('',(226.405,-92.0393,0.));
#13031 = CIRCLE('',#13032,0.4953);
#13032 = AXIS2_PLACEMENT_3D('',#13033,#13034,#13035);
#13033 = CARTESIAN_POINT('',(226.405,-91.544,0.));
#13034 = DIRECTION('',(-0.,0.,-1.));
#13035 = DIRECTION('',(5.738281734384E-14,-1.,-0.));
#13036 = FACE_BOUND('',#13037,.F.);
#13037 = EDGE_LOOP('',(#13038));
#13038 = ORIENTED_EDGE('',*,*,#13039,.T.);
#13039 = EDGE_CURVE('',#13040,#13040,#13042,.T.);
#13040 = VERTEX_POINT('',#13041);
#13041 = CARTESIAN_POINT('',(224.5,-91.20745,0.));
#13042 = CIRCLE('',#13043,1.18745);
#13043 = AXIS2_PLACEMENT_3D('',#13044,#13045,#13046);
#13044 = CARTESIAN_POINT('',(224.5,-90.02,0.));
#13045 = DIRECTION('',(-0.,0.,-1.));
#13046 = DIRECTION('',(-0.,-1.,0.));
#13047 = FACE_BOUND('',#13048,.F.);
#13048 = EDGE_LOOP('',(#13049));
#13049 = ORIENTED_EDGE('',*,*,#13050,.T.);
#13050 = EDGE_CURVE('',#13051,#13051,#13053,.T.);
#13051 = VERTEX_POINT('',#13052);
#13052 = CARTESIAN_POINT('',(199.,-81.55,0.));
#13053 = CIRCLE('',#13054,1.5);
#13054 = AXIS2_PLACEMENT_3D('',#13055,#13056,#13057);
#13055 = CARTESIAN_POINT('',(199.,-80.05,0.));
#13056 = DIRECTION('',(-0.,0.,-1.));
#13057 = DIRECTION('',(-0.,-1.,0.));
#13058 = FACE_BOUND('',#13059,.F.);
#13059 = EDGE_LOOP('',(#13060));
#13060 = ORIENTED_EDGE('',*,*,#13061,.T.);
#13061 = EDGE_CURVE('',#13062,#13062,#13064,.T.);
#13062 = VERTEX_POINT('',#13063);
#13063 = CARTESIAN_POINT('',(204.,-83.75,0.));
#13064 = CIRCLE('',#13065,1.5);
#13065 = AXIS2_PLACEMENT_3D('',#13066,#13067,#13068);
#13066 = CARTESIAN_POINT('',(204.,-82.25,0.));
#13067 = DIRECTION('',(-0.,0.,-1.));
#13068 = DIRECTION('',(-0.,-1.,0.));
#13069 = FACE_BOUND('',#13070,.F.);
#13070 = EDGE_LOOP('',(#13071));
#13071 = ORIENTED_EDGE('',*,*,#13072,.T.);
#13072 = EDGE_CURVE('',#13073,#13073,#13075,.T.);
#13073 = VERTEX_POINT('',#13074);
#13074 = CARTESIAN_POINT('',(168.,-73.75,0.));
#13075 = CIRCLE('',#13076,1.5);
#13076 = AXIS2_PLACEMENT_3D('',#13077,#13078,#13079);
#13077 = CARTESIAN_POINT('',(168.,-72.25,0.));
#13078 = DIRECTION('',(-0.,0.,-1.));
#13079 = DIRECTION('',(-0.,-1.,0.));
#13080 = FACE_BOUND('',#13081,.F.);
#13081 = EDGE_LOOP('',(#13082));
#13082 = ORIENTED_EDGE('',*,*,#13083,.T.);
#13083 = EDGE_CURVE('',#13084,#13084,#13086,.T.);
#13084 = VERTEX_POINT('',#13085);
#13085 = CARTESIAN_POINT('',(175.5,-69.8509,0.));
#13086 = CIRCLE('',#13087,0.8509);
#13087 = AXIS2_PLACEMENT_3D('',#13088,#13089,#13090);
#13088 = CARTESIAN_POINT('',(175.5,-69.,0.));
#13089 = DIRECTION('',(-0.,0.,-1.));
#13090 = DIRECTION('',(-0.,-1.,0.));
#13091 = FACE_BOUND('',#13092,.F.);
#13092 = EDGE_LOOP('',(#13093));
#13093 = ORIENTED_EDGE('',*,*,#13094,.T.);
#13094 = EDGE_CURVE('',#13095,#13095,#13097,.T.);
#13095 = VERTEX_POINT('',#13096);
#13096 = CARTESIAN_POINT('',(181.,-70.7145,0.));
#13097 = CIRCLE('',#13098,1.7145);
#13098 = AXIS2_PLACEMENT_3D('',#13099,#13100,#13101);
#13099 = CARTESIAN_POINT('',(181.,-69.,0.));
#13100 = DIRECTION('',(-0.,0.,-1.));
#13101 = DIRECTION('',(-0.,-1.,0.));
#13102 = FACE_BOUND('',#13103,.F.);
#13103 = EDGE_LOOP('',(#13104));
#13104 = ORIENTED_EDGE('',*,*,#13105,.T.);
#13105 = EDGE_CURVE('',#13106,#13106,#13108,.T.);
#13106 = VERTEX_POINT('',#13107);
#13107 = CARTESIAN_POINT('',(186.5,-69.8509,0.));
#13108 = CIRCLE('',#13109,0.8509);
#13109 = AXIS2_PLACEMENT_3D('',#13110,#13111,#13112);
#13110 = CARTESIAN_POINT('',(186.5,-69.,0.));
#13111 = DIRECTION('',(-0.,0.,-1.));
#13112 = DIRECTION('',(-0.,-1.,0.));
#13113 = FACE_BOUND('',#13114,.F.);
#13114 = EDGE_LOOP('',(#13115));
#13115 = ORIENTED_EDGE('',*,*,#13116,.T.);
#13116 = EDGE_CURVE('',#13117,#13117,#13119,.T.);
#13117 = VERTEX_POINT('',#13118);
#13118 = CARTESIAN_POINT('',(193.5,-69.8509,0.));
#13119 = CIRCLE('',#13120,0.8509);
#13120 = AXIS2_PLACEMENT_3D('',#13121,#13122,#13123);
#13121 = CARTESIAN_POINT('',(193.5,-69.,0.));
#13122 = DIRECTION('',(-0.,0.,-1.));
#13123 = DIRECTION('',(-0.,-1.,0.));
#13124 = FACE_BOUND('',#13125,.F.);
#13125 = EDGE_LOOP('',(#13126));
#13126 = ORIENTED_EDGE('',*,*,#13127,.T.);
#13127 = EDGE_CURVE('',#13128,#13128,#13130,.T.);
#13128 = VERTEX_POINT('',#13129);
#13129 = CARTESIAN_POINT('',(186.,-66.75,0.));
#13130 = CIRCLE('',#13131,1.5);
#13131 = AXIS2_PLACEMENT_3D('',#13132,#13133,#13134);
#13132 = CARTESIAN_POINT('',(186.,-65.25,0.));
#13133 = DIRECTION('',(-0.,0.,-1.));
#13134 = DIRECTION('',(-0.,-1.,0.));
#13135 = FACE_BOUND('',#13136,.F.);
#13136 = EDGE_LOOP('',(#13137));
#13137 = ORIENTED_EDGE('',*,*,#13138,.T.);
#13138 = EDGE_CURVE('',#13139,#13139,#13141,.T.);
#13139 = VERTEX_POINT('',#13140);
#13140 = CARTESIAN_POINT('',(181.,-64.55,0.));
#13141 = CIRCLE('',#13142,1.5);
#13142 = AXIS2_PLACEMENT_3D('',#13143,#13144,#13145);
#13143 = CARTESIAN_POINT('',(181.,-63.05,0.));
#13144 = DIRECTION('',(-0.,0.,-1.));
#13145 = DIRECTION('',(-0.,-1.,0.));
#13146 = FACE_BOUND('',#13147,.F.);
#13147 = EDGE_LOOP('',(#13148));
#13148 = ORIENTED_EDGE('',*,*,#13149,.T.);
#13149 = EDGE_CURVE('',#13150,#13150,#13152,.T.);
#13150 = VERTEX_POINT('',#13151);
#13151 = CARTESIAN_POINT('',(168.5,-59.8509,0.));
#13152 = CIRCLE('',#13153,0.8509);
#13153 = AXIS2_PLACEMENT_3D('',#13154,#13155,#13156);
#13154 = CARTESIAN_POINT('',(168.5,-59.,0.));
#13155 = DIRECTION('',(-0.,0.,-1.));
#13156 = DIRECTION('',(-0.,-1.,0.));
#13157 = FACE_BOUND('',#13158,.F.);
#13158 = EDGE_LOOP('',(#13159));
#13159 = ORIENTED_EDGE('',*,*,#13160,.T.);
#13160 = EDGE_CURVE('',#13161,#13161,#13163,.T.);
#13161 = VERTEX_POINT('',#13162);
#13162 = CARTESIAN_POINT('',(168.,-56.75,0.));
#13163 = CIRCLE('',#13164,1.5);
#13164 = AXIS2_PLACEMENT_3D('',#13165,#13166,#13167);
#13165 = CARTESIAN_POINT('',(168.,-55.25,0.));
#13166 = DIRECTION('',(-0.,0.,-1.));
#13167 = DIRECTION('',(-0.,-1.,0.));
#13168 = FACE_BOUND('',#13169,.F.);
#13169 = EDGE_LOOP('',(#13170));
#13170 = ORIENTED_EDGE('',*,*,#13171,.T.);
#13171 = EDGE_CURVE('',#13172,#13172,#13174,.T.);
#13172 = VERTEX_POINT('',#13173);
#13173 = CARTESIAN_POINT('',(199.,-70.7145,0.));
#13174 = CIRCLE('',#13175,1.7145);
#13175 = AXIS2_PLACEMENT_3D('',#13176,#13177,#13178);
#13176 = CARTESIAN_POINT('',(199.,-69.,0.));
#13177 = DIRECTION('',(-0.,0.,-1.));
#13178 = DIRECTION('',(-0.,-1.,0.));
#13179 = FACE_BOUND('',#13180,.F.);
#13180 = EDGE_LOOP('',(#13181));
#13181 = ORIENTED_EDGE('',*,*,#13182,.T.);
#13182 = EDGE_CURVE('',#13183,#13183,#13185,.T.);
#13183 = VERTEX_POINT('',#13184);
#13184 = CARTESIAN_POINT('',(204.5,-69.8509,0.));
#13185 = CIRCLE('',#13186,0.8509);
#13186 = AXIS2_PLACEMENT_3D('',#13187,#13188,#13189);
#13187 = CARTESIAN_POINT('',(204.5,-69.,0.));
#13188 = DIRECTION('',(-0.,0.,-1.));
#13189 = DIRECTION('',(-0.,-1.,0.));
#13190 = FACE_BOUND('',#13191,.F.);
#13191 = EDGE_LOOP('',(#13192));
#13192 = ORIENTED_EDGE('',*,*,#13193,.T.);
#13193 = EDGE_CURVE('',#13194,#13194,#13196,.T.);
#13194 = VERTEX_POINT('',#13195);
#13195 = CARTESIAN_POINT('',(199.,-64.55,0.));
#13196 = CIRCLE('',#13197,1.5);
#13197 = AXIS2_PLACEMENT_3D('',#13198,#13199,#13200);
#13198 = CARTESIAN_POINT('',(199.,-63.05,0.));
#13199 = DIRECTION('',(-0.,0.,-1.));
#13200 = DIRECTION('',(-0.,-1.,0.));
#13201 = FACE_BOUND('',#13202,.F.);
#13202 = EDGE_LOOP('',(#13203));
#13203 = ORIENTED_EDGE('',*,*,#13204,.T.);
#13204 = EDGE_CURVE('',#13205,#13205,#13207,.T.);
#13205 = VERTEX_POINT('',#13206);
#13206 = CARTESIAN_POINT('',(204.,-66.75,0.));
#13207 = CIRCLE('',#13208,1.5);
#13208 = AXIS2_PLACEMENT_3D('',#13209,#13210,#13211);
#13209 = CARTESIAN_POINT('',(204.,-65.25,0.));
#13210 = DIRECTION('',(-0.,0.,-1.));
#13211 = DIRECTION('',(-0.,-1.,0.));
#13212 = PLANE('',#13213);
#13213 = AXIS2_PLACEMENT_3D('',#13214,#13215,#13216);
#13214 = CARTESIAN_POINT('',(0.,0.,0.));
#13215 = DIRECTION('',(0.,0.,1.));
#13216 = DIRECTION('',(1.,0.,-0.));
#13217 = ADVANCED_FACE('',(#13218,#13397,#13408,#13419,#13430,#13441,
    #13452,#13463,#13474,#13485,#13496,#13507,#13518,#13529,#13540,
    #13551,#13562,#13573,#13584,#13595,#13606,#13617,#13628,#13639,
    #13650,#13661,#13672,#13683,#13694,#13705,#13716,#13727,#13738,
    #13749,#13760,#13771,#13782,#13793,#13804,#13815,#13826,#13837,
    #13848,#13859,#13870,#13881,#13892,#13903,#13914,#13925,#13936,
    #13947,#13958,#13969,#13980,#13991,#14002,#14013,#14024,#14035,
    #14046,#14057,#14068,#14079,#14090,#14101,#14112,#14123,#14134,
    #14145,#14156,#14167,#14178,#14189,#14200,#14211,#14222,#14233,
    #14244,#14255,#14266,#14277,#14288,#14299,#14310,#14321,#14332,
    #14343,#14354,#14365,#14376,#14387,#14398,#14409,#14420,#14431,
    #14442,#14453,#14464,#14475,#14486,#14497,#14508,#14519,#14530,
    #14541,#14552,#14563),#14574,.T.);
#13218 = FACE_BOUND('',#13219,.T.);
#13219 = EDGE_LOOP('',(#13220,#13221,#13222,#13230,#13238,#13246,#13254,
    #13262,#13270,#13278,#13286,#13294,#13302,#13310,#13318,#13326,
    #13334,#13342,#13350,#13358,#13366,#13374,#13382,#13390,#13396));
#13220 = ORIENTED_EDGE('',*,*,#11767,.F.);
#13221 = ORIENTED_EDGE('',*,*,#11807,.F.);
#13222 = ORIENTED_EDGE('',*,*,#13223,.F.);
#13223 = EDGE_CURVE('',#13224,#11800,#13226,.T.);
#13224 = VERTEX_POINT('',#13225);
#13225 = CARTESIAN_POINT('',(155.,-50.,1.51));
#13226 = LINE('',#13227,#13228);
#13227 = CARTESIAN_POINT('',(155.,-50.,1.51));
#13228 = VECTOR('',#13229,1.);
#13229 = DIRECTION('',(1.,0.,0.));
#13230 = ORIENTED_EDGE('',*,*,#13231,.F.);
#13231 = EDGE_CURVE('',#13232,#13224,#13234,.T.);
#13232 = VERTEX_POINT('',#13233);
#13233 = CARTESIAN_POINT('',(100.,-66.,1.51));
#13234 = LINE('',#13235,#13236);
#13235 = CARTESIAN_POINT('',(100.,-66.,1.51));
#13236 = VECTOR('',#13237,1.);
#13237 = DIRECTION('',(0.960195296604,0.27932954083,0.));
#13238 = ORIENTED_EDGE('',*,*,#13239,.F.);
#13239 = EDGE_CURVE('',#13240,#13232,#13242,.T.);
#13240 = VERTEX_POINT('',#13241);
#13241 = CARTESIAN_POINT('',(100.,-101.,1.51));
#13242 = LINE('',#13243,#13244);
#13243 = CARTESIAN_POINT('',(100.,-101.,1.51));
#13244 = VECTOR('',#13245,1.);
#13245 = DIRECTION('',(0.,1.,0.));
#13246 = ORIENTED_EDGE('',*,*,#13247,.F.);
#13247 = EDGE_CURVE('',#13248,#13240,#13250,.T.);
#13248 = VERTEX_POINT('',#13249);
#13249 = CARTESIAN_POINT('',(138.,-101.,1.51));
#13250 = LINE('',#13251,#13252);
#13251 = CARTESIAN_POINT('',(138.,-101.,1.51));
#13252 = VECTOR('',#13253,1.);
#13253 = DIRECTION('',(-1.,0.,0.));
#13254 = ORIENTED_EDGE('',*,*,#13255,.F.);
#13255 = EDGE_CURVE('',#13256,#13248,#13258,.T.);
#13256 = VERTEX_POINT('',#13257);
#13257 = CARTESIAN_POINT('',(138.,-91.,1.51));
#13258 = LINE('',#13259,#13260);
#13259 = CARTESIAN_POINT('',(138.,-91.,1.51));
#13260 = VECTOR('',#13261,1.);
#13261 = DIRECTION('',(0.,-1.,0.));
#13262 = ORIENTED_EDGE('',*,*,#13263,.F.);
#13263 = EDGE_CURVE('',#13264,#13256,#13266,.T.);
#13264 = VERTEX_POINT('',#13265);
#13265 = CARTESIAN_POINT('',(161.,-91.,1.51));
#13266 = LINE('',#13267,#13268);
#13267 = CARTESIAN_POINT('',(161.,-91.,1.51));
#13268 = VECTOR('',#13269,1.);
#13269 = DIRECTION('',(-1.,0.,0.));
#13270 = ORIENTED_EDGE('',*,*,#13271,.F.);
#13271 = EDGE_CURVE('',#13272,#13264,#13274,.T.);
#13272 = VERTEX_POINT('',#13273);
#13273 = CARTESIAN_POINT('',(179.,-100.,1.51));
#13274 = LINE('',#13275,#13276);
#13275 = CARTESIAN_POINT('',(179.,-100.,1.51));
#13276 = VECTOR('',#13277,1.);
#13277 = DIRECTION('',(-0.894427191,0.4472135955,0.));
#13278 = ORIENTED_EDGE('',*,*,#13279,.F.);
#13279 = EDGE_CURVE('',#13280,#13272,#13282,.T.);
#13280 = VERTEX_POINT('',#13281);
#13281 = CARTESIAN_POINT('',(170.,-115.,1.51));
#13282 = LINE('',#13283,#13284);
#13283 = CARTESIAN_POINT('',(170.,-115.,1.51));
#13284 = VECTOR('',#13285,1.);
#13285 = DIRECTION('',(0.514495755428,0.857492925713,0.));
#13286 = ORIENTED_EDGE('',*,*,#13287,.F.);
#13287 = EDGE_CURVE('',#13288,#13280,#13290,.T.);
#13288 = VERTEX_POINT('',#13289);
#13289 = CARTESIAN_POINT('',(219.,-144.,1.51));
#13290 = LINE('',#13291,#13292);
#13291 = CARTESIAN_POINT('',(219.,-144.,1.51));
#13292 = VECTOR('',#13293,1.);
#13293 = DIRECTION('',(-0.860576682824,0.509320893916,0.));
#13294 = ORIENTED_EDGE('',*,*,#13295,.F.);
#13295 = EDGE_CURVE('',#13296,#13288,#13298,.T.);
#13296 = VERTEX_POINT('',#13297);
#13297 = CARTESIAN_POINT('',(233.,-120.,1.51));
#13298 = LINE('',#13299,#13300);
#13299 = CARTESIAN_POINT('',(233.,-120.,1.51));
#13300 = VECTOR('',#13301,1.);
#13301 = DIRECTION('',(-0.503871025524,-0.863778900898,0.));
#13302 = ORIENTED_EDGE('',*,*,#13303,.F.);
#13303 = EDGE_CURVE('',#13304,#13296,#13306,.T.);
#13304 = VERTEX_POINT('',#13305);
#13305 = CARTESIAN_POINT('',(233.,-109.715,1.51));
#13306 = LINE('',#13307,#13308);
#13307 = CARTESIAN_POINT('',(233.,-109.715,1.51));
#13308 = VECTOR('',#13309,1.);
#13309 = DIRECTION('',(0.,-1.,0.));
#13310 = ORIENTED_EDGE('',*,*,#13311,.F.);
#13311 = EDGE_CURVE('',#13312,#13304,#13314,.T.);
#13312 = VERTEX_POINT('',#13313);
#13313 = CARTESIAN_POINT('',(228.,-109.715,1.51));
#13314 = LINE('',#13315,#13316);
#13315 = CARTESIAN_POINT('',(228.,-109.715,1.51));
#13316 = VECTOR('',#13317,1.);
#13317 = DIRECTION('',(1.,0.,0.));
#13318 = ORIENTED_EDGE('',*,*,#13319,.F.);
#13319 = EDGE_CURVE('',#13320,#13312,#13322,.T.);
#13320 = VERTEX_POINT('',#13321);
#13321 = CARTESIAN_POINT('',(228.,-104.715,1.51));
#13322 = LINE('',#13323,#13324);
#13323 = CARTESIAN_POINT('',(228.,-104.715,1.51));
#13324 = VECTOR('',#13325,1.);
#13325 = DIRECTION('',(0.,-1.,0.));
#13326 = ORIENTED_EDGE('',*,*,#13327,.F.);
#13327 = EDGE_CURVE('',#13328,#13320,#13330,.T.);
#13328 = VERTEX_POINT('',#13329);
#13329 = CARTESIAN_POINT('',(233.,-104.715,1.51));
#13330 = LINE('',#13331,#13332);
#13331 = CARTESIAN_POINT('',(233.,-104.715,1.51));
#13332 = VECTOR('',#13333,1.);
#13333 = DIRECTION('',(-1.,0.,0.));
#13334 = ORIENTED_EDGE('',*,*,#13335,.F.);
#13335 = EDGE_CURVE('',#13336,#13328,#13338,.T.);
#13336 = VERTEX_POINT('',#13337);
#13337 = CARTESIAN_POINT('',(233.,-58.,1.51));
#13338 = LINE('',#13339,#13340);
#13339 = CARTESIAN_POINT('',(233.,-58.,1.51));
#13340 = VECTOR('',#13341,1.);
#13341 = DIRECTION('',(0.,-1.,0.));
#13342 = ORIENTED_EDGE('',*,*,#13343,.F.);
#13343 = EDGE_CURVE('',#13344,#13336,#13346,.T.);
#13344 = VERTEX_POINT('',#13345);
#13345 = CARTESIAN_POINT('',(225.3,-58.,1.51));
#13346 = LINE('',#13347,#13348);
#13347 = CARTESIAN_POINT('',(225.3,-58.,1.51));
#13348 = VECTOR('',#13349,1.);
#13349 = DIRECTION('',(1.,0.,0.));
#13350 = ORIENTED_EDGE('',*,*,#13351,.F.);
#13351 = EDGE_CURVE('',#13352,#13344,#13354,.T.);
#13352 = VERTEX_POINT('',#13353);
#13353 = CARTESIAN_POINT('',(225.3,-59.41,1.51));
#13354 = LINE('',#13355,#13356);
#13355 = CARTESIAN_POINT('',(225.3,-59.41,1.51));
#13356 = VECTOR('',#13357,1.);
#13357 = DIRECTION('',(0.,1.,0.));
#13358 = ORIENTED_EDGE('',*,*,#13359,.F.);
#13359 = EDGE_CURVE('',#13360,#13352,#13362,.T.);
#13360 = VERTEX_POINT('',#13361);
#13361 = CARTESIAN_POINT('',(225.3,-75.33,1.51));
#13362 = LINE('',#13363,#13364);
#13363 = CARTESIAN_POINT('',(225.3,-75.33,1.51));
#13364 = VECTOR('',#13365,1.);
#13365 = DIRECTION('',(0.,1.,0.));
#13366 = ORIENTED_EDGE('',*,*,#13367,.F.);
#13367 = EDGE_CURVE('',#13368,#13360,#13370,.T.);
#13368 = VERTEX_POINT('',#13369);
#13369 = CARTESIAN_POINT('',(224.3,-76.33,1.51));
#13370 = LINE('',#13371,#13372);
#13371 = CARTESIAN_POINT('',(224.3,-76.33,1.51));
#13372 = VECTOR('',#13373,1.);
#13373 = DIRECTION('',(0.707106781187,0.707106781187,0.));
#13374 = ORIENTED_EDGE('',*,*,#13375,.F.);
#13375 = EDGE_CURVE('',#13376,#13368,#13378,.T.);
#13376 = VERTEX_POINT('',#13377);
#13377 = CARTESIAN_POINT('',(213.7,-76.33,1.51));
#13378 = LINE('',#13379,#13380);
#13379 = CARTESIAN_POINT('',(213.7,-76.33,1.51));
#13380 = VECTOR('',#13381,1.);
#13381 = DIRECTION('',(1.,0.,0.));
#13382 = ORIENTED_EDGE('',*,*,#13383,.F.);
#13383 = EDGE_CURVE('',#13384,#13376,#13386,.T.);
#13384 = VERTEX_POINT('',#13385);
#13385 = CARTESIAN_POINT('',(212.7,-75.33,1.51));
#13386 = LINE('',#13387,#13388);
#13387 = CARTESIAN_POINT('',(212.7,-75.33,1.51));
#13388 = VECTOR('',#13389,1.);
#13389 = DIRECTION('',(0.707106781187,-0.707106781187,0.));
#13390 = ORIENTED_EDGE('',*,*,#13391,.F.);
#13391 = EDGE_CURVE('',#11830,#13384,#13392,.T.);
#13392 = LINE('',#13393,#13394);
#13393 = CARTESIAN_POINT('',(212.7,-59.41,1.51));
#13394 = VECTOR('',#13395,1.);
#13395 = DIRECTION('',(0.,-1.,0.));
#13396 = ORIENTED_EDGE('',*,*,#11829,.F.);
#13397 = FACE_BOUND('',#13398,.T.);
#13398 = EDGE_LOOP('',(#13399));
#13399 = ORIENTED_EDGE('',*,*,#13400,.T.);
#13400 = EDGE_CURVE('',#13401,#13401,#13403,.T.);
#13401 = VERTEX_POINT('',#13402);
#13402 = CARTESIAN_POINT('',(103.78,-96.6953,1.51));
#13403 = CIRCLE('',#13404,0.4953);
#13404 = AXIS2_PLACEMENT_3D('',#13405,#13406,#13407);
#13405 = CARTESIAN_POINT('',(103.78,-96.2,1.51));
#13406 = DIRECTION('',(-0.,0.,-1.));
#13407 = DIRECTION('',(-0.,-1.,0.));
#13408 = FACE_BOUND('',#13409,.T.);
#13409 = EDGE_LOOP('',(#13410));
#13410 = ORIENTED_EDGE('',*,*,#13411,.T.);
#13411 = EDGE_CURVE('',#13412,#13412,#13414,.T.);
#13412 = VERTEX_POINT('',#13413);
#13413 = CARTESIAN_POINT('',(121.78,-96.6953,1.51));
#13414 = CIRCLE('',#13415,0.4953);
#13415 = AXIS2_PLACEMENT_3D('',#13416,#13417,#13418);
#13416 = CARTESIAN_POINT('',(121.78,-96.2,1.51));
#13417 = DIRECTION('',(-0.,0.,-1.));
#13418 = DIRECTION('',(-0.,-1.,0.));
#13419 = FACE_BOUND('',#13420,.T.);
#13420 = EDGE_LOOP('',(#13421));
#13421 = ORIENTED_EDGE('',*,*,#13422,.T.);
#13422 = EDGE_CURVE('',#13423,#13423,#13425,.T.);
#13423 = VERTEX_POINT('',#13424);
#13424 = CARTESIAN_POINT('',(193.500673,-124.613595,1.51));
#13425 = CIRCLE('',#13426,1.5);
#13426 = AXIS2_PLACEMENT_3D('',#13427,#13428,#13429);
#13427 = CARTESIAN_POINT('',(193.500673,-123.113595,1.51));
#13428 = DIRECTION('',(-0.,0.,-1.));
#13429 = DIRECTION('',(-0.,-1.,0.));
#13430 = FACE_BOUND('',#13431,.T.);
#13431 = EDGE_LOOP('',(#13432));
#13432 = ORIENTED_EDGE('',*,*,#13433,.T.);
#13433 = EDGE_CURVE('',#13434,#13434,#13436,.T.);
#13434 = VERTEX_POINT('',#13435);
#13435 = CARTESIAN_POINT('',(181.1423,-120.018851,1.51));
#13436 = CIRCLE('',#13437,1.5);
#13437 = AXIS2_PLACEMENT_3D('',#13438,#13439,#13440);
#13438 = CARTESIAN_POINT('',(181.1423,-118.518851,1.51));
#13439 = DIRECTION('',(-0.,0.,-1.));
#13440 = DIRECTION('',(-0.,-1.,0.));
#13441 = FACE_BOUND('',#13442,.T.);
#13442 = EDGE_LOOP('',(#13443));
#13443 = ORIENTED_EDGE('',*,*,#13444,.T.);
#13444 = EDGE_CURVE('',#13445,#13445,#13447,.T.);
#13445 = VERTEX_POINT('',#13446);
#13446 = CARTESIAN_POINT('',(194.94266,-120.4669,1.51));
#13447 = CIRCLE('',#13448,0.8509);
#13448 = AXIS2_PLACEMENT_3D('',#13449,#13450,#13451);
#13449 = CARTESIAN_POINT('',(194.94266,-119.616,1.51));
#13450 = DIRECTION('',(-0.,0.,-1.));
#13451 = DIRECTION('',(-0.,-1.,0.));
#13452 = FACE_BOUND('',#13453,.T.);
#13453 = EDGE_LOOP('',(#13454));
#13454 = ORIENTED_EDGE('',*,*,#13455,.T.);
#13455 = EDGE_CURVE('',#13456,#13456,#13458,.T.);
#13456 = VERTEX_POINT('',#13457);
#13457 = CARTESIAN_POINT('',(196.7308,-129.018851,1.51));
#13458 = CIRCLE('',#13459,1.5);
#13459 = AXIS2_PLACEMENT_3D('',#13460,#13461,#13462);
#13460 = CARTESIAN_POINT('',(196.7308,-127.518851,1.51));
#13461 = DIRECTION('',(-0.,0.,-1.));
#13462 = DIRECTION('',(-0.,-1.,0.));
#13463 = FACE_BOUND('',#13464,.T.);
#13464 = EDGE_LOOP('',(#13465));
#13465 = ORIENTED_EDGE('',*,*,#13466,.T.);
#13466 = EDGE_CURVE('',#13467,#13467,#13469,.T.);
#13467 = VERTEX_POINT('',#13468);
#13468 = CARTESIAN_POINT('',(209.089073,-133.613595,1.51));
#13469 = CIRCLE('',#13470,1.5);
#13470 = AXIS2_PLACEMENT_3D('',#13471,#13472,#13473);
#13471 = CARTESIAN_POINT('',(209.089073,-132.113595,1.51));
#13472 = DIRECTION('',(-0.,0.,-1.));
#13473 = DIRECTION('',(-0.,-1.,0.));
#13474 = FACE_BOUND('',#13475,.T.);
#13475 = EDGE_LOOP('',(#13476));
#13476 = ORIENTED_EDGE('',*,*,#13477,.T.);
#13477 = EDGE_CURVE('',#13478,#13478,#13480,.T.);
#13478 = VERTEX_POINT('',#13479);
#13479 = CARTESIAN_POINT('',(210.53106,-129.4669,1.51));
#13480 = CIRCLE('',#13481,0.8509);
#13481 = AXIS2_PLACEMENT_3D('',#13482,#13483,#13484);
#13482 = CARTESIAN_POINT('',(210.53106,-128.616,1.51));
#13483 = DIRECTION('',(-0.,0.,-1.));
#13484 = DIRECTION('',(-0.,-1.,0.));
#13485 = FACE_BOUND('',#13486,.T.);
#13486 = EDGE_LOOP('',(#13487));
#13487 = ORIENTED_EDGE('',*,*,#13488,.T.);
#13488 = EDGE_CURVE('',#13489,#13489,#13491,.T.);
#13489 = VERTEX_POINT('',#13490);
#13490 = CARTESIAN_POINT('',(212.3192,-138.018851,1.51));
#13491 = CIRCLE('',#13492,1.5);
#13492 = AXIS2_PLACEMENT_3D('',#13493,#13494,#13495);
#13493 = CARTESIAN_POINT('',(212.3192,-136.518851,1.51));
#13494 = DIRECTION('',(-0.,0.,-1.));
#13495 = DIRECTION('',(-0.,-1.,0.));
#13496 = FACE_BOUND('',#13497,.T.);
#13497 = EDGE_LOOP('',(#13498));
#13498 = ORIENTED_EDGE('',*,*,#13499,.T.);
#13499 = EDGE_CURVE('',#13500,#13500,#13502,.T.);
#13500 = VERTEX_POINT('',#13501);
#13501 = CARTESIAN_POINT('',(220.05734,-134.9669,1.51));
#13502 = CIRCLE('',#13503,0.8509);
#13503 = AXIS2_PLACEMENT_3D('',#13504,#13505,#13506);
#13504 = CARTESIAN_POINT('',(220.05734,-134.116,1.51));
#13505 = DIRECTION('',(-0.,0.,-1.));
#13506 = DIRECTION('',(-0.,-1.,0.));
#13507 = FACE_BOUND('',#13508,.T.);
#13508 = EDGE_LOOP('',(#13509));
#13509 = ORIENTED_EDGE('',*,*,#13510,.T.);
#13510 = EDGE_CURVE('',#13511,#13511,#13513,.T.);
#13511 = VERTEX_POINT('',#13512);
#13512 = CARTESIAN_POINT('',(215.2942,-133.0805,1.51));
#13513 = CIRCLE('',#13514,1.7145);
#13514 = AXIS2_PLACEMENT_3D('',#13515,#13516,#13517);
#13515 = CARTESIAN_POINT('',(215.2942,-131.366,1.51));
#13516 = DIRECTION('',(-0.,0.,-1.));
#13517 = DIRECTION('',(-0.,-1.,0.));
#13518 = FACE_BOUND('',#13519,.T.);
#13519 = EDGE_LOOP('',(#13520));
#13520 = ORIENTED_EDGE('',*,*,#13521,.T.);
#13521 = EDGE_CURVE('',#13522,#13522,#13524,.T.);
#13522 = VERTEX_POINT('',#13523);
#13523 = CARTESIAN_POINT('',(221.914853,-130.833993,1.51));
#13524 = CIRCLE('',#13525,0.4953);
#13525 = AXIS2_PLACEMENT_3D('',#13526,#13527,#13528);
#13526 = CARTESIAN_POINT('',(221.914853,-130.338693,1.51));
#13527 = DIRECTION('',(-0.,0.,-1.));
#13528 = DIRECTION('',(-0.,-1.,0.));
#13529 = FACE_BOUND('',#13530,.T.);
#13530 = EDGE_LOOP('',(#13531));
#13531 = ORIENTED_EDGE('',*,*,#13532,.T.);
#13532 = EDGE_CURVE('',#13533,#13533,#13535,.T.);
#13533 = VERTEX_POINT('',#13534);
#13534 = CARTESIAN_POINT('',(199.7058,-124.0805,1.51));
#13535 = CIRCLE('',#13536,1.7145);
#13536 = AXIS2_PLACEMENT_3D('',#13537,#13538,#13539);
#13537 = CARTESIAN_POINT('',(199.7058,-122.366,1.51));
#13538 = DIRECTION('',(-0.,0.,-1.));
#13539 = DIRECTION('',(-0.,-1.,0.));
#13540 = FACE_BOUND('',#13541,.T.);
#13541 = EDGE_LOOP('',(#13542));
#13542 = ORIENTED_EDGE('',*,*,#13543,.T.);
#13543 = EDGE_CURVE('',#13544,#13544,#13546,.T.);
#13544 = VERTEX_POINT('',#13545);
#13545 = CARTESIAN_POINT('',(204.46894,-125.9669,1.51));
#13546 = CIRCLE('',#13547,0.8509);
#13547 = AXIS2_PLACEMENT_3D('',#13548,#13549,#13550);
#13548 = CARTESIAN_POINT('',(204.46894,-125.116,1.51));
#13549 = DIRECTION('',(-0.,0.,-1.));
#13550 = DIRECTION('',(-0.,-1.,0.));
#13551 = FACE_BOUND('',#13552,.T.);
#13552 = EDGE_LOOP('',(#13553));
#13553 = ORIENTED_EDGE('',*,*,#13554,.T.);
#13554 = EDGE_CURVE('',#13555,#13555,#13557,.T.);
#13555 = VERTEX_POINT('',#13556);
#13556 = CARTESIAN_POINT('',(206.326453,-121.833993,1.51));
#13557 = CIRCLE('',#13558,0.4953);
#13558 = AXIS2_PLACEMENT_3D('',#13559,#13560,#13561);
#13559 = CARTESIAN_POINT('',(206.326453,-121.338693,1.51));
#13560 = DIRECTION('',(-0.,0.,-1.));
#13561 = DIRECTION('',(-5.738281734384E-14,-1.,0.));
#13562 = FACE_BOUND('',#13563,.T.);
#13563 = EDGE_LOOP('',(#13564));
#13564 = ORIENTED_EDGE('',*,*,#13565,.T.);
#13565 = EDGE_CURVE('',#13566,#13566,#13568,.T.);
#13566 = VERTEX_POINT('',#13567);
#13567 = CARTESIAN_POINT('',(177.912173,-115.613595,1.51));
#13568 = CIRCLE('',#13569,1.5);
#13569 = AXIS2_PLACEMENT_3D('',#13570,#13571,#13572);
#13570 = CARTESIAN_POINT('',(177.912173,-114.113595,1.51));
#13571 = DIRECTION('',(-0.,0.,-1.));
#13572 = DIRECTION('',(-0.,-1.,0.));
#13573 = FACE_BOUND('',#13574,.T.);
#13574 = EDGE_LOOP('',(#13575));
#13575 = ORIENTED_EDGE('',*,*,#13576,.T.);
#13576 = EDGE_CURVE('',#13577,#13577,#13579,.T.);
#13577 = VERTEX_POINT('',#13578);
#13578 = CARTESIAN_POINT('',(179.35416,-111.4669,1.51));
#13579 = CIRCLE('',#13580,0.8509);
#13580 = AXIS2_PLACEMENT_3D('',#13581,#13582,#13583);
#13581 = CARTESIAN_POINT('',(179.35416,-110.616,1.51));
#13582 = DIRECTION('',(-0.,0.,-1.));
#13583 = DIRECTION('',(-0.,-1.,0.));
#13584 = FACE_BOUND('',#13585,.T.);
#13585 = EDGE_LOOP('',(#13586));
#13586 = ORIENTED_EDGE('',*,*,#13587,.T.);
#13587 = EDGE_CURVE('',#13588,#13588,#13590,.T.);
#13588 = VERTEX_POINT('',#13589);
#13589 = CARTESIAN_POINT('',(184.1173,-115.0805,1.51));
#13590 = CIRCLE('',#13591,1.7145);
#13591 = AXIS2_PLACEMENT_3D('',#13592,#13593,#13594);
#13592 = CARTESIAN_POINT('',(184.1173,-113.366,1.51));
#13593 = DIRECTION('',(-0.,0.,-1.));
#13594 = DIRECTION('',(-0.,-1.,0.));
#13595 = FACE_BOUND('',#13596,.T.);
#13596 = EDGE_LOOP('',(#13597));
#13597 = ORIENTED_EDGE('',*,*,#13598,.T.);
#13598 = EDGE_CURVE('',#13599,#13599,#13601,.T.);
#13599 = VERTEX_POINT('',#13600);
#13600 = CARTESIAN_POINT('',(188.88044,-116.9669,1.51));
#13601 = CIRCLE('',#13602,0.8509);
#13602 = AXIS2_PLACEMENT_3D('',#13603,#13604,#13605);
#13603 = CARTESIAN_POINT('',(188.88044,-116.116,1.51));
#13604 = DIRECTION('',(-0.,0.,-1.));
#13605 = DIRECTION('',(-0.,-1.,0.));
#13606 = FACE_BOUND('',#13607,.T.);
#13607 = EDGE_LOOP('',(#13608));
#13608 = ORIENTED_EDGE('',*,*,#13609,.T.);
#13609 = EDGE_CURVE('',#13610,#13610,#13612,.T.);
#13610 = VERTEX_POINT('',#13611);
#13611 = CARTESIAN_POINT('',(190.737953,-112.833993,1.51));
#13612 = CIRCLE('',#13613,0.4953);
#13613 = AXIS2_PLACEMENT_3D('',#13614,#13615,#13616);
#13614 = CARTESIAN_POINT('',(190.737953,-112.338693,1.51));
#13615 = DIRECTION('',(-0.,0.,-1.));
#13616 = DIRECTION('',(-0.,-1.,0.));
#13617 = FACE_BOUND('',#13618,.T.);
#13618 = EDGE_LOOP('',(#13619));
#13619 = ORIENTED_EDGE('',*,*,#13620,.T.);
#13620 = EDGE_CURVE('',#13621,#13621,#13623,.T.);
#13621 = VERTEX_POINT('',#13622);
#13622 = CARTESIAN_POINT('',(216.01,-112.04,1.51));
#13623 = CIRCLE('',#13624,0.38);
#13624 = AXIS2_PLACEMENT_3D('',#13625,#13626,#13627);
#13625 = CARTESIAN_POINT('',(216.01,-111.66,1.51));
#13626 = DIRECTION('',(-0.,0.,-1.));
#13627 = DIRECTION('',(-0.,-1.,0.));
#13628 = FACE_BOUND('',#13629,.T.);
#13629 = EDGE_LOOP('',(#13630));
#13630 = ORIENTED_EDGE('',*,*,#13631,.T.);
#13631 = EDGE_CURVE('',#13632,#13632,#13634,.T.);
#13632 = VERTEX_POINT('',#13633);
#13633 = CARTESIAN_POINT('',(224.9,-114.53,1.51));
#13634 = CIRCLE('',#13635,1.6);
#13635 = AXIS2_PLACEMENT_3D('',#13636,#13637,#13638);
#13636 = CARTESIAN_POINT('',(224.9,-112.93,1.51));
#13637 = DIRECTION('',(-0.,0.,-1.));
#13638 = DIRECTION('',(-0.,-1.,0.));
#13639 = FACE_BOUND('',#13640,.T.);
#13640 = EDGE_LOOP('',(#13641));
#13641 = ORIENTED_EDGE('',*,*,#13642,.T.);
#13642 = EDGE_CURVE('',#13643,#13643,#13645,.T.);
#13643 = VERTEX_POINT('',#13644);
#13644 = CARTESIAN_POINT('',(218.55,-110.77,1.51));
#13645 = CIRCLE('',#13646,0.38);
#13646 = AXIS2_PLACEMENT_3D('',#13647,#13648,#13649);
#13647 = CARTESIAN_POINT('',(218.55,-110.39,1.51));
#13648 = DIRECTION('',(-0.,0.,-1.));
#13649 = DIRECTION('',(-0.,-1.,0.));
#13650 = FACE_BOUND('',#13651,.T.);
#13651 = EDGE_LOOP('',(#13652));
#13652 = ORIENTED_EDGE('',*,*,#13653,.T.);
#13653 = EDGE_CURVE('',#13654,#13654,#13656,.T.);
#13654 = VERTEX_POINT('',#13655);
#13655 = CARTESIAN_POINT('',(216.01,-109.5,1.51));
#13656 = CIRCLE('',#13657,0.38);
#13657 = AXIS2_PLACEMENT_3D('',#13658,#13659,#13660);
#13658 = CARTESIAN_POINT('',(216.01,-109.12,1.51));
#13659 = DIRECTION('',(-0.,0.,-1.));
#13660 = DIRECTION('',(-0.,-1.,0.));
#13661 = FACE_BOUND('',#13662,.T.);
#13662 = EDGE_LOOP('',(#13663));
#13663 = ORIENTED_EDGE('',*,*,#13664,.T.);
#13664 = EDGE_CURVE('',#13665,#13665,#13667,.T.);
#13665 = VERTEX_POINT('',#13666);
#13666 = CARTESIAN_POINT('',(218.55,-108.23,1.51));
#13667 = CIRCLE('',#13668,0.38);
#13668 = AXIS2_PLACEMENT_3D('',#13669,#13670,#13671);
#13669 = CARTESIAN_POINT('',(218.55,-107.85,1.51));
#13670 = DIRECTION('',(-0.,0.,-1.));
#13671 = DIRECTION('',(-0.,-1.,0.));
#13672 = FACE_BOUND('',#13673,.T.);
#13673 = EDGE_LOOP('',(#13674));
#13674 = ORIENTED_EDGE('',*,*,#13675,.T.);
#13675 = EDGE_CURVE('',#13676,#13676,#13678,.T.);
#13676 = VERTEX_POINT('',#13677);
#13677 = CARTESIAN_POINT('',(216.01,-106.96,1.51));
#13678 = CIRCLE('',#13679,0.38);
#13679 = AXIS2_PLACEMENT_3D('',#13680,#13681,#13682);
#13680 = CARTESIAN_POINT('',(216.01,-106.58,1.51));
#13681 = DIRECTION('',(-0.,0.,-1.));
#13682 = DIRECTION('',(-0.,-1.,0.));
#13683 = FACE_BOUND('',#13684,.T.);
#13684 = EDGE_LOOP('',(#13685));
#13685 = ORIENTED_EDGE('',*,*,#13686,.T.);
#13686 = EDGE_CURVE('',#13687,#13687,#13689,.T.);
#13687 = VERTEX_POINT('',#13688);
#13688 = CARTESIAN_POINT('',(218.55,-105.69,1.51));
#13689 = CIRCLE('',#13690,0.38);
#13690 = AXIS2_PLACEMENT_3D('',#13691,#13692,#13693);
#13691 = CARTESIAN_POINT('',(218.55,-105.31,1.51));
#13692 = DIRECTION('',(-0.,0.,-1.));
#13693 = DIRECTION('',(-0.,-1.,0.));
#13694 = FACE_BOUND('',#13695,.T.);
#13695 = EDGE_LOOP('',(#13696));
#13696 = ORIENTED_EDGE('',*,*,#13697,.T.);
#13697 = EDGE_CURVE('',#13698,#13698,#13700,.T.);
#13698 = VERTEX_POINT('',#13699);
#13699 = CARTESIAN_POINT('',(216.01,-104.42,1.51));
#13700 = CIRCLE('',#13701,0.38);
#13701 = AXIS2_PLACEMENT_3D('',#13702,#13703,#13704);
#13702 = CARTESIAN_POINT('',(216.01,-104.04,1.51));
#13703 = DIRECTION('',(-0.,0.,-1.));
#13704 = DIRECTION('',(-0.,-1.,0.));
#13705 = FACE_BOUND('',#13706,.T.);
#13706 = EDGE_LOOP('',(#13707));
#13707 = ORIENTED_EDGE('',*,*,#13708,.T.);
#13708 = EDGE_CURVE('',#13709,#13709,#13711,.T.);
#13709 = VERTEX_POINT('',#13710);
#13710 = CARTESIAN_POINT('',(218.55,-103.15,1.51));
#13711 = CIRCLE('',#13712,0.38);
#13712 = AXIS2_PLACEMENT_3D('',#13713,#13714,#13715);
#13713 = CARTESIAN_POINT('',(218.55,-102.77,1.51));
#13714 = DIRECTION('',(-0.,0.,-1.));
#13715 = DIRECTION('',(-0.,-1.,0.));
#13716 = FACE_BOUND('',#13717,.T.);
#13717 = EDGE_LOOP('',(#13718));
#13718 = ORIENTED_EDGE('',*,*,#13719,.T.);
#13719 = EDGE_CURVE('',#13720,#13720,#13722,.T.);
#13720 = VERTEX_POINT('',#13721);
#13721 = CARTESIAN_POINT('',(224.9,-103.1,1.51));
#13722 = CIRCLE('',#13723,1.6);
#13723 = AXIS2_PLACEMENT_3D('',#13724,#13725,#13726);
#13724 = CARTESIAN_POINT('',(224.9,-101.5,1.51));
#13725 = DIRECTION('',(-0.,0.,-1.));
#13726 = DIRECTION('',(-0.,-1.,0.));
#13727 = FACE_BOUND('',#13728,.T.);
#13728 = EDGE_LOOP('',(#13729));
#13729 = ORIENTED_EDGE('',*,*,#13730,.T.);
#13730 = EDGE_CURVE('',#13731,#13731,#13733,.T.);
#13731 = VERTEX_POINT('',#13732);
#13732 = CARTESIAN_POINT('',(221.325,-96.28745,1.51));
#13733 = CIRCLE('',#13734,1.18745);
#13734 = AXIS2_PLACEMENT_3D('',#13735,#13736,#13737);
#13735 = CARTESIAN_POINT('',(221.325,-95.1,1.51));
#13736 = DIRECTION('',(-0.,0.,-1.));
#13737 = DIRECTION('',(-0.,-1.,0.));
#13738 = FACE_BOUND('',#13739,.T.);
#13739 = EDGE_LOOP('',(#13740));
#13740 = ORIENTED_EDGE('',*,*,#13741,.T.);
#13741 = EDGE_CURVE('',#13742,#13742,#13744,.T.);
#13742 = VERTEX_POINT('',#13743);
#13743 = CARTESIAN_POINT('',(224.5,-96.28745,1.51));
#13744 = CIRCLE('',#13745,1.18745);
#13745 = AXIS2_PLACEMENT_3D('',#13746,#13747,#13748);
#13746 = CARTESIAN_POINT('',(224.5,-95.1,1.51));
#13747 = DIRECTION('',(-0.,0.,-1.));
#13748 = DIRECTION('',(-0.,-1.,0.));
#13749 = FACE_BOUND('',#13750,.T.);
#13750 = EDGE_LOOP('',(#13751));
#13751 = ORIENTED_EDGE('',*,*,#13752,.T.);
#13752 = EDGE_CURVE('',#13753,#13753,#13755,.T.);
#13753 = VERTEX_POINT('',#13754);
#13754 = CARTESIAN_POINT('',(103.5,-92.8509,1.51));
#13755 = CIRCLE('',#13756,0.8509);
#13756 = AXIS2_PLACEMENT_3D('',#13757,#13758,#13759);
#13757 = CARTESIAN_POINT('',(103.5,-92.,1.51));
#13758 = DIRECTION('',(-0.,0.,-1.));
#13759 = DIRECTION('',(-0.,-1.,0.));
#13760 = FACE_BOUND('',#13761,.T.);
#13761 = EDGE_LOOP('',(#13762));
#13762 = ORIENTED_EDGE('',*,*,#13763,.T.);
#13763 = EDGE_CURVE('',#13764,#13764,#13766,.T.);
#13764 = VERTEX_POINT('',#13765);
#13765 = CARTESIAN_POINT('',(109.,-93.7145,1.51));
#13766 = CIRCLE('',#13767,1.7145);
#13767 = AXIS2_PLACEMENT_3D('',#13768,#13769,#13770);
#13768 = CARTESIAN_POINT('',(109.,-92.,1.51));
#13769 = DIRECTION('',(-0.,0.,-1.));
#13770 = DIRECTION('',(-0.,-1.,0.));
#13771 = FACE_BOUND('',#13772,.T.);
#13772 = EDGE_LOOP('',(#13773));
#13773 = ORIENTED_EDGE('',*,*,#13774,.T.);
#13774 = EDGE_CURVE('',#13775,#13775,#13777,.T.);
#13775 = VERTEX_POINT('',#13776);
#13776 = CARTESIAN_POINT('',(114.5,-92.8509,1.51));
#13777 = CIRCLE('',#13778,0.8509);
#13778 = AXIS2_PLACEMENT_3D('',#13779,#13780,#13781);
#13779 = CARTESIAN_POINT('',(114.5,-92.,1.51));
#13780 = DIRECTION('',(-0.,0.,-1.));
#13781 = DIRECTION('',(-0.,-1.,0.));
#13782 = FACE_BOUND('',#13783,.T.);
#13783 = EDGE_LOOP('',(#13784));
#13784 = ORIENTED_EDGE('',*,*,#13785,.T.);
#13785 = EDGE_CURVE('',#13786,#13786,#13788,.T.);
#13786 = VERTEX_POINT('',#13787);
#13787 = CARTESIAN_POINT('',(109.,-87.55,1.51));
#13788 = CIRCLE('',#13789,1.5);
#13789 = AXIS2_PLACEMENT_3D('',#13790,#13791,#13792);
#13790 = CARTESIAN_POINT('',(109.,-86.05,1.51));
#13791 = DIRECTION('',(-0.,0.,-1.));
#13792 = DIRECTION('',(-0.,-1.,0.));
#13793 = FACE_BOUND('',#13794,.T.);
#13794 = EDGE_LOOP('',(#13795));
#13795 = ORIENTED_EDGE('',*,*,#13796,.T.);
#13796 = EDGE_CURVE('',#13797,#13797,#13799,.T.);
#13797 = VERTEX_POINT('',#13798);
#13798 = CARTESIAN_POINT('',(114.,-89.75,1.51));
#13799 = CIRCLE('',#13800,1.5);
#13800 = AXIS2_PLACEMENT_3D('',#13801,#13802,#13803);
#13801 = CARTESIAN_POINT('',(114.,-88.25,1.51));
#13802 = DIRECTION('',(-0.,0.,-1.));
#13803 = DIRECTION('',(-0.,-1.,0.));
#13804 = FACE_BOUND('',#13805,.T.);
#13805 = EDGE_LOOP('',(#13806));
#13806 = ORIENTED_EDGE('',*,*,#13807,.T.);
#13807 = EDGE_CURVE('',#13808,#13808,#13810,.T.);
#13808 = VERTEX_POINT('',#13809);
#13809 = CARTESIAN_POINT('',(121.5,-92.8509,1.51));
#13810 = CIRCLE('',#13811,0.8509);
#13811 = AXIS2_PLACEMENT_3D('',#13812,#13813,#13814);
#13812 = CARTESIAN_POINT('',(121.5,-92.,1.51));
#13813 = DIRECTION('',(-0.,0.,-1.));
#13814 = DIRECTION('',(-0.,-1.,0.));
#13815 = FACE_BOUND('',#13816,.T.);
#13816 = EDGE_LOOP('',(#13817));
#13817 = ORIENTED_EDGE('',*,*,#13818,.T.);
#13818 = EDGE_CURVE('',#13819,#13819,#13821,.T.);
#13819 = VERTEX_POINT('',#13820);
#13820 = CARTESIAN_POINT('',(127.,-93.7145,1.51));
#13821 = CIRCLE('',#13822,1.7145);
#13822 = AXIS2_PLACEMENT_3D('',#13823,#13824,#13825);
#13823 = CARTESIAN_POINT('',(127.,-92.,1.51));
#13824 = DIRECTION('',(-0.,0.,-1.));
#13825 = DIRECTION('',(-0.,-1.,0.));
#13826 = FACE_BOUND('',#13827,.T.);
#13827 = EDGE_LOOP('',(#13828));
#13828 = ORIENTED_EDGE('',*,*,#13829,.T.);
#13829 = EDGE_CURVE('',#13830,#13830,#13832,.T.);
#13830 = VERTEX_POINT('',#13831);
#13831 = CARTESIAN_POINT('',(132.5,-92.8509,1.51));
#13832 = CIRCLE('',#13833,0.8509);
#13833 = AXIS2_PLACEMENT_3D('',#13834,#13835,#13836);
#13834 = CARTESIAN_POINT('',(132.5,-92.,1.51));
#13835 = DIRECTION('',(-0.,0.,-1.));
#13836 = DIRECTION('',(-0.,-1.,0.));
#13837 = FACE_BOUND('',#13838,.T.);
#13838 = EDGE_LOOP('',(#13839));
#13839 = ORIENTED_EDGE('',*,*,#13840,.T.);
#13840 = EDGE_CURVE('',#13841,#13841,#13843,.T.);
#13841 = VERTEX_POINT('',#13842);
#13842 = CARTESIAN_POINT('',(132.,-89.75,1.51));
#13843 = CIRCLE('',#13844,1.5);
#13844 = AXIS2_PLACEMENT_3D('',#13845,#13846,#13847);
#13845 = CARTESIAN_POINT('',(132.,-88.25,1.51));
#13846 = DIRECTION('',(-0.,0.,-1.));
#13847 = DIRECTION('',(-0.,-1.,0.));
#13848 = FACE_BOUND('',#13849,.T.);
#13849 = EDGE_LOOP('',(#13850));
#13850 = ORIENTED_EDGE('',*,*,#13851,.T.);
#13851 = EDGE_CURVE('',#13852,#13852,#13854,.T.);
#13852 = VERTEX_POINT('',#13853);
#13853 = CARTESIAN_POINT('',(127.,-87.55,1.51));
#13854 = CIRCLE('',#13855,1.5);
#13855 = AXIS2_PLACEMENT_3D('',#13856,#13857,#13858);
#13856 = CARTESIAN_POINT('',(127.,-86.05,1.51));
#13857 = DIRECTION('',(-0.,0.,-1.));
#13858 = DIRECTION('',(-0.,-1.,0.));
#13859 = FACE_BOUND('',#13860,.T.);
#13860 = EDGE_LOOP('',(#13861));
#13861 = ORIENTED_EDGE('',*,*,#13862,.T.);
#13862 = EDGE_CURVE('',#13863,#13863,#13865,.T.);
#13863 = VERTEX_POINT('',#13864);
#13864 = CARTESIAN_POINT('',(103.78,-79.6953,1.51));
#13865 = CIRCLE('',#13866,0.4953);
#13866 = AXIS2_PLACEMENT_3D('',#13867,#13868,#13869);
#13867 = CARTESIAN_POINT('',(103.78,-79.2,1.51));
#13868 = DIRECTION('',(-0.,0.,-1.));
#13869 = DIRECTION('',(-0.,-1.,0.));
#13870 = FACE_BOUND('',#13871,.T.);
#13871 = EDGE_LOOP('',(#13872));
#13872 = ORIENTED_EDGE('',*,*,#13873,.T.);
#13873 = EDGE_CURVE('',#13874,#13874,#13876,.T.);
#13874 = VERTEX_POINT('',#13875);
#13875 = CARTESIAN_POINT('',(103.5,-75.8509,1.51));
#13876 = CIRCLE('',#13877,0.8509);
#13877 = AXIS2_PLACEMENT_3D('',#13878,#13879,#13880);
#13878 = CARTESIAN_POINT('',(103.5,-75.,1.51));
#13879 = DIRECTION('',(-0.,0.,-1.));
#13880 = DIRECTION('',(-0.,-1.,0.));
#13881 = FACE_BOUND('',#13882,.T.);
#13882 = EDGE_LOOP('',(#13883));
#13883 = ORIENTED_EDGE('',*,*,#13884,.T.);
#13884 = EDGE_CURVE('',#13885,#13885,#13887,.T.);
#13885 = VERTEX_POINT('',#13886);
#13886 = CARTESIAN_POINT('',(109.,-76.7145,1.51));
#13887 = CIRCLE('',#13888,1.7145);
#13888 = AXIS2_PLACEMENT_3D('',#13889,#13890,#13891);
#13889 = CARTESIAN_POINT('',(109.,-75.,1.51));
#13890 = DIRECTION('',(-0.,0.,-1.));
#13891 = DIRECTION('',(-0.,-1.,0.));
#13892 = FACE_BOUND('',#13893,.T.);
#13893 = EDGE_LOOP('',(#13894));
#13894 = ORIENTED_EDGE('',*,*,#13895,.T.);
#13895 = EDGE_CURVE('',#13896,#13896,#13898,.T.);
#13896 = VERTEX_POINT('',#13897);
#13897 = CARTESIAN_POINT('',(114.5,-75.8509,1.51));
#13898 = CIRCLE('',#13899,0.8509);
#13899 = AXIS2_PLACEMENT_3D('',#13900,#13901,#13902);
#13900 = CARTESIAN_POINT('',(114.5,-75.,1.51));
#13901 = DIRECTION('',(-0.,0.,-1.));
#13902 = DIRECTION('',(-0.,-1.,0.));
#13903 = FACE_BOUND('',#13904,.T.);
#13904 = EDGE_LOOP('',(#13905));
#13905 = ORIENTED_EDGE('',*,*,#13906,.T.);
#13906 = EDGE_CURVE('',#13907,#13907,#13909,.T.);
#13907 = VERTEX_POINT('',#13908);
#13908 = CARTESIAN_POINT('',(121.78,-79.6953,1.51));
#13909 = CIRCLE('',#13910,0.4953);
#13910 = AXIS2_PLACEMENT_3D('',#13911,#13912,#13913);
#13911 = CARTESIAN_POINT('',(121.78,-79.2,1.51));
#13912 = DIRECTION('',(-0.,0.,-1.));
#13913 = DIRECTION('',(-0.,-1.,0.));
#13914 = FACE_BOUND('',#13915,.T.);
#13915 = EDGE_LOOP('',(#13916));
#13916 = ORIENTED_EDGE('',*,*,#13917,.T.);
#13917 = EDGE_CURVE('',#13918,#13918,#13920,.T.);
#13918 = VERTEX_POINT('',#13919);
#13919 = CARTESIAN_POINT('',(121.5,-75.8509,1.51));
#13920 = CIRCLE('',#13921,0.8509);
#13921 = AXIS2_PLACEMENT_3D('',#13922,#13923,#13924);
#13922 = CARTESIAN_POINT('',(121.5,-75.,1.51));
#13923 = DIRECTION('',(-0.,0.,-1.));
#13924 = DIRECTION('',(-0.,-1.,0.));
#13925 = FACE_BOUND('',#13926,.T.);
#13926 = EDGE_LOOP('',(#13927));
#13927 = ORIENTED_EDGE('',*,*,#13928,.T.);
#13928 = EDGE_CURVE('',#13929,#13929,#13931,.T.);
#13929 = VERTEX_POINT('',#13930);
#13930 = CARTESIAN_POINT('',(127.,-76.7145,1.51));
#13931 = CIRCLE('',#13932,1.7145);
#13932 = AXIS2_PLACEMENT_3D('',#13933,#13934,#13935);
#13933 = CARTESIAN_POINT('',(127.,-75.,1.51));
#13934 = DIRECTION('',(-0.,0.,-1.));
#13935 = DIRECTION('',(-0.,-1.,0.));
#13936 = FACE_BOUND('',#13937,.T.);
#13937 = EDGE_LOOP('',(#13938));
#13938 = ORIENTED_EDGE('',*,*,#13939,.T.);
#13939 = EDGE_CURVE('',#13940,#13940,#13942,.T.);
#13940 = VERTEX_POINT('',#13941);
#13941 = CARTESIAN_POINT('',(132.5,-75.8509,1.51));
#13942 = CIRCLE('',#13943,0.8509);
#13943 = AXIS2_PLACEMENT_3D('',#13944,#13945,#13946);
#13944 = CARTESIAN_POINT('',(132.5,-75.,1.51));
#13945 = DIRECTION('',(-0.,0.,-1.));
#13946 = DIRECTION('',(-0.,-1.,0.));
#13947 = FACE_BOUND('',#13948,.T.);
#13948 = EDGE_LOOP('',(#13949));
#13949 = ORIENTED_EDGE('',*,*,#13950,.T.);
#13950 = EDGE_CURVE('',#13951,#13951,#13953,.T.);
#13951 = VERTEX_POINT('',#13952);
#13952 = CARTESIAN_POINT('',(139.78,-85.6953,1.51));
#13953 = CIRCLE('',#13954,0.4953);
#13954 = AXIS2_PLACEMENT_3D('',#13955,#13956,#13957);
#13955 = CARTESIAN_POINT('',(139.78,-85.2,1.51));
#13956 = DIRECTION('',(-0.,0.,-1.));
#13957 = DIRECTION('',(5.738281734384E-14,-1.,-0.));
#13958 = FACE_BOUND('',#13959,.T.);
#13959 = EDGE_LOOP('',(#13960));
#13960 = ORIENTED_EDGE('',*,*,#13961,.T.);
#13961 = EDGE_CURVE('',#13962,#13962,#13964,.T.);
#13962 = VERTEX_POINT('',#13963);
#13963 = CARTESIAN_POINT('',(139.5,-81.8509,1.51));
#13964 = CIRCLE('',#13965,0.8509);
#13965 = AXIS2_PLACEMENT_3D('',#13966,#13967,#13968);
#13966 = CARTESIAN_POINT('',(139.5,-81.,1.51));
#13967 = DIRECTION('',(-0.,0.,-1.));
#13968 = DIRECTION('',(-0.,-1.,0.));
#13969 = FACE_BOUND('',#13970,.T.);
#13970 = EDGE_LOOP('',(#13971));
#13971 = ORIENTED_EDGE('',*,*,#13972,.T.);
#13972 = EDGE_CURVE('',#13973,#13973,#13975,.T.);
#13973 = VERTEX_POINT('',#13974);
#13974 = CARTESIAN_POINT('',(145.,-82.7145,1.51));
#13975 = CIRCLE('',#13976,1.7145);
#13976 = AXIS2_PLACEMENT_3D('',#13977,#13978,#13979);
#13977 = CARTESIAN_POINT('',(145.,-81.,1.51));
#13978 = DIRECTION('',(-0.,0.,-1.));
#13979 = DIRECTION('',(-0.,-1.,0.));
#13980 = FACE_BOUND('',#13981,.T.);
#13981 = EDGE_LOOP('',(#13982));
#13982 = ORIENTED_EDGE('',*,*,#13983,.T.);
#13983 = EDGE_CURVE('',#13984,#13984,#13986,.T.);
#13984 = VERTEX_POINT('',#13985);
#13985 = CARTESIAN_POINT('',(145.,-76.55,1.51));
#13986 = CIRCLE('',#13987,1.5);
#13987 = AXIS2_PLACEMENT_3D('',#13988,#13989,#13990);
#13988 = CARTESIAN_POINT('',(145.,-75.05,1.51));
#13989 = DIRECTION('',(-0.,0.,-1.));
#13990 = DIRECTION('',(-0.,-1.,0.));
#13991 = FACE_BOUND('',#13992,.T.);
#13992 = EDGE_LOOP('',(#13993));
#13993 = ORIENTED_EDGE('',*,*,#13994,.T.);
#13994 = EDGE_CURVE('',#13995,#13995,#13997,.T.);
#13995 = VERTEX_POINT('',#13996);
#13996 = CARTESIAN_POINT('',(150.5,-81.8509,1.51));
#13997 = CIRCLE('',#13998,0.8509);
#13998 = AXIS2_PLACEMENT_3D('',#13999,#14000,#14001);
#13999 = CARTESIAN_POINT('',(150.5,-81.,1.51));
#14000 = DIRECTION('',(-0.,0.,-1.));
#14001 = DIRECTION('',(-0.,-1.,0.));
#14002 = FACE_BOUND('',#14003,.T.);
#14003 = EDGE_LOOP('',(#14004));
#14004 = ORIENTED_EDGE('',*,*,#14005,.T.);
#14005 = EDGE_CURVE('',#14006,#14006,#14008,.T.);
#14006 = VERTEX_POINT('',#14007);
#14007 = CARTESIAN_POINT('',(157.78,-80.6953,1.51));
#14008 = CIRCLE('',#14009,0.4953);
#14009 = AXIS2_PLACEMENT_3D('',#14010,#14011,#14012);
#14010 = CARTESIAN_POINT('',(157.78,-80.2,1.51));
#14011 = DIRECTION('',(-0.,0.,-1.));
#14012 = DIRECTION('',(5.738281734384E-14,-1.,-0.));
#14013 = FACE_BOUND('',#14014,.T.);
#14014 = EDGE_LOOP('',(#14015));
#14015 = ORIENTED_EDGE('',*,*,#14016,.T.);
#14016 = EDGE_CURVE('',#14017,#14017,#14019,.T.);
#14017 = VERTEX_POINT('',#14018);
#14018 = CARTESIAN_POINT('',(150.,-78.75,1.51));
#14019 = CIRCLE('',#14020,1.5);
#14020 = AXIS2_PLACEMENT_3D('',#14021,#14022,#14023);
#14021 = CARTESIAN_POINT('',(150.,-77.25,1.51));
#14022 = DIRECTION('',(-0.,0.,-1.));
#14023 = DIRECTION('',(-0.,-1.,0.));
#14024 = FACE_BOUND('',#14025,.T.);
#14025 = EDGE_LOOP('',(#14026));
#14026 = ORIENTED_EDGE('',*,*,#14027,.T.);
#14027 = EDGE_CURVE('',#14028,#14028,#14030,.T.);
#14028 = VERTEX_POINT('',#14029);
#14029 = CARTESIAN_POINT('',(157.5,-76.8509,1.51));
#14030 = CIRCLE('',#14031,0.8509);
#14031 = AXIS2_PLACEMENT_3D('',#14032,#14033,#14034);
#14032 = CARTESIAN_POINT('',(157.5,-76.,1.51));
#14033 = DIRECTION('',(-0.,0.,-1.));
#14034 = DIRECTION('',(-0.,-1.,0.));
#14035 = FACE_BOUND('',#14036,.T.);
#14036 = EDGE_LOOP('',(#14037));
#14037 = ORIENTED_EDGE('',*,*,#14038,.T.);
#14038 = EDGE_CURVE('',#14039,#14039,#14041,.T.);
#14039 = VERTEX_POINT('',#14040);
#14040 = CARTESIAN_POINT('',(163.,-77.7145,1.51));
#14041 = CIRCLE('',#14042,1.7145);
#14042 = AXIS2_PLACEMENT_3D('',#14043,#14044,#14045);
#14043 = CARTESIAN_POINT('',(163.,-76.,1.51));
#14044 = DIRECTION('',(-0.,0.,-1.));
#14045 = DIRECTION('',(-0.,-1.,0.));
#14046 = FACE_BOUND('',#14047,.T.);
#14047 = EDGE_LOOP('',(#14048));
#14048 = ORIENTED_EDGE('',*,*,#14049,.T.);
#14049 = EDGE_CURVE('',#14050,#14050,#14052,.T.);
#14050 = VERTEX_POINT('',#14051);
#14051 = CARTESIAN_POINT('',(109.,-70.55,1.51));
#14052 = CIRCLE('',#14053,1.5);
#14053 = AXIS2_PLACEMENT_3D('',#14054,#14055,#14056);
#14054 = CARTESIAN_POINT('',(109.,-69.05,1.51));
#14055 = DIRECTION('',(-0.,0.,-1.));
#14056 = DIRECTION('',(-0.,-1.,0.));
#14057 = FACE_BOUND('',#14058,.T.);
#14058 = EDGE_LOOP('',(#14059));
#14059 = ORIENTED_EDGE('',*,*,#14060,.T.);
#14060 = EDGE_CURVE('',#14061,#14061,#14063,.T.);
#14061 = VERTEX_POINT('',#14062);
#14062 = CARTESIAN_POINT('',(114.,-72.75,1.51));
#14063 = CIRCLE('',#14064,1.5);
#14064 = AXIS2_PLACEMENT_3D('',#14065,#14066,#14067);
#14065 = CARTESIAN_POINT('',(114.,-71.25,1.51));
#14066 = DIRECTION('',(-0.,0.,-1.));
#14067 = DIRECTION('',(-0.,-1.,0.));
#14068 = FACE_BOUND('',#14069,.T.);
#14069 = EDGE_LOOP('',(#14070));
#14070 = ORIENTED_EDGE('',*,*,#14071,.T.);
#14071 = EDGE_CURVE('',#14072,#14072,#14074,.T.);
#14072 = VERTEX_POINT('',#14073);
#14073 = CARTESIAN_POINT('',(132.,-72.75,1.51));
#14074 = CIRCLE('',#14075,1.5);
#14075 = AXIS2_PLACEMENT_3D('',#14076,#14077,#14078);
#14076 = CARTESIAN_POINT('',(132.,-71.25,1.51));
#14077 = DIRECTION('',(-0.,0.,-1.));
#14078 = DIRECTION('',(-0.,-1.,0.));
#14079 = FACE_BOUND('',#14080,.T.);
#14080 = EDGE_LOOP('',(#14081));
#14081 = ORIENTED_EDGE('',*,*,#14082,.T.);
#14082 = EDGE_CURVE('',#14083,#14083,#14085,.T.);
#14083 = VERTEX_POINT('',#14084);
#14084 = CARTESIAN_POINT('',(127.,-70.55,1.51));
#14085 = CIRCLE('',#14086,1.5);
#14086 = AXIS2_PLACEMENT_3D('',#14087,#14088,#14089);
#14087 = CARTESIAN_POINT('',(127.,-69.05,1.51));
#14088 = DIRECTION('',(-0.,0.,-1.));
#14089 = DIRECTION('',(-0.,-1.,0.));
#14090 = FACE_BOUND('',#14091,.T.);
#14091 = EDGE_LOOP('',(#14092));
#14092 = ORIENTED_EDGE('',*,*,#14093,.T.);
#14093 = EDGE_CURVE('',#14094,#14094,#14096,.T.);
#14094 = VERTEX_POINT('',#14095);
#14095 = CARTESIAN_POINT('',(139.78,-68.6953,1.51));
#14096 = CIRCLE('',#14097,0.4953);
#14097 = AXIS2_PLACEMENT_3D('',#14098,#14099,#14100);
#14098 = CARTESIAN_POINT('',(139.78,-68.2,1.51));
#14099 = DIRECTION('',(-0.,0.,-1.));
#14100 = DIRECTION('',(5.738281734384E-14,-1.,-0.));
#14101 = FACE_BOUND('',#14102,.T.);
#14102 = EDGE_LOOP('',(#14103));
#14103 = ORIENTED_EDGE('',*,*,#14104,.T.);
#14104 = EDGE_CURVE('',#14105,#14105,#14107,.T.);
#14105 = VERTEX_POINT('',#14106);
#14106 = CARTESIAN_POINT('',(139.5,-64.8509,1.51));
#14107 = CIRCLE('',#14108,0.8509);
#14108 = AXIS2_PLACEMENT_3D('',#14109,#14110,#14111);
#14109 = CARTESIAN_POINT('',(139.5,-64.,1.51));
#14110 = DIRECTION('',(-0.,0.,-1.));
#14111 = DIRECTION('',(-0.,-1.,0.));
#14112 = FACE_BOUND('',#14113,.T.);
#14113 = EDGE_LOOP('',(#14114));
#14114 = ORIENTED_EDGE('',*,*,#14115,.T.);
#14115 = EDGE_CURVE('',#14116,#14116,#14118,.T.);
#14116 = VERTEX_POINT('',#14117);
#14117 = CARTESIAN_POINT('',(145.,-65.7145,1.51));
#14118 = CIRCLE('',#14119,1.7145);
#14119 = AXIS2_PLACEMENT_3D('',#14120,#14121,#14122);
#14120 = CARTESIAN_POINT('',(145.,-64.,1.51));
#14121 = DIRECTION('',(-0.,0.,-1.));
#14122 = DIRECTION('',(-0.,-1.,0.));
#14123 = FACE_BOUND('',#14124,.T.);
#14124 = EDGE_LOOP('',(#14125));
#14125 = ORIENTED_EDGE('',*,*,#14126,.T.);
#14126 = EDGE_CURVE('',#14127,#14127,#14129,.T.);
#14127 = VERTEX_POINT('',#14128);
#14128 = CARTESIAN_POINT('',(163.,-71.55,1.51));
#14129 = CIRCLE('',#14130,1.5);
#14130 = AXIS2_PLACEMENT_3D('',#14131,#14132,#14133);
#14131 = CARTESIAN_POINT('',(163.,-70.05,1.51));
#14132 = DIRECTION('',(-0.,0.,-1.));
#14133 = DIRECTION('',(-0.,-1.,0.));
#14134 = FACE_BOUND('',#14135,.T.);
#14135 = EDGE_LOOP('',(#14136));
#14136 = ORIENTED_EDGE('',*,*,#14137,.T.);
#14137 = EDGE_CURVE('',#14138,#14138,#14140,.T.);
#14138 = VERTEX_POINT('',#14139);
#14139 = CARTESIAN_POINT('',(150.5,-64.8509,1.51));
#14140 = CIRCLE('',#14141,0.8509);
#14141 = AXIS2_PLACEMENT_3D('',#14142,#14143,#14144);
#14142 = CARTESIAN_POINT('',(150.5,-64.,1.51));
#14143 = DIRECTION('',(-0.,0.,-1.));
#14144 = DIRECTION('',(-0.,-1.,0.));
#14145 = FACE_BOUND('',#14146,.T.);
#14146 = EDGE_LOOP('',(#14147));
#14147 = ORIENTED_EDGE('',*,*,#14148,.T.);
#14148 = EDGE_CURVE('',#14149,#14149,#14151,.T.);
#14149 = VERTEX_POINT('',#14150);
#14150 = CARTESIAN_POINT('',(157.78,-63.6953,1.51));
#14151 = CIRCLE('',#14152,0.4953);
#14152 = AXIS2_PLACEMENT_3D('',#14153,#14154,#14155);
#14153 = CARTESIAN_POINT('',(157.78,-63.2,1.51));
#14154 = DIRECTION('',(-0.,0.,-1.));
#14155 = DIRECTION('',(5.738281734384E-14,-1.,-0.));
#14156 = FACE_BOUND('',#14157,.T.);
#14157 = EDGE_LOOP('',(#14158));
#14158 = ORIENTED_EDGE('',*,*,#14159,.T.);
#14159 = EDGE_CURVE('',#14160,#14160,#14162,.T.);
#14160 = VERTEX_POINT('',#14161);
#14161 = CARTESIAN_POINT('',(145.,-59.55,1.51));
#14162 = CIRCLE('',#14163,1.5);
#14163 = AXIS2_PLACEMENT_3D('',#14164,#14165,#14166);
#14164 = CARTESIAN_POINT('',(145.,-58.05,1.51));
#14165 = DIRECTION('',(-0.,0.,-1.));
#14166 = DIRECTION('',(-0.,-1.,0.));
#14167 = FACE_BOUND('',#14168,.T.);
#14168 = EDGE_LOOP('',(#14169));
#14169 = ORIENTED_EDGE('',*,*,#14170,.T.);
#14170 = EDGE_CURVE('',#14171,#14171,#14173,.T.);
#14171 = VERTEX_POINT('',#14172);
#14172 = CARTESIAN_POINT('',(150.,-61.75,1.51));
#14173 = CIRCLE('',#14174,1.5);
#14174 = AXIS2_PLACEMENT_3D('',#14175,#14176,#14177);
#14175 = CARTESIAN_POINT('',(150.,-60.25,1.51));
#14176 = DIRECTION('',(-0.,0.,-1.));
#14177 = DIRECTION('',(-0.,-1.,0.));
#14178 = FACE_BOUND('',#14179,.T.);
#14179 = EDGE_LOOP('',(#14180));
#14180 = ORIENTED_EDGE('',*,*,#14181,.T.);
#14181 = EDGE_CURVE('',#14182,#14182,#14184,.T.);
#14182 = VERTEX_POINT('',#14183);
#14183 = CARTESIAN_POINT('',(157.5,-59.8509,1.51));
#14184 = CIRCLE('',#14185,0.8509);
#14185 = AXIS2_PLACEMENT_3D('',#14186,#14187,#14188);
#14186 = CARTESIAN_POINT('',(157.5,-59.,1.51));
#14187 = DIRECTION('',(-0.,0.,-1.));
#14188 = DIRECTION('',(-0.,-1.,0.));
#14189 = FACE_BOUND('',#14190,.T.);
#14190 = EDGE_LOOP('',(#14191));
#14191 = ORIENTED_EDGE('',*,*,#14192,.T.);
#14192 = EDGE_CURVE('',#14193,#14193,#14195,.T.);
#14193 = VERTEX_POINT('',#14194);
#14194 = CARTESIAN_POINT('',(163.,-60.7145,1.51));
#14195 = CIRCLE('',#14196,1.7145);
#14196 = AXIS2_PLACEMENT_3D('',#14197,#14198,#14199);
#14197 = CARTESIAN_POINT('',(163.,-59.,1.51));
#14198 = DIRECTION('',(-0.,0.,-1.));
#14199 = DIRECTION('',(-0.,-1.,0.));
#14200 = FACE_BOUND('',#14201,.T.);
#14201 = EDGE_LOOP('',(#14202));
#14202 = ORIENTED_EDGE('',*,*,#14203,.T.);
#14203 = EDGE_CURVE('',#14204,#14204,#14206,.T.);
#14204 = VERTEX_POINT('',#14205);
#14205 = CARTESIAN_POINT('',(163.,-54.55,1.51));
#14206 = CIRCLE('',#14207,1.5);
#14207 = AXIS2_PLACEMENT_3D('',#14208,#14209,#14210);
#14208 = CARTESIAN_POINT('',(163.,-53.05,1.51));
#14209 = DIRECTION('',(-0.,0.,-1.));
#14210 = DIRECTION('',(-0.,-1.,0.));
#14211 = FACE_BOUND('',#14212,.T.);
#14212 = EDGE_LOOP('',(#14213));
#14213 = ORIENTED_EDGE('',*,*,#14214,.T.);
#14214 = EDGE_CURVE('',#14215,#14215,#14217,.T.);
#14215 = VERTEX_POINT('',#14216);
#14216 = CARTESIAN_POINT('',(175.78,-90.6953,1.51));
#14217 = CIRCLE('',#14218,0.4953);
#14218 = AXIS2_PLACEMENT_3D('',#14219,#14220,#14221);
#14219 = CARTESIAN_POINT('',(175.78,-90.2,1.51));
#14220 = DIRECTION('',(-0.,0.,-1.));
#14221 = DIRECTION('',(5.738281734384E-14,-1.,-0.));
#14222 = FACE_BOUND('',#14223,.T.);
#14223 = EDGE_LOOP('',(#14224));
#14224 = ORIENTED_EDGE('',*,*,#14225,.T.);
#14225 = EDGE_CURVE('',#14226,#14226,#14228,.T.);
#14226 = VERTEX_POINT('',#14227);
#14227 = CARTESIAN_POINT('',(175.5,-86.8509,1.51));
#14228 = CIRCLE('',#14229,0.8509);
#14229 = AXIS2_PLACEMENT_3D('',#14230,#14231,#14232);
#14230 = CARTESIAN_POINT('',(175.5,-86.,1.51));
#14231 = DIRECTION('',(-0.,0.,-1.));
#14232 = DIRECTION('',(-0.,-1.,0.));
#14233 = FACE_BOUND('',#14234,.T.);
#14234 = EDGE_LOOP('',(#14235));
#14235 = ORIENTED_EDGE('',*,*,#14236,.T.);
#14236 = EDGE_CURVE('',#14237,#14237,#14239,.T.);
#14237 = VERTEX_POINT('',#14238);
#14238 = CARTESIAN_POINT('',(193.78,-90.6953,1.51));
#14239 = CIRCLE('',#14240,0.4953);
#14240 = AXIS2_PLACEMENT_3D('',#14241,#14242,#14243);
#14241 = CARTESIAN_POINT('',(193.78,-90.2,1.51));
#14242 = DIRECTION('',(-0.,0.,-1.));
#14243 = DIRECTION('',(5.738281734384E-14,-1.,-0.));
#14244 = FACE_BOUND('',#14245,.T.);
#14245 = EDGE_LOOP('',(#14246));
#14246 = ORIENTED_EDGE('',*,*,#14247,.T.);
#14247 = EDGE_CURVE('',#14248,#14248,#14250,.T.);
#14248 = VERTEX_POINT('',#14249);
#14249 = CARTESIAN_POINT('',(181.,-87.7145,1.51));
#14250 = CIRCLE('',#14251,1.7145);
#14251 = AXIS2_PLACEMENT_3D('',#14252,#14253,#14254);
#14252 = CARTESIAN_POINT('',(181.,-86.,1.51));
#14253 = DIRECTION('',(-0.,0.,-1.));
#14254 = DIRECTION('',(-0.,-1.,0.));
#14255 = FACE_BOUND('',#14256,.T.);
#14256 = EDGE_LOOP('',(#14257));
#14257 = ORIENTED_EDGE('',*,*,#14258,.T.);
#14258 = EDGE_CURVE('',#14259,#14259,#14261,.T.);
#14259 = VERTEX_POINT('',#14260);
#14260 = CARTESIAN_POINT('',(186.5,-86.8509,1.51));
#14261 = CIRCLE('',#14262,0.8509);
#14262 = AXIS2_PLACEMENT_3D('',#14263,#14264,#14265);
#14263 = CARTESIAN_POINT('',(186.5,-86.,1.51));
#14264 = DIRECTION('',(-0.,0.,-1.));
#14265 = DIRECTION('',(-0.,-1.,0.));
#14266 = FACE_BOUND('',#14267,.T.);
#14267 = EDGE_LOOP('',(#14268));
#14268 = ORIENTED_EDGE('',*,*,#14269,.T.);
#14269 = EDGE_CURVE('',#14270,#14270,#14272,.T.);
#14270 = VERTEX_POINT('',#14271);
#14271 = CARTESIAN_POINT('',(193.5,-86.8509,1.51));
#14272 = CIRCLE('',#14273,0.8509);
#14273 = AXIS2_PLACEMENT_3D('',#14274,#14275,#14276);
#14274 = CARTESIAN_POINT('',(193.5,-86.,1.51));
#14275 = DIRECTION('',(-0.,0.,-1.));
#14276 = DIRECTION('',(-0.,-1.,0.));
#14277 = FACE_BOUND('',#14278,.T.);
#14278 = EDGE_LOOP('',(#14279));
#14279 = ORIENTED_EDGE('',*,*,#14280,.T.);
#14280 = EDGE_CURVE('',#14281,#14281,#14283,.T.);
#14281 = VERTEX_POINT('',#14282);
#14282 = CARTESIAN_POINT('',(168.5,-76.8509,1.51));
#14283 = CIRCLE('',#14284,0.8509);
#14284 = AXIS2_PLACEMENT_3D('',#14285,#14286,#14287);
#14285 = CARTESIAN_POINT('',(168.5,-76.,1.51));
#14286 = DIRECTION('',(-0.,0.,-1.));
#14287 = DIRECTION('',(-0.,-1.,0.));
#14288 = FACE_BOUND('',#14289,.T.);
#14289 = EDGE_LOOP('',(#14290));
#14290 = ORIENTED_EDGE('',*,*,#14291,.T.);
#14291 = EDGE_CURVE('',#14292,#14292,#14294,.T.);
#14292 = VERTEX_POINT('',#14293);
#14293 = CARTESIAN_POINT('',(175.78,-73.6953,1.51));
#14294 = CIRCLE('',#14295,0.4953);
#14295 = AXIS2_PLACEMENT_3D('',#14296,#14297,#14298);
#14296 = CARTESIAN_POINT('',(175.78,-73.2,1.51));
#14297 = DIRECTION('',(-0.,0.,-1.));
#14298 = DIRECTION('',(5.738281734384E-14,-1.,-0.));
#14299 = FACE_BOUND('',#14300,.T.);
#14300 = EDGE_LOOP('',(#14301));
#14301 = ORIENTED_EDGE('',*,*,#14302,.T.);
#14302 = EDGE_CURVE('',#14303,#14303,#14305,.T.);
#14303 = VERTEX_POINT('',#14304);
#14304 = CARTESIAN_POINT('',(186.,-83.75,1.51));
#14305 = CIRCLE('',#14306,1.5);
#14306 = AXIS2_PLACEMENT_3D('',#14307,#14308,#14309);
#14307 = CARTESIAN_POINT('',(186.,-82.25,1.51));
#14308 = DIRECTION('',(-0.,0.,-1.));
#14309 = DIRECTION('',(-0.,-1.,0.));
#14310 = FACE_BOUND('',#14311,.T.);
#14311 = EDGE_LOOP('',(#14312));
#14312 = ORIENTED_EDGE('',*,*,#14313,.T.);
#14313 = EDGE_CURVE('',#14314,#14314,#14316,.T.);
#14314 = VERTEX_POINT('',#14315);
#14315 = CARTESIAN_POINT('',(181.,-81.55,1.51));
#14316 = CIRCLE('',#14317,1.5);
#14317 = AXIS2_PLACEMENT_3D('',#14318,#14319,#14320);
#14318 = CARTESIAN_POINT('',(181.,-80.05,1.51));
#14319 = DIRECTION('',(-0.,0.,-1.));
#14320 = DIRECTION('',(-0.,-1.,0.));
#14321 = FACE_BOUND('',#14322,.T.);
#14322 = EDGE_LOOP('',(#14323));
#14323 = ORIENTED_EDGE('',*,*,#14324,.T.);
#14324 = EDGE_CURVE('',#14325,#14325,#14327,.T.);
#14325 = VERTEX_POINT('',#14326);
#14326 = CARTESIAN_POINT('',(193.78,-73.6953,1.51));
#14327 = CIRCLE('',#14328,0.4953);
#14328 = AXIS2_PLACEMENT_3D('',#14329,#14330,#14331);
#14329 = CARTESIAN_POINT('',(193.78,-73.2,1.51));
#14330 = DIRECTION('',(-0.,0.,-1.));
#14331 = DIRECTION('',(5.738281734384E-14,-1.,-0.));
#14332 = FACE_BOUND('',#14333,.T.);
#14333 = EDGE_LOOP('',(#14334));
#14334 = ORIENTED_EDGE('',*,*,#14335,.T.);
#14335 = EDGE_CURVE('',#14336,#14336,#14338,.T.);
#14336 = VERTEX_POINT('',#14337);
#14337 = CARTESIAN_POINT('',(199.,-87.7145,1.51));
#14338 = CIRCLE('',#14339,1.7145);
#14339 = AXIS2_PLACEMENT_3D('',#14340,#14341,#14342);
#14340 = CARTESIAN_POINT('',(199.,-86.,1.51));
#14341 = DIRECTION('',(-0.,0.,-1.));
#14342 = DIRECTION('',(-0.,-1.,0.));
#14343 = FACE_BOUND('',#14344,.T.);
#14344 = EDGE_LOOP('',(#14345));
#14345 = ORIENTED_EDGE('',*,*,#14346,.T.);
#14346 = EDGE_CURVE('',#14347,#14347,#14349,.T.);
#14347 = VERTEX_POINT('',#14348);
#14348 = CARTESIAN_POINT('',(204.5,-86.8509,1.51));
#14349 = CIRCLE('',#14350,0.8509);
#14350 = AXIS2_PLACEMENT_3D('',#14351,#14352,#14353);
#14351 = CARTESIAN_POINT('',(204.5,-86.,1.51));
#14352 = DIRECTION('',(-0.,0.,-1.));
#14353 = DIRECTION('',(-0.,-1.,0.));
#14354 = FACE_BOUND('',#14355,.T.);
#14355 = EDGE_LOOP('',(#14356));
#14356 = ORIENTED_EDGE('',*,*,#14357,.T.);
#14357 = EDGE_CURVE('',#14358,#14358,#14360,.T.);
#14358 = VERTEX_POINT('',#14359);
#14359 = CARTESIAN_POINT('',(221.325,-93.0553,1.51));
#14360 = CIRCLE('',#14361,0.4953);
#14361 = AXIS2_PLACEMENT_3D('',#14362,#14363,#14364);
#14362 = CARTESIAN_POINT('',(221.325,-92.56,1.51));
#14363 = DIRECTION('',(-0.,0.,-1.));
#14364 = DIRECTION('',(-0.,-1.,0.));
#14365 = FACE_BOUND('',#14366,.T.);
#14366 = EDGE_LOOP('',(#14367));
#14367 = ORIENTED_EDGE('',*,*,#14368,.T.);
#14368 = EDGE_CURVE('',#14369,#14369,#14371,.T.);
#14369 = VERTEX_POINT('',#14370);
#14370 = CARTESIAN_POINT('',(226.405,-94.0713,1.51));
#14371 = CIRCLE('',#14372,0.4953);
#14372 = AXIS2_PLACEMENT_3D('',#14373,#14374,#14375);
#14373 = CARTESIAN_POINT('',(226.405,-93.576,1.51));
#14374 = DIRECTION('',(-0.,0.,-1.));
#14375 = DIRECTION('',(5.738281734384E-14,-1.,-0.));
#14376 = FACE_BOUND('',#14377,.T.);
#14377 = EDGE_LOOP('',(#14378));
#14378 = ORIENTED_EDGE('',*,*,#14379,.T.);
#14379 = EDGE_CURVE('',#14380,#14380,#14382,.T.);
#14380 = VERTEX_POINT('',#14381);
#14381 = CARTESIAN_POINT('',(221.325,-91.20745,1.51));
#14382 = CIRCLE('',#14383,1.18745);
#14383 = AXIS2_PLACEMENT_3D('',#14384,#14385,#14386);
#14384 = CARTESIAN_POINT('',(221.325,-90.02,1.51));
#14385 = DIRECTION('',(-0.,0.,-1.));
#14386 = DIRECTION('',(-0.,-1.,0.));
#14387 = FACE_BOUND('',#14388,.T.);
#14388 = EDGE_LOOP('',(#14389));
#14389 = ORIENTED_EDGE('',*,*,#14390,.T.);
#14390 = EDGE_CURVE('',#14391,#14391,#14393,.T.);
#14391 = VERTEX_POINT('',#14392);
#14392 = CARTESIAN_POINT('',(226.405,-92.0393,1.51));
#14393 = CIRCLE('',#14394,0.4953);
#14394 = AXIS2_PLACEMENT_3D('',#14395,#14396,#14397);
#14395 = CARTESIAN_POINT('',(226.405,-91.544,1.51));
#14396 = DIRECTION('',(-0.,0.,-1.));
#14397 = DIRECTION('',(5.738281734384E-14,-1.,-0.));
#14398 = FACE_BOUND('',#14399,.T.);
#14399 = EDGE_LOOP('',(#14400));
#14400 = ORIENTED_EDGE('',*,*,#14401,.T.);
#14401 = EDGE_CURVE('',#14402,#14402,#14404,.T.);
#14402 = VERTEX_POINT('',#14403);
#14403 = CARTESIAN_POINT('',(224.5,-91.20745,1.51));
#14404 = CIRCLE('',#14405,1.18745);
#14405 = AXIS2_PLACEMENT_3D('',#14406,#14407,#14408);
#14406 = CARTESIAN_POINT('',(224.5,-90.02,1.51));
#14407 = DIRECTION('',(-0.,0.,-1.));
#14408 = DIRECTION('',(-0.,-1.,0.));
#14409 = FACE_BOUND('',#14410,.T.);
#14410 = EDGE_LOOP('',(#14411));
#14411 = ORIENTED_EDGE('',*,*,#14412,.T.);
#14412 = EDGE_CURVE('',#14413,#14413,#14415,.T.);
#14413 = VERTEX_POINT('',#14414);
#14414 = CARTESIAN_POINT('',(199.,-81.55,1.51));
#14415 = CIRCLE('',#14416,1.5);
#14416 = AXIS2_PLACEMENT_3D('',#14417,#14418,#14419);
#14417 = CARTESIAN_POINT('',(199.,-80.05,1.51));
#14418 = DIRECTION('',(-0.,0.,-1.));
#14419 = DIRECTION('',(-0.,-1.,0.));
#14420 = FACE_BOUND('',#14421,.T.);
#14421 = EDGE_LOOP('',(#14422));
#14422 = ORIENTED_EDGE('',*,*,#14423,.T.);
#14423 = EDGE_CURVE('',#14424,#14424,#14426,.T.);
#14424 = VERTEX_POINT('',#14425);
#14425 = CARTESIAN_POINT('',(204.,-83.75,1.51));
#14426 = CIRCLE('',#14427,1.5);
#14427 = AXIS2_PLACEMENT_3D('',#14428,#14429,#14430);
#14428 = CARTESIAN_POINT('',(204.,-82.25,1.51));
#14429 = DIRECTION('',(-0.,0.,-1.));
#14430 = DIRECTION('',(-0.,-1.,0.));
#14431 = FACE_BOUND('',#14432,.T.);
#14432 = EDGE_LOOP('',(#14433));
#14433 = ORIENTED_EDGE('',*,*,#14434,.T.);
#14434 = EDGE_CURVE('',#14435,#14435,#14437,.T.);
#14435 = VERTEX_POINT('',#14436);
#14436 = CARTESIAN_POINT('',(168.,-73.75,1.51));
#14437 = CIRCLE('',#14438,1.5);
#14438 = AXIS2_PLACEMENT_3D('',#14439,#14440,#14441);
#14439 = CARTESIAN_POINT('',(168.,-72.25,1.51));
#14440 = DIRECTION('',(-0.,0.,-1.));
#14441 = DIRECTION('',(-0.,-1.,0.));
#14442 = FACE_BOUND('',#14443,.T.);
#14443 = EDGE_LOOP('',(#14444));
#14444 = ORIENTED_EDGE('',*,*,#14445,.T.);
#14445 = EDGE_CURVE('',#14446,#14446,#14448,.T.);
#14446 = VERTEX_POINT('',#14447);
#14447 = CARTESIAN_POINT('',(175.5,-69.8509,1.51));
#14448 = CIRCLE('',#14449,0.8509);
#14449 = AXIS2_PLACEMENT_3D('',#14450,#14451,#14452);
#14450 = CARTESIAN_POINT('',(175.5,-69.,1.51));
#14451 = DIRECTION('',(-0.,0.,-1.));
#14452 = DIRECTION('',(-0.,-1.,0.));
#14453 = FACE_BOUND('',#14454,.T.);
#14454 = EDGE_LOOP('',(#14455));
#14455 = ORIENTED_EDGE('',*,*,#14456,.T.);
#14456 = EDGE_CURVE('',#14457,#14457,#14459,.T.);
#14457 = VERTEX_POINT('',#14458);
#14458 = CARTESIAN_POINT('',(181.,-70.7145,1.51));
#14459 = CIRCLE('',#14460,1.7145);
#14460 = AXIS2_PLACEMENT_3D('',#14461,#14462,#14463);
#14461 = CARTESIAN_POINT('',(181.,-69.,1.51));
#14462 = DIRECTION('',(-0.,0.,-1.));
#14463 = DIRECTION('',(-0.,-1.,0.));
#14464 = FACE_BOUND('',#14465,.T.);
#14465 = EDGE_LOOP('',(#14466));
#14466 = ORIENTED_EDGE('',*,*,#14467,.T.);
#14467 = EDGE_CURVE('',#14468,#14468,#14470,.T.);
#14468 = VERTEX_POINT('',#14469);
#14469 = CARTESIAN_POINT('',(186.5,-69.8509,1.51));
#14470 = CIRCLE('',#14471,0.8509);
#14471 = AXIS2_PLACEMENT_3D('',#14472,#14473,#14474);
#14472 = CARTESIAN_POINT('',(186.5,-69.,1.51));
#14473 = DIRECTION('',(-0.,0.,-1.));
#14474 = DIRECTION('',(-0.,-1.,0.));
#14475 = FACE_BOUND('',#14476,.T.);
#14476 = EDGE_LOOP('',(#14477));
#14477 = ORIENTED_EDGE('',*,*,#14478,.T.);
#14478 = EDGE_CURVE('',#14479,#14479,#14481,.T.);
#14479 = VERTEX_POINT('',#14480);
#14480 = CARTESIAN_POINT('',(193.5,-69.8509,1.51));
#14481 = CIRCLE('',#14482,0.8509);
#14482 = AXIS2_PLACEMENT_3D('',#14483,#14484,#14485);
#14483 = CARTESIAN_POINT('',(193.5,-69.,1.51));
#14484 = DIRECTION('',(-0.,0.,-1.));
#14485 = DIRECTION('',(-0.,-1.,0.));
#14486 = FACE_BOUND('',#14487,.T.);
#14487 = EDGE_LOOP('',(#14488));
#14488 = ORIENTED_EDGE('',*,*,#14489,.T.);
#14489 = EDGE_CURVE('',#14490,#14490,#14492,.T.);
#14490 = VERTEX_POINT('',#14491);
#14491 = CARTESIAN_POINT('',(186.,-66.75,1.51));
#14492 = CIRCLE('',#14493,1.5);
#14493 = AXIS2_PLACEMENT_3D('',#14494,#14495,#14496);
#14494 = CARTESIAN_POINT('',(186.,-65.25,1.51));
#14495 = DIRECTION('',(-0.,0.,-1.));
#14496 = DIRECTION('',(-0.,-1.,0.));
#14497 = FACE_BOUND('',#14498,.T.);
#14498 = EDGE_LOOP('',(#14499));
#14499 = ORIENTED_EDGE('',*,*,#14500,.T.);
#14500 = EDGE_CURVE('',#14501,#14501,#14503,.T.);
#14501 = VERTEX_POINT('',#14502);
#14502 = CARTESIAN_POINT('',(181.,-64.55,1.51));
#14503 = CIRCLE('',#14504,1.5);
#14504 = AXIS2_PLACEMENT_3D('',#14505,#14506,#14507);
#14505 = CARTESIAN_POINT('',(181.,-63.05,1.51));
#14506 = DIRECTION('',(-0.,0.,-1.));
#14507 = DIRECTION('',(-0.,-1.,0.));
#14508 = FACE_BOUND('',#14509,.T.);
#14509 = EDGE_LOOP('',(#14510));
#14510 = ORIENTED_EDGE('',*,*,#14511,.T.);
#14511 = EDGE_CURVE('',#14512,#14512,#14514,.T.);
#14512 = VERTEX_POINT('',#14513);
#14513 = CARTESIAN_POINT('',(168.5,-59.8509,1.51));
#14514 = CIRCLE('',#14515,0.8509);
#14515 = AXIS2_PLACEMENT_3D('',#14516,#14517,#14518);
#14516 = CARTESIAN_POINT('',(168.5,-59.,1.51));
#14517 = DIRECTION('',(-0.,0.,-1.));
#14518 = DIRECTION('',(-0.,-1.,0.));
#14519 = FACE_BOUND('',#14520,.T.);
#14520 = EDGE_LOOP('',(#14521));
#14521 = ORIENTED_EDGE('',*,*,#14522,.T.);
#14522 = EDGE_CURVE('',#14523,#14523,#14525,.T.);
#14523 = VERTEX_POINT('',#14524);
#14524 = CARTESIAN_POINT('',(168.,-56.75,1.51));
#14525 = CIRCLE('',#14526,1.5);
#14526 = AXIS2_PLACEMENT_3D('',#14527,#14528,#14529);
#14527 = CARTESIAN_POINT('',(168.,-55.25,1.51));
#14528 = DIRECTION('',(-0.,0.,-1.));
#14529 = DIRECTION('',(-0.,-1.,0.));
#14530 = FACE_BOUND('',#14531,.T.);
#14531 = EDGE_LOOP('',(#14532));
#14532 = ORIENTED_EDGE('',*,*,#14533,.T.);
#14533 = EDGE_CURVE('',#14534,#14534,#14536,.T.);
#14534 = VERTEX_POINT('',#14535);
#14535 = CARTESIAN_POINT('',(199.,-70.7145,1.51));
#14536 = CIRCLE('',#14537,1.7145);
#14537 = AXIS2_PLACEMENT_3D('',#14538,#14539,#14540);
#14538 = CARTESIAN_POINT('',(199.,-69.,1.51));
#14539 = DIRECTION('',(-0.,0.,-1.));
#14540 = DIRECTION('',(-0.,-1.,0.));
#14541 = FACE_BOUND('',#14542,.T.);
#14542 = EDGE_LOOP('',(#14543));
#14543 = ORIENTED_EDGE('',*,*,#14544,.T.);
#14544 = EDGE_CURVE('',#14545,#14545,#14547,.T.);
#14545 = VERTEX_POINT('',#14546);
#14546 = CARTESIAN_POINT('',(204.5,-69.8509,1.51));
#14547 = CIRCLE('',#14548,0.8509);
#14548 = AXIS2_PLACEMENT_3D('',#14549,#14550,#14551);
#14549 = CARTESIAN_POINT('',(204.5,-69.,1.51));
#14550 = DIRECTION('',(-0.,0.,-1.));
#14551 = DIRECTION('',(-0.,-1.,0.));
#14552 = FACE_BOUND('',#14553,.T.);
#14553 = EDGE_LOOP('',(#14554));
#14554 = ORIENTED_EDGE('',*,*,#14555,.T.);
#14555 = EDGE_CURVE('',#14556,#14556,#14558,.T.);
#14556 = VERTEX_POINT('',#14557);
#14557 = CARTESIAN_POINT('',(199.,-64.55,1.51));
#14558 = CIRCLE('',#14559,1.5);
#14559 = AXIS2_PLACEMENT_3D('',#14560,#14561,#14562);
#14560 = CARTESIAN_POINT('',(199.,-63.05,1.51));
#14561 = DIRECTION('',(-0.,0.,-1.));
#14562 = DIRECTION('',(-0.,-1.,0.));
#14563 = FACE_BOUND('',#14564,.T.);
#14564 = EDGE_LOOP('',(#14565));
#14565 = ORIENTED_EDGE('',*,*,#14566,.T.);
#14566 = EDGE_CURVE('',#14567,#14567,#14569,.T.);
#14567 = VERTEX_POINT('',#14568);
#14568 = CARTESIAN_POINT('',(204.,-66.75,1.51));
#14569 = CIRCLE('',#14570,1.5);
#14570 = AXIS2_PLACEMENT_3D('',#14571,#14572,#14573);
#14571 = CARTESIAN_POINT('',(204.,-65.25,1.51));
#14572 = DIRECTION('',(-0.,0.,-1.));
#14573 = DIRECTION('',(-0.,-1.,0.));
#14574 = PLANE('',#14575);
#14575 = AXIS2_PLACEMENT_3D('',#14576,#14577,#14578);
#14576 = CARTESIAN_POINT('',(0.,0.,1.51));
#14577 = DIRECTION('',(0.,0.,1.));
#14578 = DIRECTION('',(1.,0.,-0.));
#14579 = ADVANCED_FACE('',(#14580),#14591,.T.);
#14580 = FACE_BOUND('',#14581,.T.);
#14581 = EDGE_LOOP('',(#14582,#14588,#14589,#14590));
#14582 = ORIENTED_EDGE('',*,*,#14583,.T.);
#14583 = EDGE_CURVE('',#11862,#13224,#14584,.T.);
#14584 = LINE('',#14585,#14586);
#14585 = CARTESIAN_POINT('',(155.,-50.,0.));
#14586 = VECTOR('',#14587,1.);
#14587 = DIRECTION('',(0.,0.,1.));
#14588 = ORIENTED_EDGE('',*,*,#13223,.T.);
#14589 = ORIENTED_EDGE('',*,*,#11797,.F.);
#14590 = ORIENTED_EDGE('',*,*,#11861,.F.);
#14591 = PLANE('',#14592);
#14592 = AXIS2_PLACEMENT_3D('',#14593,#14594,#14595);
#14593 = CARTESIAN_POINT('',(155.,-50.,0.));
#14594 = DIRECTION('',(0.,1.,0.));
#14595 = DIRECTION('',(1.,0.,0.));
#14596 = ADVANCED_FACE('',(#14597),#14608,.T.);
#14597 = FACE_BOUND('',#14598,.T.);
#14598 = EDGE_LOOP('',(#14599,#14600,#14601,#14607));
#14599 = ORIENTED_EDGE('',*,*,#11837,.T.);
#14600 = ORIENTED_EDGE('',*,*,#13391,.T.);
#14601 = ORIENTED_EDGE('',*,*,#14602,.F.);
#14602 = EDGE_CURVE('',#12022,#13384,#14603,.T.);
#14603 = LINE('',#14604,#14605);
#14604 = CARTESIAN_POINT('',(212.7,-75.33,0.));
#14605 = VECTOR('',#14606,1.);
#14606 = DIRECTION('',(0.,0.,1.));
#14607 = ORIENTED_EDGE('',*,*,#12029,.F.);
#14608 = PLANE('',#14609);
#14609 = AXIS2_PLACEMENT_3D('',#14610,#14611,#14612);
#14610 = CARTESIAN_POINT('',(212.7,-59.41,0.));
#14611 = DIRECTION('',(1.,0.,-0.));
#14612 = DIRECTION('',(0.,-1.,0.));
#14613 = ADVANCED_FACE('',(#14614),#14625,.T.);
#14614 = FACE_BOUND('',#14615,.T.);
#14615 = EDGE_LOOP('',(#14616,#14622,#14623,#14624));
#14616 = ORIENTED_EDGE('',*,*,#14617,.T.);
#14617 = EDGE_CURVE('',#11870,#13232,#14618,.T.);
#14618 = LINE('',#14619,#14620);
#14619 = CARTESIAN_POINT('',(100.,-66.,0.));
#14620 = VECTOR('',#14621,1.);
#14621 = DIRECTION('',(0.,0.,1.));
#14622 = ORIENTED_EDGE('',*,*,#13231,.T.);
#14623 = ORIENTED_EDGE('',*,*,#14583,.F.);
#14624 = ORIENTED_EDGE('',*,*,#11869,.F.);
#14625 = PLANE('',#14626);
#14626 = AXIS2_PLACEMENT_3D('',#14627,#14628,#14629);
#14627 = CARTESIAN_POINT('',(100.,-66.,0.));
#14628 = DIRECTION('',(-0.27932954083,0.960195296604,0.));
#14629 = DIRECTION('',(0.960195296604,0.27932954083,0.));
#14630 = ADVANCED_FACE('',(#14631),#14642,.T.);
#14631 = FACE_BOUND('',#14632,.T.);
#14632 = EDGE_LOOP('',(#14633,#14634,#14635,#14641));
#14633 = ORIENTED_EDGE('',*,*,#14602,.T.);
#14634 = ORIENTED_EDGE('',*,*,#13383,.T.);
#14635 = ORIENTED_EDGE('',*,*,#14636,.F.);
#14636 = EDGE_CURVE('',#12014,#13376,#14637,.T.);
#14637 = LINE('',#14638,#14639);
#14638 = CARTESIAN_POINT('',(213.7,-76.33,0.));
#14639 = VECTOR('',#14640,1.);
#14640 = DIRECTION('',(0.,0.,1.));
#14641 = ORIENTED_EDGE('',*,*,#12021,.F.);
#14642 = PLANE('',#14643);
#14643 = AXIS2_PLACEMENT_3D('',#14644,#14645,#14646);
#14644 = CARTESIAN_POINT('',(212.7,-75.33,0.));
#14645 = DIRECTION('',(0.707106781187,0.707106781187,-0.));
#14646 = DIRECTION('',(0.707106781187,-0.707106781187,0.));
#14647 = ADVANCED_FACE('',(#14648),#14659,.T.);
#14648 = FACE_BOUND('',#14649,.T.);
#14649 = EDGE_LOOP('',(#14650,#14656,#14657,#14658));
#14650 = ORIENTED_EDGE('',*,*,#14651,.T.);
#14651 = EDGE_CURVE('',#11878,#13240,#14652,.T.);
#14652 = LINE('',#14653,#14654);
#14653 = CARTESIAN_POINT('',(100.,-101.,0.));
#14654 = VECTOR('',#14655,1.);
#14655 = DIRECTION('',(0.,0.,1.));
#14656 = ORIENTED_EDGE('',*,*,#13239,.T.);
#14657 = ORIENTED_EDGE('',*,*,#14617,.F.);
#14658 = ORIENTED_EDGE('',*,*,#11877,.F.);
#14659 = PLANE('',#14660);
#14660 = AXIS2_PLACEMENT_3D('',#14661,#14662,#14663);
#14661 = CARTESIAN_POINT('',(100.,-101.,0.));
#14662 = DIRECTION('',(-1.,0.,0.));
#14663 = DIRECTION('',(0.,1.,0.));
#14664 = ADVANCED_FACE('',(#14665),#14676,.T.);
#14665 = FACE_BOUND('',#14666,.T.);
#14666 = EDGE_LOOP('',(#14667,#14668,#14669,#14675));
#14667 = ORIENTED_EDGE('',*,*,#14636,.T.);
#14668 = ORIENTED_EDGE('',*,*,#13375,.T.);
#14669 = ORIENTED_EDGE('',*,*,#14670,.F.);
#14670 = EDGE_CURVE('',#12006,#13368,#14671,.T.);
#14671 = LINE('',#14672,#14673);
#14672 = CARTESIAN_POINT('',(224.3,-76.33,0.));
#14673 = VECTOR('',#14674,1.);
#14674 = DIRECTION('',(0.,0.,1.));
#14675 = ORIENTED_EDGE('',*,*,#12013,.F.);
#14676 = PLANE('',#14677);
#14677 = AXIS2_PLACEMENT_3D('',#14678,#14679,#14680);
#14678 = CARTESIAN_POINT('',(213.7,-76.33,0.));
#14679 = DIRECTION('',(0.,1.,0.));
#14680 = DIRECTION('',(1.,0.,0.));
#14681 = ADVANCED_FACE('',(#14682),#14693,.T.);
#14682 = FACE_BOUND('',#14683,.T.);
#14683 = EDGE_LOOP('',(#14684,#14690,#14691,#14692));
#14684 = ORIENTED_EDGE('',*,*,#14685,.T.);
#14685 = EDGE_CURVE('',#11886,#13248,#14686,.T.);
#14686 = LINE('',#14687,#14688);
#14687 = CARTESIAN_POINT('',(138.,-101.,0.));
#14688 = VECTOR('',#14689,1.);
#14689 = DIRECTION('',(0.,0.,1.));
#14690 = ORIENTED_EDGE('',*,*,#13247,.T.);
#14691 = ORIENTED_EDGE('',*,*,#14651,.F.);
#14692 = ORIENTED_EDGE('',*,*,#11885,.F.);
#14693 = PLANE('',#14694);
#14694 = AXIS2_PLACEMENT_3D('',#14695,#14696,#14697);
#14695 = CARTESIAN_POINT('',(138.,-101.,0.));
#14696 = DIRECTION('',(0.,-1.,0.));
#14697 = DIRECTION('',(-1.,0.,0.));
#14698 = ADVANCED_FACE('',(#14699),#14710,.T.);
#14699 = FACE_BOUND('',#14700,.T.);
#14700 = EDGE_LOOP('',(#14701,#14702,#14703,#14709));
#14701 = ORIENTED_EDGE('',*,*,#14670,.T.);
#14702 = ORIENTED_EDGE('',*,*,#13367,.T.);
#14703 = ORIENTED_EDGE('',*,*,#14704,.F.);
#14704 = EDGE_CURVE('',#11998,#13360,#14705,.T.);
#14705 = LINE('',#14706,#14707);
#14706 = CARTESIAN_POINT('',(225.3,-75.33,0.));
#14707 = VECTOR('',#14708,1.);
#14708 = DIRECTION('',(0.,0.,1.));
#14709 = ORIENTED_EDGE('',*,*,#12005,.F.);
#14710 = PLANE('',#14711);
#14711 = AXIS2_PLACEMENT_3D('',#14712,#14713,#14714);
#14712 = CARTESIAN_POINT('',(224.3,-76.33,0.));
#14713 = DIRECTION('',(-0.707106781187,0.707106781187,0.));
#14714 = DIRECTION('',(0.707106781187,0.707106781187,0.));
#14715 = ADVANCED_FACE('',(#14716),#14727,.T.);
#14716 = FACE_BOUND('',#14717,.T.);
#14717 = EDGE_LOOP('',(#14718,#14724,#14725,#14726));
#14718 = ORIENTED_EDGE('',*,*,#14719,.T.);
#14719 = EDGE_CURVE('',#11894,#13256,#14720,.T.);
#14720 = LINE('',#14721,#14722);
#14721 = CARTESIAN_POINT('',(138.,-91.,0.));
#14722 = VECTOR('',#14723,1.);
#14723 = DIRECTION('',(0.,0.,1.));
#14724 = ORIENTED_EDGE('',*,*,#13255,.T.);
#14725 = ORIENTED_EDGE('',*,*,#14685,.F.);
#14726 = ORIENTED_EDGE('',*,*,#11893,.F.);
#14727 = PLANE('',#14728);
#14728 = AXIS2_PLACEMENT_3D('',#14729,#14730,#14731);
#14729 = CARTESIAN_POINT('',(138.,-91.,0.));
#14730 = DIRECTION('',(1.,0.,-0.));
#14731 = DIRECTION('',(0.,-1.,0.));
#14732 = ADVANCED_FACE('',(#14733),#14744,.T.);
#14733 = FACE_BOUND('',#14734,.T.);
#14734 = EDGE_LOOP('',(#14735,#14736,#14737,#14743));
#14735 = ORIENTED_EDGE('',*,*,#14704,.T.);
#14736 = ORIENTED_EDGE('',*,*,#13359,.T.);
#14737 = ORIENTED_EDGE('',*,*,#14738,.F.);
#14738 = EDGE_CURVE('',#11990,#13352,#14739,.T.);
#14739 = LINE('',#14740,#14741);
#14740 = CARTESIAN_POINT('',(225.3,-59.41,0.));
#14741 = VECTOR('',#14742,1.);
#14742 = DIRECTION('',(0.,0.,1.));
#14743 = ORIENTED_EDGE('',*,*,#11997,.F.);
#14744 = PLANE('',#14745);
#14745 = AXIS2_PLACEMENT_3D('',#14746,#14747,#14748);
#14746 = CARTESIAN_POINT('',(225.3,-75.33,0.));
#14747 = DIRECTION('',(-1.,0.,0.));
#14748 = DIRECTION('',(0.,1.,0.));
#14749 = ADVANCED_FACE('',(#14750),#14761,.T.);
#14750 = FACE_BOUND('',#14751,.T.);
#14751 = EDGE_LOOP('',(#14752,#14758,#14759,#14760));
#14752 = ORIENTED_EDGE('',*,*,#14753,.T.);
#14753 = EDGE_CURVE('',#11902,#13264,#14754,.T.);
#14754 = LINE('',#14755,#14756);
#14755 = CARTESIAN_POINT('',(161.,-91.,0.));
#14756 = VECTOR('',#14757,1.);
#14757 = DIRECTION('',(0.,0.,1.));
#14758 = ORIENTED_EDGE('',*,*,#13263,.T.);
#14759 = ORIENTED_EDGE('',*,*,#14719,.F.);
#14760 = ORIENTED_EDGE('',*,*,#11901,.F.);
#14761 = PLANE('',#14762);
#14762 = AXIS2_PLACEMENT_3D('',#14763,#14764,#14765);
#14763 = CARTESIAN_POINT('',(161.,-91.,0.));
#14764 = DIRECTION('',(0.,-1.,0.));
#14765 = DIRECTION('',(-1.,0.,0.));
#14766 = ADVANCED_FACE('',(#14767),#14778,.T.);
#14767 = FACE_BOUND('',#14768,.T.);
#14768 = EDGE_LOOP('',(#14769,#14770,#14771,#14777));
#14769 = ORIENTED_EDGE('',*,*,#14738,.T.);
#14770 = ORIENTED_EDGE('',*,*,#13351,.T.);
#14771 = ORIENTED_EDGE('',*,*,#14772,.F.);
#14772 = EDGE_CURVE('',#11982,#13344,#14773,.T.);
#14773 = LINE('',#14774,#14775);
#14774 = CARTESIAN_POINT('',(225.3,-58.,0.));
#14775 = VECTOR('',#14776,1.);
#14776 = DIRECTION('',(0.,0.,1.));
#14777 = ORIENTED_EDGE('',*,*,#11989,.F.);
#14778 = PLANE('',#14779);
#14779 = AXIS2_PLACEMENT_3D('',#14780,#14781,#14782);
#14780 = CARTESIAN_POINT('',(225.3,-59.41,0.));
#14781 = DIRECTION('',(-1.,0.,0.));
#14782 = DIRECTION('',(0.,1.,0.));
#14783 = ADVANCED_FACE('',(#14784),#14795,.T.);
#14784 = FACE_BOUND('',#14785,.T.);
#14785 = EDGE_LOOP('',(#14786,#14792,#14793,#14794));
#14786 = ORIENTED_EDGE('',*,*,#14787,.T.);
#14787 = EDGE_CURVE('',#11910,#13272,#14788,.T.);
#14788 = LINE('',#14789,#14790);
#14789 = CARTESIAN_POINT('',(179.,-100.,0.));
#14790 = VECTOR('',#14791,1.);
#14791 = DIRECTION('',(0.,0.,1.));
#14792 = ORIENTED_EDGE('',*,*,#13271,.T.);
#14793 = ORIENTED_EDGE('',*,*,#14753,.F.);
#14794 = ORIENTED_EDGE('',*,*,#11909,.F.);
#14795 = PLANE('',#14796);
#14796 = AXIS2_PLACEMENT_3D('',#14797,#14798,#14799);
#14797 = CARTESIAN_POINT('',(179.,-100.,0.));
#14798 = DIRECTION('',(-0.4472135955,-0.894427191,0.));
#14799 = DIRECTION('',(-0.894427191,0.4472135955,0.));
#14800 = ADVANCED_FACE('',(#14801),#14812,.T.);
#14801 = FACE_BOUND('',#14802,.T.);
#14802 = EDGE_LOOP('',(#14803,#14804,#14805,#14811));
#14803 = ORIENTED_EDGE('',*,*,#14772,.T.);
#14804 = ORIENTED_EDGE('',*,*,#13343,.T.);
#14805 = ORIENTED_EDGE('',*,*,#14806,.F.);
#14806 = EDGE_CURVE('',#11974,#13336,#14807,.T.);
#14807 = LINE('',#14808,#14809);
#14808 = CARTESIAN_POINT('',(233.,-58.,0.));
#14809 = VECTOR('',#14810,1.);
#14810 = DIRECTION('',(0.,0.,1.));
#14811 = ORIENTED_EDGE('',*,*,#11981,.F.);
#14812 = PLANE('',#14813);
#14813 = AXIS2_PLACEMENT_3D('',#14814,#14815,#14816);
#14814 = CARTESIAN_POINT('',(225.3,-58.,0.));
#14815 = DIRECTION('',(0.,1.,0.));
#14816 = DIRECTION('',(1.,0.,0.));
#14817 = ADVANCED_FACE('',(#14818),#14829,.T.);
#14818 = FACE_BOUND('',#14819,.T.);
#14819 = EDGE_LOOP('',(#14820,#14826,#14827,#14828));
#14820 = ORIENTED_EDGE('',*,*,#14821,.T.);
#14821 = EDGE_CURVE('',#11918,#13280,#14822,.T.);
#14822 = LINE('',#14823,#14824);
#14823 = CARTESIAN_POINT('',(170.,-115.,0.));
#14824 = VECTOR('',#14825,1.);
#14825 = DIRECTION('',(0.,0.,1.));
#14826 = ORIENTED_EDGE('',*,*,#13279,.T.);
#14827 = ORIENTED_EDGE('',*,*,#14787,.F.);
#14828 = ORIENTED_EDGE('',*,*,#11917,.F.);
#14829 = PLANE('',#14830);
#14830 = AXIS2_PLACEMENT_3D('',#14831,#14832,#14833);
#14831 = CARTESIAN_POINT('',(170.,-115.,0.));
#14832 = DIRECTION('',(-0.857492925713,0.514495755428,0.));
#14833 = DIRECTION('',(0.514495755428,0.857492925713,0.));
#14834 = ADVANCED_FACE('',(#14835),#14846,.T.);
#14835 = FACE_BOUND('',#14836,.T.);
#14836 = EDGE_LOOP('',(#14837,#14838,#14839,#14845));
#14837 = ORIENTED_EDGE('',*,*,#14806,.T.);
#14838 = ORIENTED_EDGE('',*,*,#13335,.T.);
#14839 = ORIENTED_EDGE('',*,*,#14840,.F.);
#14840 = EDGE_CURVE('',#11966,#13328,#14841,.T.);
#14841 = LINE('',#14842,#14843);
#14842 = CARTESIAN_POINT('',(233.,-104.715,0.));
#14843 = VECTOR('',#14844,1.);
#14844 = DIRECTION('',(0.,0.,1.));
#14845 = ORIENTED_EDGE('',*,*,#11973,.F.);
#14846 = PLANE('',#14847);
#14847 = AXIS2_PLACEMENT_3D('',#14848,#14849,#14850);
#14848 = CARTESIAN_POINT('',(233.,-58.,0.));
#14849 = DIRECTION('',(1.,0.,-0.));
#14850 = DIRECTION('',(0.,-1.,0.));
#14851 = ADVANCED_FACE('',(#14852),#14863,.T.);
#14852 = FACE_BOUND('',#14853,.T.);
#14853 = EDGE_LOOP('',(#14854,#14860,#14861,#14862));
#14854 = ORIENTED_EDGE('',*,*,#14855,.T.);
#14855 = EDGE_CURVE('',#11926,#13288,#14856,.T.);
#14856 = LINE('',#14857,#14858);
#14857 = CARTESIAN_POINT('',(219.,-144.,0.));
#14858 = VECTOR('',#14859,1.);
#14859 = DIRECTION('',(0.,0.,1.));
#14860 = ORIENTED_EDGE('',*,*,#13287,.T.);
#14861 = ORIENTED_EDGE('',*,*,#14821,.F.);
#14862 = ORIENTED_EDGE('',*,*,#11925,.F.);
#14863 = PLANE('',#14864);
#14864 = AXIS2_PLACEMENT_3D('',#14865,#14866,#14867);
#14865 = CARTESIAN_POINT('',(219.,-144.,0.));
#14866 = DIRECTION('',(-0.509320893916,-0.860576682824,0.));
#14867 = DIRECTION('',(-0.860576682824,0.509320893916,0.));
#14868 = ADVANCED_FACE('',(#14869),#14880,.T.);
#14869 = FACE_BOUND('',#14870,.T.);
#14870 = EDGE_LOOP('',(#14871,#14872,#14873,#14879));
#14871 = ORIENTED_EDGE('',*,*,#14840,.T.);
#14872 = ORIENTED_EDGE('',*,*,#13327,.T.);
#14873 = ORIENTED_EDGE('',*,*,#14874,.F.);
#14874 = EDGE_CURVE('',#11958,#13320,#14875,.T.);
#14875 = LINE('',#14876,#14877);
#14876 = CARTESIAN_POINT('',(228.,-104.715,0.));
#14877 = VECTOR('',#14878,1.);
#14878 = DIRECTION('',(0.,0.,1.));
#14879 = ORIENTED_EDGE('',*,*,#11965,.F.);
#14880 = PLANE('',#14881);
#14881 = AXIS2_PLACEMENT_3D('',#14882,#14883,#14884);
#14882 = CARTESIAN_POINT('',(233.,-104.715,0.));
#14883 = DIRECTION('',(0.,-1.,0.));
#14884 = DIRECTION('',(-1.,0.,0.));
#14885 = ADVANCED_FACE('',(#14886),#14897,.T.);
#14886 = FACE_BOUND('',#14887,.T.);
#14887 = EDGE_LOOP('',(#14888,#14894,#14895,#14896));
#14888 = ORIENTED_EDGE('',*,*,#14889,.T.);
#14889 = EDGE_CURVE('',#11934,#13296,#14890,.T.);
#14890 = LINE('',#14891,#14892);
#14891 = CARTESIAN_POINT('',(233.,-120.,0.));
#14892 = VECTOR('',#14893,1.);
#14893 = DIRECTION('',(0.,0.,1.));
#14894 = ORIENTED_EDGE('',*,*,#13295,.T.);
#14895 = ORIENTED_EDGE('',*,*,#14855,.F.);
#14896 = ORIENTED_EDGE('',*,*,#11933,.F.);
#14897 = PLANE('',#14898);
#14898 = AXIS2_PLACEMENT_3D('',#14899,#14900,#14901);
#14899 = CARTESIAN_POINT('',(233.,-120.,0.));
#14900 = DIRECTION('',(0.863778900898,-0.503871025524,0.));
#14901 = DIRECTION('',(-0.503871025524,-0.863778900898,0.));
#14902 = ADVANCED_FACE('',(#14903),#14914,.T.);
#14903 = FACE_BOUND('',#14904,.T.);
#14904 = EDGE_LOOP('',(#14905,#14906,#14907,#14913));
#14905 = ORIENTED_EDGE('',*,*,#14874,.T.);
#14906 = ORIENTED_EDGE('',*,*,#13319,.T.);
#14907 = ORIENTED_EDGE('',*,*,#14908,.F.);
#14908 = EDGE_CURVE('',#11950,#13312,#14909,.T.);
#14909 = LINE('',#14910,#14911);
#14910 = CARTESIAN_POINT('',(228.,-109.715,0.));
#14911 = VECTOR('',#14912,1.);
#14912 = DIRECTION('',(0.,0.,1.));
#14913 = ORIENTED_EDGE('',*,*,#11957,.F.);
#14914 = PLANE('',#14915);
#14915 = AXIS2_PLACEMENT_3D('',#14916,#14917,#14918);
#14916 = CARTESIAN_POINT('',(228.,-104.715,0.));
#14917 = DIRECTION('',(1.,0.,-0.));
#14918 = DIRECTION('',(0.,-1.,0.));
#14919 = ADVANCED_FACE('',(#14920),#14931,.T.);
#14920 = FACE_BOUND('',#14921,.T.);
#14921 = EDGE_LOOP('',(#14922,#14928,#14929,#14930));
#14922 = ORIENTED_EDGE('',*,*,#14923,.T.);
#14923 = EDGE_CURVE('',#11942,#13304,#14924,.T.);
#14924 = LINE('',#14925,#14926);
#14925 = CARTESIAN_POINT('',(233.,-109.715,0.));
#14926 = VECTOR('',#14927,1.);
#14927 = DIRECTION('',(0.,0.,1.));
#14928 = ORIENTED_EDGE('',*,*,#13303,.T.);
#14929 = ORIENTED_EDGE('',*,*,#14889,.F.);
#14930 = ORIENTED_EDGE('',*,*,#11941,.F.);
#14931 = PLANE('',#14932);
#14932 = AXIS2_PLACEMENT_3D('',#14933,#14934,#14935);
#14933 = CARTESIAN_POINT('',(233.,-109.715,0.));
#14934 = DIRECTION('',(1.,0.,-0.));
#14935 = DIRECTION('',(0.,-1.,0.));
#14936 = ADVANCED_FACE('',(#14937),#14943,.T.);
#14937 = FACE_BOUND('',#14938,.T.);
#14938 = EDGE_LOOP('',(#14939,#14940,#14941,#14942));
#14939 = ORIENTED_EDGE('',*,*,#14908,.T.);
#14940 = ORIENTED_EDGE('',*,*,#13311,.T.);
#14941 = ORIENTED_EDGE('',*,*,#14923,.F.);
#14942 = ORIENTED_EDGE('',*,*,#11949,.F.);
#14943 = PLANE('',#14944);
#14944 = AXIS2_PLACEMENT_3D('',#14945,#14946,#14947);
#14945 = CARTESIAN_POINT('',(228.,-109.715,0.));
#14946 = DIRECTION('',(0.,1.,0.));
#14947 = DIRECTION('',(1.,0.,0.));
#14948 = ADVANCED_FACE('',(#14949),#14960,.F.);
#14949 = FACE_BOUND('',#14950,.T.);
#14950 = EDGE_LOOP('',(#14951,#14952,#14958,#14959));
#14951 = ORIENTED_EDGE('',*,*,#12038,.T.);
#14952 = ORIENTED_EDGE('',*,*,#14953,.T.);
#14953 = EDGE_CURVE('',#12039,#13401,#14954,.T.);
#14954 = LINE('',#14955,#14956);
#14955 = CARTESIAN_POINT('',(103.78,-96.6953,-4.6E-02));
#14956 = VECTOR('',#14957,1.);
#14957 = DIRECTION('',(0.,0.,1.));
#14958 = ORIENTED_EDGE('',*,*,#13400,.F.);
#14959 = ORIENTED_EDGE('',*,*,#14953,.F.);
#14960 = CYLINDRICAL_SURFACE('',#14961,0.4953);
#14961 = AXIS2_PLACEMENT_3D('',#14962,#14963,#14964);
#14962 = CARTESIAN_POINT('',(103.78,-96.2,-4.6E-02));
#14963 = DIRECTION('',(-0.,-0.,-1.));
#14964 = DIRECTION('',(-0.,-1.,0.));
#14965 = ADVANCED_FACE('',(#14966),#14977,.F.);
#14966 = FACE_BOUND('',#14967,.T.);
#14967 = EDGE_LOOP('',(#14968,#14969,#14975,#14976));
#14968 = ORIENTED_EDGE('',*,*,#12049,.T.);
#14969 = ORIENTED_EDGE('',*,*,#14970,.T.);
#14970 = EDGE_CURVE('',#12050,#13412,#14971,.T.);
#14971 = LINE('',#14972,#14973);
#14972 = CARTESIAN_POINT('',(121.78,-96.6953,-4.6E-02));
#14973 = VECTOR('',#14974,1.);
#14974 = DIRECTION('',(0.,0.,1.));
#14975 = ORIENTED_EDGE('',*,*,#13411,.F.);
#14976 = ORIENTED_EDGE('',*,*,#14970,.F.);
#14977 = CYLINDRICAL_SURFACE('',#14978,0.4953);
#14978 = AXIS2_PLACEMENT_3D('',#14979,#14980,#14981);
#14979 = CARTESIAN_POINT('',(121.78,-96.2,-4.6E-02));
#14980 = DIRECTION('',(-0.,-0.,-1.));
#14981 = DIRECTION('',(-0.,-1.,0.));
#14982 = ADVANCED_FACE('',(#14983),#14994,.F.);
#14983 = FACE_BOUND('',#14984,.T.);
#14984 = EDGE_LOOP('',(#14985,#14986,#14992,#14993));
#14985 = ORIENTED_EDGE('',*,*,#12060,.T.);
#14986 = ORIENTED_EDGE('',*,*,#14987,.T.);
#14987 = EDGE_CURVE('',#12061,#13423,#14988,.T.);
#14988 = LINE('',#14989,#14990);
#14989 = CARTESIAN_POINT('',(193.500673,-124.613595,-4.6E-02));
#14990 = VECTOR('',#14991,1.);
#14991 = DIRECTION('',(0.,0.,1.));
#14992 = ORIENTED_EDGE('',*,*,#13422,.F.);
#14993 = ORIENTED_EDGE('',*,*,#14987,.F.);
#14994 = CYLINDRICAL_SURFACE('',#14995,1.5);
#14995 = AXIS2_PLACEMENT_3D('',#14996,#14997,#14998);
#14996 = CARTESIAN_POINT('',(193.500673,-123.113595,-4.6E-02));
#14997 = DIRECTION('',(-0.,-0.,-1.));
#14998 = DIRECTION('',(-0.,-1.,0.));
#14999 = ADVANCED_FACE('',(#15000),#15011,.F.);
#15000 = FACE_BOUND('',#15001,.T.);
#15001 = EDGE_LOOP('',(#15002,#15003,#15009,#15010));
#15002 = ORIENTED_EDGE('',*,*,#12071,.T.);
#15003 = ORIENTED_EDGE('',*,*,#15004,.T.);
#15004 = EDGE_CURVE('',#12072,#13434,#15005,.T.);
#15005 = LINE('',#15006,#15007);
#15006 = CARTESIAN_POINT('',(181.1423,-120.018851,-4.6E-02));
#15007 = VECTOR('',#15008,1.);
#15008 = DIRECTION('',(0.,0.,1.));
#15009 = ORIENTED_EDGE('',*,*,#13433,.F.);
#15010 = ORIENTED_EDGE('',*,*,#15004,.F.);
#15011 = CYLINDRICAL_SURFACE('',#15012,1.5);
#15012 = AXIS2_PLACEMENT_3D('',#15013,#15014,#15015);
#15013 = CARTESIAN_POINT('',(181.1423,-118.518851,-4.6E-02));
#15014 = DIRECTION('',(-0.,-0.,-1.));
#15015 = DIRECTION('',(-0.,-1.,0.));
#15016 = ADVANCED_FACE('',(#15017),#15028,.F.);
#15017 = FACE_BOUND('',#15018,.T.);
#15018 = EDGE_LOOP('',(#15019,#15020,#15026,#15027));
#15019 = ORIENTED_EDGE('',*,*,#12082,.T.);
#15020 = ORIENTED_EDGE('',*,*,#15021,.T.);
#15021 = EDGE_CURVE('',#12083,#13445,#15022,.T.);
#15022 = LINE('',#15023,#15024);
#15023 = CARTESIAN_POINT('',(194.94266,-120.4669,-4.6E-02));
#15024 = VECTOR('',#15025,1.);
#15025 = DIRECTION('',(0.,0.,1.));
#15026 = ORIENTED_EDGE('',*,*,#13444,.F.);
#15027 = ORIENTED_EDGE('',*,*,#15021,.F.);
#15028 = CYLINDRICAL_SURFACE('',#15029,0.8509);
#15029 = AXIS2_PLACEMENT_3D('',#15030,#15031,#15032);
#15030 = CARTESIAN_POINT('',(194.94266,-119.616,-4.6E-02));
#15031 = DIRECTION('',(-0.,-0.,-1.));
#15032 = DIRECTION('',(-0.,-1.,0.));
#15033 = ADVANCED_FACE('',(#15034),#15045,.F.);
#15034 = FACE_BOUND('',#15035,.T.);
#15035 = EDGE_LOOP('',(#15036,#15037,#15043,#15044));
#15036 = ORIENTED_EDGE('',*,*,#12093,.T.);
#15037 = ORIENTED_EDGE('',*,*,#15038,.T.);
#15038 = EDGE_CURVE('',#12094,#13456,#15039,.T.);
#15039 = LINE('',#15040,#15041);
#15040 = CARTESIAN_POINT('',(196.7308,-129.018851,-4.6E-02));
#15041 = VECTOR('',#15042,1.);
#15042 = DIRECTION('',(0.,0.,1.));
#15043 = ORIENTED_EDGE('',*,*,#13455,.F.);
#15044 = ORIENTED_EDGE('',*,*,#15038,.F.);
#15045 = CYLINDRICAL_SURFACE('',#15046,1.5);
#15046 = AXIS2_PLACEMENT_3D('',#15047,#15048,#15049);
#15047 = CARTESIAN_POINT('',(196.7308,-127.518851,-4.6E-02));
#15048 = DIRECTION('',(-0.,-0.,-1.));
#15049 = DIRECTION('',(-0.,-1.,0.));
#15050 = ADVANCED_FACE('',(#15051),#15062,.F.);
#15051 = FACE_BOUND('',#15052,.T.);
#15052 = EDGE_LOOP('',(#15053,#15054,#15060,#15061));
#15053 = ORIENTED_EDGE('',*,*,#12104,.T.);
#15054 = ORIENTED_EDGE('',*,*,#15055,.T.);
#15055 = EDGE_CURVE('',#12105,#13467,#15056,.T.);
#15056 = LINE('',#15057,#15058);
#15057 = CARTESIAN_POINT('',(209.089073,-133.613595,-4.6E-02));
#15058 = VECTOR('',#15059,1.);
#15059 = DIRECTION('',(0.,0.,1.));
#15060 = ORIENTED_EDGE('',*,*,#13466,.F.);
#15061 = ORIENTED_EDGE('',*,*,#15055,.F.);
#15062 = CYLINDRICAL_SURFACE('',#15063,1.5);
#15063 = AXIS2_PLACEMENT_3D('',#15064,#15065,#15066);
#15064 = CARTESIAN_POINT('',(209.089073,-132.113595,-4.6E-02));
#15065 = DIRECTION('',(-0.,-0.,-1.));
#15066 = DIRECTION('',(-0.,-1.,0.));
#15067 = ADVANCED_FACE('',(#15068),#15079,.F.);
#15068 = FACE_BOUND('',#15069,.T.);
#15069 = EDGE_LOOP('',(#15070,#15071,#15077,#15078));
#15070 = ORIENTED_EDGE('',*,*,#12115,.T.);
#15071 = ORIENTED_EDGE('',*,*,#15072,.T.);
#15072 = EDGE_CURVE('',#12116,#13478,#15073,.T.);
#15073 = LINE('',#15074,#15075);
#15074 = CARTESIAN_POINT('',(210.53106,-129.4669,-4.6E-02));
#15075 = VECTOR('',#15076,1.);
#15076 = DIRECTION('',(0.,0.,1.));
#15077 = ORIENTED_EDGE('',*,*,#13477,.F.);
#15078 = ORIENTED_EDGE('',*,*,#15072,.F.);
#15079 = CYLINDRICAL_SURFACE('',#15080,0.8509);
#15080 = AXIS2_PLACEMENT_3D('',#15081,#15082,#15083);
#15081 = CARTESIAN_POINT('',(210.53106,-128.616,-4.6E-02));
#15082 = DIRECTION('',(-0.,-0.,-1.));
#15083 = DIRECTION('',(-0.,-1.,0.));
#15084 = ADVANCED_FACE('',(#15085),#15096,.F.);
#15085 = FACE_BOUND('',#15086,.T.);
#15086 = EDGE_LOOP('',(#15087,#15088,#15094,#15095));
#15087 = ORIENTED_EDGE('',*,*,#12126,.T.);
#15088 = ORIENTED_EDGE('',*,*,#15089,.T.);
#15089 = EDGE_CURVE('',#12127,#13489,#15090,.T.);
#15090 = LINE('',#15091,#15092);
#15091 = CARTESIAN_POINT('',(212.3192,-138.018851,-4.6E-02));
#15092 = VECTOR('',#15093,1.);
#15093 = DIRECTION('',(0.,0.,1.));
#15094 = ORIENTED_EDGE('',*,*,#13488,.F.);
#15095 = ORIENTED_EDGE('',*,*,#15089,.F.);
#15096 = CYLINDRICAL_SURFACE('',#15097,1.5);
#15097 = AXIS2_PLACEMENT_3D('',#15098,#15099,#15100);
#15098 = CARTESIAN_POINT('',(212.3192,-136.518851,-4.6E-02));
#15099 = DIRECTION('',(-0.,-0.,-1.));
#15100 = DIRECTION('',(-0.,-1.,0.));
#15101 = ADVANCED_FACE('',(#15102),#15113,.F.);
#15102 = FACE_BOUND('',#15103,.T.);
#15103 = EDGE_LOOP('',(#15104,#15105,#15111,#15112));
#15104 = ORIENTED_EDGE('',*,*,#12137,.T.);
#15105 = ORIENTED_EDGE('',*,*,#15106,.T.);
#15106 = EDGE_CURVE('',#12138,#13500,#15107,.T.);
#15107 = LINE('',#15108,#15109);
#15108 = CARTESIAN_POINT('',(220.05734,-134.9669,-4.6E-02));
#15109 = VECTOR('',#15110,1.);
#15110 = DIRECTION('',(0.,0.,1.));
#15111 = ORIENTED_EDGE('',*,*,#13499,.F.);
#15112 = ORIENTED_EDGE('',*,*,#15106,.F.);
#15113 = CYLINDRICAL_SURFACE('',#15114,0.8509);
#15114 = AXIS2_PLACEMENT_3D('',#15115,#15116,#15117);
#15115 = CARTESIAN_POINT('',(220.05734,-134.116,-4.6E-02));
#15116 = DIRECTION('',(-0.,-0.,-1.));
#15117 = DIRECTION('',(-0.,-1.,0.));
#15118 = ADVANCED_FACE('',(#15119),#15130,.F.);
#15119 = FACE_BOUND('',#15120,.T.);
#15120 = EDGE_LOOP('',(#15121,#15122,#15128,#15129));
#15121 = ORIENTED_EDGE('',*,*,#12148,.T.);
#15122 = ORIENTED_EDGE('',*,*,#15123,.T.);
#15123 = EDGE_CURVE('',#12149,#13511,#15124,.T.);
#15124 = LINE('',#15125,#15126);
#15125 = CARTESIAN_POINT('',(215.2942,-133.0805,-4.6E-02));
#15126 = VECTOR('',#15127,1.);
#15127 = DIRECTION('',(0.,0.,1.));
#15128 = ORIENTED_EDGE('',*,*,#13510,.F.);
#15129 = ORIENTED_EDGE('',*,*,#15123,.F.);
#15130 = CYLINDRICAL_SURFACE('',#15131,1.7145);
#15131 = AXIS2_PLACEMENT_3D('',#15132,#15133,#15134);
#15132 = CARTESIAN_POINT('',(215.2942,-131.366,-4.6E-02));
#15133 = DIRECTION('',(-0.,-0.,-1.));
#15134 = DIRECTION('',(-0.,-1.,0.));
#15135 = ADVANCED_FACE('',(#15136),#15147,.F.);
#15136 = FACE_BOUND('',#15137,.T.);
#15137 = EDGE_LOOP('',(#15138,#15139,#15145,#15146));
#15138 = ORIENTED_EDGE('',*,*,#12159,.T.);
#15139 = ORIENTED_EDGE('',*,*,#15140,.T.);
#15140 = EDGE_CURVE('',#12160,#13522,#15141,.T.);
#15141 = LINE('',#15142,#15143);
#15142 = CARTESIAN_POINT('',(221.914853,-130.833993,-4.6E-02));
#15143 = VECTOR('',#15144,1.);
#15144 = DIRECTION('',(0.,0.,1.));
#15145 = ORIENTED_EDGE('',*,*,#13521,.F.);
#15146 = ORIENTED_EDGE('',*,*,#15140,.F.);
#15147 = CYLINDRICAL_SURFACE('',#15148,0.4953);
#15148 = AXIS2_PLACEMENT_3D('',#15149,#15150,#15151);
#15149 = CARTESIAN_POINT('',(221.914853,-130.338693,-4.6E-02));
#15150 = DIRECTION('',(-0.,-0.,-1.));
#15151 = DIRECTION('',(-0.,-1.,0.));
#15152 = ADVANCED_FACE('',(#15153),#15164,.F.);
#15153 = FACE_BOUND('',#15154,.T.);
#15154 = EDGE_LOOP('',(#15155,#15156,#15162,#15163));
#15155 = ORIENTED_EDGE('',*,*,#12170,.T.);
#15156 = ORIENTED_EDGE('',*,*,#15157,.T.);
#15157 = EDGE_CURVE('',#12171,#13533,#15158,.T.);
#15158 = LINE('',#15159,#15160);
#15159 = CARTESIAN_POINT('',(199.7058,-124.0805,-4.6E-02));
#15160 = VECTOR('',#15161,1.);
#15161 = DIRECTION('',(0.,0.,1.));
#15162 = ORIENTED_EDGE('',*,*,#13532,.F.);
#15163 = ORIENTED_EDGE('',*,*,#15157,.F.);
#15164 = CYLINDRICAL_SURFACE('',#15165,1.7145);
#15165 = AXIS2_PLACEMENT_3D('',#15166,#15167,#15168);
#15166 = CARTESIAN_POINT('',(199.7058,-122.366,-4.6E-02));
#15167 = DIRECTION('',(-0.,-0.,-1.));
#15168 = DIRECTION('',(-0.,-1.,0.));
#15169 = ADVANCED_FACE('',(#15170),#15181,.F.);
#15170 = FACE_BOUND('',#15171,.T.);
#15171 = EDGE_LOOP('',(#15172,#15173,#15179,#15180));
#15172 = ORIENTED_EDGE('',*,*,#12181,.T.);
#15173 = ORIENTED_EDGE('',*,*,#15174,.T.);
#15174 = EDGE_CURVE('',#12182,#13544,#15175,.T.);
#15175 = LINE('',#15176,#15177);
#15176 = CARTESIAN_POINT('',(204.46894,-125.9669,-4.6E-02));
#15177 = VECTOR('',#15178,1.);
#15178 = DIRECTION('',(0.,0.,1.));
#15179 = ORIENTED_EDGE('',*,*,#13543,.F.);
#15180 = ORIENTED_EDGE('',*,*,#15174,.F.);
#15181 = CYLINDRICAL_SURFACE('',#15182,0.8509);
#15182 = AXIS2_PLACEMENT_3D('',#15183,#15184,#15185);
#15183 = CARTESIAN_POINT('',(204.46894,-125.116,-4.6E-02));
#15184 = DIRECTION('',(-0.,-0.,-1.));
#15185 = DIRECTION('',(-0.,-1.,0.));
#15186 = ADVANCED_FACE('',(#15187),#15198,.F.);
#15187 = FACE_BOUND('',#15188,.T.);
#15188 = EDGE_LOOP('',(#15189,#15190,#15196,#15197));
#15189 = ORIENTED_EDGE('',*,*,#12192,.T.);
#15190 = ORIENTED_EDGE('',*,*,#15191,.T.);
#15191 = EDGE_CURVE('',#12193,#13555,#15192,.T.);
#15192 = LINE('',#15193,#15194);
#15193 = CARTESIAN_POINT('',(206.326453,-121.833993,-4.6E-02));
#15194 = VECTOR('',#15195,1.);
#15195 = DIRECTION('',(0.,0.,1.));
#15196 = ORIENTED_EDGE('',*,*,#13554,.F.);
#15197 = ORIENTED_EDGE('',*,*,#15191,.F.);
#15198 = CYLINDRICAL_SURFACE('',#15199,0.4953);
#15199 = AXIS2_PLACEMENT_3D('',#15200,#15201,#15202);
#15200 = CARTESIAN_POINT('',(206.326453,-121.338693,-4.6E-02));
#15201 = DIRECTION('',(-0.,-0.,-1.));
#15202 = DIRECTION('',(-5.738281734384E-14,-1.,0.));
#15203 = ADVANCED_FACE('',(#15204),#15215,.F.);
#15204 = FACE_BOUND('',#15205,.T.);
#15205 = EDGE_LOOP('',(#15206,#15207,#15213,#15214));
#15206 = ORIENTED_EDGE('',*,*,#12203,.T.);
#15207 = ORIENTED_EDGE('',*,*,#15208,.T.);
#15208 = EDGE_CURVE('',#12204,#13566,#15209,.T.);
#15209 = LINE('',#15210,#15211);
#15210 = CARTESIAN_POINT('',(177.912173,-115.613595,-4.6E-02));
#15211 = VECTOR('',#15212,1.);
#15212 = DIRECTION('',(0.,0.,1.));
#15213 = ORIENTED_EDGE('',*,*,#13565,.F.);
#15214 = ORIENTED_EDGE('',*,*,#15208,.F.);
#15215 = CYLINDRICAL_SURFACE('',#15216,1.5);
#15216 = AXIS2_PLACEMENT_3D('',#15217,#15218,#15219);
#15217 = CARTESIAN_POINT('',(177.912173,-114.113595,-4.6E-02));
#15218 = DIRECTION('',(-0.,-0.,-1.));
#15219 = DIRECTION('',(-0.,-1.,0.));
#15220 = ADVANCED_FACE('',(#15221),#15232,.F.);
#15221 = FACE_BOUND('',#15222,.T.);
#15222 = EDGE_LOOP('',(#15223,#15224,#15230,#15231));
#15223 = ORIENTED_EDGE('',*,*,#12214,.T.);
#15224 = ORIENTED_EDGE('',*,*,#15225,.T.);
#15225 = EDGE_CURVE('',#12215,#13577,#15226,.T.);
#15226 = LINE('',#15227,#15228);
#15227 = CARTESIAN_POINT('',(179.35416,-111.4669,-4.6E-02));
#15228 = VECTOR('',#15229,1.);
#15229 = DIRECTION('',(0.,0.,1.));
#15230 = ORIENTED_EDGE('',*,*,#13576,.F.);
#15231 = ORIENTED_EDGE('',*,*,#15225,.F.);
#15232 = CYLINDRICAL_SURFACE('',#15233,0.8509);
#15233 = AXIS2_PLACEMENT_3D('',#15234,#15235,#15236);
#15234 = CARTESIAN_POINT('',(179.35416,-110.616,-4.6E-02));
#15235 = DIRECTION('',(-0.,-0.,-1.));
#15236 = DIRECTION('',(-0.,-1.,0.));
#15237 = ADVANCED_FACE('',(#15238),#15249,.F.);
#15238 = FACE_BOUND('',#15239,.T.);
#15239 = EDGE_LOOP('',(#15240,#15241,#15247,#15248));
#15240 = ORIENTED_EDGE('',*,*,#12225,.T.);
#15241 = ORIENTED_EDGE('',*,*,#15242,.T.);
#15242 = EDGE_CURVE('',#12226,#13588,#15243,.T.);
#15243 = LINE('',#15244,#15245);
#15244 = CARTESIAN_POINT('',(184.1173,-115.0805,-4.6E-02));
#15245 = VECTOR('',#15246,1.);
#15246 = DIRECTION('',(0.,0.,1.));
#15247 = ORIENTED_EDGE('',*,*,#13587,.F.);
#15248 = ORIENTED_EDGE('',*,*,#15242,.F.);
#15249 = CYLINDRICAL_SURFACE('',#15250,1.7145);
#15250 = AXIS2_PLACEMENT_3D('',#15251,#15252,#15253);
#15251 = CARTESIAN_POINT('',(184.1173,-113.366,-4.6E-02));
#15252 = DIRECTION('',(-0.,-0.,-1.));
#15253 = DIRECTION('',(-0.,-1.,0.));
#15254 = ADVANCED_FACE('',(#15255),#15266,.F.);
#15255 = FACE_BOUND('',#15256,.T.);
#15256 = EDGE_LOOP('',(#15257,#15258,#15264,#15265));
#15257 = ORIENTED_EDGE('',*,*,#12236,.T.);
#15258 = ORIENTED_EDGE('',*,*,#15259,.T.);
#15259 = EDGE_CURVE('',#12237,#13599,#15260,.T.);
#15260 = LINE('',#15261,#15262);
#15261 = CARTESIAN_POINT('',(188.88044,-116.9669,-4.6E-02));
#15262 = VECTOR('',#15263,1.);
#15263 = DIRECTION('',(0.,0.,1.));
#15264 = ORIENTED_EDGE('',*,*,#13598,.F.);
#15265 = ORIENTED_EDGE('',*,*,#15259,.F.);
#15266 = CYLINDRICAL_SURFACE('',#15267,0.8509);
#15267 = AXIS2_PLACEMENT_3D('',#15268,#15269,#15270);
#15268 = CARTESIAN_POINT('',(188.88044,-116.116,-4.6E-02));
#15269 = DIRECTION('',(-0.,-0.,-1.));
#15270 = DIRECTION('',(-0.,-1.,0.));
#15271 = ADVANCED_FACE('',(#15272),#15283,.F.);
#15272 = FACE_BOUND('',#15273,.T.);
#15273 = EDGE_LOOP('',(#15274,#15275,#15281,#15282));
#15274 = ORIENTED_EDGE('',*,*,#12247,.T.);
#15275 = ORIENTED_EDGE('',*,*,#15276,.T.);
#15276 = EDGE_CURVE('',#12248,#13610,#15277,.T.);
#15277 = LINE('',#15278,#15279);
#15278 = CARTESIAN_POINT('',(190.737953,-112.833993,-4.6E-02));
#15279 = VECTOR('',#15280,1.);
#15280 = DIRECTION('',(0.,0.,1.));
#15281 = ORIENTED_EDGE('',*,*,#13609,.F.);
#15282 = ORIENTED_EDGE('',*,*,#15276,.F.);
#15283 = CYLINDRICAL_SURFACE('',#15284,0.4953);
#15284 = AXIS2_PLACEMENT_3D('',#15285,#15286,#15287);
#15285 = CARTESIAN_POINT('',(190.737953,-112.338693,-4.6E-02));
#15286 = DIRECTION('',(-0.,-0.,-1.));
#15287 = DIRECTION('',(-0.,-1.,0.));
#15288 = ADVANCED_FACE('',(#15289),#15300,.F.);
#15289 = FACE_BOUND('',#15290,.T.);
#15290 = EDGE_LOOP('',(#15291,#15292,#15298,#15299));
#15291 = ORIENTED_EDGE('',*,*,#12258,.T.);
#15292 = ORIENTED_EDGE('',*,*,#15293,.T.);
#15293 = EDGE_CURVE('',#12259,#13621,#15294,.T.);
#15294 = LINE('',#15295,#15296);
#15295 = CARTESIAN_POINT('',(216.01,-112.04,-4.6E-02));
#15296 = VECTOR('',#15297,1.);
#15297 = DIRECTION('',(0.,0.,1.));
#15298 = ORIENTED_EDGE('',*,*,#13620,.F.);
#15299 = ORIENTED_EDGE('',*,*,#15293,.F.);
#15300 = CYLINDRICAL_SURFACE('',#15301,0.38);
#15301 = AXIS2_PLACEMENT_3D('',#15302,#15303,#15304);
#15302 = CARTESIAN_POINT('',(216.01,-111.66,-4.6E-02));
#15303 = DIRECTION('',(-0.,-0.,-1.));
#15304 = DIRECTION('',(-0.,-1.,0.));
#15305 = ADVANCED_FACE('',(#15306),#15317,.F.);
#15306 = FACE_BOUND('',#15307,.T.);
#15307 = EDGE_LOOP('',(#15308,#15309,#15315,#15316));
#15308 = ORIENTED_EDGE('',*,*,#12269,.T.);
#15309 = ORIENTED_EDGE('',*,*,#15310,.T.);
#15310 = EDGE_CURVE('',#12270,#13632,#15311,.T.);
#15311 = LINE('',#15312,#15313);
#15312 = CARTESIAN_POINT('',(224.9,-114.53,-4.6E-02));
#15313 = VECTOR('',#15314,1.);
#15314 = DIRECTION('',(0.,0.,1.));
#15315 = ORIENTED_EDGE('',*,*,#13631,.F.);
#15316 = ORIENTED_EDGE('',*,*,#15310,.F.);
#15317 = CYLINDRICAL_SURFACE('',#15318,1.6);
#15318 = AXIS2_PLACEMENT_3D('',#15319,#15320,#15321);
#15319 = CARTESIAN_POINT('',(224.9,-112.93,-4.6E-02));
#15320 = DIRECTION('',(-0.,-0.,-1.));
#15321 = DIRECTION('',(-0.,-1.,0.));
#15322 = ADVANCED_FACE('',(#15323),#15334,.F.);
#15323 = FACE_BOUND('',#15324,.T.);
#15324 = EDGE_LOOP('',(#15325,#15326,#15332,#15333));
#15325 = ORIENTED_EDGE('',*,*,#12280,.T.);
#15326 = ORIENTED_EDGE('',*,*,#15327,.T.);
#15327 = EDGE_CURVE('',#12281,#13643,#15328,.T.);
#15328 = LINE('',#15329,#15330);
#15329 = CARTESIAN_POINT('',(218.55,-110.77,-4.6E-02));
#15330 = VECTOR('',#15331,1.);
#15331 = DIRECTION('',(0.,0.,1.));
#15332 = ORIENTED_EDGE('',*,*,#13642,.F.);
#15333 = ORIENTED_EDGE('',*,*,#15327,.F.);
#15334 = CYLINDRICAL_SURFACE('',#15335,0.38);
#15335 = AXIS2_PLACEMENT_3D('',#15336,#15337,#15338);
#15336 = CARTESIAN_POINT('',(218.55,-110.39,-4.6E-02));
#15337 = DIRECTION('',(-0.,-0.,-1.));
#15338 = DIRECTION('',(-0.,-1.,0.));
#15339 = ADVANCED_FACE('',(#15340),#15351,.F.);
#15340 = FACE_BOUND('',#15341,.T.);
#15341 = EDGE_LOOP('',(#15342,#15343,#15349,#15350));
#15342 = ORIENTED_EDGE('',*,*,#12291,.T.);
#15343 = ORIENTED_EDGE('',*,*,#15344,.T.);
#15344 = EDGE_CURVE('',#12292,#13654,#15345,.T.);
#15345 = LINE('',#15346,#15347);
#15346 = CARTESIAN_POINT('',(216.01,-109.5,-4.6E-02));
#15347 = VECTOR('',#15348,1.);
#15348 = DIRECTION('',(0.,0.,1.));
#15349 = ORIENTED_EDGE('',*,*,#13653,.F.);
#15350 = ORIENTED_EDGE('',*,*,#15344,.F.);
#15351 = CYLINDRICAL_SURFACE('',#15352,0.38);
#15352 = AXIS2_PLACEMENT_3D('',#15353,#15354,#15355);
#15353 = CARTESIAN_POINT('',(216.01,-109.12,-4.6E-02));
#15354 = DIRECTION('',(-0.,-0.,-1.));
#15355 = DIRECTION('',(-0.,-1.,0.));
#15356 = ADVANCED_FACE('',(#15357),#15368,.F.);
#15357 = FACE_BOUND('',#15358,.T.);
#15358 = EDGE_LOOP('',(#15359,#15360,#15366,#15367));
#15359 = ORIENTED_EDGE('',*,*,#12302,.T.);
#15360 = ORIENTED_EDGE('',*,*,#15361,.T.);
#15361 = EDGE_CURVE('',#12303,#13665,#15362,.T.);
#15362 = LINE('',#15363,#15364);
#15363 = CARTESIAN_POINT('',(218.55,-108.23,-4.6E-02));
#15364 = VECTOR('',#15365,1.);
#15365 = DIRECTION('',(0.,0.,1.));
#15366 = ORIENTED_EDGE('',*,*,#13664,.F.);
#15367 = ORIENTED_EDGE('',*,*,#15361,.F.);
#15368 = CYLINDRICAL_SURFACE('',#15369,0.38);
#15369 = AXIS2_PLACEMENT_3D('',#15370,#15371,#15372);
#15370 = CARTESIAN_POINT('',(218.55,-107.85,-4.6E-02));
#15371 = DIRECTION('',(-0.,-0.,-1.));
#15372 = DIRECTION('',(-0.,-1.,0.));
#15373 = ADVANCED_FACE('',(#15374),#15385,.F.);
#15374 = FACE_BOUND('',#15375,.T.);
#15375 = EDGE_LOOP('',(#15376,#15377,#15383,#15384));
#15376 = ORIENTED_EDGE('',*,*,#12313,.T.);
#15377 = ORIENTED_EDGE('',*,*,#15378,.T.);
#15378 = EDGE_CURVE('',#12314,#13676,#15379,.T.);
#15379 = LINE('',#15380,#15381);
#15380 = CARTESIAN_POINT('',(216.01,-106.96,-4.6E-02));
#15381 = VECTOR('',#15382,1.);
#15382 = DIRECTION('',(0.,0.,1.));
#15383 = ORIENTED_EDGE('',*,*,#13675,.F.);
#15384 = ORIENTED_EDGE('',*,*,#15378,.F.);
#15385 = CYLINDRICAL_SURFACE('',#15386,0.38);
#15386 = AXIS2_PLACEMENT_3D('',#15387,#15388,#15389);
#15387 = CARTESIAN_POINT('',(216.01,-106.58,-4.6E-02));
#15388 = DIRECTION('',(-0.,-0.,-1.));
#15389 = DIRECTION('',(-0.,-1.,0.));
#15390 = ADVANCED_FACE('',(#15391),#15402,.F.);
#15391 = FACE_BOUND('',#15392,.T.);
#15392 = EDGE_LOOP('',(#15393,#15394,#15400,#15401));
#15393 = ORIENTED_EDGE('',*,*,#12324,.T.);
#15394 = ORIENTED_EDGE('',*,*,#15395,.T.);
#15395 = EDGE_CURVE('',#12325,#13687,#15396,.T.);
#15396 = LINE('',#15397,#15398);
#15397 = CARTESIAN_POINT('',(218.55,-105.69,-4.6E-02));
#15398 = VECTOR('',#15399,1.);
#15399 = DIRECTION('',(0.,0.,1.));
#15400 = ORIENTED_EDGE('',*,*,#13686,.F.);
#15401 = ORIENTED_EDGE('',*,*,#15395,.F.);
#15402 = CYLINDRICAL_SURFACE('',#15403,0.38);
#15403 = AXIS2_PLACEMENT_3D('',#15404,#15405,#15406);
#15404 = CARTESIAN_POINT('',(218.55,-105.31,-4.6E-02));
#15405 = DIRECTION('',(-0.,-0.,-1.));
#15406 = DIRECTION('',(-0.,-1.,0.));
#15407 = ADVANCED_FACE('',(#15408),#15419,.F.);
#15408 = FACE_BOUND('',#15409,.T.);
#15409 = EDGE_LOOP('',(#15410,#15411,#15417,#15418));
#15410 = ORIENTED_EDGE('',*,*,#12335,.T.);
#15411 = ORIENTED_EDGE('',*,*,#15412,.T.);
#15412 = EDGE_CURVE('',#12336,#13698,#15413,.T.);
#15413 = LINE('',#15414,#15415);
#15414 = CARTESIAN_POINT('',(216.01,-104.42,-4.6E-02));
#15415 = VECTOR('',#15416,1.);
#15416 = DIRECTION('',(0.,0.,1.));
#15417 = ORIENTED_EDGE('',*,*,#13697,.F.);
#15418 = ORIENTED_EDGE('',*,*,#15412,.F.);
#15419 = CYLINDRICAL_SURFACE('',#15420,0.38);
#15420 = AXIS2_PLACEMENT_3D('',#15421,#15422,#15423);
#15421 = CARTESIAN_POINT('',(216.01,-104.04,-4.6E-02));
#15422 = DIRECTION('',(-0.,-0.,-1.));
#15423 = DIRECTION('',(-0.,-1.,0.));
#15424 = ADVANCED_FACE('',(#15425),#15436,.F.);
#15425 = FACE_BOUND('',#15426,.T.);
#15426 = EDGE_LOOP('',(#15427,#15428,#15434,#15435));
#15427 = ORIENTED_EDGE('',*,*,#12346,.T.);
#15428 = ORIENTED_EDGE('',*,*,#15429,.T.);
#15429 = EDGE_CURVE('',#12347,#13709,#15430,.T.);
#15430 = LINE('',#15431,#15432);
#15431 = CARTESIAN_POINT('',(218.55,-103.15,-4.6E-02));
#15432 = VECTOR('',#15433,1.);
#15433 = DIRECTION('',(0.,0.,1.));
#15434 = ORIENTED_EDGE('',*,*,#13708,.F.);
#15435 = ORIENTED_EDGE('',*,*,#15429,.F.);
#15436 = CYLINDRICAL_SURFACE('',#15437,0.38);
#15437 = AXIS2_PLACEMENT_3D('',#15438,#15439,#15440);
#15438 = CARTESIAN_POINT('',(218.55,-102.77,-4.6E-02));
#15439 = DIRECTION('',(-0.,-0.,-1.));
#15440 = DIRECTION('',(-0.,-1.,0.));
#15441 = ADVANCED_FACE('',(#15442),#15453,.F.);
#15442 = FACE_BOUND('',#15443,.T.);
#15443 = EDGE_LOOP('',(#15444,#15445,#15451,#15452));
#15444 = ORIENTED_EDGE('',*,*,#12357,.T.);
#15445 = ORIENTED_EDGE('',*,*,#15446,.T.);
#15446 = EDGE_CURVE('',#12358,#13720,#15447,.T.);
#15447 = LINE('',#15448,#15449);
#15448 = CARTESIAN_POINT('',(224.9,-103.1,-4.6E-02));
#15449 = VECTOR('',#15450,1.);
#15450 = DIRECTION('',(0.,0.,1.));
#15451 = ORIENTED_EDGE('',*,*,#13719,.F.);
#15452 = ORIENTED_EDGE('',*,*,#15446,.F.);
#15453 = CYLINDRICAL_SURFACE('',#15454,1.6);
#15454 = AXIS2_PLACEMENT_3D('',#15455,#15456,#15457);
#15455 = CARTESIAN_POINT('',(224.9,-101.5,-4.6E-02));
#15456 = DIRECTION('',(-0.,-0.,-1.));
#15457 = DIRECTION('',(-0.,-1.,0.));
#15458 = ADVANCED_FACE('',(#15459),#15470,.F.);
#15459 = FACE_BOUND('',#15460,.T.);
#15460 = EDGE_LOOP('',(#15461,#15462,#15468,#15469));
#15461 = ORIENTED_EDGE('',*,*,#12368,.T.);
#15462 = ORIENTED_EDGE('',*,*,#15463,.T.);
#15463 = EDGE_CURVE('',#12369,#13731,#15464,.T.);
#15464 = LINE('',#15465,#15466);
#15465 = CARTESIAN_POINT('',(221.325,-96.28745,-4.6E-02));
#15466 = VECTOR('',#15467,1.);
#15467 = DIRECTION('',(0.,0.,1.));
#15468 = ORIENTED_EDGE('',*,*,#13730,.F.);
#15469 = ORIENTED_EDGE('',*,*,#15463,.F.);
#15470 = CYLINDRICAL_SURFACE('',#15471,1.18745);
#15471 = AXIS2_PLACEMENT_3D('',#15472,#15473,#15474);
#15472 = CARTESIAN_POINT('',(221.325,-95.1,-4.6E-02));
#15473 = DIRECTION('',(-0.,-0.,-1.));
#15474 = DIRECTION('',(-0.,-1.,0.));
#15475 = ADVANCED_FACE('',(#15476),#15487,.F.);
#15476 = FACE_BOUND('',#15477,.T.);
#15477 = EDGE_LOOP('',(#15478,#15479,#15485,#15486));
#15478 = ORIENTED_EDGE('',*,*,#12379,.T.);
#15479 = ORIENTED_EDGE('',*,*,#15480,.T.);
#15480 = EDGE_CURVE('',#12380,#13742,#15481,.T.);
#15481 = LINE('',#15482,#15483);
#15482 = CARTESIAN_POINT('',(224.5,-96.28745,-4.6E-02));
#15483 = VECTOR('',#15484,1.);
#15484 = DIRECTION('',(0.,0.,1.));
#15485 = ORIENTED_EDGE('',*,*,#13741,.F.);
#15486 = ORIENTED_EDGE('',*,*,#15480,.F.);
#15487 = CYLINDRICAL_SURFACE('',#15488,1.18745);
#15488 = AXIS2_PLACEMENT_3D('',#15489,#15490,#15491);
#15489 = CARTESIAN_POINT('',(224.5,-95.1,-4.6E-02));
#15490 = DIRECTION('',(-0.,-0.,-1.));
#15491 = DIRECTION('',(-0.,-1.,0.));
#15492 = ADVANCED_FACE('',(#15493),#15504,.F.);
#15493 = FACE_BOUND('',#15494,.T.);
#15494 = EDGE_LOOP('',(#15495,#15496,#15502,#15503));
#15495 = ORIENTED_EDGE('',*,*,#12390,.T.);
#15496 = ORIENTED_EDGE('',*,*,#15497,.T.);
#15497 = EDGE_CURVE('',#12391,#13753,#15498,.T.);
#15498 = LINE('',#15499,#15500);
#15499 = CARTESIAN_POINT('',(103.5,-92.8509,-4.6E-02));
#15500 = VECTOR('',#15501,1.);
#15501 = DIRECTION('',(0.,0.,1.));
#15502 = ORIENTED_EDGE('',*,*,#13752,.F.);
#15503 = ORIENTED_EDGE('',*,*,#15497,.F.);
#15504 = CYLINDRICAL_SURFACE('',#15505,0.8509);
#15505 = AXIS2_PLACEMENT_3D('',#15506,#15507,#15508);
#15506 = CARTESIAN_POINT('',(103.5,-92.,-4.6E-02));
#15507 = DIRECTION('',(-0.,-0.,-1.));
#15508 = DIRECTION('',(-0.,-1.,0.));
#15509 = ADVANCED_FACE('',(#15510),#15521,.F.);
#15510 = FACE_BOUND('',#15511,.T.);
#15511 = EDGE_LOOP('',(#15512,#15513,#15519,#15520));
#15512 = ORIENTED_EDGE('',*,*,#12401,.T.);
#15513 = ORIENTED_EDGE('',*,*,#15514,.T.);
#15514 = EDGE_CURVE('',#12402,#13764,#15515,.T.);
#15515 = LINE('',#15516,#15517);
#15516 = CARTESIAN_POINT('',(109.,-93.7145,-4.6E-02));
#15517 = VECTOR('',#15518,1.);
#15518 = DIRECTION('',(0.,0.,1.));
#15519 = ORIENTED_EDGE('',*,*,#13763,.F.);
#15520 = ORIENTED_EDGE('',*,*,#15514,.F.);
#15521 = CYLINDRICAL_SURFACE('',#15522,1.7145);
#15522 = AXIS2_PLACEMENT_3D('',#15523,#15524,#15525);
#15523 = CARTESIAN_POINT('',(109.,-92.,-4.6E-02));
#15524 = DIRECTION('',(-0.,-0.,-1.));
#15525 = DIRECTION('',(-0.,-1.,0.));
#15526 = ADVANCED_FACE('',(#15527),#15538,.F.);
#15527 = FACE_BOUND('',#15528,.T.);
#15528 = EDGE_LOOP('',(#15529,#15530,#15536,#15537));
#15529 = ORIENTED_EDGE('',*,*,#12412,.T.);
#15530 = ORIENTED_EDGE('',*,*,#15531,.T.);
#15531 = EDGE_CURVE('',#12413,#13775,#15532,.T.);
#15532 = LINE('',#15533,#15534);
#15533 = CARTESIAN_POINT('',(114.5,-92.8509,-4.6E-02));
#15534 = VECTOR('',#15535,1.);
#15535 = DIRECTION('',(0.,0.,1.));
#15536 = ORIENTED_EDGE('',*,*,#13774,.F.);
#15537 = ORIENTED_EDGE('',*,*,#15531,.F.);
#15538 = CYLINDRICAL_SURFACE('',#15539,0.8509);
#15539 = AXIS2_PLACEMENT_3D('',#15540,#15541,#15542);
#15540 = CARTESIAN_POINT('',(114.5,-92.,-4.6E-02));
#15541 = DIRECTION('',(-0.,-0.,-1.));
#15542 = DIRECTION('',(-0.,-1.,0.));
#15543 = ADVANCED_FACE('',(#15544),#15555,.F.);
#15544 = FACE_BOUND('',#15545,.T.);
#15545 = EDGE_LOOP('',(#15546,#15547,#15553,#15554));
#15546 = ORIENTED_EDGE('',*,*,#12423,.T.);
#15547 = ORIENTED_EDGE('',*,*,#15548,.T.);
#15548 = EDGE_CURVE('',#12424,#13786,#15549,.T.);
#15549 = LINE('',#15550,#15551);
#15550 = CARTESIAN_POINT('',(109.,-87.55,-4.6E-02));
#15551 = VECTOR('',#15552,1.);
#15552 = DIRECTION('',(0.,0.,1.));
#15553 = ORIENTED_EDGE('',*,*,#13785,.F.);
#15554 = ORIENTED_EDGE('',*,*,#15548,.F.);
#15555 = CYLINDRICAL_SURFACE('',#15556,1.5);
#15556 = AXIS2_PLACEMENT_3D('',#15557,#15558,#15559);
#15557 = CARTESIAN_POINT('',(109.,-86.05,-4.6E-02));
#15558 = DIRECTION('',(-0.,-0.,-1.));
#15559 = DIRECTION('',(-0.,-1.,0.));
#15560 = ADVANCED_FACE('',(#15561),#15572,.F.);
#15561 = FACE_BOUND('',#15562,.T.);
#15562 = EDGE_LOOP('',(#15563,#15564,#15570,#15571));
#15563 = ORIENTED_EDGE('',*,*,#12434,.T.);
#15564 = ORIENTED_EDGE('',*,*,#15565,.T.);
#15565 = EDGE_CURVE('',#12435,#13797,#15566,.T.);
#15566 = LINE('',#15567,#15568);
#15567 = CARTESIAN_POINT('',(114.,-89.75,-4.6E-02));
#15568 = VECTOR('',#15569,1.);
#15569 = DIRECTION('',(0.,0.,1.));
#15570 = ORIENTED_EDGE('',*,*,#13796,.F.);
#15571 = ORIENTED_EDGE('',*,*,#15565,.F.);
#15572 = CYLINDRICAL_SURFACE('',#15573,1.5);
#15573 = AXIS2_PLACEMENT_3D('',#15574,#15575,#15576);
#15574 = CARTESIAN_POINT('',(114.,-88.25,-4.6E-02));
#15575 = DIRECTION('',(-0.,-0.,-1.));
#15576 = DIRECTION('',(-0.,-1.,0.));
#15577 = ADVANCED_FACE('',(#15578),#15589,.F.);
#15578 = FACE_BOUND('',#15579,.T.);
#15579 = EDGE_LOOP('',(#15580,#15581,#15587,#15588));
#15580 = ORIENTED_EDGE('',*,*,#12445,.T.);
#15581 = ORIENTED_EDGE('',*,*,#15582,.T.);
#15582 = EDGE_CURVE('',#12446,#13808,#15583,.T.);
#15583 = LINE('',#15584,#15585);
#15584 = CARTESIAN_POINT('',(121.5,-92.8509,-4.6E-02));
#15585 = VECTOR('',#15586,1.);
#15586 = DIRECTION('',(0.,0.,1.));
#15587 = ORIENTED_EDGE('',*,*,#13807,.F.);
#15588 = ORIENTED_EDGE('',*,*,#15582,.F.);
#15589 = CYLINDRICAL_SURFACE('',#15590,0.8509);
#15590 = AXIS2_PLACEMENT_3D('',#15591,#15592,#15593);
#15591 = CARTESIAN_POINT('',(121.5,-92.,-4.6E-02));
#15592 = DIRECTION('',(-0.,-0.,-1.));
#15593 = DIRECTION('',(-0.,-1.,0.));
#15594 = ADVANCED_FACE('',(#15595),#15606,.F.);
#15595 = FACE_BOUND('',#15596,.T.);
#15596 = EDGE_LOOP('',(#15597,#15598,#15604,#15605));
#15597 = ORIENTED_EDGE('',*,*,#12456,.T.);
#15598 = ORIENTED_EDGE('',*,*,#15599,.T.);
#15599 = EDGE_CURVE('',#12457,#13819,#15600,.T.);
#15600 = LINE('',#15601,#15602);
#15601 = CARTESIAN_POINT('',(127.,-93.7145,-4.6E-02));
#15602 = VECTOR('',#15603,1.);
#15603 = DIRECTION('',(0.,0.,1.));
#15604 = ORIENTED_EDGE('',*,*,#13818,.F.);
#15605 = ORIENTED_EDGE('',*,*,#15599,.F.);
#15606 = CYLINDRICAL_SURFACE('',#15607,1.7145);
#15607 = AXIS2_PLACEMENT_3D('',#15608,#15609,#15610);
#15608 = CARTESIAN_POINT('',(127.,-92.,-4.6E-02));
#15609 = DIRECTION('',(-0.,-0.,-1.));
#15610 = DIRECTION('',(-0.,-1.,0.));
#15611 = ADVANCED_FACE('',(#15612),#15623,.F.);
#15612 = FACE_BOUND('',#15613,.T.);
#15613 = EDGE_LOOP('',(#15614,#15615,#15621,#15622));
#15614 = ORIENTED_EDGE('',*,*,#12467,.T.);
#15615 = ORIENTED_EDGE('',*,*,#15616,.T.);
#15616 = EDGE_CURVE('',#12468,#13830,#15617,.T.);
#15617 = LINE('',#15618,#15619);
#15618 = CARTESIAN_POINT('',(132.5,-92.8509,-4.6E-02));
#15619 = VECTOR('',#15620,1.);
#15620 = DIRECTION('',(0.,0.,1.));
#15621 = ORIENTED_EDGE('',*,*,#13829,.F.);
#15622 = ORIENTED_EDGE('',*,*,#15616,.F.);
#15623 = CYLINDRICAL_SURFACE('',#15624,0.8509);
#15624 = AXIS2_PLACEMENT_3D('',#15625,#15626,#15627);
#15625 = CARTESIAN_POINT('',(132.5,-92.,-4.6E-02));
#15626 = DIRECTION('',(-0.,-0.,-1.));
#15627 = DIRECTION('',(-0.,-1.,0.));
#15628 = ADVANCED_FACE('',(#15629),#15640,.F.);
#15629 = FACE_BOUND('',#15630,.T.);
#15630 = EDGE_LOOP('',(#15631,#15632,#15638,#15639));
#15631 = ORIENTED_EDGE('',*,*,#12478,.T.);
#15632 = ORIENTED_EDGE('',*,*,#15633,.T.);
#15633 = EDGE_CURVE('',#12479,#13841,#15634,.T.);
#15634 = LINE('',#15635,#15636);
#15635 = CARTESIAN_POINT('',(132.,-89.75,-4.6E-02));
#15636 = VECTOR('',#15637,1.);
#15637 = DIRECTION('',(0.,0.,1.));
#15638 = ORIENTED_EDGE('',*,*,#13840,.F.);
#15639 = ORIENTED_EDGE('',*,*,#15633,.F.);
#15640 = CYLINDRICAL_SURFACE('',#15641,1.5);
#15641 = AXIS2_PLACEMENT_3D('',#15642,#15643,#15644);
#15642 = CARTESIAN_POINT('',(132.,-88.25,-4.6E-02));
#15643 = DIRECTION('',(-0.,-0.,-1.));
#15644 = DIRECTION('',(-0.,-1.,0.));
#15645 = ADVANCED_FACE('',(#15646),#15657,.F.);
#15646 = FACE_BOUND('',#15647,.T.);
#15647 = EDGE_LOOP('',(#15648,#15649,#15655,#15656));
#15648 = ORIENTED_EDGE('',*,*,#12489,.T.);
#15649 = ORIENTED_EDGE('',*,*,#15650,.T.);
#15650 = EDGE_CURVE('',#12490,#13852,#15651,.T.);
#15651 = LINE('',#15652,#15653);
#15652 = CARTESIAN_POINT('',(127.,-87.55,-4.6E-02));
#15653 = VECTOR('',#15654,1.);
#15654 = DIRECTION('',(0.,0.,1.));
#15655 = ORIENTED_EDGE('',*,*,#13851,.F.);
#15656 = ORIENTED_EDGE('',*,*,#15650,.F.);
#15657 = CYLINDRICAL_SURFACE('',#15658,1.5);
#15658 = AXIS2_PLACEMENT_3D('',#15659,#15660,#15661);
#15659 = CARTESIAN_POINT('',(127.,-86.05,-4.6E-02));
#15660 = DIRECTION('',(-0.,-0.,-1.));
#15661 = DIRECTION('',(-0.,-1.,0.));
#15662 = ADVANCED_FACE('',(#15663),#15674,.F.);
#15663 = FACE_BOUND('',#15664,.T.);
#15664 = EDGE_LOOP('',(#15665,#15666,#15672,#15673));
#15665 = ORIENTED_EDGE('',*,*,#12500,.T.);
#15666 = ORIENTED_EDGE('',*,*,#15667,.T.);
#15667 = EDGE_CURVE('',#12501,#13863,#15668,.T.);
#15668 = LINE('',#15669,#15670);
#15669 = CARTESIAN_POINT('',(103.78,-79.6953,-4.6E-02));
#15670 = VECTOR('',#15671,1.);
#15671 = DIRECTION('',(0.,0.,1.));
#15672 = ORIENTED_EDGE('',*,*,#13862,.F.);
#15673 = ORIENTED_EDGE('',*,*,#15667,.F.);
#15674 = CYLINDRICAL_SURFACE('',#15675,0.4953);
#15675 = AXIS2_PLACEMENT_3D('',#15676,#15677,#15678);
#15676 = CARTESIAN_POINT('',(103.78,-79.2,-4.6E-02));
#15677 = DIRECTION('',(-0.,-0.,-1.));
#15678 = DIRECTION('',(-0.,-1.,0.));
#15679 = ADVANCED_FACE('',(#15680),#15691,.F.);
#15680 = FACE_BOUND('',#15681,.T.);
#15681 = EDGE_LOOP('',(#15682,#15683,#15689,#15690));
#15682 = ORIENTED_EDGE('',*,*,#12511,.T.);
#15683 = ORIENTED_EDGE('',*,*,#15684,.T.);
#15684 = EDGE_CURVE('',#12512,#13874,#15685,.T.);
#15685 = LINE('',#15686,#15687);
#15686 = CARTESIAN_POINT('',(103.5,-75.8509,-4.6E-02));
#15687 = VECTOR('',#15688,1.);
#15688 = DIRECTION('',(0.,0.,1.));
#15689 = ORIENTED_EDGE('',*,*,#13873,.F.);
#15690 = ORIENTED_EDGE('',*,*,#15684,.F.);
#15691 = CYLINDRICAL_SURFACE('',#15692,0.8509);
#15692 = AXIS2_PLACEMENT_3D('',#15693,#15694,#15695);
#15693 = CARTESIAN_POINT('',(103.5,-75.,-4.6E-02));
#15694 = DIRECTION('',(-0.,-0.,-1.));
#15695 = DIRECTION('',(-0.,-1.,0.));
#15696 = ADVANCED_FACE('',(#15697),#15708,.F.);
#15697 = FACE_BOUND('',#15698,.T.);
#15698 = EDGE_LOOP('',(#15699,#15700,#15706,#15707));
#15699 = ORIENTED_EDGE('',*,*,#12522,.T.);
#15700 = ORIENTED_EDGE('',*,*,#15701,.T.);
#15701 = EDGE_CURVE('',#12523,#13885,#15702,.T.);
#15702 = LINE('',#15703,#15704);
#15703 = CARTESIAN_POINT('',(109.,-76.7145,-4.6E-02));
#15704 = VECTOR('',#15705,1.);
#15705 = DIRECTION('',(0.,0.,1.));
#15706 = ORIENTED_EDGE('',*,*,#13884,.F.);
#15707 = ORIENTED_EDGE('',*,*,#15701,.F.);
#15708 = CYLINDRICAL_SURFACE('',#15709,1.7145);
#15709 = AXIS2_PLACEMENT_3D('',#15710,#15711,#15712);
#15710 = CARTESIAN_POINT('',(109.,-75.,-4.6E-02));
#15711 = DIRECTION('',(-0.,-0.,-1.));
#15712 = DIRECTION('',(-0.,-1.,0.));
#15713 = ADVANCED_FACE('',(#15714),#15725,.F.);
#15714 = FACE_BOUND('',#15715,.T.);
#15715 = EDGE_LOOP('',(#15716,#15717,#15723,#15724));
#15716 = ORIENTED_EDGE('',*,*,#12533,.T.);
#15717 = ORIENTED_EDGE('',*,*,#15718,.T.);
#15718 = EDGE_CURVE('',#12534,#13896,#15719,.T.);
#15719 = LINE('',#15720,#15721);
#15720 = CARTESIAN_POINT('',(114.5,-75.8509,-4.6E-02));
#15721 = VECTOR('',#15722,1.);
#15722 = DIRECTION('',(0.,0.,1.));
#15723 = ORIENTED_EDGE('',*,*,#13895,.F.);
#15724 = ORIENTED_EDGE('',*,*,#15718,.F.);
#15725 = CYLINDRICAL_SURFACE('',#15726,0.8509);
#15726 = AXIS2_PLACEMENT_3D('',#15727,#15728,#15729);
#15727 = CARTESIAN_POINT('',(114.5,-75.,-4.6E-02));
#15728 = DIRECTION('',(-0.,-0.,-1.));
#15729 = DIRECTION('',(-0.,-1.,0.));
#15730 = ADVANCED_FACE('',(#15731),#15742,.F.);
#15731 = FACE_BOUND('',#15732,.T.);
#15732 = EDGE_LOOP('',(#15733,#15734,#15740,#15741));
#15733 = ORIENTED_EDGE('',*,*,#12544,.T.);
#15734 = ORIENTED_EDGE('',*,*,#15735,.T.);
#15735 = EDGE_CURVE('',#12545,#13907,#15736,.T.);
#15736 = LINE('',#15737,#15738);
#15737 = CARTESIAN_POINT('',(121.78,-79.6953,-4.6E-02));
#15738 = VECTOR('',#15739,1.);
#15739 = DIRECTION('',(0.,0.,1.));
#15740 = ORIENTED_EDGE('',*,*,#13906,.F.);
#15741 = ORIENTED_EDGE('',*,*,#15735,.F.);
#15742 = CYLINDRICAL_SURFACE('',#15743,0.4953);
#15743 = AXIS2_PLACEMENT_3D('',#15744,#15745,#15746);
#15744 = CARTESIAN_POINT('',(121.78,-79.2,-4.6E-02));
#15745 = DIRECTION('',(-0.,-0.,-1.));
#15746 = DIRECTION('',(-0.,-1.,0.));
#15747 = ADVANCED_FACE('',(#15748),#15759,.F.);
#15748 = FACE_BOUND('',#15749,.T.);
#15749 = EDGE_LOOP('',(#15750,#15751,#15757,#15758));
#15750 = ORIENTED_EDGE('',*,*,#12555,.T.);
#15751 = ORIENTED_EDGE('',*,*,#15752,.T.);
#15752 = EDGE_CURVE('',#12556,#13918,#15753,.T.);
#15753 = LINE('',#15754,#15755);
#15754 = CARTESIAN_POINT('',(121.5,-75.8509,-4.6E-02));
#15755 = VECTOR('',#15756,1.);
#15756 = DIRECTION('',(0.,0.,1.));
#15757 = ORIENTED_EDGE('',*,*,#13917,.F.);
#15758 = ORIENTED_EDGE('',*,*,#15752,.F.);
#15759 = CYLINDRICAL_SURFACE('',#15760,0.8509);
#15760 = AXIS2_PLACEMENT_3D('',#15761,#15762,#15763);
#15761 = CARTESIAN_POINT('',(121.5,-75.,-4.6E-02));
#15762 = DIRECTION('',(-0.,-0.,-1.));
#15763 = DIRECTION('',(-0.,-1.,0.));
#15764 = ADVANCED_FACE('',(#15765),#15776,.F.);
#15765 = FACE_BOUND('',#15766,.T.);
#15766 = EDGE_LOOP('',(#15767,#15768,#15774,#15775));
#15767 = ORIENTED_EDGE('',*,*,#12566,.T.);
#15768 = ORIENTED_EDGE('',*,*,#15769,.T.);
#15769 = EDGE_CURVE('',#12567,#13929,#15770,.T.);
#15770 = LINE('',#15771,#15772);
#15771 = CARTESIAN_POINT('',(127.,-76.7145,-4.6E-02));
#15772 = VECTOR('',#15773,1.);
#15773 = DIRECTION('',(0.,0.,1.));
#15774 = ORIENTED_EDGE('',*,*,#13928,.F.);
#15775 = ORIENTED_EDGE('',*,*,#15769,.F.);
#15776 = CYLINDRICAL_SURFACE('',#15777,1.7145);
#15777 = AXIS2_PLACEMENT_3D('',#15778,#15779,#15780);
#15778 = CARTESIAN_POINT('',(127.,-75.,-4.6E-02));
#15779 = DIRECTION('',(-0.,-0.,-1.));
#15780 = DIRECTION('',(-0.,-1.,0.));
#15781 = ADVANCED_FACE('',(#15782),#15793,.F.);
#15782 = FACE_BOUND('',#15783,.T.);
#15783 = EDGE_LOOP('',(#15784,#15785,#15791,#15792));
#15784 = ORIENTED_EDGE('',*,*,#12577,.T.);
#15785 = ORIENTED_EDGE('',*,*,#15786,.T.);
#15786 = EDGE_CURVE('',#12578,#13940,#15787,.T.);
#15787 = LINE('',#15788,#15789);
#15788 = CARTESIAN_POINT('',(132.5,-75.8509,-4.6E-02));
#15789 = VECTOR('',#15790,1.);
#15790 = DIRECTION('',(0.,0.,1.));
#15791 = ORIENTED_EDGE('',*,*,#13939,.F.);
#15792 = ORIENTED_EDGE('',*,*,#15786,.F.);
#15793 = CYLINDRICAL_SURFACE('',#15794,0.8509);
#15794 = AXIS2_PLACEMENT_3D('',#15795,#15796,#15797);
#15795 = CARTESIAN_POINT('',(132.5,-75.,-4.6E-02));
#15796 = DIRECTION('',(-0.,-0.,-1.));
#15797 = DIRECTION('',(-0.,-1.,0.));
#15798 = ADVANCED_FACE('',(#15799),#15810,.F.);
#15799 = FACE_BOUND('',#15800,.T.);
#15800 = EDGE_LOOP('',(#15801,#15802,#15808,#15809));
#15801 = ORIENTED_EDGE('',*,*,#12588,.T.);
#15802 = ORIENTED_EDGE('',*,*,#15803,.T.);
#15803 = EDGE_CURVE('',#12589,#13951,#15804,.T.);
#15804 = LINE('',#15805,#15806);
#15805 = CARTESIAN_POINT('',(139.78,-85.6953,-4.6E-02));
#15806 = VECTOR('',#15807,1.);
#15807 = DIRECTION('',(0.,0.,1.));
#15808 = ORIENTED_EDGE('',*,*,#13950,.F.);
#15809 = ORIENTED_EDGE('',*,*,#15803,.F.);
#15810 = CYLINDRICAL_SURFACE('',#15811,0.4953);
#15811 = AXIS2_PLACEMENT_3D('',#15812,#15813,#15814);
#15812 = CARTESIAN_POINT('',(139.78,-85.2,-4.6E-02));
#15813 = DIRECTION('',(-0.,0.,-1.));
#15814 = DIRECTION('',(5.738281734384E-14,-1.,-0.));
#15815 = ADVANCED_FACE('',(#15816),#15827,.F.);
#15816 = FACE_BOUND('',#15817,.T.);
#15817 = EDGE_LOOP('',(#15818,#15819,#15825,#15826));
#15818 = ORIENTED_EDGE('',*,*,#12599,.T.);
#15819 = ORIENTED_EDGE('',*,*,#15820,.T.);
#15820 = EDGE_CURVE('',#12600,#13962,#15821,.T.);
#15821 = LINE('',#15822,#15823);
#15822 = CARTESIAN_POINT('',(139.5,-81.8509,-4.6E-02));
#15823 = VECTOR('',#15824,1.);
#15824 = DIRECTION('',(0.,0.,1.));
#15825 = ORIENTED_EDGE('',*,*,#13961,.F.);
#15826 = ORIENTED_EDGE('',*,*,#15820,.F.);
#15827 = CYLINDRICAL_SURFACE('',#15828,0.8509);
#15828 = AXIS2_PLACEMENT_3D('',#15829,#15830,#15831);
#15829 = CARTESIAN_POINT('',(139.5,-81.,-4.6E-02));
#15830 = DIRECTION('',(-0.,-0.,-1.));
#15831 = DIRECTION('',(-0.,-1.,0.));
#15832 = ADVANCED_FACE('',(#15833),#15844,.F.);
#15833 = FACE_BOUND('',#15834,.T.);
#15834 = EDGE_LOOP('',(#15835,#15836,#15842,#15843));
#15835 = ORIENTED_EDGE('',*,*,#12610,.T.);
#15836 = ORIENTED_EDGE('',*,*,#15837,.T.);
#15837 = EDGE_CURVE('',#12611,#13973,#15838,.T.);
#15838 = LINE('',#15839,#15840);
#15839 = CARTESIAN_POINT('',(145.,-82.7145,-4.6E-02));
#15840 = VECTOR('',#15841,1.);
#15841 = DIRECTION('',(0.,0.,1.));
#15842 = ORIENTED_EDGE('',*,*,#13972,.F.);
#15843 = ORIENTED_EDGE('',*,*,#15837,.F.);
#15844 = CYLINDRICAL_SURFACE('',#15845,1.7145);
#15845 = AXIS2_PLACEMENT_3D('',#15846,#15847,#15848);
#15846 = CARTESIAN_POINT('',(145.,-81.,-4.6E-02));
#15847 = DIRECTION('',(-0.,-0.,-1.));
#15848 = DIRECTION('',(-0.,-1.,0.));
#15849 = ADVANCED_FACE('',(#15850),#15861,.F.);
#15850 = FACE_BOUND('',#15851,.T.);
#15851 = EDGE_LOOP('',(#15852,#15853,#15859,#15860));
#15852 = ORIENTED_EDGE('',*,*,#12621,.T.);
#15853 = ORIENTED_EDGE('',*,*,#15854,.T.);
#15854 = EDGE_CURVE('',#12622,#13984,#15855,.T.);
#15855 = LINE('',#15856,#15857);
#15856 = CARTESIAN_POINT('',(145.,-76.55,-4.6E-02));
#15857 = VECTOR('',#15858,1.);
#15858 = DIRECTION('',(0.,0.,1.));
#15859 = ORIENTED_EDGE('',*,*,#13983,.F.);
#15860 = ORIENTED_EDGE('',*,*,#15854,.F.);
#15861 = CYLINDRICAL_SURFACE('',#15862,1.5);
#15862 = AXIS2_PLACEMENT_3D('',#15863,#15864,#15865);
#15863 = CARTESIAN_POINT('',(145.,-75.05,-4.6E-02));
#15864 = DIRECTION('',(-0.,-0.,-1.));
#15865 = DIRECTION('',(-0.,-1.,0.));
#15866 = ADVANCED_FACE('',(#15867),#15878,.F.);
#15867 = FACE_BOUND('',#15868,.T.);
#15868 = EDGE_LOOP('',(#15869,#15870,#15876,#15877));
#15869 = ORIENTED_EDGE('',*,*,#12632,.T.);
#15870 = ORIENTED_EDGE('',*,*,#15871,.T.);
#15871 = EDGE_CURVE('',#12633,#13995,#15872,.T.);
#15872 = LINE('',#15873,#15874);
#15873 = CARTESIAN_POINT('',(150.5,-81.8509,-4.6E-02));
#15874 = VECTOR('',#15875,1.);
#15875 = DIRECTION('',(0.,0.,1.));
#15876 = ORIENTED_EDGE('',*,*,#13994,.F.);
#15877 = ORIENTED_EDGE('',*,*,#15871,.F.);
#15878 = CYLINDRICAL_SURFACE('',#15879,0.8509);
#15879 = AXIS2_PLACEMENT_3D('',#15880,#15881,#15882);
#15880 = CARTESIAN_POINT('',(150.5,-81.,-4.6E-02));
#15881 = DIRECTION('',(-0.,-0.,-1.));
#15882 = DIRECTION('',(-0.,-1.,0.));
#15883 = ADVANCED_FACE('',(#15884),#15895,.F.);
#15884 = FACE_BOUND('',#15885,.T.);
#15885 = EDGE_LOOP('',(#15886,#15887,#15893,#15894));
#15886 = ORIENTED_EDGE('',*,*,#12643,.T.);
#15887 = ORIENTED_EDGE('',*,*,#15888,.T.);
#15888 = EDGE_CURVE('',#12644,#14006,#15889,.T.);
#15889 = LINE('',#15890,#15891);
#15890 = CARTESIAN_POINT('',(157.78,-80.6953,-4.6E-02));
#15891 = VECTOR('',#15892,1.);
#15892 = DIRECTION('',(0.,0.,1.));
#15893 = ORIENTED_EDGE('',*,*,#14005,.F.);
#15894 = ORIENTED_EDGE('',*,*,#15888,.F.);
#15895 = CYLINDRICAL_SURFACE('',#15896,0.4953);
#15896 = AXIS2_PLACEMENT_3D('',#15897,#15898,#15899);
#15897 = CARTESIAN_POINT('',(157.78,-80.2,-4.6E-02));
#15898 = DIRECTION('',(-0.,0.,-1.));
#15899 = DIRECTION('',(5.738281734384E-14,-1.,-0.));
#15900 = ADVANCED_FACE('',(#15901),#15912,.F.);
#15901 = FACE_BOUND('',#15902,.T.);
#15902 = EDGE_LOOP('',(#15903,#15904,#15910,#15911));
#15903 = ORIENTED_EDGE('',*,*,#12654,.T.);
#15904 = ORIENTED_EDGE('',*,*,#15905,.T.);
#15905 = EDGE_CURVE('',#12655,#14017,#15906,.T.);
#15906 = LINE('',#15907,#15908);
#15907 = CARTESIAN_POINT('',(150.,-78.75,-4.6E-02));
#15908 = VECTOR('',#15909,1.);
#15909 = DIRECTION('',(0.,0.,1.));
#15910 = ORIENTED_EDGE('',*,*,#14016,.F.);
#15911 = ORIENTED_EDGE('',*,*,#15905,.F.);
#15912 = CYLINDRICAL_SURFACE('',#15913,1.5);
#15913 = AXIS2_PLACEMENT_3D('',#15914,#15915,#15916);
#15914 = CARTESIAN_POINT('',(150.,-77.25,-4.6E-02));
#15915 = DIRECTION('',(-0.,-0.,-1.));
#15916 = DIRECTION('',(-0.,-1.,0.));
#15917 = ADVANCED_FACE('',(#15918),#15929,.F.);
#15918 = FACE_BOUND('',#15919,.T.);
#15919 = EDGE_LOOP('',(#15920,#15921,#15927,#15928));
#15920 = ORIENTED_EDGE('',*,*,#12665,.T.);
#15921 = ORIENTED_EDGE('',*,*,#15922,.T.);
#15922 = EDGE_CURVE('',#12666,#14028,#15923,.T.);
#15923 = LINE('',#15924,#15925);
#15924 = CARTESIAN_POINT('',(157.5,-76.8509,-4.6E-02));
#15925 = VECTOR('',#15926,1.);
#15926 = DIRECTION('',(0.,0.,1.));
#15927 = ORIENTED_EDGE('',*,*,#14027,.F.);
#15928 = ORIENTED_EDGE('',*,*,#15922,.F.);
#15929 = CYLINDRICAL_SURFACE('',#15930,0.8509);
#15930 = AXIS2_PLACEMENT_3D('',#15931,#15932,#15933);
#15931 = CARTESIAN_POINT('',(157.5,-76.,-4.6E-02));
#15932 = DIRECTION('',(-0.,-0.,-1.));
#15933 = DIRECTION('',(-0.,-1.,0.));
#15934 = ADVANCED_FACE('',(#15935),#15946,.F.);
#15935 = FACE_BOUND('',#15936,.T.);
#15936 = EDGE_LOOP('',(#15937,#15938,#15944,#15945));
#15937 = ORIENTED_EDGE('',*,*,#12676,.T.);
#15938 = ORIENTED_EDGE('',*,*,#15939,.T.);
#15939 = EDGE_CURVE('',#12677,#14039,#15940,.T.);
#15940 = LINE('',#15941,#15942);
#15941 = CARTESIAN_POINT('',(163.,-77.7145,-4.6E-02));
#15942 = VECTOR('',#15943,1.);
#15943 = DIRECTION('',(0.,0.,1.));
#15944 = ORIENTED_EDGE('',*,*,#14038,.F.);
#15945 = ORIENTED_EDGE('',*,*,#15939,.F.);
#15946 = CYLINDRICAL_SURFACE('',#15947,1.7145);
#15947 = AXIS2_PLACEMENT_3D('',#15948,#15949,#15950);
#15948 = CARTESIAN_POINT('',(163.,-76.,-4.6E-02));
#15949 = DIRECTION('',(-0.,-0.,-1.));
#15950 = DIRECTION('',(-0.,-1.,0.));
#15951 = ADVANCED_FACE('',(#15952),#15963,.F.);
#15952 = FACE_BOUND('',#15953,.T.);
#15953 = EDGE_LOOP('',(#15954,#15955,#15961,#15962));
#15954 = ORIENTED_EDGE('',*,*,#12687,.T.);
#15955 = ORIENTED_EDGE('',*,*,#15956,.T.);
#15956 = EDGE_CURVE('',#12688,#14050,#15957,.T.);
#15957 = LINE('',#15958,#15959);
#15958 = CARTESIAN_POINT('',(109.,-70.55,-4.6E-02));
#15959 = VECTOR('',#15960,1.);
#15960 = DIRECTION('',(0.,0.,1.));
#15961 = ORIENTED_EDGE('',*,*,#14049,.F.);
#15962 = ORIENTED_EDGE('',*,*,#15956,.F.);
#15963 = CYLINDRICAL_SURFACE('',#15964,1.5);
#15964 = AXIS2_PLACEMENT_3D('',#15965,#15966,#15967);
#15965 = CARTESIAN_POINT('',(109.,-69.05,-4.6E-02));
#15966 = DIRECTION('',(-0.,-0.,-1.));
#15967 = DIRECTION('',(-0.,-1.,0.));
#15968 = ADVANCED_FACE('',(#15969),#15980,.F.);
#15969 = FACE_BOUND('',#15970,.T.);
#15970 = EDGE_LOOP('',(#15971,#15972,#15978,#15979));
#15971 = ORIENTED_EDGE('',*,*,#12698,.T.);
#15972 = ORIENTED_EDGE('',*,*,#15973,.T.);
#15973 = EDGE_CURVE('',#12699,#14061,#15974,.T.);
#15974 = LINE('',#15975,#15976);
#15975 = CARTESIAN_POINT('',(114.,-72.75,-4.6E-02));
#15976 = VECTOR('',#15977,1.);
#15977 = DIRECTION('',(0.,0.,1.));
#15978 = ORIENTED_EDGE('',*,*,#14060,.F.);
#15979 = ORIENTED_EDGE('',*,*,#15973,.F.);
#15980 = CYLINDRICAL_SURFACE('',#15981,1.5);
#15981 = AXIS2_PLACEMENT_3D('',#15982,#15983,#15984);
#15982 = CARTESIAN_POINT('',(114.,-71.25,-4.6E-02));
#15983 = DIRECTION('',(-0.,-0.,-1.));
#15984 = DIRECTION('',(-0.,-1.,0.));
#15985 = ADVANCED_FACE('',(#15986),#15997,.F.);
#15986 = FACE_BOUND('',#15987,.T.);
#15987 = EDGE_LOOP('',(#15988,#15989,#15995,#15996));
#15988 = ORIENTED_EDGE('',*,*,#12709,.T.);
#15989 = ORIENTED_EDGE('',*,*,#15990,.T.);
#15990 = EDGE_CURVE('',#12710,#14072,#15991,.T.);
#15991 = LINE('',#15992,#15993);
#15992 = CARTESIAN_POINT('',(132.,-72.75,-4.6E-02));
#15993 = VECTOR('',#15994,1.);
#15994 = DIRECTION('',(0.,0.,1.));
#15995 = ORIENTED_EDGE('',*,*,#14071,.F.);
#15996 = ORIENTED_EDGE('',*,*,#15990,.F.);
#15997 = CYLINDRICAL_SURFACE('',#15998,1.5);
#15998 = AXIS2_PLACEMENT_3D('',#15999,#16000,#16001);
#15999 = CARTESIAN_POINT('',(132.,-71.25,-4.6E-02));
#16000 = DIRECTION('',(-0.,-0.,-1.));
#16001 = DIRECTION('',(-0.,-1.,0.));
#16002 = ADVANCED_FACE('',(#16003),#16014,.F.);
#16003 = FACE_BOUND('',#16004,.T.);
#16004 = EDGE_LOOP('',(#16005,#16006,#16012,#16013));
#16005 = ORIENTED_EDGE('',*,*,#12720,.T.);
#16006 = ORIENTED_EDGE('',*,*,#16007,.T.);
#16007 = EDGE_CURVE('',#12721,#14083,#16008,.T.);
#16008 = LINE('',#16009,#16010);
#16009 = CARTESIAN_POINT('',(127.,-70.55,-4.6E-02));
#16010 = VECTOR('',#16011,1.);
#16011 = DIRECTION('',(0.,0.,1.));
#16012 = ORIENTED_EDGE('',*,*,#14082,.F.);
#16013 = ORIENTED_EDGE('',*,*,#16007,.F.);
#16014 = CYLINDRICAL_SURFACE('',#16015,1.5);
#16015 = AXIS2_PLACEMENT_3D('',#16016,#16017,#16018);
#16016 = CARTESIAN_POINT('',(127.,-69.05,-4.6E-02));
#16017 = DIRECTION('',(-0.,-0.,-1.));
#16018 = DIRECTION('',(-0.,-1.,0.));
#16019 = ADVANCED_FACE('',(#16020),#16031,.F.);
#16020 = FACE_BOUND('',#16021,.T.);
#16021 = EDGE_LOOP('',(#16022,#16023,#16029,#16030));
#16022 = ORIENTED_EDGE('',*,*,#12731,.T.);
#16023 = ORIENTED_EDGE('',*,*,#16024,.T.);
#16024 = EDGE_CURVE('',#12732,#14094,#16025,.T.);
#16025 = LINE('',#16026,#16027);
#16026 = CARTESIAN_POINT('',(139.78,-68.6953,-4.6E-02));
#16027 = VECTOR('',#16028,1.);
#16028 = DIRECTION('',(0.,0.,1.));
#16029 = ORIENTED_EDGE('',*,*,#14093,.F.);
#16030 = ORIENTED_EDGE('',*,*,#16024,.F.);
#16031 = CYLINDRICAL_SURFACE('',#16032,0.4953);
#16032 = AXIS2_PLACEMENT_3D('',#16033,#16034,#16035);
#16033 = CARTESIAN_POINT('',(139.78,-68.2,-4.6E-02));
#16034 = DIRECTION('',(-0.,0.,-1.));
#16035 = DIRECTION('',(5.738281734384E-14,-1.,-0.));
#16036 = ADVANCED_FACE('',(#16037),#16048,.F.);
#16037 = FACE_BOUND('',#16038,.T.);
#16038 = EDGE_LOOP('',(#16039,#16040,#16046,#16047));
#16039 = ORIENTED_EDGE('',*,*,#12742,.T.);
#16040 = ORIENTED_EDGE('',*,*,#16041,.T.);
#16041 = EDGE_CURVE('',#12743,#14105,#16042,.T.);
#16042 = LINE('',#16043,#16044);
#16043 = CARTESIAN_POINT('',(139.5,-64.8509,-4.6E-02));
#16044 = VECTOR('',#16045,1.);
#16045 = DIRECTION('',(0.,0.,1.));
#16046 = ORIENTED_EDGE('',*,*,#14104,.F.);
#16047 = ORIENTED_EDGE('',*,*,#16041,.F.);
#16048 = CYLINDRICAL_SURFACE('',#16049,0.8509);
#16049 = AXIS2_PLACEMENT_3D('',#16050,#16051,#16052);
#16050 = CARTESIAN_POINT('',(139.5,-64.,-4.6E-02));
#16051 = DIRECTION('',(-0.,-0.,-1.));
#16052 = DIRECTION('',(-0.,-1.,0.));
#16053 = ADVANCED_FACE('',(#16054),#16065,.F.);
#16054 = FACE_BOUND('',#16055,.T.);
#16055 = EDGE_LOOP('',(#16056,#16057,#16063,#16064));
#16056 = ORIENTED_EDGE('',*,*,#12753,.T.);
#16057 = ORIENTED_EDGE('',*,*,#16058,.T.);
#16058 = EDGE_CURVE('',#12754,#14116,#16059,.T.);
#16059 = LINE('',#16060,#16061);
#16060 = CARTESIAN_POINT('',(145.,-65.7145,-4.6E-02));
#16061 = VECTOR('',#16062,1.);
#16062 = DIRECTION('',(0.,0.,1.));
#16063 = ORIENTED_EDGE('',*,*,#14115,.F.);
#16064 = ORIENTED_EDGE('',*,*,#16058,.F.);
#16065 = CYLINDRICAL_SURFACE('',#16066,1.7145);
#16066 = AXIS2_PLACEMENT_3D('',#16067,#16068,#16069);
#16067 = CARTESIAN_POINT('',(145.,-64.,-4.6E-02));
#16068 = DIRECTION('',(-0.,-0.,-1.));
#16069 = DIRECTION('',(-0.,-1.,0.));
#16070 = ADVANCED_FACE('',(#16071),#16082,.F.);
#16071 = FACE_BOUND('',#16072,.T.);
#16072 = EDGE_LOOP('',(#16073,#16074,#16080,#16081));
#16073 = ORIENTED_EDGE('',*,*,#12764,.T.);
#16074 = ORIENTED_EDGE('',*,*,#16075,.T.);
#16075 = EDGE_CURVE('',#12765,#14127,#16076,.T.);
#16076 = LINE('',#16077,#16078);
#16077 = CARTESIAN_POINT('',(163.,-71.55,-4.6E-02));
#16078 = VECTOR('',#16079,1.);
#16079 = DIRECTION('',(0.,0.,1.));
#16080 = ORIENTED_EDGE('',*,*,#14126,.F.);
#16081 = ORIENTED_EDGE('',*,*,#16075,.F.);
#16082 = CYLINDRICAL_SURFACE('',#16083,1.5);
#16083 = AXIS2_PLACEMENT_3D('',#16084,#16085,#16086);
#16084 = CARTESIAN_POINT('',(163.,-70.05,-4.6E-02));
#16085 = DIRECTION('',(-0.,-0.,-1.));
#16086 = DIRECTION('',(-0.,-1.,0.));
#16087 = ADVANCED_FACE('',(#16088),#16099,.F.);
#16088 = FACE_BOUND('',#16089,.T.);
#16089 = EDGE_LOOP('',(#16090,#16091,#16097,#16098));
#16090 = ORIENTED_EDGE('',*,*,#12775,.T.);
#16091 = ORIENTED_EDGE('',*,*,#16092,.T.);
#16092 = EDGE_CURVE('',#12776,#14138,#16093,.T.);
#16093 = LINE('',#16094,#16095);
#16094 = CARTESIAN_POINT('',(150.5,-64.8509,-4.6E-02));
#16095 = VECTOR('',#16096,1.);
#16096 = DIRECTION('',(0.,0.,1.));
#16097 = ORIENTED_EDGE('',*,*,#14137,.F.);
#16098 = ORIENTED_EDGE('',*,*,#16092,.F.);
#16099 = CYLINDRICAL_SURFACE('',#16100,0.8509);
#16100 = AXIS2_PLACEMENT_3D('',#16101,#16102,#16103);
#16101 = CARTESIAN_POINT('',(150.5,-64.,-4.6E-02));
#16102 = DIRECTION('',(-0.,-0.,-1.));
#16103 = DIRECTION('',(-0.,-1.,0.));
#16104 = ADVANCED_FACE('',(#16105),#16116,.F.);
#16105 = FACE_BOUND('',#16106,.T.);
#16106 = EDGE_LOOP('',(#16107,#16108,#16114,#16115));
#16107 = ORIENTED_EDGE('',*,*,#12786,.T.);
#16108 = ORIENTED_EDGE('',*,*,#16109,.T.);
#16109 = EDGE_CURVE('',#12787,#14149,#16110,.T.);
#16110 = LINE('',#16111,#16112);
#16111 = CARTESIAN_POINT('',(157.78,-63.6953,-4.6E-02));
#16112 = VECTOR('',#16113,1.);
#16113 = DIRECTION('',(0.,0.,1.));
#16114 = ORIENTED_EDGE('',*,*,#14148,.F.);
#16115 = ORIENTED_EDGE('',*,*,#16109,.F.);
#16116 = CYLINDRICAL_SURFACE('',#16117,0.4953);
#16117 = AXIS2_PLACEMENT_3D('',#16118,#16119,#16120);
#16118 = CARTESIAN_POINT('',(157.78,-63.2,-4.6E-02));
#16119 = DIRECTION('',(-0.,0.,-1.));
#16120 = DIRECTION('',(5.738281734384E-14,-1.,-0.));
#16121 = ADVANCED_FACE('',(#16122),#16133,.F.);
#16122 = FACE_BOUND('',#16123,.T.);
#16123 = EDGE_LOOP('',(#16124,#16125,#16131,#16132));
#16124 = ORIENTED_EDGE('',*,*,#12797,.T.);
#16125 = ORIENTED_EDGE('',*,*,#16126,.T.);
#16126 = EDGE_CURVE('',#12798,#14160,#16127,.T.);
#16127 = LINE('',#16128,#16129);
#16128 = CARTESIAN_POINT('',(145.,-59.55,-4.6E-02));
#16129 = VECTOR('',#16130,1.);
#16130 = DIRECTION('',(0.,0.,1.));
#16131 = ORIENTED_EDGE('',*,*,#14159,.F.);
#16132 = ORIENTED_EDGE('',*,*,#16126,.F.);
#16133 = CYLINDRICAL_SURFACE('',#16134,1.5);
#16134 = AXIS2_PLACEMENT_3D('',#16135,#16136,#16137);
#16135 = CARTESIAN_POINT('',(145.,-58.05,-4.6E-02));
#16136 = DIRECTION('',(-0.,-0.,-1.));
#16137 = DIRECTION('',(-0.,-1.,0.));
#16138 = ADVANCED_FACE('',(#16139),#16150,.F.);
#16139 = FACE_BOUND('',#16140,.T.);
#16140 = EDGE_LOOP('',(#16141,#16142,#16148,#16149));
#16141 = ORIENTED_EDGE('',*,*,#12808,.T.);
#16142 = ORIENTED_EDGE('',*,*,#16143,.T.);
#16143 = EDGE_CURVE('',#12809,#14171,#16144,.T.);
#16144 = LINE('',#16145,#16146);
#16145 = CARTESIAN_POINT('',(150.,-61.75,-4.6E-02));
#16146 = VECTOR('',#16147,1.);
#16147 = DIRECTION('',(0.,0.,1.));
#16148 = ORIENTED_EDGE('',*,*,#14170,.F.);
#16149 = ORIENTED_EDGE('',*,*,#16143,.F.);
#16150 = CYLINDRICAL_SURFACE('',#16151,1.5);
#16151 = AXIS2_PLACEMENT_3D('',#16152,#16153,#16154);
#16152 = CARTESIAN_POINT('',(150.,-60.25,-4.6E-02));
#16153 = DIRECTION('',(-0.,-0.,-1.));
#16154 = DIRECTION('',(-0.,-1.,0.));
#16155 = ADVANCED_FACE('',(#16156),#16167,.F.);
#16156 = FACE_BOUND('',#16157,.T.);
#16157 = EDGE_LOOP('',(#16158,#16159,#16165,#16166));
#16158 = ORIENTED_EDGE('',*,*,#12819,.T.);
#16159 = ORIENTED_EDGE('',*,*,#16160,.T.);
#16160 = EDGE_CURVE('',#12820,#14182,#16161,.T.);
#16161 = LINE('',#16162,#16163);
#16162 = CARTESIAN_POINT('',(157.5,-59.8509,-4.6E-02));
#16163 = VECTOR('',#16164,1.);
#16164 = DIRECTION('',(0.,0.,1.));
#16165 = ORIENTED_EDGE('',*,*,#14181,.F.);
#16166 = ORIENTED_EDGE('',*,*,#16160,.F.);
#16167 = CYLINDRICAL_SURFACE('',#16168,0.8509);
#16168 = AXIS2_PLACEMENT_3D('',#16169,#16170,#16171);
#16169 = CARTESIAN_POINT('',(157.5,-59.,-4.6E-02));
#16170 = DIRECTION('',(-0.,-0.,-1.));
#16171 = DIRECTION('',(-0.,-1.,0.));
#16172 = ADVANCED_FACE('',(#16173),#16184,.F.);
#16173 = FACE_BOUND('',#16174,.T.);
#16174 = EDGE_LOOP('',(#16175,#16176,#16182,#16183));
#16175 = ORIENTED_EDGE('',*,*,#12830,.T.);
#16176 = ORIENTED_EDGE('',*,*,#16177,.T.);
#16177 = EDGE_CURVE('',#12831,#14193,#16178,.T.);
#16178 = LINE('',#16179,#16180);
#16179 = CARTESIAN_POINT('',(163.,-60.7145,-4.6E-02));
#16180 = VECTOR('',#16181,1.);
#16181 = DIRECTION('',(0.,0.,1.));
#16182 = ORIENTED_EDGE('',*,*,#14192,.F.);
#16183 = ORIENTED_EDGE('',*,*,#16177,.F.);
#16184 = CYLINDRICAL_SURFACE('',#16185,1.7145);
#16185 = AXIS2_PLACEMENT_3D('',#16186,#16187,#16188);
#16186 = CARTESIAN_POINT('',(163.,-59.,-4.6E-02));
#16187 = DIRECTION('',(-0.,-0.,-1.));
#16188 = DIRECTION('',(-0.,-1.,0.));
#16189 = ADVANCED_FACE('',(#16190),#16201,.F.);
#16190 = FACE_BOUND('',#16191,.T.);
#16191 = EDGE_LOOP('',(#16192,#16193,#16199,#16200));
#16192 = ORIENTED_EDGE('',*,*,#12841,.T.);
#16193 = ORIENTED_EDGE('',*,*,#16194,.T.);
#16194 = EDGE_CURVE('',#12842,#14204,#16195,.T.);
#16195 = LINE('',#16196,#16197);
#16196 = CARTESIAN_POINT('',(163.,-54.55,-4.6E-02));
#16197 = VECTOR('',#16198,1.);
#16198 = DIRECTION('',(0.,0.,1.));
#16199 = ORIENTED_EDGE('',*,*,#14203,.F.);
#16200 = ORIENTED_EDGE('',*,*,#16194,.F.);
#16201 = CYLINDRICAL_SURFACE('',#16202,1.5);
#16202 = AXIS2_PLACEMENT_3D('',#16203,#16204,#16205);
#16203 = CARTESIAN_POINT('',(163.,-53.05,-4.6E-02));
#16204 = DIRECTION('',(-0.,-0.,-1.));
#16205 = DIRECTION('',(-0.,-1.,0.));
#16206 = ADVANCED_FACE('',(#16207),#16218,.F.);
#16207 = FACE_BOUND('',#16208,.T.);
#16208 = EDGE_LOOP('',(#16209,#16210,#16216,#16217));
#16209 = ORIENTED_EDGE('',*,*,#12852,.T.);
#16210 = ORIENTED_EDGE('',*,*,#16211,.T.);
#16211 = EDGE_CURVE('',#12853,#14215,#16212,.T.);
#16212 = LINE('',#16213,#16214);
#16213 = CARTESIAN_POINT('',(175.78,-90.6953,-4.6E-02));
#16214 = VECTOR('',#16215,1.);
#16215 = DIRECTION('',(0.,0.,1.));
#16216 = ORIENTED_EDGE('',*,*,#14214,.F.);
#16217 = ORIENTED_EDGE('',*,*,#16211,.F.);
#16218 = CYLINDRICAL_SURFACE('',#16219,0.4953);
#16219 = AXIS2_PLACEMENT_3D('',#16220,#16221,#16222);
#16220 = CARTESIAN_POINT('',(175.78,-90.2,-4.6E-02));
#16221 = DIRECTION('',(-0.,0.,-1.));
#16222 = DIRECTION('',(5.738281734384E-14,-1.,-0.));
#16223 = ADVANCED_FACE('',(#16224),#16235,.F.);
#16224 = FACE_BOUND('',#16225,.T.);
#16225 = EDGE_LOOP('',(#16226,#16227,#16233,#16234));
#16226 = ORIENTED_EDGE('',*,*,#12863,.T.);
#16227 = ORIENTED_EDGE('',*,*,#16228,.T.);
#16228 = EDGE_CURVE('',#12864,#14226,#16229,.T.);
#16229 = LINE('',#16230,#16231);
#16230 = CARTESIAN_POINT('',(175.5,-86.8509,-4.6E-02));
#16231 = VECTOR('',#16232,1.);
#16232 = DIRECTION('',(0.,0.,1.));
#16233 = ORIENTED_EDGE('',*,*,#14225,.F.);
#16234 = ORIENTED_EDGE('',*,*,#16228,.F.);
#16235 = CYLINDRICAL_SURFACE('',#16236,0.8509);
#16236 = AXIS2_PLACEMENT_3D('',#16237,#16238,#16239);
#16237 = CARTESIAN_POINT('',(175.5,-86.,-4.6E-02));
#16238 = DIRECTION('',(-0.,-0.,-1.));
#16239 = DIRECTION('',(-0.,-1.,0.));
#16240 = ADVANCED_FACE('',(#16241),#16252,.F.);
#16241 = FACE_BOUND('',#16242,.T.);
#16242 = EDGE_LOOP('',(#16243,#16244,#16250,#16251));
#16243 = ORIENTED_EDGE('',*,*,#12874,.T.);
#16244 = ORIENTED_EDGE('',*,*,#16245,.T.);
#16245 = EDGE_CURVE('',#12875,#14237,#16246,.T.);
#16246 = LINE('',#16247,#16248);
#16247 = CARTESIAN_POINT('',(193.78,-90.6953,-4.6E-02));
#16248 = VECTOR('',#16249,1.);
#16249 = DIRECTION('',(0.,0.,1.));
#16250 = ORIENTED_EDGE('',*,*,#14236,.F.);
#16251 = ORIENTED_EDGE('',*,*,#16245,.F.);
#16252 = CYLINDRICAL_SURFACE('',#16253,0.4953);
#16253 = AXIS2_PLACEMENT_3D('',#16254,#16255,#16256);
#16254 = CARTESIAN_POINT('',(193.78,-90.2,-4.6E-02));
#16255 = DIRECTION('',(-0.,0.,-1.));
#16256 = DIRECTION('',(5.738281734384E-14,-1.,-0.));
#16257 = ADVANCED_FACE('',(#16258),#16269,.F.);
#16258 = FACE_BOUND('',#16259,.T.);
#16259 = EDGE_LOOP('',(#16260,#16261,#16267,#16268));
#16260 = ORIENTED_EDGE('',*,*,#12885,.T.);
#16261 = ORIENTED_EDGE('',*,*,#16262,.T.);
#16262 = EDGE_CURVE('',#12886,#14248,#16263,.T.);
#16263 = LINE('',#16264,#16265);
#16264 = CARTESIAN_POINT('',(181.,-87.7145,-4.6E-02));
#16265 = VECTOR('',#16266,1.);
#16266 = DIRECTION('',(0.,0.,1.));
#16267 = ORIENTED_EDGE('',*,*,#14247,.F.);
#16268 = ORIENTED_EDGE('',*,*,#16262,.F.);
#16269 = CYLINDRICAL_SURFACE('',#16270,1.7145);
#16270 = AXIS2_PLACEMENT_3D('',#16271,#16272,#16273);
#16271 = CARTESIAN_POINT('',(181.,-86.,-4.6E-02));
#16272 = DIRECTION('',(-0.,-0.,-1.));
#16273 = DIRECTION('',(-0.,-1.,0.));
#16274 = ADVANCED_FACE('',(#16275),#16286,.F.);
#16275 = FACE_BOUND('',#16276,.T.);
#16276 = EDGE_LOOP('',(#16277,#16278,#16284,#16285));
#16277 = ORIENTED_EDGE('',*,*,#12896,.T.);
#16278 = ORIENTED_EDGE('',*,*,#16279,.T.);
#16279 = EDGE_CURVE('',#12897,#14259,#16280,.T.);
#16280 = LINE('',#16281,#16282);
#16281 = CARTESIAN_POINT('',(186.5,-86.8509,-4.6E-02));
#16282 = VECTOR('',#16283,1.);
#16283 = DIRECTION('',(0.,0.,1.));
#16284 = ORIENTED_EDGE('',*,*,#14258,.F.);
#16285 = ORIENTED_EDGE('',*,*,#16279,.F.);
#16286 = CYLINDRICAL_SURFACE('',#16287,0.8509);
#16287 = AXIS2_PLACEMENT_3D('',#16288,#16289,#16290);
#16288 = CARTESIAN_POINT('',(186.5,-86.,-4.6E-02));
#16289 = DIRECTION('',(-0.,-0.,-1.));
#16290 = DIRECTION('',(-0.,-1.,0.));
#16291 = ADVANCED_FACE('',(#16292),#16303,.F.);
#16292 = FACE_BOUND('',#16293,.T.);
#16293 = EDGE_LOOP('',(#16294,#16295,#16301,#16302));
#16294 = ORIENTED_EDGE('',*,*,#12907,.T.);
#16295 = ORIENTED_EDGE('',*,*,#16296,.T.);
#16296 = EDGE_CURVE('',#12908,#14270,#16297,.T.);
#16297 = LINE('',#16298,#16299);
#16298 = CARTESIAN_POINT('',(193.5,-86.8509,-4.6E-02));
#16299 = VECTOR('',#16300,1.);
#16300 = DIRECTION('',(0.,0.,1.));
#16301 = ORIENTED_EDGE('',*,*,#14269,.F.);
#16302 = ORIENTED_EDGE('',*,*,#16296,.F.);
#16303 = CYLINDRICAL_SURFACE('',#16304,0.8509);
#16304 = AXIS2_PLACEMENT_3D('',#16305,#16306,#16307);
#16305 = CARTESIAN_POINT('',(193.5,-86.,-4.6E-02));
#16306 = DIRECTION('',(-0.,-0.,-1.));
#16307 = DIRECTION('',(-0.,-1.,0.));
#16308 = ADVANCED_FACE('',(#16309),#16320,.F.);
#16309 = FACE_BOUND('',#16310,.T.);
#16310 = EDGE_LOOP('',(#16311,#16312,#16318,#16319));
#16311 = ORIENTED_EDGE('',*,*,#12918,.T.);
#16312 = ORIENTED_EDGE('',*,*,#16313,.T.);
#16313 = EDGE_CURVE('',#12919,#14281,#16314,.T.);
#16314 = LINE('',#16315,#16316);
#16315 = CARTESIAN_POINT('',(168.5,-76.8509,-4.6E-02));
#16316 = VECTOR('',#16317,1.);
#16317 = DIRECTION('',(0.,0.,1.));
#16318 = ORIENTED_EDGE('',*,*,#14280,.F.);
#16319 = ORIENTED_EDGE('',*,*,#16313,.F.);
#16320 = CYLINDRICAL_SURFACE('',#16321,0.8509);
#16321 = AXIS2_PLACEMENT_3D('',#16322,#16323,#16324);
#16322 = CARTESIAN_POINT('',(168.5,-76.,-4.6E-02));
#16323 = DIRECTION('',(-0.,-0.,-1.));
#16324 = DIRECTION('',(-0.,-1.,0.));
#16325 = ADVANCED_FACE('',(#16326),#16337,.F.);
#16326 = FACE_BOUND('',#16327,.T.);
#16327 = EDGE_LOOP('',(#16328,#16329,#16335,#16336));
#16328 = ORIENTED_EDGE('',*,*,#12929,.T.);
#16329 = ORIENTED_EDGE('',*,*,#16330,.T.);
#16330 = EDGE_CURVE('',#12930,#14292,#16331,.T.);
#16331 = LINE('',#16332,#16333);
#16332 = CARTESIAN_POINT('',(175.78,-73.6953,-4.6E-02));
#16333 = VECTOR('',#16334,1.);
#16334 = DIRECTION('',(0.,0.,1.));
#16335 = ORIENTED_EDGE('',*,*,#14291,.F.);
#16336 = ORIENTED_EDGE('',*,*,#16330,.F.);
#16337 = CYLINDRICAL_SURFACE('',#16338,0.4953);
#16338 = AXIS2_PLACEMENT_3D('',#16339,#16340,#16341);
#16339 = CARTESIAN_POINT('',(175.78,-73.2,-4.6E-02));
#16340 = DIRECTION('',(-0.,0.,-1.));
#16341 = DIRECTION('',(5.738281734384E-14,-1.,-0.));
#16342 = ADVANCED_FACE('',(#16343),#16354,.F.);
#16343 = FACE_BOUND('',#16344,.T.);
#16344 = EDGE_LOOP('',(#16345,#16346,#16352,#16353));
#16345 = ORIENTED_EDGE('',*,*,#12940,.T.);
#16346 = ORIENTED_EDGE('',*,*,#16347,.T.);
#16347 = EDGE_CURVE('',#12941,#14303,#16348,.T.);
#16348 = LINE('',#16349,#16350);
#16349 = CARTESIAN_POINT('',(186.,-83.75,-4.6E-02));
#16350 = VECTOR('',#16351,1.);
#16351 = DIRECTION('',(0.,0.,1.));
#16352 = ORIENTED_EDGE('',*,*,#14302,.F.);
#16353 = ORIENTED_EDGE('',*,*,#16347,.F.);
#16354 = CYLINDRICAL_SURFACE('',#16355,1.5);
#16355 = AXIS2_PLACEMENT_3D('',#16356,#16357,#16358);
#16356 = CARTESIAN_POINT('',(186.,-82.25,-4.6E-02));
#16357 = DIRECTION('',(-0.,-0.,-1.));
#16358 = DIRECTION('',(-0.,-1.,0.));
#16359 = ADVANCED_FACE('',(#16360),#16371,.F.);
#16360 = FACE_BOUND('',#16361,.T.);
#16361 = EDGE_LOOP('',(#16362,#16363,#16369,#16370));
#16362 = ORIENTED_EDGE('',*,*,#12951,.T.);
#16363 = ORIENTED_EDGE('',*,*,#16364,.T.);
#16364 = EDGE_CURVE('',#12952,#14314,#16365,.T.);
#16365 = LINE('',#16366,#16367);
#16366 = CARTESIAN_POINT('',(181.,-81.55,-4.6E-02));
#16367 = VECTOR('',#16368,1.);
#16368 = DIRECTION('',(0.,0.,1.));
#16369 = ORIENTED_EDGE('',*,*,#14313,.F.);
#16370 = ORIENTED_EDGE('',*,*,#16364,.F.);
#16371 = CYLINDRICAL_SURFACE('',#16372,1.5);
#16372 = AXIS2_PLACEMENT_3D('',#16373,#16374,#16375);
#16373 = CARTESIAN_POINT('',(181.,-80.05,-4.6E-02));
#16374 = DIRECTION('',(-0.,-0.,-1.));
#16375 = DIRECTION('',(-0.,-1.,0.));
#16376 = ADVANCED_FACE('',(#16377),#16388,.F.);
#16377 = FACE_BOUND('',#16378,.T.);
#16378 = EDGE_LOOP('',(#16379,#16380,#16386,#16387));
#16379 = ORIENTED_EDGE('',*,*,#12962,.T.);
#16380 = ORIENTED_EDGE('',*,*,#16381,.T.);
#16381 = EDGE_CURVE('',#12963,#14325,#16382,.T.);
#16382 = LINE('',#16383,#16384);
#16383 = CARTESIAN_POINT('',(193.78,-73.6953,-4.6E-02));
#16384 = VECTOR('',#16385,1.);
#16385 = DIRECTION('',(0.,0.,1.));
#16386 = ORIENTED_EDGE('',*,*,#14324,.F.);
#16387 = ORIENTED_EDGE('',*,*,#16381,.F.);
#16388 = CYLINDRICAL_SURFACE('',#16389,0.4953);
#16389 = AXIS2_PLACEMENT_3D('',#16390,#16391,#16392);
#16390 = CARTESIAN_POINT('',(193.78,-73.2,-4.6E-02));
#16391 = DIRECTION('',(-0.,0.,-1.));
#16392 = DIRECTION('',(5.738281734384E-14,-1.,-0.));
#16393 = ADVANCED_FACE('',(#16394),#16405,.F.);
#16394 = FACE_BOUND('',#16395,.T.);
#16395 = EDGE_LOOP('',(#16396,#16397,#16403,#16404));
#16396 = ORIENTED_EDGE('',*,*,#12973,.T.);
#16397 = ORIENTED_EDGE('',*,*,#16398,.T.);
#16398 = EDGE_CURVE('',#12974,#14336,#16399,.T.);
#16399 = LINE('',#16400,#16401);
#16400 = CARTESIAN_POINT('',(199.,-87.7145,-4.6E-02));
#16401 = VECTOR('',#16402,1.);
#16402 = DIRECTION('',(0.,0.,1.));
#16403 = ORIENTED_EDGE('',*,*,#14335,.F.);
#16404 = ORIENTED_EDGE('',*,*,#16398,.F.);
#16405 = CYLINDRICAL_SURFACE('',#16406,1.7145);
#16406 = AXIS2_PLACEMENT_3D('',#16407,#16408,#16409);
#16407 = CARTESIAN_POINT('',(199.,-86.,-4.6E-02));
#16408 = DIRECTION('',(-0.,-0.,-1.));
#16409 = DIRECTION('',(-0.,-1.,0.));
#16410 = ADVANCED_FACE('',(#16411),#16422,.F.);
#16411 = FACE_BOUND('',#16412,.T.);
#16412 = EDGE_LOOP('',(#16413,#16414,#16420,#16421));
#16413 = ORIENTED_EDGE('',*,*,#12984,.T.);
#16414 = ORIENTED_EDGE('',*,*,#16415,.T.);
#16415 = EDGE_CURVE('',#12985,#14347,#16416,.T.);
#16416 = LINE('',#16417,#16418);
#16417 = CARTESIAN_POINT('',(204.5,-86.8509,-4.6E-02));
#16418 = VECTOR('',#16419,1.);
#16419 = DIRECTION('',(0.,0.,1.));
#16420 = ORIENTED_EDGE('',*,*,#14346,.F.);
#16421 = ORIENTED_EDGE('',*,*,#16415,.F.);
#16422 = CYLINDRICAL_SURFACE('',#16423,0.8509);
#16423 = AXIS2_PLACEMENT_3D('',#16424,#16425,#16426);
#16424 = CARTESIAN_POINT('',(204.5,-86.,-4.6E-02));
#16425 = DIRECTION('',(-0.,-0.,-1.));
#16426 = DIRECTION('',(-0.,-1.,0.));
#16427 = ADVANCED_FACE('',(#16428),#16439,.F.);
#16428 = FACE_BOUND('',#16429,.T.);
#16429 = EDGE_LOOP('',(#16430,#16431,#16437,#16438));
#16430 = ORIENTED_EDGE('',*,*,#12995,.T.);
#16431 = ORIENTED_EDGE('',*,*,#16432,.T.);
#16432 = EDGE_CURVE('',#12996,#14358,#16433,.T.);
#16433 = LINE('',#16434,#16435);
#16434 = CARTESIAN_POINT('',(221.325,-93.0553,-4.6E-02));
#16435 = VECTOR('',#16436,1.);
#16436 = DIRECTION('',(0.,0.,1.));
#16437 = ORIENTED_EDGE('',*,*,#14357,.F.);
#16438 = ORIENTED_EDGE('',*,*,#16432,.F.);
#16439 = CYLINDRICAL_SURFACE('',#16440,0.4953);
#16440 = AXIS2_PLACEMENT_3D('',#16441,#16442,#16443);
#16441 = CARTESIAN_POINT('',(221.325,-92.56,-4.6E-02));
#16442 = DIRECTION('',(-0.,-0.,-1.));
#16443 = DIRECTION('',(-0.,-1.,0.));
#16444 = ADVANCED_FACE('',(#16445),#16456,.F.);
#16445 = FACE_BOUND('',#16446,.T.);
#16446 = EDGE_LOOP('',(#16447,#16448,#16454,#16455));
#16447 = ORIENTED_EDGE('',*,*,#13006,.T.);
#16448 = ORIENTED_EDGE('',*,*,#16449,.T.);
#16449 = EDGE_CURVE('',#13007,#14369,#16450,.T.);
#16450 = LINE('',#16451,#16452);
#16451 = CARTESIAN_POINT('',(226.405,-94.0713,-4.6E-02));
#16452 = VECTOR('',#16453,1.);
#16453 = DIRECTION('',(0.,0.,1.));
#16454 = ORIENTED_EDGE('',*,*,#14368,.F.);
#16455 = ORIENTED_EDGE('',*,*,#16449,.F.);
#16456 = CYLINDRICAL_SURFACE('',#16457,0.4953);
#16457 = AXIS2_PLACEMENT_3D('',#16458,#16459,#16460);
#16458 = CARTESIAN_POINT('',(226.405,-93.576,-4.6E-02));
#16459 = DIRECTION('',(-0.,0.,-1.));
#16460 = DIRECTION('',(5.738281734384E-14,-1.,-0.));
#16461 = ADVANCED_FACE('',(#16462),#16473,.F.);
#16462 = FACE_BOUND('',#16463,.T.);
#16463 = EDGE_LOOP('',(#16464,#16465,#16471,#16472));
#16464 = ORIENTED_EDGE('',*,*,#13017,.T.);
#16465 = ORIENTED_EDGE('',*,*,#16466,.T.);
#16466 = EDGE_CURVE('',#13018,#14380,#16467,.T.);
#16467 = LINE('',#16468,#16469);
#16468 = CARTESIAN_POINT('',(221.325,-91.20745,-4.6E-02));
#16469 = VECTOR('',#16470,1.);
#16470 = DIRECTION('',(0.,0.,1.));
#16471 = ORIENTED_EDGE('',*,*,#14379,.F.);
#16472 = ORIENTED_EDGE('',*,*,#16466,.F.);
#16473 = CYLINDRICAL_SURFACE('',#16474,1.18745);
#16474 = AXIS2_PLACEMENT_3D('',#16475,#16476,#16477);
#16475 = CARTESIAN_POINT('',(221.325,-90.02,-4.6E-02));
#16476 = DIRECTION('',(-0.,-0.,-1.));
#16477 = DIRECTION('',(-0.,-1.,0.));
#16478 = ADVANCED_FACE('',(#16479),#16490,.F.);
#16479 = FACE_BOUND('',#16480,.T.);
#16480 = EDGE_LOOP('',(#16481,#16482,#16488,#16489));
#16481 = ORIENTED_EDGE('',*,*,#13028,.T.);
#16482 = ORIENTED_EDGE('',*,*,#16483,.T.);
#16483 = EDGE_CURVE('',#13029,#14391,#16484,.T.);
#16484 = LINE('',#16485,#16486);
#16485 = CARTESIAN_POINT('',(226.405,-92.0393,-4.6E-02));
#16486 = VECTOR('',#16487,1.);
#16487 = DIRECTION('',(0.,0.,1.));
#16488 = ORIENTED_EDGE('',*,*,#14390,.F.);
#16489 = ORIENTED_EDGE('',*,*,#16483,.F.);
#16490 = CYLINDRICAL_SURFACE('',#16491,0.4953);
#16491 = AXIS2_PLACEMENT_3D('',#16492,#16493,#16494);
#16492 = CARTESIAN_POINT('',(226.405,-91.544,-4.6E-02));
#16493 = DIRECTION('',(-0.,0.,-1.));
#16494 = DIRECTION('',(5.738281734384E-14,-1.,-0.));
#16495 = ADVANCED_FACE('',(#16496),#16507,.F.);
#16496 = FACE_BOUND('',#16497,.T.);
#16497 = EDGE_LOOP('',(#16498,#16499,#16505,#16506));
#16498 = ORIENTED_EDGE('',*,*,#13039,.T.);
#16499 = ORIENTED_EDGE('',*,*,#16500,.T.);
#16500 = EDGE_CURVE('',#13040,#14402,#16501,.T.);
#16501 = LINE('',#16502,#16503);
#16502 = CARTESIAN_POINT('',(224.5,-91.20745,-4.6E-02));
#16503 = VECTOR('',#16504,1.);
#16504 = DIRECTION('',(0.,0.,1.));
#16505 = ORIENTED_EDGE('',*,*,#14401,.F.);
#16506 = ORIENTED_EDGE('',*,*,#16500,.F.);
#16507 = CYLINDRICAL_SURFACE('',#16508,1.18745);
#16508 = AXIS2_PLACEMENT_3D('',#16509,#16510,#16511);
#16509 = CARTESIAN_POINT('',(224.5,-90.02,-4.6E-02));
#16510 = DIRECTION('',(-0.,-0.,-1.));
#16511 = DIRECTION('',(-0.,-1.,0.));
#16512 = ADVANCED_FACE('',(#16513),#16524,.F.);
#16513 = FACE_BOUND('',#16514,.T.);
#16514 = EDGE_LOOP('',(#16515,#16516,#16522,#16523));
#16515 = ORIENTED_EDGE('',*,*,#13050,.T.);
#16516 = ORIENTED_EDGE('',*,*,#16517,.T.);
#16517 = EDGE_CURVE('',#13051,#14413,#16518,.T.);
#16518 = LINE('',#16519,#16520);
#16519 = CARTESIAN_POINT('',(199.,-81.55,-4.6E-02));
#16520 = VECTOR('',#16521,1.);
#16521 = DIRECTION('',(0.,0.,1.));
#16522 = ORIENTED_EDGE('',*,*,#14412,.F.);
#16523 = ORIENTED_EDGE('',*,*,#16517,.F.);
#16524 = CYLINDRICAL_SURFACE('',#16525,1.5);
#16525 = AXIS2_PLACEMENT_3D('',#16526,#16527,#16528);
#16526 = CARTESIAN_POINT('',(199.,-80.05,-4.6E-02));
#16527 = DIRECTION('',(-0.,-0.,-1.));
#16528 = DIRECTION('',(-0.,-1.,0.));
#16529 = ADVANCED_FACE('',(#16530),#16541,.F.);
#16530 = FACE_BOUND('',#16531,.T.);
#16531 = EDGE_LOOP('',(#16532,#16533,#16539,#16540));
#16532 = ORIENTED_EDGE('',*,*,#13061,.T.);
#16533 = ORIENTED_EDGE('',*,*,#16534,.T.);
#16534 = EDGE_CURVE('',#13062,#14424,#16535,.T.);
#16535 = LINE('',#16536,#16537);
#16536 = CARTESIAN_POINT('',(204.,-83.75,-4.6E-02));
#16537 = VECTOR('',#16538,1.);
#16538 = DIRECTION('',(0.,0.,1.));
#16539 = ORIENTED_EDGE('',*,*,#14423,.F.);
#16540 = ORIENTED_EDGE('',*,*,#16534,.F.);
#16541 = CYLINDRICAL_SURFACE('',#16542,1.5);
#16542 = AXIS2_PLACEMENT_3D('',#16543,#16544,#16545);
#16543 = CARTESIAN_POINT('',(204.,-82.25,-4.6E-02));
#16544 = DIRECTION('',(-0.,-0.,-1.));
#16545 = DIRECTION('',(-0.,-1.,0.));
#16546 = ADVANCED_FACE('',(#16547),#16558,.F.);
#16547 = FACE_BOUND('',#16548,.T.);
#16548 = EDGE_LOOP('',(#16549,#16550,#16556,#16557));
#16549 = ORIENTED_EDGE('',*,*,#13072,.T.);
#16550 = ORIENTED_EDGE('',*,*,#16551,.T.);
#16551 = EDGE_CURVE('',#13073,#14435,#16552,.T.);
#16552 = LINE('',#16553,#16554);
#16553 = CARTESIAN_POINT('',(168.,-73.75,-4.6E-02));
#16554 = VECTOR('',#16555,1.);
#16555 = DIRECTION('',(0.,0.,1.));
#16556 = ORIENTED_EDGE('',*,*,#14434,.F.);
#16557 = ORIENTED_EDGE('',*,*,#16551,.F.);
#16558 = CYLINDRICAL_SURFACE('',#16559,1.5);
#16559 = AXIS2_PLACEMENT_3D('',#16560,#16561,#16562);
#16560 = CARTESIAN_POINT('',(168.,-72.25,-4.6E-02));
#16561 = DIRECTION('',(-0.,-0.,-1.));
#16562 = DIRECTION('',(-0.,-1.,0.));
#16563 = ADVANCED_FACE('',(#16564),#16575,.F.);
#16564 = FACE_BOUND('',#16565,.T.);
#16565 = EDGE_LOOP('',(#16566,#16567,#16573,#16574));
#16566 = ORIENTED_EDGE('',*,*,#13083,.T.);
#16567 = ORIENTED_EDGE('',*,*,#16568,.T.);
#16568 = EDGE_CURVE('',#13084,#14446,#16569,.T.);
#16569 = LINE('',#16570,#16571);
#16570 = CARTESIAN_POINT('',(175.5,-69.8509,-4.6E-02));
#16571 = VECTOR('',#16572,1.);
#16572 = DIRECTION('',(0.,0.,1.));
#16573 = ORIENTED_EDGE('',*,*,#14445,.F.);
#16574 = ORIENTED_EDGE('',*,*,#16568,.F.);
#16575 = CYLINDRICAL_SURFACE('',#16576,0.8509);
#16576 = AXIS2_PLACEMENT_3D('',#16577,#16578,#16579);
#16577 = CARTESIAN_POINT('',(175.5,-69.,-4.6E-02));
#16578 = DIRECTION('',(-0.,-0.,-1.));
#16579 = DIRECTION('',(-0.,-1.,0.));
#16580 = ADVANCED_FACE('',(#16581),#16592,.F.);
#16581 = FACE_BOUND('',#16582,.T.);
#16582 = EDGE_LOOP('',(#16583,#16584,#16590,#16591));
#16583 = ORIENTED_EDGE('',*,*,#13094,.T.);
#16584 = ORIENTED_EDGE('',*,*,#16585,.T.);
#16585 = EDGE_CURVE('',#13095,#14457,#16586,.T.);
#16586 = LINE('',#16587,#16588);
#16587 = CARTESIAN_POINT('',(181.,-70.7145,-4.6E-02));
#16588 = VECTOR('',#16589,1.);
#16589 = DIRECTION('',(0.,0.,1.));
#16590 = ORIENTED_EDGE('',*,*,#14456,.F.);
#16591 = ORIENTED_EDGE('',*,*,#16585,.F.);
#16592 = CYLINDRICAL_SURFACE('',#16593,1.7145);
#16593 = AXIS2_PLACEMENT_3D('',#16594,#16595,#16596);
#16594 = CARTESIAN_POINT('',(181.,-69.,-4.6E-02));
#16595 = DIRECTION('',(-0.,-0.,-1.));
#16596 = DIRECTION('',(-0.,-1.,0.));
#16597 = ADVANCED_FACE('',(#16598),#16609,.F.);
#16598 = FACE_BOUND('',#16599,.T.);
#16599 = EDGE_LOOP('',(#16600,#16601,#16607,#16608));
#16600 = ORIENTED_EDGE('',*,*,#13105,.T.);
#16601 = ORIENTED_EDGE('',*,*,#16602,.T.);
#16602 = EDGE_CURVE('',#13106,#14468,#16603,.T.);
#16603 = LINE('',#16604,#16605);
#16604 = CARTESIAN_POINT('',(186.5,-69.8509,-4.6E-02));
#16605 = VECTOR('',#16606,1.);
#16606 = DIRECTION('',(0.,0.,1.));
#16607 = ORIENTED_EDGE('',*,*,#14467,.F.);
#16608 = ORIENTED_EDGE('',*,*,#16602,.F.);
#16609 = CYLINDRICAL_SURFACE('',#16610,0.8509);
#16610 = AXIS2_PLACEMENT_3D('',#16611,#16612,#16613);
#16611 = CARTESIAN_POINT('',(186.5,-69.,-4.6E-02));
#16612 = DIRECTION('',(-0.,-0.,-1.));
#16613 = DIRECTION('',(-0.,-1.,0.));
#16614 = ADVANCED_FACE('',(#16615),#16626,.F.);
#16615 = FACE_BOUND('',#16616,.T.);
#16616 = EDGE_LOOP('',(#16617,#16618,#16624,#16625));
#16617 = ORIENTED_EDGE('',*,*,#13116,.T.);
#16618 = ORIENTED_EDGE('',*,*,#16619,.T.);
#16619 = EDGE_CURVE('',#13117,#14479,#16620,.T.);
#16620 = LINE('',#16621,#16622);
#16621 = CARTESIAN_POINT('',(193.5,-69.8509,-4.6E-02));
#16622 = VECTOR('',#16623,1.);
#16623 = DIRECTION('',(0.,0.,1.));
#16624 = ORIENTED_EDGE('',*,*,#14478,.F.);
#16625 = ORIENTED_EDGE('',*,*,#16619,.F.);
#16626 = CYLINDRICAL_SURFACE('',#16627,0.8509);
#16627 = AXIS2_PLACEMENT_3D('',#16628,#16629,#16630);
#16628 = CARTESIAN_POINT('',(193.5,-69.,-4.6E-02));
#16629 = DIRECTION('',(-0.,-0.,-1.));
#16630 = DIRECTION('',(-0.,-1.,0.));
#16631 = ADVANCED_FACE('',(#16632),#16643,.F.);
#16632 = FACE_BOUND('',#16633,.T.);
#16633 = EDGE_LOOP('',(#16634,#16635,#16641,#16642));
#16634 = ORIENTED_EDGE('',*,*,#13127,.T.);
#16635 = ORIENTED_EDGE('',*,*,#16636,.T.);
#16636 = EDGE_CURVE('',#13128,#14490,#16637,.T.);
#16637 = LINE('',#16638,#16639);
#16638 = CARTESIAN_POINT('',(186.,-66.75,-4.6E-02));
#16639 = VECTOR('',#16640,1.);
#16640 = DIRECTION('',(0.,0.,1.));
#16641 = ORIENTED_EDGE('',*,*,#14489,.F.);
#16642 = ORIENTED_EDGE('',*,*,#16636,.F.);
#16643 = CYLINDRICAL_SURFACE('',#16644,1.5);
#16644 = AXIS2_PLACEMENT_3D('',#16645,#16646,#16647);
#16645 = CARTESIAN_POINT('',(186.,-65.25,-4.6E-02));
#16646 = DIRECTION('',(-0.,-0.,-1.));
#16647 = DIRECTION('',(-0.,-1.,0.));
#16648 = ADVANCED_FACE('',(#16649),#16660,.F.);
#16649 = FACE_BOUND('',#16650,.T.);
#16650 = EDGE_LOOP('',(#16651,#16652,#16658,#16659));
#16651 = ORIENTED_EDGE('',*,*,#13138,.T.);
#16652 = ORIENTED_EDGE('',*,*,#16653,.T.);
#16653 = EDGE_CURVE('',#13139,#14501,#16654,.T.);
#16654 = LINE('',#16655,#16656);
#16655 = CARTESIAN_POINT('',(181.,-64.55,-4.6E-02));
#16656 = VECTOR('',#16657,1.);
#16657 = DIRECTION('',(0.,0.,1.));
#16658 = ORIENTED_EDGE('',*,*,#14500,.F.);
#16659 = ORIENTED_EDGE('',*,*,#16653,.F.);
#16660 = CYLINDRICAL_SURFACE('',#16661,1.5);
#16661 = AXIS2_PLACEMENT_3D('',#16662,#16663,#16664);
#16662 = CARTESIAN_POINT('',(181.,-63.05,-4.6E-02));
#16663 = DIRECTION('',(-0.,-0.,-1.));
#16664 = DIRECTION('',(-0.,-1.,0.));
#16665 = ADVANCED_FACE('',(#16666),#16677,.F.);
#16666 = FACE_BOUND('',#16667,.T.);
#16667 = EDGE_LOOP('',(#16668,#16669,#16675,#16676));
#16668 = ORIENTED_EDGE('',*,*,#13149,.T.);
#16669 = ORIENTED_EDGE('',*,*,#16670,.T.);
#16670 = EDGE_CURVE('',#13150,#14512,#16671,.T.);
#16671 = LINE('',#16672,#16673);
#16672 = CARTESIAN_POINT('',(168.5,-59.8509,-4.6E-02));
#16673 = VECTOR('',#16674,1.);
#16674 = DIRECTION('',(0.,0.,1.));
#16675 = ORIENTED_EDGE('',*,*,#14511,.F.);
#16676 = ORIENTED_EDGE('',*,*,#16670,.F.);
#16677 = CYLINDRICAL_SURFACE('',#16678,0.8509);
#16678 = AXIS2_PLACEMENT_3D('',#16679,#16680,#16681);
#16679 = CARTESIAN_POINT('',(168.5,-59.,-4.6E-02));
#16680 = DIRECTION('',(-0.,-0.,-1.));
#16681 = DIRECTION('',(-0.,-1.,0.));
#16682 = ADVANCED_FACE('',(#16683),#16694,.F.);
#16683 = FACE_BOUND('',#16684,.T.);
#16684 = EDGE_LOOP('',(#16685,#16686,#16692,#16693));
#16685 = ORIENTED_EDGE('',*,*,#13160,.T.);
#16686 = ORIENTED_EDGE('',*,*,#16687,.T.);
#16687 = EDGE_CURVE('',#13161,#14523,#16688,.T.);
#16688 = LINE('',#16689,#16690);
#16689 = CARTESIAN_POINT('',(168.,-56.75,-4.6E-02));
#16690 = VECTOR('',#16691,1.);
#16691 = DIRECTION('',(0.,0.,1.));
#16692 = ORIENTED_EDGE('',*,*,#14522,.F.);
#16693 = ORIENTED_EDGE('',*,*,#16687,.F.);
#16694 = CYLINDRICAL_SURFACE('',#16695,1.5);
#16695 = AXIS2_PLACEMENT_3D('',#16696,#16697,#16698);
#16696 = CARTESIAN_POINT('',(168.,-55.25,-4.6E-02));
#16697 = DIRECTION('',(-0.,-0.,-1.));
#16698 = DIRECTION('',(-0.,-1.,0.));
#16699 = ADVANCED_FACE('',(#16700),#16711,.F.);
#16700 = FACE_BOUND('',#16701,.T.);
#16701 = EDGE_LOOP('',(#16702,#16703,#16709,#16710));
#16702 = ORIENTED_EDGE('',*,*,#13171,.T.);
#16703 = ORIENTED_EDGE('',*,*,#16704,.T.);
#16704 = EDGE_CURVE('',#13172,#14534,#16705,.T.);
#16705 = LINE('',#16706,#16707);
#16706 = CARTESIAN_POINT('',(199.,-70.7145,-4.6E-02));
#16707 = VECTOR('',#16708,1.);
#16708 = DIRECTION('',(0.,0.,1.));
#16709 = ORIENTED_EDGE('',*,*,#14533,.F.);
#16710 = ORIENTED_EDGE('',*,*,#16704,.F.);
#16711 = CYLINDRICAL_SURFACE('',#16712,1.7145);
#16712 = AXIS2_PLACEMENT_3D('',#16713,#16714,#16715);
#16713 = CARTESIAN_POINT('',(199.,-69.,-4.6E-02));
#16714 = DIRECTION('',(-0.,-0.,-1.));
#16715 = DIRECTION('',(-0.,-1.,0.));
#16716 = ADVANCED_FACE('',(#16717),#16728,.F.);
#16717 = FACE_BOUND('',#16718,.T.);
#16718 = EDGE_LOOP('',(#16719,#16720,#16726,#16727));
#16719 = ORIENTED_EDGE('',*,*,#13182,.T.);
#16720 = ORIENTED_EDGE('',*,*,#16721,.T.);
#16721 = EDGE_CURVE('',#13183,#14545,#16722,.T.);
#16722 = LINE('',#16723,#16724);
#16723 = CARTESIAN_POINT('',(204.5,-69.8509,-4.6E-02));
#16724 = VECTOR('',#16725,1.);
#16725 = DIRECTION('',(0.,0.,1.));
#16726 = ORIENTED_EDGE('',*,*,#14544,.F.);
#16727 = ORIENTED_EDGE('',*,*,#16721,.F.);
#16728 = CYLINDRICAL_SURFACE('',#16729,0.8509);
#16729 = AXIS2_PLACEMENT_3D('',#16730,#16731,#16732);
#16730 = CARTESIAN_POINT('',(204.5,-69.,-4.6E-02));
#16731 = DIRECTION('',(-0.,-0.,-1.));
#16732 = DIRECTION('',(-0.,-1.,0.));
#16733 = ADVANCED_FACE('',(#16734),#16745,.F.);
#16734 = FACE_BOUND('',#16735,.T.);
#16735 = EDGE_LOOP('',(#16736,#16737,#16743,#16744));
#16736 = ORIENTED_EDGE('',*,*,#13193,.T.);
#16737 = ORIENTED_EDGE('',*,*,#16738,.T.);
#16738 = EDGE_CURVE('',#13194,#14556,#16739,.T.);
#16739 = LINE('',#16740,#16741);
#16740 = CARTESIAN_POINT('',(199.,-64.55,-4.6E-02));
#16741 = VECTOR('',#16742,1.);
#16742 = DIRECTION('',(0.,0.,1.));
#16743 = ORIENTED_EDGE('',*,*,#14555,.F.);
#16744 = ORIENTED_EDGE('',*,*,#16738,.F.);
#16745 = CYLINDRICAL_SURFACE('',#16746,1.5);
#16746 = AXIS2_PLACEMENT_3D('',#16747,#16748,#16749);
#16747 = CARTESIAN_POINT('',(199.,-63.05,-4.6E-02));
#16748 = DIRECTION('',(-0.,-0.,-1.));
#16749 = DIRECTION('',(-0.,-1.,0.));
#16750 = ADVANCED_FACE('',(#16751),#16762,.F.);
#16751 = FACE_BOUND('',#16752,.T.);
#16752 = EDGE_LOOP('',(#16753,#16754,#16760,#16761));
#16753 = ORIENTED_EDGE('',*,*,#13204,.T.);
#16754 = ORIENTED_EDGE('',*,*,#16755,.T.);
#16755 = EDGE_CURVE('',#13205,#14567,#16756,.T.);
#16756 = LINE('',#16757,#16758);
#16757 = CARTESIAN_POINT('',(204.,-66.75,-4.6E-02));
#16758 = VECTOR('',#16759,1.);
#16759 = DIRECTION('',(0.,0.,1.));
#16760 = ORIENTED_EDGE('',*,*,#14566,.F.);
#16761 = ORIENTED_EDGE('',*,*,#16755,.F.);
#16762 = CYLINDRICAL_SURFACE('',#16763,1.5);
#16763 = AXIS2_PLACEMENT_3D('',#16764,#16765,#16766);
#16764 = CARTESIAN_POINT('',(204.,-65.25,-4.6E-02));
#16765 = DIRECTION('',(-0.,-0.,-1.));
#16766 = DIRECTION('',(-0.,-1.,0.));
#16767 = ( GEOMETRIC_REPRESENTATION_CONTEXT(3) 
GLOBAL_UNCERTAINTY_ASSIGNED_CONTEXT((#16771)) 
GLOBAL_UNIT_ASSIGNED_CONTEXT((#16768,#16769,#16770)) 
REPRESENTATION_CONTEXT('Context #1',
  '3D Context with UNIT and UNCERTAINTY') );
#16768 = ( LENGTH_UNIT() NAMED_UNIT(*) SI_UNIT(.MILLI.,.METRE.) );
#16769 = ( NAMED_UNIT(*) PLANE_ANGLE_UNIT() SI_UNIT($,.RADIAN.) );
#16770 = ( NAMED_UNIT(*) SI_UNIT($,.STERADIAN.) SOLID_ANGLE_UNIT() );
#16771 = UNCERTAINTY_MEASURE_WITH_UNIT(LENGTH_MEASURE(1.E-07),#16768,
  'distance_accuracy_value','confusion accuracy');
#16772 = CONTEXT_DEPENDENT_SHAPE_REPRESENTATION(#16773,#16775);
#16773 = ( REPRESENTATION_RELATIONSHIP('','',#11750,#10) 
REPRESENTATION_RELATIONSHIP_WITH_TRANSFORMATION(#16774) 
SHAPE_REPRESENTATION_RELATIONSHIP() );
#16774 = ITEM_DEFINED_TRANSFORMATION('','',#11,#135);
#16775 = PRODUCT_DEFINITION_SHAPE('Placement','Placement of an item',
  #16776);
#16776 = NEXT_ASSEMBLY_USAGE_OCCURRENCE('36','=>[0:1:1:9]','',#5,#11745,
  $);
#16777 = PRODUCT_RELATED_PRODUCT_CATEGORY('part',$,(#11747));
#16778 = MECHANICAL_DESIGN_GEOMETRIC_PRESENTATION_REPRESENTATION('',(
    #16779,#16789,#16798,#16807,#16816,#16826,#16835,#16844,#16853,
    #16862,#16871,#16880,#16889,#16898,#16907,#16916,#16925,#16934,
    #16943,#16952,#16961,#16970,#16979,#16988,#16997,#17006,#17015,
    #17024,#17033,#17042,#17051,#17060,#17069,#17078,#17087,#17096,
    #17105,#17114,#17123,#17132,#17141,#17150,#17159,#17168,#17177,
    #17186,#17195,#17204,#17213,#17222,#17231,#17240,#17249,#17258,
    #17267,#17277,#17286,#17295,#17304),#11662);
#16779 = STYLED_ITEM('color',(#16780),#9976);
#16780 = PRESENTATION_STYLE_ASSIGNMENT((#16781,#16787));
#16781 = SURFACE_STYLE_USAGE(.BOTH.,#16782);
#16782 = SURFACE_SIDE_STYLE('',(#16783));
#16783 = SURFACE_STYLE_FILL_AREA(#16784);
#16784 = FILL_AREA_STYLE('',(#16785));
#16785 = FILL_AREA_STYLE_COLOUR('',#16786);
#16786 = COLOUR_RGB('',0.147999998088,0.145000001626,0.145000001626);
#16787 = CURVE_STYLE('',#16788,POSITIVE_LENGTH_MEASURE(0.1),#16786);
#16788 = DRAUGHTING_PRE_DEFINED_CURVE_FONT('continuous');
#16789 = STYLED_ITEM('color',(#16790),#10030);
#16790 = PRESENTATION_STYLE_ASSIGNMENT((#16791,#16796));
#16791 = SURFACE_STYLE_USAGE(.BOTH.,#16792);
#16792 = SURFACE_SIDE_STYLE('',(#16793));
#16793 = SURFACE_STYLE_FILL_AREA(#16794);
#16794 = FILL_AREA_STYLE('',(#16795));
#16795 = FILL_AREA_STYLE_COLOUR('',#16786);
#16796 = CURVE_STYLE('',#16797,POSITIVE_LENGTH_MEASURE(0.1),#16786);
#16797 = DRAUGHTING_PRE_DEFINED_CURVE_FONT('continuous');
#16798 = STYLED_ITEM('color',(#16799),#10093);
#16799 = PRESENTATION_STYLE_ASSIGNMENT((#16800,#16805));
#16800 = SURFACE_STYLE_USAGE(.BOTH.,#16801);
#16801 = SURFACE_SIDE_STYLE('',(#16802));
#16802 = SURFACE_STYLE_FILL_AREA(#16803);
#16803 = FILL_AREA_STYLE('',(#16804));
#16804 = FILL_AREA_STYLE_COLOUR('',#16786);
#16805 = CURVE_STYLE('',#16806,POSITIVE_LENGTH_MEASURE(0.1),#16786);
#16806 = DRAUGHTING_PRE_DEFINED_CURVE_FONT('continuous');
#16807 = STYLED_ITEM('color',(#16808),#10116);
#16808 = PRESENTATION_STYLE_ASSIGNMENT((#16809,#16814));
#16809 = SURFACE_STYLE_USAGE(.BOTH.,#16810);
#16810 = SURFACE_SIDE_STYLE('',(#16811));
#16811 = SURFACE_STYLE_FILL_AREA(#16812);
#16812 = FILL_AREA_STYLE('',(#16813));
#16813 = FILL_AREA_STYLE_COLOUR('',#16786);
#16814 = CURVE_STYLE('',#16815,POSITIVE_LENGTH_MEASURE(0.1),#16786);
#16815 = DRAUGHTING_PRE_DEFINED_CURVE_FONT('continuous');
#16816 = STYLED_ITEM('color',(#16817),#10146);
#16817 = PRESENTATION_STYLE_ASSIGNMENT((#16818,#16824));
#16818 = SURFACE_STYLE_USAGE(.BOTH.,#16819);
#16819 = SURFACE_SIDE_STYLE('',(#16820));
#16820 = SURFACE_STYLE_FILL_AREA(#16821);
#16821 = FILL_AREA_STYLE('',(#16822));
#16822 = FILL_AREA_STYLE_COLOUR('',#16823);
#16823 = COLOUR_RGB('',0.823999987314,0.819999987296,0.781000009244);
#16824 = CURVE_STYLE('',#16825,POSITIVE_LENGTH_MEASURE(0.1),#16823);
#16825 = DRAUGHTING_PRE_DEFINED_CURVE_FONT('continuous');
#16826 = STYLED_ITEM('color',(#16827),#10179);
#16827 = PRESENTATION_STYLE_ASSIGNMENT((#16828,#16833));
#16828 = SURFACE_STYLE_USAGE(.BOTH.,#16829);
#16829 = SURFACE_SIDE_STYLE('',(#16830));
#16830 = SURFACE_STYLE_FILL_AREA(#16831);
#16831 = FILL_AREA_STYLE('',(#16832));
#16832 = FILL_AREA_STYLE_COLOUR('',#16786);
#16833 = CURVE_STYLE('',#16834,POSITIVE_LENGTH_MEASURE(0.1),#16786);
#16834 = DRAUGHTING_PRE_DEFINED_CURVE_FONT('continuous');
#16835 = STYLED_ITEM('color',(#16836),#10209);
#16836 = PRESENTATION_STYLE_ASSIGNMENT((#16837,#16842));
#16837 = SURFACE_STYLE_USAGE(.BOTH.,#16838);
#16838 = SURFACE_SIDE_STYLE('',(#16839));
#16839 = SURFACE_STYLE_FILL_AREA(#16840);
#16840 = FILL_AREA_STYLE('',(#16841));
#16841 = FILL_AREA_STYLE_COLOUR('',#16786);
#16842 = CURVE_STYLE('',#16843,POSITIVE_LENGTH_MEASURE(0.1),#16786);
#16843 = DRAUGHTING_PRE_DEFINED_CURVE_FONT('continuous');
#16844 = STYLED_ITEM('color',(#16845),#10232);
#16845 = PRESENTATION_STYLE_ASSIGNMENT((#16846,#16851));
#16846 = SURFACE_STYLE_USAGE(.BOTH.,#16847);
#16847 = SURFACE_SIDE_STYLE('',(#16848));
#16848 = SURFACE_STYLE_FILL_AREA(#16849);
#16849 = FILL_AREA_STYLE('',(#16850));
#16850 = FILL_AREA_STYLE_COLOUR('',#16786);
#16851 = CURVE_STYLE('',#16852,POSITIVE_LENGTH_MEASURE(0.1),#16786);
#16852 = DRAUGHTING_PRE_DEFINED_CURVE_FONT('continuous');
#16853 = STYLED_ITEM('color',(#16854),#10255);
#16854 = PRESENTATION_STYLE_ASSIGNMENT((#16855,#16860));
#16855 = SURFACE_STYLE_USAGE(.BOTH.,#16856);
#16856 = SURFACE_SIDE_STYLE('',(#16857));
#16857 = SURFACE_STYLE_FILL_AREA(#16858);
#16858 = FILL_AREA_STYLE('',(#16859));
#16859 = FILL_AREA_STYLE_COLOUR('',#16786);
#16860 = CURVE_STYLE('',#16861,POSITIVE_LENGTH_MEASURE(0.1),#16786);
#16861 = DRAUGHTING_PRE_DEFINED_CURVE_FONT('continuous');
#16862 = STYLED_ITEM('color',(#16863),#10278);
#16863 = PRESENTATION_STYLE_ASSIGNMENT((#16864,#16869));
#16864 = SURFACE_STYLE_USAGE(.BOTH.,#16865);
#16865 = SURFACE_SIDE_STYLE('',(#16866));
#16866 = SURFACE_STYLE_FILL_AREA(#16867);
#16867 = FILL_AREA_STYLE('',(#16868));
#16868 = FILL_AREA_STYLE_COLOUR('',#16786);
#16869 = CURVE_STYLE('',#16870,POSITIVE_LENGTH_MEASURE(0.1),#16786);
#16870 = DRAUGHTING_PRE_DEFINED_CURVE_FONT('continuous');
#16871 = STYLED_ITEM('color',(#16872),#10301);
#16872 = PRESENTATION_STYLE_ASSIGNMENT((#16873,#16878));
#16873 = SURFACE_STYLE_USAGE(.BOTH.,#16874);
#16874 = SURFACE_SIDE_STYLE('',(#16875));
#16875 = SURFACE_STYLE_FILL_AREA(#16876);
#16876 = FILL_AREA_STYLE('',(#16877));
#16877 = FILL_AREA_STYLE_COLOUR('',#16786);
#16878 = CURVE_STYLE('',#16879,POSITIVE_LENGTH_MEASURE(0.1),#16786);
#16879 = DRAUGHTING_PRE_DEFINED_CURVE_FONT('continuous');
#16880 = STYLED_ITEM('color',(#16881),#10324);
#16881 = PRESENTATION_STYLE_ASSIGNMENT((#16882,#16887));
#16882 = SURFACE_STYLE_USAGE(.BOTH.,#16883);
#16883 = SURFACE_SIDE_STYLE('',(#16884));
#16884 = SURFACE_STYLE_FILL_AREA(#16885);
#16885 = FILL_AREA_STYLE('',(#16886));
#16886 = FILL_AREA_STYLE_COLOUR('',#16786);
#16887 = CURVE_STYLE('',#16888,POSITIVE_LENGTH_MEASURE(0.1),#16786);
#16888 = DRAUGHTING_PRE_DEFINED_CURVE_FONT('continuous');
#16889 = STYLED_ITEM('color',(#16890),#10357);
#16890 = PRESENTATION_STYLE_ASSIGNMENT((#16891,#16896));
#16891 = SURFACE_STYLE_USAGE(.BOTH.,#16892);
#16892 = SURFACE_SIDE_STYLE('',(#16893));
#16893 = SURFACE_STYLE_FILL_AREA(#16894);
#16894 = FILL_AREA_STYLE('',(#16895));
#16895 = FILL_AREA_STYLE_COLOUR('',#16786);
#16896 = CURVE_STYLE('',#16897,POSITIVE_LENGTH_MEASURE(0.1),#16786);
#16897 = DRAUGHTING_PRE_DEFINED_CURVE_FONT('continuous');
#16898 = STYLED_ITEM('color',(#16899),#10380);
#16899 = PRESENTATION_STYLE_ASSIGNMENT((#16900,#16905));
#16900 = SURFACE_STYLE_USAGE(.BOTH.,#16901);
#16901 = SURFACE_SIDE_STYLE('',(#16902));
#16902 = SURFACE_STYLE_FILL_AREA(#16903);
#16903 = FILL_AREA_STYLE('',(#16904));
#16904 = FILL_AREA_STYLE_COLOUR('',#16786);
#16905 = CURVE_STYLE('',#16906,POSITIVE_LENGTH_MEASURE(0.1),#16786);
#16906 = DRAUGHTING_PRE_DEFINED_CURVE_FONT('continuous');
#16907 = STYLED_ITEM('color',(#16908),#10403);
#16908 = PRESENTATION_STYLE_ASSIGNMENT((#16909,#16914));
#16909 = SURFACE_STYLE_USAGE(.BOTH.,#16910);
#16910 = SURFACE_SIDE_STYLE('',(#16911));
#16911 = SURFACE_STYLE_FILL_AREA(#16912);
#16912 = FILL_AREA_STYLE('',(#16913));
#16913 = FILL_AREA_STYLE_COLOUR('',#16786);
#16914 = CURVE_STYLE('',#16915,POSITIVE_LENGTH_MEASURE(0.1),#16786);
#16915 = DRAUGHTING_PRE_DEFINED_CURVE_FONT('continuous');
#16916 = STYLED_ITEM('color',(#16917),#10491);
#16917 = PRESENTATION_STYLE_ASSIGNMENT((#16918,#16923));
#16918 = SURFACE_STYLE_USAGE(.BOTH.,#16919);
#16919 = SURFACE_SIDE_STYLE('',(#16920));
#16920 = SURFACE_STYLE_FILL_AREA(#16921);
#16921 = FILL_AREA_STYLE('',(#16922));
#16922 = FILL_AREA_STYLE_COLOUR('',#16823);
#16923 = CURVE_STYLE('',#16924,POSITIVE_LENGTH_MEASURE(0.1),#16823);
#16924 = DRAUGHTING_PRE_DEFINED_CURVE_FONT('continuous');
#16925 = STYLED_ITEM('color',(#16926),#10566);
#16926 = PRESENTATION_STYLE_ASSIGNMENT((#16927,#16932));
#16927 = SURFACE_STYLE_USAGE(.BOTH.,#16928);
#16928 = SURFACE_SIDE_STYLE('',(#16929));
#16929 = SURFACE_STYLE_FILL_AREA(#16930);
#16930 = FILL_AREA_STYLE('',(#16931));
#16931 = FILL_AREA_STYLE_COLOUR('',#16823);
#16932 = CURVE_STYLE('',#16933,POSITIVE_LENGTH_MEASURE(0.1),#16823);
#16933 = DRAUGHTING_PRE_DEFINED_CURVE_FONT('continuous');
#16934 = STYLED_ITEM('color',(#16935),#10590);
#16935 = PRESENTATION_STYLE_ASSIGNMENT((#16936,#16941));
#16936 = SURFACE_STYLE_USAGE(.BOTH.,#16937);
#16937 = SURFACE_SIDE_STYLE('',(#16938));
#16938 = SURFACE_STYLE_FILL_AREA(#16939);
#16939 = FILL_AREA_STYLE('',(#16940));
#16940 = FILL_AREA_STYLE_COLOUR('',#16823);
#16941 = CURVE_STYLE('',#16942,POSITIVE_LENGTH_MEASURE(0.1),#16823);
#16942 = DRAUGHTING_PRE_DEFINED_CURVE_FONT('continuous');
#16943 = STYLED_ITEM('color',(#16944),#10658);
#16944 = PRESENTATION_STYLE_ASSIGNMENT((#16945,#16950));
#16945 = SURFACE_STYLE_USAGE(.BOTH.,#16946);
#16946 = SURFACE_SIDE_STYLE('',(#16947));
#16947 = SURFACE_STYLE_FILL_AREA(#16948);
#16948 = FILL_AREA_STYLE('',(#16949));
#16949 = FILL_AREA_STYLE_COLOUR('',#16786);
#16950 = CURVE_STYLE('',#16951,POSITIVE_LENGTH_MEASURE(0.1),#16786);
#16951 = DRAUGHTING_PRE_DEFINED_CURVE_FONT('continuous');
#16952 = STYLED_ITEM('color',(#16953),#10746);
#16953 = PRESENTATION_STYLE_ASSIGNMENT((#16954,#16959));
#16954 = SURFACE_STYLE_USAGE(.BOTH.,#16955);
#16955 = SURFACE_SIDE_STYLE('',(#16956));
#16956 = SURFACE_STYLE_FILL_AREA(#16957);
#16957 = FILL_AREA_STYLE('',(#16958));
#16958 = FILL_AREA_STYLE_COLOUR('',#16786);
#16959 = CURVE_STYLE('',#16960,POSITIVE_LENGTH_MEASURE(0.1),#16786);
#16960 = DRAUGHTING_PRE_DEFINED_CURVE_FONT('continuous');
#16961 = STYLED_ITEM('color',(#16962),#10762);
#16962 = PRESENTATION_STYLE_ASSIGNMENT((#16963,#16968));
#16963 = SURFACE_STYLE_USAGE(.BOTH.,#16964);
#16964 = SURFACE_SIDE_STYLE('',(#16965));
#16965 = SURFACE_STYLE_FILL_AREA(#16966);
#16966 = FILL_AREA_STYLE('',(#16967));
#16967 = FILL_AREA_STYLE_COLOUR('',#16786);
#16968 = CURVE_STYLE('',#16969,POSITIVE_LENGTH_MEASURE(0.1),#16786);
#16969 = DRAUGHTING_PRE_DEFINED_CURVE_FONT('continuous');
#16970 = STYLED_ITEM('color',(#16971),#10778);
#16971 = PRESENTATION_STYLE_ASSIGNMENT((#16972,#16977));
#16972 = SURFACE_STYLE_USAGE(.BOTH.,#16973);
#16973 = SURFACE_SIDE_STYLE('',(#16974));
#16974 = SURFACE_STYLE_FILL_AREA(#16975);
#16975 = FILL_AREA_STYLE('',(#16976));
#16976 = FILL_AREA_STYLE_COLOUR('',#16786);
#16977 = CURVE_STYLE('',#16978,POSITIVE_LENGTH_MEASURE(0.1),#16786);
#16978 = DRAUGHTING_PRE_DEFINED_CURVE_FONT('continuous');
#16979 = STYLED_ITEM('color',(#16980),#10794);
#16980 = PRESENTATION_STYLE_ASSIGNMENT((#16981,#16986));
#16981 = SURFACE_STYLE_USAGE(.BOTH.,#16982);
#16982 = SURFACE_SIDE_STYLE('',(#16983));
#16983 = SURFACE_STYLE_FILL_AREA(#16984);
#16984 = FILL_AREA_STYLE('',(#16985));
#16985 = FILL_AREA_STYLE_COLOUR('',#16786);
#16986 = CURVE_STYLE('',#16987,POSITIVE_LENGTH_MEASURE(0.1),#16786);
#16987 = DRAUGHTING_PRE_DEFINED_CURVE_FONT('continuous');
#16988 = STYLED_ITEM('color',(#16989),#10810);
#16989 = PRESENTATION_STYLE_ASSIGNMENT((#16990,#16995));
#16990 = SURFACE_STYLE_USAGE(.BOTH.,#16991);
#16991 = SURFACE_SIDE_STYLE('',(#16992));
#16992 = SURFACE_STYLE_FILL_AREA(#16993);
#16993 = FILL_AREA_STYLE('',(#16994));
#16994 = FILL_AREA_STYLE_COLOUR('',#16786);
#16995 = CURVE_STYLE('',#16996,POSITIVE_LENGTH_MEASURE(0.1),#16786);
#16996 = DRAUGHTING_PRE_DEFINED_CURVE_FONT('continuous');
#16997 = STYLED_ITEM('color',(#16998),#10827);
#16998 = PRESENTATION_STYLE_ASSIGNMENT((#16999,#17004));
#16999 = SURFACE_STYLE_USAGE(.BOTH.,#17000);
#17000 = SURFACE_SIDE_STYLE('',(#17001));
#17001 = SURFACE_STYLE_FILL_AREA(#17002);
#17002 = FILL_AREA_STYLE('',(#17003));
#17003 = FILL_AREA_STYLE_COLOUR('',#16823);
#17004 = CURVE_STYLE('',#17005,POSITIVE_LENGTH_MEASURE(0.1),#16823);
#17005 = DRAUGHTING_PRE_DEFINED_CURVE_FONT('continuous');
#17006 = STYLED_ITEM('color',(#17007),#10860);
#17007 = PRESENTATION_STYLE_ASSIGNMENT((#17008,#17013));
#17008 = SURFACE_STYLE_USAGE(.BOTH.,#17009);
#17009 = SURFACE_SIDE_STYLE('',(#17010));
#17010 = SURFACE_STYLE_FILL_AREA(#17011);
#17011 = FILL_AREA_STYLE('',(#17012));
#17012 = FILL_AREA_STYLE_COLOUR('',#16786);
#17013 = CURVE_STYLE('',#17014,POSITIVE_LENGTH_MEASURE(0.1),#16786);
#17014 = DRAUGHTING_PRE_DEFINED_CURVE_FONT('continuous');
#17015 = STYLED_ITEM('color',(#17016),#10877);
#17016 = PRESENTATION_STYLE_ASSIGNMENT((#17017,#17022));
#17017 = SURFACE_STYLE_USAGE(.BOTH.,#17018);
#17018 = SURFACE_SIDE_STYLE('',(#17019));
#17019 = SURFACE_STYLE_FILL_AREA(#17020);
#17020 = FILL_AREA_STYLE('',(#17021));
#17021 = FILL_AREA_STYLE_COLOUR('',#16823);
#17022 = CURVE_STYLE('',#17023,POSITIVE_LENGTH_MEASURE(0.1),#16823);
#17023 = DRAUGHTING_PRE_DEFINED_CURVE_FONT('continuous');
#17024 = STYLED_ITEM('color',(#17025),#10899);
#17025 = PRESENTATION_STYLE_ASSIGNMENT((#17026,#17031));
#17026 = SURFACE_STYLE_USAGE(.BOTH.,#17027);
#17027 = SURFACE_SIDE_STYLE('',(#17028));
#17028 = SURFACE_STYLE_FILL_AREA(#17029);
#17029 = FILL_AREA_STYLE('',(#17030));
#17030 = FILL_AREA_STYLE_COLOUR('',#16786);
#17031 = CURVE_STYLE('',#17032,POSITIVE_LENGTH_MEASURE(0.1),#16786);
#17032 = DRAUGHTING_PRE_DEFINED_CURVE_FONT('continuous');
#17033 = STYLED_ITEM('color',(#17034),#10930);
#17034 = PRESENTATION_STYLE_ASSIGNMENT((#17035,#17040));
#17035 = SURFACE_STYLE_USAGE(.BOTH.,#17036);
#17036 = SURFACE_SIDE_STYLE('',(#17037));
#17037 = SURFACE_STYLE_FILL_AREA(#17038);
#17038 = FILL_AREA_STYLE('',(#17039));
#17039 = FILL_AREA_STYLE_COLOUR('',#16786);
#17040 = CURVE_STYLE('',#17041,POSITIVE_LENGTH_MEASURE(0.1),#16786);
#17041 = DRAUGHTING_PRE_DEFINED_CURVE_FONT('continuous');
#17042 = STYLED_ITEM('color',(#17043),#10953);
#17043 = PRESENTATION_STYLE_ASSIGNMENT((#17044,#17049));
#17044 = SURFACE_STYLE_USAGE(.BOTH.,#17045);
#17045 = SURFACE_SIDE_STYLE('',(#17046));
#17046 = SURFACE_STYLE_FILL_AREA(#17047);
#17047 = FILL_AREA_STYLE('',(#17048));
#17048 = FILL_AREA_STYLE_COLOUR('',#16786);
#17049 = CURVE_STYLE('',#17050,POSITIVE_LENGTH_MEASURE(0.1),#16786);
#17050 = DRAUGHTING_PRE_DEFINED_CURVE_FONT('continuous');
#17051 = STYLED_ITEM('color',(#17052),#10976);
#17052 = PRESENTATION_STYLE_ASSIGNMENT((#17053,#17058));
#17053 = SURFACE_STYLE_USAGE(.BOTH.,#17054);
#17054 = SURFACE_SIDE_STYLE('',(#17055));
#17055 = SURFACE_STYLE_FILL_AREA(#17056);
#17056 = FILL_AREA_STYLE('',(#17057));
#17057 = FILL_AREA_STYLE_COLOUR('',#16786);
#17058 = CURVE_STYLE('',#17059,POSITIVE_LENGTH_MEASURE(0.1),#16786);
#17059 = DRAUGHTING_PRE_DEFINED_CURVE_FONT('continuous');
#17060 = STYLED_ITEM('color',(#17061),#10999);
#17061 = PRESENTATION_STYLE_ASSIGNMENT((#17062,#17067));
#17062 = SURFACE_STYLE_USAGE(.BOTH.,#17063);
#17063 = SURFACE_SIDE_STYLE('',(#17064));
#17064 = SURFACE_STYLE_FILL_AREA(#17065);
#17065 = FILL_AREA_STYLE('',(#17066));
#17066 = FILL_AREA_STYLE_COLOUR('',#16786);
#17067 = CURVE_STYLE('',#17068,POSITIVE_LENGTH_MEASURE(0.1),#16786);
#17068 = DRAUGHTING_PRE_DEFINED_CURVE_FONT('continuous');
#17069 = STYLED_ITEM('color',(#17070),#11029);
#17070 = PRESENTATION_STYLE_ASSIGNMENT((#17071,#17076));
#17071 = SURFACE_STYLE_USAGE(.BOTH.,#17072);
#17072 = SURFACE_SIDE_STYLE('',(#17073));
#17073 = SURFACE_STYLE_FILL_AREA(#17074);
#17074 = FILL_AREA_STYLE('',(#17075));
#17075 = FILL_AREA_STYLE_COLOUR('',#16823);
#17076 = CURVE_STYLE('',#17077,POSITIVE_LENGTH_MEASURE(0.1),#16823);
#17077 = DRAUGHTING_PRE_DEFINED_CURVE_FONT('continuous');
#17078 = STYLED_ITEM('color',(#17079),#11046);
#17079 = PRESENTATION_STYLE_ASSIGNMENT((#17080,#17085));
#17080 = SURFACE_STYLE_USAGE(.BOTH.,#17081);
#17081 = SURFACE_SIDE_STYLE('',(#17082));
#17082 = SURFACE_STYLE_FILL_AREA(#17083);
#17083 = FILL_AREA_STYLE('',(#17084));
#17084 = FILL_AREA_STYLE_COLOUR('',#16823);
#17085 = CURVE_STYLE('',#17086,POSITIVE_LENGTH_MEASURE(0.1),#16823);
#17086 = DRAUGHTING_PRE_DEFINED_CURVE_FONT('continuous');
#17087 = STYLED_ITEM('color',(#17088),#11063);
#17088 = PRESENTATION_STYLE_ASSIGNMENT((#17089,#17094));
#17089 = SURFACE_STYLE_USAGE(.BOTH.,#17090);
#17090 = SURFACE_SIDE_STYLE('',(#17091));
#17091 = SURFACE_STYLE_FILL_AREA(#17092);
#17092 = FILL_AREA_STYLE('',(#17093));
#17093 = FILL_AREA_STYLE_COLOUR('',#16823);
#17094 = CURVE_STYLE('',#17095,POSITIVE_LENGTH_MEASURE(0.1),#16823);
#17095 = DRAUGHTING_PRE_DEFINED_CURVE_FONT('continuous');
#17096 = STYLED_ITEM('color',(#17097),#11080);
#17097 = PRESENTATION_STYLE_ASSIGNMENT((#17098,#17103));
#17098 = SURFACE_STYLE_USAGE(.BOTH.,#17099);
#17099 = SURFACE_SIDE_STYLE('',(#17100));
#17100 = SURFACE_STYLE_FILL_AREA(#17101);
#17101 = FILL_AREA_STYLE('',(#17102));
#17102 = FILL_AREA_STYLE_COLOUR('',#16823);
#17103 = CURVE_STYLE('',#17104,POSITIVE_LENGTH_MEASURE(0.1),#16823);
#17104 = DRAUGHTING_PRE_DEFINED_CURVE_FONT('continuous');
#17105 = STYLED_ITEM('color',(#17106),#11097);
#17106 = PRESENTATION_STYLE_ASSIGNMENT((#17107,#17112));
#17107 = SURFACE_STYLE_USAGE(.BOTH.,#17108);
#17108 = SURFACE_SIDE_STYLE('',(#17109));
#17109 = SURFACE_STYLE_FILL_AREA(#17110);
#17110 = FILL_AREA_STYLE('',(#17111));
#17111 = FILL_AREA_STYLE_COLOUR('',#16823);
#17112 = CURVE_STYLE('',#17113,POSITIVE_LENGTH_MEASURE(0.1),#16823);
#17113 = DRAUGHTING_PRE_DEFINED_CURVE_FONT('continuous');
#17114 = STYLED_ITEM('color',(#17115),#11114);
#17115 = PRESENTATION_STYLE_ASSIGNMENT((#17116,#17121));
#17116 = SURFACE_STYLE_USAGE(.BOTH.,#17117);
#17117 = SURFACE_SIDE_STYLE('',(#17118));
#17118 = SURFACE_STYLE_FILL_AREA(#17119);
#17119 = FILL_AREA_STYLE('',(#17120));
#17120 = FILL_AREA_STYLE_COLOUR('',#16823);
#17121 = CURVE_STYLE('',#17122,POSITIVE_LENGTH_MEASURE(0.1),#16823);
#17122 = DRAUGHTING_PRE_DEFINED_CURVE_FONT('continuous');
#17123 = STYLED_ITEM('color',(#17124),#11131);
#17124 = PRESENTATION_STYLE_ASSIGNMENT((#17125,#17130));
#17125 = SURFACE_STYLE_USAGE(.BOTH.,#17126);
#17126 = SURFACE_SIDE_STYLE('',(#17127));
#17127 = SURFACE_STYLE_FILL_AREA(#17128);
#17128 = FILL_AREA_STYLE('',(#17129));
#17129 = FILL_AREA_STYLE_COLOUR('',#16823);
#17130 = CURVE_STYLE('',#17131,POSITIVE_LENGTH_MEASURE(0.1),#16823);
#17131 = DRAUGHTING_PRE_DEFINED_CURVE_FONT('continuous');
#17132 = STYLED_ITEM('color',(#17133),#11148);
#17133 = PRESENTATION_STYLE_ASSIGNMENT((#17134,#17139));
#17134 = SURFACE_STYLE_USAGE(.BOTH.,#17135);
#17135 = SURFACE_SIDE_STYLE('',(#17136));
#17136 = SURFACE_STYLE_FILL_AREA(#17137);
#17137 = FILL_AREA_STYLE('',(#17138));
#17138 = FILL_AREA_STYLE_COLOUR('',#16823);
#17139 = CURVE_STYLE('',#17140,POSITIVE_LENGTH_MEASURE(0.1),#16823);
#17140 = DRAUGHTING_PRE_DEFINED_CURVE_FONT('continuous');
#17141 = STYLED_ITEM('color',(#17142),#11160);
#17142 = PRESENTATION_STYLE_ASSIGNMENT((#17143,#17148));
#17143 = SURFACE_STYLE_USAGE(.BOTH.,#17144);
#17144 = SURFACE_SIDE_STYLE('',(#17145));
#17145 = SURFACE_STYLE_FILL_AREA(#17146);
#17146 = FILL_AREA_STYLE('',(#17147));
#17147 = FILL_AREA_STYLE_COLOUR('',#16786);
#17148 = CURVE_STYLE('',#17149,POSITIVE_LENGTH_MEASURE(0.1),#16786);
#17149 = DRAUGHTING_PRE_DEFINED_CURVE_FONT('continuous');
#17150 = STYLED_ITEM('color',(#17151),#11183);
#17151 = PRESENTATION_STYLE_ASSIGNMENT((#17152,#17157));
#17152 = SURFACE_STYLE_USAGE(.BOTH.,#17153);
#17153 = SURFACE_SIDE_STYLE('',(#17154));
#17154 = SURFACE_STYLE_FILL_AREA(#17155);
#17155 = FILL_AREA_STYLE('',(#17156));
#17156 = FILL_AREA_STYLE_COLOUR('',#16786);
#17157 = CURVE_STYLE('',#17158,POSITIVE_LENGTH_MEASURE(0.1),#16786);
#17158 = DRAUGHTING_PRE_DEFINED_CURVE_FONT('continuous');
#17159 = STYLED_ITEM('color',(#17160),#11206);
#17160 = PRESENTATION_STYLE_ASSIGNMENT((#17161,#17166));
#17161 = SURFACE_STYLE_USAGE(.BOTH.,#17162);
#17162 = SURFACE_SIDE_STYLE('',(#17163));
#17163 = SURFACE_STYLE_FILL_AREA(#17164);
#17164 = FILL_AREA_STYLE('',(#17165));
#17165 = FILL_AREA_STYLE_COLOUR('',#16786);
#17166 = CURVE_STYLE('',#17167,POSITIVE_LENGTH_MEASURE(0.1),#16786);
#17167 = DRAUGHTING_PRE_DEFINED_CURVE_FONT('continuous');
#17168 = STYLED_ITEM('color',(#17169),#11223);
#17169 = PRESENTATION_STYLE_ASSIGNMENT((#17170,#17175));
#17170 = SURFACE_STYLE_USAGE(.BOTH.,#17171);
#17171 = SURFACE_SIDE_STYLE('',(#17172));
#17172 = SURFACE_STYLE_FILL_AREA(#17173);
#17173 = FILL_AREA_STYLE('',(#17174));
#17174 = FILL_AREA_STYLE_COLOUR('',#16823);
#17175 = CURVE_STYLE('',#17176,POSITIVE_LENGTH_MEASURE(0.1),#16823);
#17176 = DRAUGHTING_PRE_DEFINED_CURVE_FONT('continuous');
#17177 = STYLED_ITEM('color',(#17178),#11298);
#17178 = PRESENTATION_STYLE_ASSIGNMENT((#17179,#17184));
#17179 = SURFACE_STYLE_USAGE(.BOTH.,#17180);
#17180 = SURFACE_SIDE_STYLE('',(#17181));
#17181 = SURFACE_STYLE_FILL_AREA(#17182);
#17182 = FILL_AREA_STYLE('',(#17183));
#17183 = FILL_AREA_STYLE_COLOUR('',#16823);
#17184 = CURVE_STYLE('',#17185,POSITIVE_LENGTH_MEASURE(0.1),#16823);
#17185 = DRAUGHTING_PRE_DEFINED_CURVE_FONT('continuous');
#17186 = STYLED_ITEM('color',(#17187),#11322);
#17187 = PRESENTATION_STYLE_ASSIGNMENT((#17188,#17193));
#17188 = SURFACE_STYLE_USAGE(.BOTH.,#17189);
#17189 = SURFACE_SIDE_STYLE('',(#17190));
#17190 = SURFACE_STYLE_FILL_AREA(#17191);
#17191 = FILL_AREA_STYLE('',(#17192));
#17192 = FILL_AREA_STYLE_COLOUR('',#16823);
#17193 = CURVE_STYLE('',#17194,POSITIVE_LENGTH_MEASURE(0.1),#16823);
#17194 = DRAUGHTING_PRE_DEFINED_CURVE_FONT('continuous');
#17195 = STYLED_ITEM('color',(#17196),#11390);
#17196 = PRESENTATION_STYLE_ASSIGNMENT((#17197,#17202));
#17197 = SURFACE_STYLE_USAGE(.BOTH.,#17198);
#17198 = SURFACE_SIDE_STYLE('',(#17199));
#17199 = SURFACE_STYLE_FILL_AREA(#17200);
#17200 = FILL_AREA_STYLE('',(#17201));
#17201 = FILL_AREA_STYLE_COLOUR('',#16823);
#17202 = CURVE_STYLE('',#17203,POSITIVE_LENGTH_MEASURE(0.1),#16823);
#17203 = DRAUGHTING_PRE_DEFINED_CURVE_FONT('continuous');
#17204 = STYLED_ITEM('color',(#17205),#11407);
#17205 = PRESENTATION_STYLE_ASSIGNMENT((#17206,#17211));
#17206 = SURFACE_STYLE_USAGE(.BOTH.,#17207);
#17207 = SURFACE_SIDE_STYLE('',(#17208));
#17208 = SURFACE_STYLE_FILL_AREA(#17209);
#17209 = FILL_AREA_STYLE('',(#17210));
#17210 = FILL_AREA_STYLE_COLOUR('',#16786);
#17211 = CURVE_STYLE('',#17212,POSITIVE_LENGTH_MEASURE(0.1),#16786);
#17212 = DRAUGHTING_PRE_DEFINED_CURVE_FONT('continuous');
#17213 = STYLED_ITEM('color',(#17214),#11457);
#17214 = PRESENTATION_STYLE_ASSIGNMENT((#17215,#17220));
#17215 = SURFACE_STYLE_USAGE(.BOTH.,#17216);
#17216 = SURFACE_SIDE_STYLE('',(#17217));
#17217 = SURFACE_STYLE_FILL_AREA(#17218);
#17218 = FILL_AREA_STYLE('',(#17219));
#17219 = FILL_AREA_STYLE_COLOUR('',#16823);
#17220 = CURVE_STYLE('',#17221,POSITIVE_LENGTH_MEASURE(0.1),#16823);
#17221 = DRAUGHTING_PRE_DEFINED_CURVE_FONT('continuous');
#17222 = STYLED_ITEM('color',(#17223),#11474);
#17223 = PRESENTATION_STYLE_ASSIGNMENT((#17224,#17229));
#17224 = SURFACE_STYLE_USAGE(.BOTH.,#17225);
#17225 = SURFACE_SIDE_STYLE('',(#17226));
#17226 = SURFACE_STYLE_FILL_AREA(#17227);
#17227 = FILL_AREA_STYLE('',(#17228));
#17228 = FILL_AREA_STYLE_COLOUR('',#16823);
#17229 = CURVE_STYLE('',#17230,POSITIVE_LENGTH_MEASURE(0.1),#16823);
#17230 = DRAUGHTING_PRE_DEFINED_CURVE_FONT('continuous');
#17231 = STYLED_ITEM('color',(#17232),#11491);
#17232 = PRESENTATION_STYLE_ASSIGNMENT((#17233,#17238));
#17233 = SURFACE_STYLE_USAGE(.BOTH.,#17234);
#17234 = SURFACE_SIDE_STYLE('',(#17235));
#17235 = SURFACE_STYLE_FILL_AREA(#17236);
#17236 = FILL_AREA_STYLE('',(#17237));
#17237 = FILL_AREA_STYLE_COLOUR('',#16823);
#17238 = CURVE_STYLE('',#17239,POSITIVE_LENGTH_MEASURE(0.1),#16823);
#17239 = DRAUGHTING_PRE_DEFINED_CURVE_FONT('continuous');
#17240 = STYLED_ITEM('color',(#17241),#11508);
#17241 = PRESENTATION_STYLE_ASSIGNMENT((#17242,#17247));
#17242 = SURFACE_STYLE_USAGE(.BOTH.,#17243);
#17243 = SURFACE_SIDE_STYLE('',(#17244));
#17244 = SURFACE_STYLE_FILL_AREA(#17245);
#17245 = FILL_AREA_STYLE('',(#17246));
#17246 = FILL_AREA_STYLE_COLOUR('',#16823);
#17247 = CURVE_STYLE('',#17248,POSITIVE_LENGTH_MEASURE(0.1),#16823);
#17248 = DRAUGHTING_PRE_DEFINED_CURVE_FONT('continuous');
#17249 = STYLED_ITEM('color',(#17250),#11525);
#17250 = PRESENTATION_STYLE_ASSIGNMENT((#17251,#17256));
#17251 = SURFACE_STYLE_USAGE(.BOTH.,#17252);
#17252 = SURFACE_SIDE_STYLE('',(#17253));
#17253 = SURFACE_STYLE_FILL_AREA(#17254);
#17254 = FILL_AREA_STYLE('',(#17255));
#17255 = FILL_AREA_STYLE_COLOUR('',#16823);
#17256 = CURVE_STYLE('',#17257,POSITIVE_LENGTH_MEASURE(0.1),#16823);
#17257 = DRAUGHTING_PRE_DEFINED_CURVE_FONT('continuous');
#17258 = STYLED_ITEM('color',(#17259),#11542);
#17259 = PRESENTATION_STYLE_ASSIGNMENT((#17260,#17265));
#17260 = SURFACE_STYLE_USAGE(.BOTH.,#17261);
#17261 = SURFACE_SIDE_STYLE('',(#17262));
#17262 = SURFACE_STYLE_FILL_AREA(#17263);
#17263 = FILL_AREA_STYLE('',(#17264));
#17264 = FILL_AREA_STYLE_COLOUR('',#16823);
#17265 = CURVE_STYLE('',#17266,POSITIVE_LENGTH_MEASURE(0.1),#16823);
#17266 = DRAUGHTING_PRE_DEFINED_CURVE_FONT('continuous');
#17267 = STYLED_ITEM('color',(#17268),#11554);
#17268 = PRESENTATION_STYLE_ASSIGNMENT((#17269,#17275));
#17269 = SURFACE_STYLE_USAGE(.BOTH.,#17270);
#17270 = SURFACE_SIDE_STYLE('',(#17271));
#17271 = SURFACE_STYLE_FILL_AREA(#17272);
#17272 = FILL_AREA_STYLE('',(#17273));
#17273 = FILL_AREA_STYLE_COLOUR('',#17274);
#17274 = COLOUR_RGB('',0.690999998585,0.664000007176,0.597999987832);
#17275 = CURVE_STYLE('',#17276,POSITIVE_LENGTH_MEASURE(0.1),#17274);
#17276 = DRAUGHTING_PRE_DEFINED_CURVE_FONT('continuous');
#17277 = STYLED_ITEM('color',(#17278),#11585);
#17278 = PRESENTATION_STYLE_ASSIGNMENT((#17279,#17284));
#17279 = SURFACE_STYLE_USAGE(.BOTH.,#17280);
#17280 = SURFACE_SIDE_STYLE('',(#17281));
#17281 = SURFACE_STYLE_FILL_AREA(#17282);
#17282 = FILL_AREA_STYLE('',(#17283));
#17283 = FILL_AREA_STYLE_COLOUR('',#17274);
#17284 = CURVE_STYLE('',#17285,POSITIVE_LENGTH_MEASURE(0.1),#17274);
#17285 = DRAUGHTING_PRE_DEFINED_CURVE_FONT('continuous');
#17286 = STYLED_ITEM('color',(#17287),#11609);
#17287 = PRESENTATION_STYLE_ASSIGNMENT((#17288,#17293));
#17288 = SURFACE_STYLE_USAGE(.BOTH.,#17289);
#17289 = SURFACE_SIDE_STYLE('',(#17290));
#17290 = SURFACE_STYLE_FILL_AREA(#17291);
#17291 = FILL_AREA_STYLE('',(#17292));
#17292 = FILL_AREA_STYLE_COLOUR('',#17274);
#17293 = CURVE_STYLE('',#17294,POSITIVE_LENGTH_MEASURE(0.1),#17274);
#17294 = DRAUGHTING_PRE_DEFINED_CURVE_FONT('continuous');
#17295 = STYLED_ITEM('color',(#17296),#11633);
#17296 = PRESENTATION_STYLE_ASSIGNMENT((#17297,#17302));
#17297 = SURFACE_STYLE_USAGE(.BOTH.,#17298);
#17298 = SURFACE_SIDE_STYLE('',(#17299));
#17299 = SURFACE_STYLE_FILL_AREA(#17300);
#17300 = FILL_AREA_STYLE('',(#17301));
#17301 = FILL_AREA_STYLE_COLOUR('',#17274);
#17302 = CURVE_STYLE('',#17303,POSITIVE_LENGTH_MEASURE(0.1),#17274);
#17303 = DRAUGHTING_PRE_DEFINED_CURVE_FONT('continuous');
#17304 = STYLED_ITEM('color',(#17305),#11650);
#17305 = PRESENTATION_STYLE_ASSIGNMENT((#17306,#17311));
#17306 = SURFACE_STYLE_USAGE(.BOTH.,#17307);
#17307 = SURFACE_SIDE_STYLE('',(#17308));
#17308 = SURFACE_STYLE_FILL_AREA(#17309);
#17309 = FILL_AREA_STYLE('',(#17310));
#17310 = FILL_AREA_STYLE_COLOUR('',#17274);
#17311 = CURVE_STYLE('',#17312,POSITIVE_LENGTH_MEASURE(0.1),#17274);
#17312 = DRAUGHTING_PRE_DEFINED_CURVE_FONT('continuous');
#17313 = MECHANICAL_DESIGN_GEOMETRIC_PRESENTATION_REPRESENTATION('',(
    #17314),#16767);
#17314 = STYLED_ITEM('color',(#17315),#11751);
#17315 = PRESENTATION_STYLE_ASSIGNMENT((#17316));
#17316 = SURFACE_STYLE_USAGE(.BOTH.,#17317);
#17317 = SURFACE_SIDE_STYLE('',(#17318));
#17318 = SURFACE_STYLE_FILL_AREA(#17319);
#17319 = FILL_AREA_STYLE('',(#17320));
#17320 = FILL_AREA_STYLE_COLOUR('',#17321);
#17321 = COLOUR_RGB('',0.313304153717,0.484529207832,0.410020903123);
ENDSEC;
END-ISO-10303-21;
