ISO-10303-21;
HEADER;
FILE_DESCRIPTION(('KiCad electronic assembly'),'2;1');
FILE_NAME('proto4-left.step','2026-07-30T16:53:21',('Pcbnew'),('Kicad'),
  'Open CASCADE STEP processor 7.9','KiCad to STEP converter','Unknown'
  );
FILE_SCHEMA(('AUTOMOTIVE_DESIGN { 1 0 10303 214 1 1 1 1 }'));
ENDSEC;
DATA;
#1 = APPLICATION_PROTOCOL_DEFINITION('international standard',
  'automotive_design',2000,#2);
#2 = APPLICATION_CONTEXT(
  'core data for automotive mechanical design processes');
#3 = SHAPE_DEFINITION_REPRESENTATION(#4,#10);
#4 = PRODUCT_DEFINITION_SHAPE('','',#5);
#5 = PRODUCT_DEFINITION('design','',#6,#9);
#6 = PRODUCT_DEFINITION_FORMATION('','',#7);
#7 = PRODUCT('proto4-left 1','proto4-left 1','',(#8));
#8 = PRODUCT_CONTEXT('',#2,'mechanical');
#9 = PRODUCT_DEFINITION_CONTEXT('part definition',#2,'design');
#10 = SHAPE_REPRESENTATION('',(#11,#15),#19);
#11 = AXIS2_PLACEMENT_3D('',#12,#13,#14);
#12 = CARTESIAN_POINT('',(0.,0.,0.));
#13 = DIRECTION('',(0.,0.,1.));
#14 = DIRECTION('',(1.,0.,-0.));
#15 = AXIS2_PLACEMENT_3D('',#16,#17,#18);
#16 = CARTESIAN_POINT('',(0.,0.,0.));
#17 = DIRECTION('',(0.,0.,1.));
#18 = DIRECTION('',(1.,0.,-0.));
#19 = ( GEOMETRIC_REPRESENTATION_CONTEXT(3) 
GLOBAL_UNCERTAINTY_ASSIGNED_CONTEXT((#23)) GLOBAL_UNIT_ASSIGNED_CONTEXT(
(#20,#21,#22)) REPRESENTATION_CONTEXT('Context #1',
  '3D Context with UNIT and UNCERTAINTY') );
#20 = ( LENGTH_UNIT() NAMED_UNIT(*) SI_UNIT(.MILLI.,.METRE.) );
#21 = ( NAMED_UNIT(*) PLANE_ANGLE_UNIT() SI_UNIT($,.RADIAN.) );
#22 = ( NAMED_UNIT(*) SI_UNIT($,.STERADIAN.) SOLID_ANGLE_UNIT() );
#23 = UNCERTAINTY_MEASURE_WITH_UNIT(LENGTH_MEASURE(1.E-07),#20,
  'distance_accuracy_value','confusion accuracy');
#24 = PRODUCT_RELATED_PRODUCT_CATEGORY('part',$,(#7));
#25 = SHAPE_DEFINITION_REPRESENTATION(#26,#32);
#26 = PRODUCT_DEFINITION_SHAPE('','',#27);
#27 = PRODUCT_DEFINITION('design','',#28,#31);
#28 = PRODUCT_DEFINITION_FORMATION('','',#29);
#29 = PRODUCT('proto4-left-unsaved-export-rAk4BK_PCB',
  'proto4-left-unsaved-export-rAk4BK_PCB','',(#30));
#30 = PRODUCT_CONTEXT('',#2,'mechanical');
#31 = PRODUCT_DEFINITION_CONTEXT('part definition',#2,'design');
#32 = ADVANCED_BREP_SHAPE_REPRESENTATION('',(#11,#33),#4644);
#33 = MANIFOLD_SOLID_BREP('',#34);
#34 = CLOSED_SHELL('',(#35,#75,#106,#137,#1390,#2643,#2660,#2677,#2694,
    #2711,#2728,#2745,#2762,#2779,#2796,#2813,#2830,#2847,#2864,#2881,
    #2898,#2915,#2932,#2944,#2961,#2978,#2995,#3012,#3029,#3046,#3063,
    #3080,#3097,#3114,#3131,#3148,#3165,#3182,#3199,#3216,#3233,#3250,
    #3267,#3284,#3301,#3318,#3335,#3352,#3369,#3386,#3403,#3420,#3437,
    #3454,#3471,#3488,#3505,#3522,#3539,#3556,#3573,#3590,#3607,#3624,
    #3641,#3658,#3675,#3692,#3709,#3726,#3743,#3760,#3777,#3794,#3811,
    #3828,#3845,#3862,#3879,#3896,#3913,#3930,#3947,#3964,#3981,#3998,
    #4015,#4032,#4049,#4066,#4083,#4100,#4117,#4134,#4151,#4168,#4185,
    #4202,#4219,#4236,#4253,#4270,#4287,#4304,#4321,#4338,#4355,#4372,
    #4389,#4406,#4423,#4440,#4457,#4474,#4491,#4508,#4525,#4542,#4559,
    #4576,#4593,#4610,#4627));
#35 = ADVANCED_FACE('',(#36),#70,.T.);
#36 = FACE_BOUND('',#37,.T.);
#37 = EDGE_LOOP('',(#38,#48,#56,#64));
#38 = ORIENTED_EDGE('',*,*,#39,.T.);
#39 = EDGE_CURVE('',#40,#42,#44,.T.);
#40 = VERTEX_POINT('',#41);
#41 = CARTESIAN_POINT('',(45.,18.,0.));
#42 = VERTEX_POINT('',#43);
#43 = CARTESIAN_POINT('',(45.,18.,1.51));
#44 = LINE('',#45,#46);
#45 = CARTESIAN_POINT('',(45.,18.,0.));
#46 = VECTOR('',#47,1.);
#47 = DIRECTION('',(0.,0.,1.));
#48 = ORIENTED_EDGE('',*,*,#49,.T.);
#49 = EDGE_CURVE('',#42,#50,#52,.T.);
#50 = VERTEX_POINT('',#51);
#51 = CARTESIAN_POINT('',(50.,18.,1.51));
#52 = LINE('',#53,#54);
#53 = CARTESIAN_POINT('',(45.,18.,1.51));
#54 = VECTOR('',#55,1.);
#55 = DIRECTION('',(1.,0.,0.));
#56 = ORIENTED_EDGE('',*,*,#57,.F.);
#57 = EDGE_CURVE('',#58,#50,#60,.T.);
#58 = VERTEX_POINT('',#59);
#59 = CARTESIAN_POINT('',(50.,18.,0.));
#60 = LINE('',#61,#62);
#61 = CARTESIAN_POINT('',(50.,18.,0.));
#62 = VECTOR('',#63,1.);
#63 = DIRECTION('',(0.,0.,1.));
#64 = ORIENTED_EDGE('',*,*,#65,.F.);
#65 = EDGE_CURVE('',#40,#58,#66,.T.);
#66 = LINE('',#67,#68);
#67 = CARTESIAN_POINT('',(45.,18.,0.));
#68 = VECTOR('',#69,1.);
#69 = DIRECTION('',(1.,0.,0.));
#70 = PLANE('',#71);
#71 = AXIS2_PLACEMENT_3D('',#72,#73,#74);
#72 = CARTESIAN_POINT('',(45.,18.,0.));
#73 = DIRECTION('',(0.,1.,0.));
#74 = DIRECTION('',(1.,0.,0.));
#75 = ADVANCED_FACE('',(#76),#101,.T.);
#76 = FACE_BOUND('',#77,.T.);
#77 = EDGE_LOOP('',(#78,#88,#94,#95));
#78 = ORIENTED_EDGE('',*,*,#79,.T.);
#79 = EDGE_CURVE('',#80,#82,#84,.T.);
#80 = VERTEX_POINT('',#81);
#81 = CARTESIAN_POINT('',(8.,26.,0.));
#82 = VERTEX_POINT('',#83);
#83 = CARTESIAN_POINT('',(8.,26.,1.51));
#84 = LINE('',#85,#86);
#85 = CARTESIAN_POINT('',(8.,26.,0.));
#86 = VECTOR('',#87,1.);
#87 = DIRECTION('',(0.,0.,1.));
#88 = ORIENTED_EDGE('',*,*,#89,.T.);
#89 = EDGE_CURVE('',#82,#42,#90,.T.);
#90 = LINE('',#91,#92);
#91 = CARTESIAN_POINT('',(8.,26.,1.51));
#92 = VECTOR('',#93,1.);
#93 = DIRECTION('',(0.97741416544,-0.211332792528,0.));
#94 = ORIENTED_EDGE('',*,*,#39,.F.);
#95 = ORIENTED_EDGE('',*,*,#96,.F.);
#96 = EDGE_CURVE('',#80,#40,#97,.T.);
#97 = LINE('',#98,#99);
#98 = CARTESIAN_POINT('',(8.,26.,0.));
#99 = VECTOR('',#100,1.);
#100 = DIRECTION('',(0.97741416544,-0.211332792528,0.));
#101 = PLANE('',#102);
#102 = AXIS2_PLACEMENT_3D('',#103,#104,#105);
#103 = CARTESIAN_POINT('',(8.,26.,0.));
#104 = DIRECTION('',(0.211332792528,0.97741416544,-0.));
#105 = DIRECTION('',(0.97741416544,-0.211332792528,0.));
#106 = ADVANCED_FACE('',(#107),#132,.T.);
#107 = FACE_BOUND('',#108,.T.);
#108 = EDGE_LOOP('',(#109,#110,#118,#126));
#109 = ORIENTED_EDGE('',*,*,#57,.T.);
#110 = ORIENTED_EDGE('',*,*,#111,.T.);
#111 = EDGE_CURVE('',#50,#112,#114,.T.);
#112 = VERTEX_POINT('',#113);
#113 = CARTESIAN_POINT('',(50.,0.,1.51));
#114 = LINE('',#115,#116);
#115 = CARTESIAN_POINT('',(50.,18.,1.51));
#116 = VECTOR('',#117,1.);
#117 = DIRECTION('',(0.,-1.,0.));
#118 = ORIENTED_EDGE('',*,*,#119,.F.);
#119 = EDGE_CURVE('',#120,#112,#122,.T.);
#120 = VERTEX_POINT('',#121);
#121 = CARTESIAN_POINT('',(50.,-0.,0.));
#122 = LINE('',#123,#124);
#123 = CARTESIAN_POINT('',(50.,-0.,0.));
#124 = VECTOR('',#125,1.);
#125 = DIRECTION('',(0.,0.,1.));
#126 = ORIENTED_EDGE('',*,*,#127,.F.);
#127 = EDGE_CURVE('',#58,#120,#128,.T.);
#128 = LINE('',#129,#130);
#129 = CARTESIAN_POINT('',(50.,18.,0.));
#130 = VECTOR('',#131,1.);
#131 = DIRECTION('',(0.,-1.,0.));
#132 = PLANE('',#133);
#133 = AXIS2_PLACEMENT_3D('',#134,#135,#136);
#134 = CARTESIAN_POINT('',(50.,18.,0.));
#135 = DIRECTION('',(1.,0.,-0.));
#136 = DIRECTION('',(0.,-1.,0.));
#137 = ADVANCED_FACE('',(#138,#285,#296,#307,#318,#329,#340,#351,#362,
    #373,#384,#395,#406,#417,#428,#439,#450,#461,#472,#483,#494,#505,
    #516,#527,#538,#549,#560,#571,#582,#593,#604,#615,#626,#637,#648,
    #659,#670,#681,#692,#703,#714,#725,#736,#747,#758,#769,#780,#791,
    #802,#813,#824,#835,#846,#857,#868,#879,#890,#901,#912,#923,#934,
    #945,#956,#967,#978,#989,#1000,#1011,#1022,#1033,#1044,#1055,#1066,
    #1077,#1088,#1099,#1110,#1121,#1132,#1143,#1154,#1165,#1176,#1187,
    #1198,#1209,#1220,#1231,#1242,#1253,#1264,#1275,#1286,#1297,#1308,
    #1319,#1330,#1341,#1352,#1363,#1374),#1385,.F.);
#138 = FACE_BOUND('',#139,.F.);
#139 = EDGE_LOOP('',(#140,#141,#142,#150,#158,#166,#174,#182,#190,#198,
    #206,#214,#222,#230,#238,#246,#254,#262,#270,#278,#284));
#140 = ORIENTED_EDGE('',*,*,#65,.F.);
#141 = ORIENTED_EDGE('',*,*,#96,.F.);
#142 = ORIENTED_EDGE('',*,*,#143,.F.);
#143 = EDGE_CURVE('',#144,#80,#146,.T.);
#144 = VERTEX_POINT('',#145);
#145 = CARTESIAN_POINT('',(-8.,26.,0.));
#146 = LINE('',#147,#148);
#147 = CARTESIAN_POINT('',(-8.,26.,0.));
#148 = VECTOR('',#149,1.);
#149 = DIRECTION('',(1.,0.,0.));
#150 = ORIENTED_EDGE('',*,*,#151,.F.);
#151 = EDGE_CURVE('',#152,#144,#154,.T.);
#152 = VERTEX_POINT('',#153);
#153 = CARTESIAN_POINT('',(-63.,10.,0.));
#154 = LINE('',#155,#156);
#155 = CARTESIAN_POINT('',(-63.,10.,0.));
#156 = VECTOR('',#157,1.);
#157 = DIRECTION('',(0.960195296604,0.27932954083,0.));
#158 = ORIENTED_EDGE('',*,*,#159,.F.);
#159 = EDGE_CURVE('',#160,#152,#162,.T.);
#160 = VERTEX_POINT('',#161);
#161 = CARTESIAN_POINT('',(-63.,-25.,0.));
#162 = LINE('',#163,#164);
#163 = CARTESIAN_POINT('',(-63.,-25.,0.));
#164 = VECTOR('',#165,1.);
#165 = DIRECTION('',(0.,1.,0.));
#166 = ORIENTED_EDGE('',*,*,#167,.F.);
#167 = EDGE_CURVE('',#168,#160,#170,.T.);
#168 = VERTEX_POINT('',#169);
#169 = CARTESIAN_POINT('',(-27.,-25.,0.));
#170 = LINE('',#171,#172);
#171 = CARTESIAN_POINT('',(-27.,-25.,0.));
#172 = VECTOR('',#173,1.);
#173 = DIRECTION('',(-1.,0.,0.));
#174 = ORIENTED_EDGE('',*,*,#175,.F.);
#175 = EDGE_CURVE('',#176,#168,#178,.T.);
#176 = VERTEX_POINT('',#177);
#177 = CARTESIAN_POINT('',(-27.,-14.,0.));
#178 = LINE('',#179,#180);
#179 = CARTESIAN_POINT('',(-27.,-14.,0.));
#180 = VECTOR('',#181,1.);
#181 = DIRECTION('',(0.,-1.,0.));
#182 = ORIENTED_EDGE('',*,*,#183,.F.);
#183 = EDGE_CURVE('',#184,#176,#186,.T.);
#184 = VERTEX_POINT('',#185);
#185 = CARTESIAN_POINT('',(-4.,-14.,0.));
#186 = LINE('',#187,#188);
#187 = CARTESIAN_POINT('',(-4.,-14.,0.));
#188 = VECTOR('',#189,1.);
#189 = DIRECTION('',(-1.,0.,0.));
#190 = ORIENTED_EDGE('',*,*,#191,.F.);
#191 = EDGE_CURVE('',#192,#184,#194,.T.);
#192 = VERTEX_POINT('',#193);
#193 = CARTESIAN_POINT('',(17.,-25.,0.));
#194 = LINE('',#195,#196);
#195 = CARTESIAN_POINT('',(17.,-25.,0.));
#196 = VECTOR('',#197,1.);
#197 = DIRECTION('',(-0.88583153528,0.464006994671,0.));
#198 = ORIENTED_EDGE('',*,*,#199,.F.);
#199 = EDGE_CURVE('',#200,#192,#202,.T.);
#200 = VERTEX_POINT('',#201);
#201 = CARTESIAN_POINT('',(8.,-40.,0.));
#202 = LINE('',#203,#204);
#203 = CARTESIAN_POINT('',(8.,-40.,0.));
#204 = VECTOR('',#205,1.);
#205 = DIRECTION('',(0.514495755428,0.857492925713,0.));
#206 = ORIENTED_EDGE('',*,*,#207,.F.);
#207 = EDGE_CURVE('',#208,#200,#210,.T.);
#208 = VERTEX_POINT('',#209);
#209 = CARTESIAN_POINT('',(56.,-68.,0.));
#210 = LINE('',#211,#212);
#211 = CARTESIAN_POINT('',(56.,-68.,0.));
#212 = VECTOR('',#213,1.);
#213 = DIRECTION('',(-0.863778900898,0.503871025524,0.));
#214 = ORIENTED_EDGE('',*,*,#215,.F.);
#215 = EDGE_CURVE('',#216,#208,#218,.T.);
#216 = VERTEX_POINT('',#217);
#217 = CARTESIAN_POINT('',(70.,-44.,0.));
#218 = LINE('',#219,#220);
#219 = CARTESIAN_POINT('',(70.,-44.,0.));
#220 = VECTOR('',#221,1.);
#221 = DIRECTION('',(-0.503871025524,-0.863778900898,0.));
#222 = ORIENTED_EDGE('',*,*,#223,.F.);
#223 = EDGE_CURVE('',#224,#216,#226,.T.);
#224 = VERTEX_POINT('',#225);
#225 = CARTESIAN_POINT('',(70.,-28.,0.));
#226 = LINE('',#227,#228);
#227 = CARTESIAN_POINT('',(70.,-28.,0.));
#228 = VECTOR('',#229,1.);
#229 = DIRECTION('',(0.,-1.,0.));
#230 = ORIENTED_EDGE('',*,*,#231,.F.);
#231 = EDGE_CURVE('',#232,#224,#234,.T.);
#232 = VERTEX_POINT('',#233);
#233 = CARTESIAN_POINT('',(65.,-28.,0.));
#234 = LINE('',#235,#236);
#235 = CARTESIAN_POINT('',(65.,-28.,0.));
#236 = VECTOR('',#237,1.);
#237 = DIRECTION('',(1.,0.,0.));
#238 = ORIENTED_EDGE('',*,*,#239,.F.);
#239 = EDGE_CURVE('',#240,#232,#242,.T.);
#240 = VERTEX_POINT('',#241);
#241 = CARTESIAN_POINT('',(65.,-23.,0.));
#242 = LINE('',#243,#244);
#243 = CARTESIAN_POINT('',(65.,-23.,0.));
#244 = VECTOR('',#245,1.);
#245 = DIRECTION('',(0.,-1.,0.));
#246 = ORIENTED_EDGE('',*,*,#247,.F.);
#247 = EDGE_CURVE('',#248,#240,#250,.T.);
#248 = VERTEX_POINT('',#249);
#249 = CARTESIAN_POINT('',(70.,-23.,0.));
#250 = LINE('',#251,#252);
#251 = CARTESIAN_POINT('',(70.,-23.,0.));
#252 = VECTOR('',#253,1.);
#253 = DIRECTION('',(-1.,0.,0.));
#254 = ORIENTED_EDGE('',*,*,#255,.F.);
#255 = EDGE_CURVE('',#256,#248,#258,.T.);
#256 = VERTEX_POINT('',#257);
#257 = CARTESIAN_POINT('',(70.,18.,0.));
#258 = LINE('',#259,#260);
#259 = CARTESIAN_POINT('',(70.,18.,0.));
#260 = VECTOR('',#261,1.);
#261 = DIRECTION('',(0.,-1.,0.));
#262 = ORIENTED_EDGE('',*,*,#263,.F.);
#263 = EDGE_CURVE('',#264,#256,#266,.T.);
#264 = VERTEX_POINT('',#265);
#265 = CARTESIAN_POINT('',(62.,18.,0.));
#266 = LINE('',#267,#268);
#267 = CARTESIAN_POINT('',(62.,18.,0.));
#268 = VECTOR('',#269,1.);
#269 = DIRECTION('',(1.,0.,0.));
#270 = ORIENTED_EDGE('',*,*,#271,.F.);
#271 = EDGE_CURVE('',#272,#264,#274,.T.);
#272 = VERTEX_POINT('',#273);
#273 = CARTESIAN_POINT('',(62.,-0.,0.));
#274 = LINE('',#275,#276);
#275 = CARTESIAN_POINT('',(62.,-0.,0.));
#276 = VECTOR('',#277,1.);
#277 = DIRECTION('',(0.,1.,0.));
#278 = ORIENTED_EDGE('',*,*,#279,.F.);
#279 = EDGE_CURVE('',#120,#272,#280,.T.);
#280 = LINE('',#281,#282);
#281 = CARTESIAN_POINT('',(50.,-0.,0.));
#282 = VECTOR('',#283,1.);
#283 = DIRECTION('',(1.,0.,0.));
#284 = ORIENTED_EDGE('',*,*,#127,.F.);
#285 = FACE_BOUND('',#286,.F.);
#286 = EDGE_LOOP('',(#287));
#287 = ORIENTED_EDGE('',*,*,#288,.T.);
#288 = EDGE_CURVE('',#289,#289,#291,.T.);
#289 = VERTEX_POINT('',#290);
#290 = CARTESIAN_POINT('',(31.942628,-44.566025,0.));
#291 = CIRCLE('',#292,0.95);
#292 = AXIS2_PLACEMENT_3D('',#293,#294,#295);
#293 = CARTESIAN_POINT('',(31.942628,-43.616025,0.));
#294 = DIRECTION('',(-0.,0.,-1.));
#295 = DIRECTION('',(-0.,-1.,0.));
#296 = FACE_BOUND('',#297,.F.);
#297 = EDGE_LOOP('',(#298));
#298 = ORIENTED_EDGE('',*,*,#299,.T.);
#299 = EDGE_CURVE('',#300,#300,#302,.T.);
#300 = VERTEX_POINT('',#301);
#301 = CARTESIAN_POINT('',(25.880452,-41.066025,0.));
#302 = CIRCLE('',#303,0.95);
#303 = AXIS2_PLACEMENT_3D('',#304,#305,#306);
#304 = CARTESIAN_POINT('',(25.880452,-40.116025,0.));
#305 = DIRECTION('',(-0.,0.,-1.));
#306 = DIRECTION('',(-0.,-1.,0.));
#307 = FACE_BOUND('',#308,.F.);
#308 = EDGE_LOOP('',(#309));
#309 = ORIENTED_EDGE('',*,*,#310,.T.);
#310 = EDGE_CURVE('',#311,#311,#313,.T.);
#311 = VERTEX_POINT('',#312);
#312 = CARTESIAN_POINT('',(47.531088,-53.566025,0.));
#313 = CIRCLE('',#314,0.95);
#314 = AXIS2_PLACEMENT_3D('',#315,#316,#317);
#315 = CARTESIAN_POINT('',(47.531088,-52.616025,0.));
#316 = DIRECTION('',(-0.,0.,-1.));
#317 = DIRECTION('',(-0.,-1.,0.));
#318 = FACE_BOUND('',#319,.F.);
#319 = EDGE_LOOP('',(#320));
#320 = ORIENTED_EDGE('',*,*,#321,.T.);
#321 = EDGE_CURVE('',#322,#322,#324,.T.);
#322 = VERTEX_POINT('',#323);
#323 = CARTESIAN_POINT('',(41.468908,-50.066025,0.));
#324 = CIRCLE('',#325,0.95);
#325 = AXIS2_PLACEMENT_3D('',#326,#327,#328);
#326 = CARTESIAN_POINT('',(41.468908,-49.116025,0.));
#327 = DIRECTION('',(-0.,0.,-1.));
#328 = DIRECTION('',(-0.,-1.,0.));
#329 = FACE_BOUND('',#330,.F.);
#330 = EDGE_LOOP('',(#331));
#331 = ORIENTED_EDGE('',*,*,#332,.T.);
#332 = EDGE_CURVE('',#333,#333,#335,.T.);
#333 = VERTEX_POINT('',#334);
#334 = CARTESIAN_POINT('',(52.294228,-57.066025,0.));
#335 = CIRCLE('',#336,1.7);
#336 = AXIS2_PLACEMENT_3D('',#337,#338,#339);
#337 = CARTESIAN_POINT('',(52.294228,-55.366025,0.));
#338 = DIRECTION('',(-0.,0.,-1.));
#339 = DIRECTION('',(-4.17966315153E-15,-1.,0.));
#340 = FACE_BOUND('',#341,.F.);
#341 = EDGE_LOOP('',(#342));
#342 = ORIENTED_EDGE('',*,*,#343,.T.);
#343 = EDGE_CURVE('',#344,#344,#346,.T.);
#344 = VERTEX_POINT('',#345);
#345 = CARTESIAN_POINT('',(57.057368,-59.066025,0.));
#346 = CIRCLE('',#347,0.95);
#347 = AXIS2_PLACEMENT_3D('',#348,#349,#350);
#348 = CARTESIAN_POINT('',(57.057368,-58.116025,0.));
#349 = DIRECTION('',(-0.,0.,-1.));
#350 = DIRECTION('',(-0.,-1.,0.));
#351 = FACE_BOUND('',#352,.F.);
#352 = EDGE_LOOP('',(#353));
#353 = ORIENTED_EDGE('',*,*,#354,.T.);
#354 = EDGE_CURVE('',#355,#355,#357,.T.);
#355 = VERTEX_POINT('',#356);
#356 = CARTESIAN_POINT('',(58.524355,-55.175128,0.));
#357 = CIRCLE('',#358,0.6);
#358 = AXIS2_PLACEMENT_3D('',#359,#360,#361);
#359 = CARTESIAN_POINT('',(58.524355,-54.575128,0.));
#360 = DIRECTION('',(-0.,0.,-1.));
#361 = DIRECTION('',(-0.,-1.,0.));
#362 = FACE_BOUND('',#363,.F.);
#363 = EDGE_LOOP('',(#364));
#364 = ORIENTED_EDGE('',*,*,#365,.T.);
#365 = EDGE_CURVE('',#366,#366,#368,.T.);
#366 = VERTEX_POINT('',#367);
#367 = CARTESIAN_POINT('',(49.864101,-50.175128,0.));
#368 = CIRCLE('',#369,0.6);
#369 = AXIS2_PLACEMENT_3D('',#370,#371,#372);
#370 = CARTESIAN_POINT('',(49.864101,-49.575128,0.));
#371 = DIRECTION('',(-0.,0.,-1.));
#372 = DIRECTION('',(-0.,-1.,0.));
#373 = FACE_BOUND('',#374,.F.);
#374 = EDGE_LOOP('',(#375));
#375 = ORIENTED_EDGE('',*,*,#376,.T.);
#376 = EDGE_CURVE('',#377,#377,#379,.T.);
#377 = VERTEX_POINT('',#378);
#378 = CARTESIAN_POINT('',(55.244228,-50.856475,0.));
#379 = CIRCLE('',#380,0.6);
#380 = AXIS2_PLACEMENT_3D('',#381,#382,#383);
#381 = CARTESIAN_POINT('',(55.244228,-50.256475,0.));
#382 = DIRECTION('',(-0.,0.,-1.));
#383 = DIRECTION('',(-0.,-1.,0.));
#384 = FACE_BOUND('',#385,.F.);
#385 = EDGE_LOOP('',(#386));
#386 = ORIENTED_EDGE('',*,*,#387,.T.);
#387 = EDGE_CURVE('',#388,#388,#390,.T.);
#388 = VERTEX_POINT('',#389);
#389 = CARTESIAN_POINT('',(36.705768,-48.066025,0.));
#390 = CIRCLE('',#391,1.7);
#391 = AXIS2_PLACEMENT_3D('',#392,#393,#394);
#392 = CARTESIAN_POINT('',(36.705768,-46.366025,0.));
#393 = DIRECTION('',(-0.,0.,-1.));
#394 = DIRECTION('',(-4.17966315153E-15,-1.,0.));
#395 = FACE_BOUND('',#396,.F.);
#396 = EDGE_LOOP('',(#397));
#397 = ORIENTED_EDGE('',*,*,#398,.T.);
#398 = EDGE_CURVE('',#399,#399,#401,.T.);
#399 = VERTEX_POINT('',#400);
#400 = CARTESIAN_POINT('',(42.935895,-46.175128,0.));
#401 = CIRCLE('',#402,0.6);
#402 = AXIS2_PLACEMENT_3D('',#403,#404,#405);
#403 = CARTESIAN_POINT('',(42.935895,-45.575128,0.));
#404 = DIRECTION('',(-0.,0.,-1.));
#405 = DIRECTION('',(-0.,-1.,0.));
#406 = FACE_BOUND('',#407,.F.);
#407 = EDGE_LOOP('',(#408));
#408 = ORIENTED_EDGE('',*,*,#409,.T.);
#409 = EDGE_CURVE('',#410,#410,#412,.T.);
#410 = VERTEX_POINT('',#411);
#411 = CARTESIAN_POINT('',(39.655768,-41.856475,0.));
#412 = CIRCLE('',#413,0.6);
#413 = AXIS2_PLACEMENT_3D('',#414,#415,#416);
#414 = CARTESIAN_POINT('',(39.655768,-41.256475,0.));
#415 = DIRECTION('',(-0.,0.,-1.));
#416 = DIRECTION('',(-0.,-1.,0.));
#417 = FACE_BOUND('',#418,.F.);
#418 = EDGE_LOOP('',(#419));
#419 = ORIENTED_EDGE('',*,*,#420,.T.);
#420 = EDGE_CURVE('',#421,#421,#423,.T.);
#421 = VERTEX_POINT('',#422);
#422 = CARTESIAN_POINT('',(34.275641,-41.175128,0.));
#423 = CIRCLE('',#424,0.6);
#424 = AXIS2_PLACEMENT_3D('',#425,#426,#427);
#425 = CARTESIAN_POINT('',(34.275641,-40.575128,0.));
#426 = DIRECTION('',(-0.,0.,-1.));
#427 = DIRECTION('',(-0.,-1.,0.));
#428 = FACE_BOUND('',#429,.F.);
#429 = EDGE_LOOP('',(#430));
#430 = ORIENTED_EDGE('',*,*,#431,.T.);
#431 = EDGE_CURVE('',#432,#432,#434,.T.);
#432 = VERTEX_POINT('',#433);
#433 = CARTESIAN_POINT('',(16.354172,-35.566025,0.));
#434 = CIRCLE('',#435,0.95);
#435 = AXIS2_PLACEMENT_3D('',#436,#437,#438);
#436 = CARTESIAN_POINT('',(16.354172,-34.616025,0.));
#437 = DIRECTION('',(-0.,0.,-1.));
#438 = DIRECTION('',(-3.739698609264E-15,-1.,0.));
#439 = FACE_BOUND('',#440,.F.);
#440 = EDGE_LOOP('',(#441));
#441 = ORIENTED_EDGE('',*,*,#442,.T.);
#442 = EDGE_CURVE('',#443,#443,#445,.T.);
#443 = VERTEX_POINT('',#444);
#444 = CARTESIAN_POINT('',(21.117312,-39.066025,0.));
#445 = CIRCLE('',#446,1.7);
#446 = AXIS2_PLACEMENT_3D('',#447,#448,#449);
#447 = CARTESIAN_POINT('',(21.117312,-37.366025,0.));
#448 = DIRECTION('',(-0.,0.,-1.));
#449 = DIRECTION('',(-0.,-1.,0.));
#450 = FACE_BOUND('',#451,.F.);
#451 = EDGE_LOOP('',(#452));
#452 = ORIENTED_EDGE('',*,*,#453,.T.);
#453 = EDGE_CURVE('',#454,#454,#456,.T.);
#454 = VERTEX_POINT('',#455);
#455 = CARTESIAN_POINT('',(27.347439,-37.175128,0.));
#456 = CIRCLE('',#457,0.6);
#457 = AXIS2_PLACEMENT_3D('',#458,#459,#460);
#458 = CARTESIAN_POINT('',(27.347439,-36.575128,0.));
#459 = DIRECTION('',(-0.,0.,-1.));
#460 = DIRECTION('',(-0.,-1.,0.));
#461 = FACE_BOUND('',#462,.F.);
#462 = EDGE_LOOP('',(#463));
#463 = ORIENTED_EDGE('',*,*,#464,.T.);
#464 = EDGE_CURVE('',#465,#465,#467,.T.);
#465 = VERTEX_POINT('',#466);
#466 = CARTESIAN_POINT('',(18.687185,-32.175128,0.));
#467 = CIRCLE('',#468,0.6);
#468 = AXIS2_PLACEMENT_3D('',#469,#470,#471);
#469 = CARTESIAN_POINT('',(18.687185,-31.575128,0.));
#470 = DIRECTION('',(-0.,0.,-1.));
#471 = DIRECTION('',(-0.,-1.,0.));
#472 = FACE_BOUND('',#473,.F.);
#473 = EDGE_LOOP('',(#474));
#474 = ORIENTED_EDGE('',*,*,#475,.T.);
#475 = EDGE_CURVE('',#476,#476,#478,.T.);
#476 = VERTEX_POINT('',#477);
#477 = CARTESIAN_POINT('',(24.067312,-32.856475,0.));
#478 = CIRCLE('',#479,0.6);
#479 = AXIS2_PLACEMENT_3D('',#480,#481,#482);
#480 = CARTESIAN_POINT('',(24.067312,-32.256475,0.));
#481 = DIRECTION('',(-0.,0.,-1.));
#482 = DIRECTION('',(-0.,-1.,0.));
#483 = FACE_BOUND('',#484,.F.);
#484 = EDGE_LOOP('',(#485));
#485 = ORIENTED_EDGE('',*,*,#486,.T.);
#486 = EDGE_CURVE('',#487,#487,#489,.T.);
#487 = VERTEX_POINT('',#488);
#488 = CARTESIAN_POINT('',(55.76,-30.21,0.));
#489 = CIRCLE('',#490,0.38);
#490 = AXIS2_PLACEMENT_3D('',#491,#492,#493);
#491 = CARTESIAN_POINT('',(55.76,-29.83,0.));
#492 = DIRECTION('',(-0.,0.,-1.));
#493 = DIRECTION('',(-1.869849304632E-14,-1.,0.));
#494 = FACE_BOUND('',#495,.F.);
#495 = EDGE_LOOP('',(#496));
#496 = ORIENTED_EDGE('',*,*,#497,.T.);
#497 = EDGE_CURVE('',#498,#498,#500,.T.);
#498 = VERTEX_POINT('',#499);
#499 = CARTESIAN_POINT('',(53.22,-28.94,0.));
#500 = CIRCLE('',#501,0.38);
#501 = AXIS2_PLACEMENT_3D('',#502,#503,#504);
#502 = CARTESIAN_POINT('',(53.22,-28.56,0.));
#503 = DIRECTION('',(-0.,0.,-1.));
#504 = DIRECTION('',(-0.,-1.,0.));
#505 = FACE_BOUND('',#506,.F.);
#506 = EDGE_LOOP('',(#507));
#507 = ORIENTED_EDGE('',*,*,#508,.T.);
#508 = EDGE_CURVE('',#509,#509,#511,.T.);
#509 = VERTEX_POINT('',#510);
#510 = CARTESIAN_POINT('',(62.11,-32.725,0.));
#511 = CIRCLE('',#512,1.625);
#512 = AXIS2_PLACEMENT_3D('',#513,#514,#515);
#513 = CARTESIAN_POINT('',(62.11,-31.1,0.));
#514 = DIRECTION('',(-0.,0.,-1.));
#515 = DIRECTION('',(-0.,-1.,0.));
#516 = FACE_BOUND('',#517,.F.);
#517 = EDGE_LOOP('',(#518));
#518 = ORIENTED_EDGE('',*,*,#519,.T.);
#519 = EDGE_CURVE('',#520,#520,#522,.T.);
#520 = VERTEX_POINT('',#521);
#521 = CARTESIAN_POINT('',(55.76,-27.67,0.));
#522 = CIRCLE('',#523,0.38);
#523 = AXIS2_PLACEMENT_3D('',#524,#525,#526);
#524 = CARTESIAN_POINT('',(55.76,-27.29,0.));
#525 = DIRECTION('',(-0.,0.,-1.));
#526 = DIRECTION('',(-1.869849304632E-14,-1.,0.));
#527 = FACE_BOUND('',#528,.F.);
#528 = EDGE_LOOP('',(#529));
#529 = ORIENTED_EDGE('',*,*,#530,.T.);
#530 = EDGE_CURVE('',#531,#531,#533,.T.);
#531 = VERTEX_POINT('',#532);
#532 = CARTESIAN_POINT('',(53.22,-26.4,0.));
#533 = CIRCLE('',#534,0.38);
#534 = AXIS2_PLACEMENT_3D('',#535,#536,#537);
#535 = CARTESIAN_POINT('',(53.22,-26.02,0.));
#536 = DIRECTION('',(-0.,0.,-1.));
#537 = DIRECTION('',(-0.,-1.,0.));
#538 = FACE_BOUND('',#539,.F.);
#539 = EDGE_LOOP('',(#540));
#540 = ORIENTED_EDGE('',*,*,#541,.T.);
#541 = EDGE_CURVE('',#542,#542,#544,.T.);
#542 = VERTEX_POINT('',#543);
#543 = CARTESIAN_POINT('',(55.76,-25.13,0.));
#544 = CIRCLE('',#545,0.38);
#545 = AXIS2_PLACEMENT_3D('',#546,#547,#548);
#546 = CARTESIAN_POINT('',(55.76,-24.75,0.));
#547 = DIRECTION('',(-0.,0.,-1.));
#548 = DIRECTION('',(-1.869849304632E-14,-1.,0.));
#549 = FACE_BOUND('',#550,.F.);
#550 = EDGE_LOOP('',(#551));
#551 = ORIENTED_EDGE('',*,*,#552,.T.);
#552 = EDGE_CURVE('',#553,#553,#555,.T.);
#553 = VERTEX_POINT('',#554);
#554 = CARTESIAN_POINT('',(53.22,-23.86,0.));
#555 = CIRCLE('',#556,0.38);
#556 = AXIS2_PLACEMENT_3D('',#557,#558,#559);
#557 = CARTESIAN_POINT('',(53.22,-23.48,0.));
#558 = DIRECTION('',(-0.,0.,-1.));
#559 = DIRECTION('',(-0.,-1.,0.));
#560 = FACE_BOUND('',#561,.F.);
#561 = EDGE_LOOP('',(#562));
#562 = ORIENTED_EDGE('',*,*,#563,.T.);
#563 = EDGE_CURVE('',#564,#564,#566,.T.);
#564 = VERTEX_POINT('',#565);
#565 = CARTESIAN_POINT('',(55.76,-22.59,0.));
#566 = CIRCLE('',#567,0.38);
#567 = AXIS2_PLACEMENT_3D('',#568,#569,#570);
#568 = CARTESIAN_POINT('',(55.76,-22.21,0.));
#569 = DIRECTION('',(-0.,0.,-1.));
#570 = DIRECTION('',(-1.869849304632E-14,-1.,0.));
#571 = FACE_BOUND('',#572,.F.);
#572 = EDGE_LOOP('',(#573));
#573 = ORIENTED_EDGE('',*,*,#574,.T.);
#574 = EDGE_CURVE('',#575,#575,#577,.T.);
#575 = VERTEX_POINT('',#576);
#576 = CARTESIAN_POINT('',(53.22,-21.32,0.));
#577 = CIRCLE('',#578,0.38);
#578 = AXIS2_PLACEMENT_3D('',#579,#580,#581);
#579 = CARTESIAN_POINT('',(53.22,-20.94,0.));
#580 = DIRECTION('',(-0.,0.,-1.));
#581 = DIRECTION('',(-0.,-1.,0.));
#582 = FACE_BOUND('',#583,.F.);
#583 = EDGE_LOOP('',(#584));
#584 = ORIENTED_EDGE('',*,*,#585,.T.);
#585 = EDGE_CURVE('',#586,#586,#588,.T.);
#586 = VERTEX_POINT('',#587);
#587 = CARTESIAN_POINT('',(62.11,-21.295,0.));
#588 = CIRCLE('',#589,1.625);
#589 = AXIS2_PLACEMENT_3D('',#590,#591,#592);
#590 = CARTESIAN_POINT('',(62.11,-19.67,0.));
#591 = DIRECTION('',(-0.,0.,-1.));
#592 = DIRECTION('',(-0.,-1.,0.));
#593 = FACE_BOUND('',#594,.F.);
#594 = EDGE_LOOP('',(#595));
#595 = ORIENTED_EDGE('',*,*,#596,.T.);
#596 = EDGE_CURVE('',#597,#597,#599,.T.);
#597 = VERTEX_POINT('',#598);
#598 = CARTESIAN_POINT('',(-59.5,-16.95,0.));
#599 = CIRCLE('',#600,0.95);
#600 = AXIS2_PLACEMENT_3D('',#601,#602,#603);
#601 = CARTESIAN_POINT('',(-59.5,-16.,0.));
#602 = DIRECTION('',(-0.,0.,-1.));
#603 = DIRECTION('',(-0.,-1.,0.));
#604 = FACE_BOUND('',#605,.F.);
#605 = EDGE_LOOP('',(#606));
#606 = ORIENTED_EDGE('',*,*,#607,.T.);
#607 = EDGE_CURVE('',#608,#608,#610,.T.);
#608 = VERTEX_POINT('',#609);
#609 = CARTESIAN_POINT('',(-54.,-17.7,0.));
#610 = CIRCLE('',#611,1.7);
#611 = AXIS2_PLACEMENT_3D('',#612,#613,#614);
#612 = CARTESIAN_POINT('',(-54.,-16.,0.));
#613 = DIRECTION('',(-0.,0.,-1.));
#614 = DIRECTION('',(-0.,-1.,0.));
#615 = FACE_BOUND('',#616,.F.);
#616 = EDGE_LOOP('',(#617));
#617 = ORIENTED_EDGE('',*,*,#618,.T.);
#618 = EDGE_CURVE('',#619,#619,#621,.T.);
#619 = VERTEX_POINT('',#620);
#620 = CARTESIAN_POINT('',(-48.5,-16.95,0.));
#621 = CIRCLE('',#622,0.95);
#622 = AXIS2_PLACEMENT_3D('',#623,#624,#625);
#623 = CARTESIAN_POINT('',(-48.5,-16.,0.));
#624 = DIRECTION('',(-0.,0.,-1.));
#625 = DIRECTION('',(-0.,-1.,0.));
#626 = FACE_BOUND('',#627,.F.);
#627 = EDGE_LOOP('',(#628));
#628 = ORIENTED_EDGE('',*,*,#629,.T.);
#629 = EDGE_CURVE('',#630,#630,#632,.T.);
#630 = VERTEX_POINT('',#631);
#631 = CARTESIAN_POINT('',(-59.,-12.8,0.));
#632 = CIRCLE('',#633,0.6);
#633 = AXIS2_PLACEMENT_3D('',#634,#635,#636);
#634 = CARTESIAN_POINT('',(-59.,-12.2,0.));
#635 = DIRECTION('',(-0.,0.,-1.));
#636 = DIRECTION('',(-0.,-1.,0.));
#637 = FACE_BOUND('',#638,.F.);
#638 = EDGE_LOOP('',(#639));
#639 = ORIENTED_EDGE('',*,*,#640,.T.);
#640 = EDGE_CURVE('',#641,#641,#643,.T.);
#641 = VERTEX_POINT('',#642);
#642 = CARTESIAN_POINT('',(-54.,-10.7,0.));
#643 = CIRCLE('',#644,0.6);
#644 = AXIS2_PLACEMENT_3D('',#645,#646,#647);
#645 = CARTESIAN_POINT('',(-54.,-10.1,0.));
#646 = DIRECTION('',(-0.,0.,-1.));
#647 = DIRECTION('',(-0.,-1.,0.));
#648 = FACE_BOUND('',#649,.F.);
#649 = EDGE_LOOP('',(#650));
#650 = ORIENTED_EDGE('',*,*,#651,.T.);
#651 = EDGE_CURVE('',#652,#652,#654,.T.);
#652 = VERTEX_POINT('',#653);
#653 = CARTESIAN_POINT('',(-49.,-12.8,0.));
#654 = CIRCLE('',#655,0.6);
#655 = AXIS2_PLACEMENT_3D('',#656,#657,#658);
#656 = CARTESIAN_POINT('',(-49.,-12.2,0.));
#657 = DIRECTION('',(-0.,0.,-1.));
#658 = DIRECTION('',(-0.,-1.,0.));
#659 = FACE_BOUND('',#660,.F.);
#660 = EDGE_LOOP('',(#661));
#661 = ORIENTED_EDGE('',*,*,#662,.T.);
#662 = EDGE_CURVE('',#663,#663,#665,.T.);
#663 = VERTEX_POINT('',#664);
#664 = CARTESIAN_POINT('',(-41.5,-16.95,0.));
#665 = CIRCLE('',#666,0.95);
#666 = AXIS2_PLACEMENT_3D('',#667,#668,#669);
#667 = CARTESIAN_POINT('',(-41.5,-16.,0.));
#668 = DIRECTION('',(-0.,0.,-1.));
#669 = DIRECTION('',(-0.,-1.,0.));
#670 = FACE_BOUND('',#671,.F.);
#671 = EDGE_LOOP('',(#672));
#672 = ORIENTED_EDGE('',*,*,#673,.T.);
#673 = EDGE_CURVE('',#674,#674,#676,.T.);
#674 = VERTEX_POINT('',#675);
#675 = CARTESIAN_POINT('',(-36.,-17.7,0.));
#676 = CIRCLE('',#677,1.7);
#677 = AXIS2_PLACEMENT_3D('',#678,#679,#680);
#678 = CARTESIAN_POINT('',(-36.,-16.,0.));
#679 = DIRECTION('',(-0.,0.,-1.));
#680 = DIRECTION('',(-0.,-1.,0.));
#681 = FACE_BOUND('',#682,.F.);
#682 = EDGE_LOOP('',(#683));
#683 = ORIENTED_EDGE('',*,*,#684,.T.);
#684 = EDGE_CURVE('',#685,#685,#687,.T.);
#685 = VERTEX_POINT('',#686);
#686 = CARTESIAN_POINT('',(-30.5,-16.95,0.));
#687 = CIRCLE('',#688,0.95);
#688 = AXIS2_PLACEMENT_3D('',#689,#690,#691);
#689 = CARTESIAN_POINT('',(-30.5,-16.,0.));
#690 = DIRECTION('',(-0.,0.,-1.));
#691 = DIRECTION('',(-0.,-1.,0.));
#692 = FACE_BOUND('',#693,.F.);
#693 = EDGE_LOOP('',(#694));
#694 = ORIENTED_EDGE('',*,*,#695,.T.);
#695 = EDGE_CURVE('',#696,#696,#698,.T.);
#696 = VERTEX_POINT('',#697);
#697 = CARTESIAN_POINT('',(-41.,-12.8,0.));
#698 = CIRCLE('',#699,0.6);
#699 = AXIS2_PLACEMENT_3D('',#700,#701,#702);
#700 = CARTESIAN_POINT('',(-41.,-12.2,0.));
#701 = DIRECTION('',(-0.,0.,-1.));
#702 = DIRECTION('',(-0.,-1.,0.));
#703 = FACE_BOUND('',#704,.F.);
#704 = EDGE_LOOP('',(#705));
#705 = ORIENTED_EDGE('',*,*,#706,.T.);
#706 = EDGE_CURVE('',#707,#707,#709,.T.);
#707 = VERTEX_POINT('',#708);
#708 = CARTESIAN_POINT('',(-36.,-10.7,0.));
#709 = CIRCLE('',#710,0.6);
#710 = AXIS2_PLACEMENT_3D('',#711,#712,#713);
#711 = CARTESIAN_POINT('',(-36.,-10.1,0.));
#712 = DIRECTION('',(-0.,0.,-1.));
#713 = DIRECTION('',(-0.,-1.,0.));
#714 = FACE_BOUND('',#715,.F.);
#715 = EDGE_LOOP('',(#716));
#716 = ORIENTED_EDGE('',*,*,#717,.T.);
#717 = EDGE_CURVE('',#718,#718,#720,.T.);
#718 = VERTEX_POINT('',#719);
#719 = CARTESIAN_POINT('',(-31.,-12.8,0.));
#720 = CIRCLE('',#721,0.6);
#721 = AXIS2_PLACEMENT_3D('',#722,#723,#724);
#722 = CARTESIAN_POINT('',(-31.,-12.2,0.));
#723 = DIRECTION('',(-0.,0.,-1.));
#724 = DIRECTION('',(-0.,-1.,0.));
#725 = FACE_BOUND('',#726,.F.);
#726 = EDGE_LOOP('',(#727));
#727 = ORIENTED_EDGE('',*,*,#728,.T.);
#728 = EDGE_CURVE('',#729,#729,#731,.T.);
#729 = VERTEX_POINT('',#730);
#730 = CARTESIAN_POINT('',(-59.5,5.E-02,0.));
#731 = CIRCLE('',#732,0.95);
#732 = AXIS2_PLACEMENT_3D('',#733,#734,#735);
#733 = CARTESIAN_POINT('',(-59.5,1.,0.));
#734 = DIRECTION('',(-0.,0.,-1.));
#735 = DIRECTION('',(-0.,-1.,0.));
#736 = FACE_BOUND('',#737,.F.);
#737 = EDGE_LOOP('',(#738));
#738 = ORIENTED_EDGE('',*,*,#739,.T.);
#739 = EDGE_CURVE('',#740,#740,#742,.T.);
#740 = VERTEX_POINT('',#741);
#741 = CARTESIAN_POINT('',(-54.,-0.7,0.));
#742 = CIRCLE('',#743,1.7);
#743 = AXIS2_PLACEMENT_3D('',#744,#745,#746);
#744 = CARTESIAN_POINT('',(-54.,1.,0.));
#745 = DIRECTION('',(-0.,0.,-1.));
#746 = DIRECTION('',(-0.,-1.,0.));
#747 = FACE_BOUND('',#748,.F.);
#748 = EDGE_LOOP('',(#749));
#749 = ORIENTED_EDGE('',*,*,#750,.T.);
#750 = EDGE_CURVE('',#751,#751,#753,.T.);
#751 = VERTEX_POINT('',#752);
#752 = CARTESIAN_POINT('',(-48.5,5.E-02,0.));
#753 = CIRCLE('',#754,0.95);
#754 = AXIS2_PLACEMENT_3D('',#755,#756,#757);
#755 = CARTESIAN_POINT('',(-48.5,1.,0.));
#756 = DIRECTION('',(-0.,0.,-1.));
#757 = DIRECTION('',(-0.,-1.,0.));
#758 = FACE_BOUND('',#759,.F.);
#759 = EDGE_LOOP('',(#760));
#760 = ORIENTED_EDGE('',*,*,#761,.T.);
#761 = EDGE_CURVE('',#762,#762,#764,.T.);
#762 = VERTEX_POINT('',#763);
#763 = CARTESIAN_POINT('',(-41.5,5.E-02,0.));
#764 = CIRCLE('',#765,0.95);
#765 = AXIS2_PLACEMENT_3D('',#766,#767,#768);
#766 = CARTESIAN_POINT('',(-41.5,1.,0.));
#767 = DIRECTION('',(-0.,0.,-1.));
#768 = DIRECTION('',(-0.,-1.,0.));
#769 = FACE_BOUND('',#770,.F.);
#770 = EDGE_LOOP('',(#771));
#771 = ORIENTED_EDGE('',*,*,#772,.T.);
#772 = EDGE_CURVE('',#773,#773,#775,.T.);
#773 = VERTEX_POINT('',#774);
#774 = CARTESIAN_POINT('',(-36.,-0.7,0.));
#775 = CIRCLE('',#776,1.7);
#776 = AXIS2_PLACEMENT_3D('',#777,#778,#779);
#777 = CARTESIAN_POINT('',(-36.,1.,0.));
#778 = DIRECTION('',(-0.,0.,-1.));
#779 = DIRECTION('',(-0.,-1.,0.));
#780 = FACE_BOUND('',#781,.F.);
#781 = EDGE_LOOP('',(#782));
#782 = ORIENTED_EDGE('',*,*,#783,.T.);
#783 = EDGE_CURVE('',#784,#784,#786,.T.);
#784 = VERTEX_POINT('',#785);
#785 = CARTESIAN_POINT('',(-30.5,5.E-02,0.));
#786 = CIRCLE('',#787,0.95);
#787 = AXIS2_PLACEMENT_3D('',#788,#789,#790);
#788 = CARTESIAN_POINT('',(-30.5,1.,0.));
#789 = DIRECTION('',(-0.,0.,-1.));
#790 = DIRECTION('',(-0.,-1.,0.));
#791 = FACE_BOUND('',#792,.F.);
#792 = EDGE_LOOP('',(#793));
#793 = ORIENTED_EDGE('',*,*,#794,.T.);
#794 = EDGE_CURVE('',#795,#795,#797,.T.);
#795 = VERTEX_POINT('',#796);
#796 = CARTESIAN_POINT('',(-23.5,-5.95,0.));
#797 = CIRCLE('',#798,0.95);
#798 = AXIS2_PLACEMENT_3D('',#799,#800,#801);
#799 = CARTESIAN_POINT('',(-23.5,-5.,0.));
#800 = DIRECTION('',(-0.,0.,-1.));
#801 = DIRECTION('',(-0.,-1.,0.));
#802 = FACE_BOUND('',#803,.F.);
#803 = EDGE_LOOP('',(#804));
#804 = ORIENTED_EDGE('',*,*,#805,.T.);
#805 = EDGE_CURVE('',#806,#806,#808,.T.);
#806 = VERTEX_POINT('',#807);
#807 = CARTESIAN_POINT('',(-18.,-6.7,0.));
#808 = CIRCLE('',#809,1.7);
#809 = AXIS2_PLACEMENT_3D('',#810,#811,#812);
#810 = CARTESIAN_POINT('',(-18.,-5.,0.));
#811 = DIRECTION('',(-0.,0.,-1.));
#812 = DIRECTION('',(-0.,-1.,0.));
#813 = FACE_BOUND('',#814,.F.);
#814 = EDGE_LOOP('',(#815));
#815 = ORIENTED_EDGE('',*,*,#816,.T.);
#816 = EDGE_CURVE('',#817,#817,#819,.T.);
#817 = VERTEX_POINT('',#818);
#818 = CARTESIAN_POINT('',(-23.,-1.8,0.));
#819 = CIRCLE('',#820,0.6);
#820 = AXIS2_PLACEMENT_3D('',#821,#822,#823);
#821 = CARTESIAN_POINT('',(-23.,-1.2,0.));
#822 = DIRECTION('',(-0.,0.,-1.));
#823 = DIRECTION('',(-0.,-1.,0.));
#824 = FACE_BOUND('',#825,.F.);
#825 = EDGE_LOOP('',(#826));
#826 = ORIENTED_EDGE('',*,*,#827,.T.);
#827 = EDGE_CURVE('',#828,#828,#830,.T.);
#828 = VERTEX_POINT('',#829);
#829 = CARTESIAN_POINT('',(-18.,0.3,0.));
#830 = CIRCLE('',#831,0.6);
#831 = AXIS2_PLACEMENT_3D('',#832,#833,#834);
#832 = CARTESIAN_POINT('',(-18.,0.9,0.));
#833 = DIRECTION('',(-0.,0.,-1.));
#834 = DIRECTION('',(-0.,-1.,0.));
#835 = FACE_BOUND('',#836,.F.);
#836 = EDGE_LOOP('',(#837));
#837 = ORIENTED_EDGE('',*,*,#838,.T.);
#838 = EDGE_CURVE('',#839,#839,#841,.T.);
#839 = VERTEX_POINT('',#840);
#840 = CARTESIAN_POINT('',(-12.5,-5.95,0.));
#841 = CIRCLE('',#842,0.95);
#842 = AXIS2_PLACEMENT_3D('',#843,#844,#845);
#843 = CARTESIAN_POINT('',(-12.5,-5.,0.));
#844 = DIRECTION('',(-0.,0.,-1.));
#845 = DIRECTION('',(-0.,-1.,0.));
#846 = FACE_BOUND('',#847,.F.);
#847 = EDGE_LOOP('',(#848));
#848 = ORIENTED_EDGE('',*,*,#849,.T.);
#849 = EDGE_CURVE('',#850,#850,#852,.T.);
#850 = VERTEX_POINT('',#851);
#851 = CARTESIAN_POINT('',(-13.,-1.8,0.));
#852 = CIRCLE('',#853,0.6);
#853 = AXIS2_PLACEMENT_3D('',#854,#855,#856);
#854 = CARTESIAN_POINT('',(-13.,-1.2,0.));
#855 = DIRECTION('',(-0.,0.,-1.));
#856 = DIRECTION('',(-0.,-1.,0.));
#857 = FACE_BOUND('',#858,.F.);
#858 = EDGE_LOOP('',(#859));
#859 = ORIENTED_EDGE('',*,*,#860,.T.);
#860 = EDGE_CURVE('',#861,#861,#863,.T.);
#861 = VERTEX_POINT('',#862);
#862 = CARTESIAN_POINT('',(-5.5,-0.95,0.));
#863 = CIRCLE('',#864,0.95);
#864 = AXIS2_PLACEMENT_3D('',#865,#866,#867);
#865 = CARTESIAN_POINT('',(-5.5,-3.414274405136E-17,0.));
#866 = DIRECTION('',(-0.,0.,-1.));
#867 = DIRECTION('',(-0.,-1.,0.));
#868 = FACE_BOUND('',#869,.F.);
#869 = EDGE_LOOP('',(#870));
#870 = ORIENTED_EDGE('',*,*,#871,.T.);
#871 = EDGE_CURVE('',#872,#872,#874,.T.);
#872 = VERTEX_POINT('',#873);
#873 = CARTESIAN_POINT('',(-2.465190328816E-32,-1.7,0.));
#874 = CIRCLE('',#875,1.7);
#875 = AXIS2_PLACEMENT_3D('',#876,#877,#878);
#876 = CARTESIAN_POINT('',(-1.437859956239E-16,2.743487410032E-16,0.));
#877 = DIRECTION('',(-0.,0.,-1.));
#878 = DIRECTION('',(8.45799974258E-17,-1.,-0.));
#879 = FACE_BOUND('',#880,.F.);
#880 = EDGE_LOOP('',(#881));
#881 = ORIENTED_EDGE('',*,*,#882,.T.);
#882 = EDGE_CURVE('',#883,#883,#885,.T.);
#883 = VERTEX_POINT('',#884);
#884 = CARTESIAN_POINT('',(-59.,4.2,0.));
#885 = CIRCLE('',#886,0.6);
#886 = AXIS2_PLACEMENT_3D('',#887,#888,#889);
#887 = CARTESIAN_POINT('',(-59.,4.8,0.));
#888 = DIRECTION('',(-0.,0.,-1.));
#889 = DIRECTION('',(-0.,-1.,0.));
#890 = FACE_BOUND('',#891,.F.);
#891 = EDGE_LOOP('',(#892));
#892 = ORIENTED_EDGE('',*,*,#893,.T.);
#893 = EDGE_CURVE('',#894,#894,#896,.T.);
#894 = VERTEX_POINT('',#895);
#895 = CARTESIAN_POINT('',(-54.,6.3,0.));
#896 = CIRCLE('',#897,0.6);
#897 = AXIS2_PLACEMENT_3D('',#898,#899,#900);
#898 = CARTESIAN_POINT('',(-54.,6.9,0.));
#899 = DIRECTION('',(-0.,0.,-1.));
#900 = DIRECTION('',(-0.,-1.,0.));
#901 = FACE_BOUND('',#902,.F.);
#902 = EDGE_LOOP('',(#903));
#903 = ORIENTED_EDGE('',*,*,#904,.T.);
#904 = EDGE_CURVE('',#905,#905,#907,.T.);
#905 = VERTEX_POINT('',#906);
#906 = CARTESIAN_POINT('',(-49.,4.2,0.));
#907 = CIRCLE('',#908,0.6);
#908 = AXIS2_PLACEMENT_3D('',#909,#910,#911);
#909 = CARTESIAN_POINT('',(-49.,4.8,0.));
#910 = DIRECTION('',(-0.,0.,-1.));
#911 = DIRECTION('',(-0.,-1.,0.));
#912 = FACE_BOUND('',#913,.F.);
#913 = EDGE_LOOP('',(#914));
#914 = ORIENTED_EDGE('',*,*,#915,.T.);
#915 = EDGE_CURVE('',#916,#916,#918,.T.);
#916 = VERTEX_POINT('',#917);
#917 = CARTESIAN_POINT('',(-41.,4.2,0.));
#918 = CIRCLE('',#919,0.6);
#919 = AXIS2_PLACEMENT_3D('',#920,#921,#922);
#920 = CARTESIAN_POINT('',(-41.,4.8,0.));
#921 = DIRECTION('',(-0.,0.,-1.));
#922 = DIRECTION('',(-0.,-1.,0.));
#923 = FACE_BOUND('',#924,.F.);
#924 = EDGE_LOOP('',(#925));
#925 = ORIENTED_EDGE('',*,*,#926,.T.);
#926 = EDGE_CURVE('',#927,#927,#929,.T.);
#927 = VERTEX_POINT('',#928);
#928 = CARTESIAN_POINT('',(-31.,4.2,0.));
#929 = CIRCLE('',#930,0.6);
#930 = AXIS2_PLACEMENT_3D('',#931,#932,#933);
#931 = CARTESIAN_POINT('',(-31.,4.8,0.));
#932 = DIRECTION('',(-0.,0.,-1.));
#933 = DIRECTION('',(-0.,-1.,0.));
#934 = FACE_BOUND('',#935,.F.);
#935 = EDGE_LOOP('',(#936));
#936 = ORIENTED_EDGE('',*,*,#937,.T.);
#937 = EDGE_CURVE('',#938,#938,#940,.T.);
#938 = VERTEX_POINT('',#939);
#939 = CARTESIAN_POINT('',(-36.,6.3,0.));
#940 = CIRCLE('',#941,0.6);
#941 = AXIS2_PLACEMENT_3D('',#942,#943,#944);
#942 = CARTESIAN_POINT('',(-36.,6.9,0.));
#943 = DIRECTION('',(-0.,0.,-1.));
#944 = DIRECTION('',(-0.,-1.,0.));
#945 = FACE_BOUND('',#946,.F.);
#946 = EDGE_LOOP('',(#947));
#947 = ORIENTED_EDGE('',*,*,#948,.T.);
#948 = EDGE_CURVE('',#949,#949,#951,.T.);
#949 = VERTEX_POINT('',#950);
#950 = CARTESIAN_POINT('',(-23.5,11.05,0.));
#951 = CIRCLE('',#952,0.95);
#952 = AXIS2_PLACEMENT_3D('',#953,#954,#955);
#953 = CARTESIAN_POINT('',(-23.5,12.,0.));
#954 = DIRECTION('',(-0.,0.,-1.));
#955 = DIRECTION('',(-0.,-1.,0.));
#956 = FACE_BOUND('',#957,.F.);
#957 = EDGE_LOOP('',(#958));
#958 = ORIENTED_EDGE('',*,*,#959,.T.);
#959 = EDGE_CURVE('',#960,#960,#962,.T.);
#960 = VERTEX_POINT('',#961);
#961 = CARTESIAN_POINT('',(-18.,10.3,0.));
#962 = CIRCLE('',#963,1.7);
#963 = AXIS2_PLACEMENT_3D('',#964,#965,#966);
#964 = CARTESIAN_POINT('',(-18.,12.,0.));
#965 = DIRECTION('',(-0.,0.,-1.));
#966 = DIRECTION('',(-0.,-1.,0.));
#967 = FACE_BOUND('',#968,.F.);
#968 = EDGE_LOOP('',(#969));
#969 = ORIENTED_EDGE('',*,*,#970,.T.);
#970 = EDGE_CURVE('',#971,#971,#973,.T.);
#971 = VERTEX_POINT('',#972);
#972 = CARTESIAN_POINT('',(-5.,3.2,0.));
#973 = CIRCLE('',#974,0.6);
#974 = AXIS2_PLACEMENT_3D('',#975,#976,#977);
#975 = CARTESIAN_POINT('',(-5.,3.8,0.));
#976 = DIRECTION('',(-0.,0.,-1.));
#977 = DIRECTION('',(-0.,-1.,0.));
#978 = FACE_BOUND('',#979,.F.);
#979 = EDGE_LOOP('',(#980));
#980 = ORIENTED_EDGE('',*,*,#981,.T.);
#981 = EDGE_CURVE('',#982,#982,#984,.T.);
#982 = VERTEX_POINT('',#983);
#983 = CARTESIAN_POINT('',(3.851859888774E-33,5.3,0.));
#984 = CIRCLE('',#985,0.6);
#985 = AXIS2_PLACEMENT_3D('',#986,#987,#988);
#986 = CARTESIAN_POINT('',(-6.432385362564E-18,5.9,0.));
#987 = DIRECTION('',(-0.,0.,-1.));
#988 = DIRECTION('',(1.072064227094E-17,-1.,-0.));
#989 = FACE_BOUND('',#990,.F.);
#990 = EDGE_LOOP('',(#991));
#991 = ORIENTED_EDGE('',*,*,#992,.T.);
#992 = EDGE_CURVE('',#993,#993,#995,.T.);
#993 = VERTEX_POINT('',#994);
#994 = CARTESIAN_POINT('',(-12.5,11.05,0.));
#995 = CIRCLE('',#996,0.95);
#996 = AXIS2_PLACEMENT_3D('',#997,#998,#999);
#997 = CARTESIAN_POINT('',(-12.5,12.,0.));
#998 = DIRECTION('',(-0.,0.,-1.));
#999 = DIRECTION('',(-0.,-1.,0.));
#1000 = FACE_BOUND('',#1001,.F.);
#1001 = EDGE_LOOP('',(#1002));
#1002 = ORIENTED_EDGE('',*,*,#1003,.T.);
#1003 = EDGE_CURVE('',#1004,#1004,#1006,.T.);
#1004 = VERTEX_POINT('',#1005);
#1005 = CARTESIAN_POINT('',(-23.,15.2,0.));
#1006 = CIRCLE('',#1007,0.6);
#1007 = AXIS2_PLACEMENT_3D('',#1008,#1009,#1010);
#1008 = CARTESIAN_POINT('',(-23.,15.8,0.));
#1009 = DIRECTION('',(-0.,0.,-1.));
#1010 = DIRECTION('',(-0.,-1.,0.));
#1011 = FACE_BOUND('',#1012,.F.);
#1012 = EDGE_LOOP('',(#1013));
#1013 = ORIENTED_EDGE('',*,*,#1014,.T.);
#1014 = EDGE_CURVE('',#1015,#1015,#1017,.T.);
#1015 = VERTEX_POINT('',#1016);
#1016 = CARTESIAN_POINT('',(-18.,17.3,0.));
#1017 = CIRCLE('',#1018,0.6);
#1018 = AXIS2_PLACEMENT_3D('',#1019,#1020,#1021);
#1019 = CARTESIAN_POINT('',(-18.,17.9,0.));
#1020 = DIRECTION('',(-0.,0.,-1.));
#1021 = DIRECTION('',(-0.,-1.,0.));
#1022 = FACE_BOUND('',#1023,.F.);
#1023 = EDGE_LOOP('',(#1024));
#1024 = ORIENTED_EDGE('',*,*,#1025,.T.);
#1025 = EDGE_CURVE('',#1026,#1026,#1028,.T.);
#1026 = VERTEX_POINT('',#1027);
#1027 = CARTESIAN_POINT('',(-13.,15.2,0.));
#1028 = CIRCLE('',#1029,0.6);
#1029 = AXIS2_PLACEMENT_3D('',#1030,#1031,#1032);
#1030 = CARTESIAN_POINT('',(-13.,15.8,0.));
#1031 = DIRECTION('',(-0.,0.,-1.));
#1032 = DIRECTION('',(-0.,-1.,0.));
#1033 = FACE_BOUND('',#1034,.F.);
#1034 = EDGE_LOOP('',(#1035));
#1035 = ORIENTED_EDGE('',*,*,#1036,.T.);
#1036 = EDGE_CURVE('',#1037,#1037,#1039,.T.);
#1037 = VERTEX_POINT('',#1038);
#1038 = CARTESIAN_POINT('',(-5.5,16.05,0.));
#1039 = CIRCLE('',#1040,0.95);
#1040 = AXIS2_PLACEMENT_3D('',#1041,#1042,#1043);
#1041 = CARTESIAN_POINT('',(-5.5,17.,0.));
#1042 = DIRECTION('',(-0.,0.,-1.));
#1043 = DIRECTION('',(-0.,-1.,0.));
#1044 = FACE_BOUND('',#1045,.F.);
#1045 = EDGE_LOOP('',(#1046));
#1046 = ORIENTED_EDGE('',*,*,#1047,.T.);
#1047 = EDGE_CURVE('',#1048,#1048,#1050,.T.);
#1048 = VERTEX_POINT('',#1049);
#1049 = CARTESIAN_POINT('',(4.930380657631E-32,15.3,0.));
#1050 = CIRCLE('',#1051,1.7);
#1051 = AXIS2_PLACEMENT_3D('',#1052,#1053,#1054);
#1052 = CARTESIAN_POINT('',(-1.55561689064E-16,17.,0.));
#1053 = DIRECTION('',(-0.,0.,-1.));
#1054 = DIRECTION('',(9.150687591999E-17,-1.,-0.));
#1055 = FACE_BOUND('',#1056,.F.);
#1056 = EDGE_LOOP('',(#1057));
#1057 = ORIENTED_EDGE('',*,*,#1058,.T.);
#1058 = EDGE_CURVE('',#1059,#1059,#1061,.T.);
#1059 = VERTEX_POINT('',#1060);
#1060 = CARTESIAN_POINT('',(-5.,20.2,0.));
#1061 = CIRCLE('',#1062,0.6);
#1062 = AXIS2_PLACEMENT_3D('',#1063,#1064,#1065);
#1063 = CARTESIAN_POINT('',(-5.,20.8,0.));
#1064 = DIRECTION('',(-0.,0.,-1.));
#1065 = DIRECTION('',(-0.,-1.,0.));
#1066 = FACE_BOUND('',#1067,.F.);
#1067 = EDGE_LOOP('',(#1068));
#1068 = ORIENTED_EDGE('',*,*,#1069,.T.);
#1069 = EDGE_CURVE('',#1070,#1070,#1072,.T.);
#1070 = VERTEX_POINT('',#1071);
#1071 = CARTESIAN_POINT('',(-4.314083075427E-32,22.3,0.));
#1072 = CIRCLE('',#1073,0.6);
#1073 = AXIS2_PLACEMENT_3D('',#1074,#1075,#1076);
#1074 = CARTESIAN_POINT('',(-2.998377224282E-17,22.9,0.));
#1075 = DIRECTION('',(-0.,0.,-1.));
#1076 = DIRECTION('',(4.997295373803E-17,-1.,-0.));
#1077 = FACE_BOUND('',#1078,.F.);
#1078 = EDGE_LOOP('',(#1079));
#1079 = ORIENTED_EDGE('',*,*,#1080,.T.);
#1080 = EDGE_CURVE('',#1081,#1081,#1083,.T.);
#1081 = VERTEX_POINT('',#1082);
#1082 = CARTESIAN_POINT('',(12.5,-10.95,0.));
#1083 = CIRCLE('',#1084,0.95);
#1084 = AXIS2_PLACEMENT_3D('',#1085,#1086,#1087);
#1085 = CARTESIAN_POINT('',(12.5,-10.,0.));
#1086 = DIRECTION('',(-0.,0.,-1.));
#1087 = DIRECTION('',(-0.,-1.,0.));
#1088 = FACE_BOUND('',#1089,.F.);
#1089 = EDGE_LOOP('',(#1090));
#1090 = ORIENTED_EDGE('',*,*,#1091,.T.);
#1091 = EDGE_CURVE('',#1092,#1092,#1094,.T.);
#1092 = VERTEX_POINT('',#1093);
#1093 = CARTESIAN_POINT('',(18.,-11.7,0.));
#1094 = CIRCLE('',#1095,1.7);
#1095 = AXIS2_PLACEMENT_3D('',#1096,#1097,#1098);
#1096 = CARTESIAN_POINT('',(18.,-10.,0.));
#1097 = DIRECTION('',(-0.,0.,-1.));
#1098 = DIRECTION('',(-0.,-1.,0.));
#1099 = FACE_BOUND('',#1100,.F.);
#1100 = EDGE_LOOP('',(#1101));
#1101 = ORIENTED_EDGE('',*,*,#1102,.T.);
#1102 = EDGE_CURVE('',#1103,#1103,#1105,.T.);
#1103 = VERTEX_POINT('',#1104);
#1104 = CARTESIAN_POINT('',(23.5,-10.95,0.));
#1105 = CIRCLE('',#1106,0.95);
#1106 = AXIS2_PLACEMENT_3D('',#1107,#1108,#1109);
#1107 = CARTESIAN_POINT('',(23.5,-10.,0.));
#1108 = DIRECTION('',(-0.,0.,-1.));
#1109 = DIRECTION('',(-0.,-1.,0.));
#1110 = FACE_BOUND('',#1111,.F.);
#1111 = EDGE_LOOP('',(#1112));
#1112 = ORIENTED_EDGE('',*,*,#1113,.T.);
#1113 = EDGE_CURVE('',#1114,#1114,#1116,.T.);
#1114 = VERTEX_POINT('',#1115);
#1115 = CARTESIAN_POINT('',(30.5,-10.95,0.));
#1116 = CIRCLE('',#1117,0.95);
#1117 = AXIS2_PLACEMENT_3D('',#1118,#1119,#1120);
#1118 = CARTESIAN_POINT('',(30.5,-10.,0.));
#1119 = DIRECTION('',(-0.,0.,-1.));
#1120 = DIRECTION('',(-0.,-1.,0.));
#1121 = FACE_BOUND('',#1122,.F.);
#1122 = EDGE_LOOP('',(#1123));
#1123 = ORIENTED_EDGE('',*,*,#1124,.T.);
#1124 = EDGE_CURVE('',#1125,#1125,#1127,.T.);
#1125 = VERTEX_POINT('',#1126);
#1126 = CARTESIAN_POINT('',(13.,-6.8,0.));
#1127 = CIRCLE('',#1128,0.6);
#1128 = AXIS2_PLACEMENT_3D('',#1129,#1130,#1131);
#1129 = CARTESIAN_POINT('',(13.,-6.2,0.));
#1130 = DIRECTION('',(-0.,0.,-1.));
#1131 = DIRECTION('',(-0.,-1.,0.));
#1132 = FACE_BOUND('',#1133,.F.);
#1133 = EDGE_LOOP('',(#1134));
#1134 = ORIENTED_EDGE('',*,*,#1135,.T.);
#1135 = EDGE_CURVE('',#1136,#1136,#1138,.T.);
#1136 = VERTEX_POINT('',#1137);
#1137 = CARTESIAN_POINT('',(5.5,-0.95,0.));
#1138 = CIRCLE('',#1139,0.95);
#1139 = AXIS2_PLACEMENT_3D('',#1140,#1141,#1142);
#1140 = CARTESIAN_POINT('',(5.5,-3.414274405136E-17,0.));
#1141 = DIRECTION('',(-0.,0.,-1.));
#1142 = DIRECTION('',(-0.,-1.,0.));
#1143 = FACE_BOUND('',#1144,.F.);
#1144 = EDGE_LOOP('',(#1145));
#1145 = ORIENTED_EDGE('',*,*,#1146,.T.);
#1146 = EDGE_CURVE('',#1147,#1147,#1149,.T.);
#1147 = VERTEX_POINT('',#1148);
#1148 = CARTESIAN_POINT('',(23.,-6.8,0.));
#1149 = CIRCLE('',#1150,0.6);
#1150 = AXIS2_PLACEMENT_3D('',#1151,#1152,#1153);
#1151 = CARTESIAN_POINT('',(23.,-6.2,0.));
#1152 = DIRECTION('',(-0.,0.,-1.));
#1153 = DIRECTION('',(-0.,-1.,0.));
#1154 = FACE_BOUND('',#1155,.F.);
#1155 = EDGE_LOOP('',(#1156));
#1156 = ORIENTED_EDGE('',*,*,#1157,.T.);
#1157 = EDGE_CURVE('',#1158,#1158,#1160,.T.);
#1158 = VERTEX_POINT('',#1159);
#1159 = CARTESIAN_POINT('',(18.,-4.7,0.));
#1160 = CIRCLE('',#1161,0.6);
#1161 = AXIS2_PLACEMENT_3D('',#1162,#1163,#1164);
#1162 = CARTESIAN_POINT('',(18.,-4.1,0.));
#1163 = DIRECTION('',(-0.,0.,-1.));
#1164 = DIRECTION('',(-0.,-1.,0.));
#1165 = FACE_BOUND('',#1166,.F.);
#1166 = EDGE_LOOP('',(#1167));
#1167 = ORIENTED_EDGE('',*,*,#1168,.T.);
#1168 = EDGE_CURVE('',#1169,#1169,#1171,.T.);
#1169 = VERTEX_POINT('',#1170);
#1170 = CARTESIAN_POINT('',(31.,-6.8,0.));
#1171 = CIRCLE('',#1172,0.6);
#1172 = AXIS2_PLACEMENT_3D('',#1173,#1174,#1175);
#1173 = CARTESIAN_POINT('',(31.,-6.2,0.));
#1174 = DIRECTION('',(-0.,0.,-1.));
#1175 = DIRECTION('',(-0.,-1.,0.));
#1176 = FACE_BOUND('',#1177,.F.);
#1177 = EDGE_LOOP('',(#1178));
#1178 = ORIENTED_EDGE('',*,*,#1179,.T.);
#1179 = EDGE_CURVE('',#1180,#1180,#1182,.T.);
#1180 = VERTEX_POINT('',#1181);
#1181 = CARTESIAN_POINT('',(36.,-11.7,0.));
#1182 = CIRCLE('',#1183,1.7);
#1183 = AXIS2_PLACEMENT_3D('',#1184,#1185,#1186);
#1184 = CARTESIAN_POINT('',(36.,-10.,0.));
#1185 = DIRECTION('',(-0.,0.,-1.));
#1186 = DIRECTION('',(-0.,-1.,0.));
#1187 = FACE_BOUND('',#1188,.F.);
#1188 = EDGE_LOOP('',(#1189));
#1189 = ORIENTED_EDGE('',*,*,#1190,.T.);
#1190 = EDGE_CURVE('',#1191,#1191,#1193,.T.);
#1191 = VERTEX_POINT('',#1192);
#1192 = CARTESIAN_POINT('',(41.5,-10.95,0.));
#1193 = CIRCLE('',#1194,0.95);
#1194 = AXIS2_PLACEMENT_3D('',#1195,#1196,#1197);
#1195 = CARTESIAN_POINT('',(41.5,-10.,0.));
#1196 = DIRECTION('',(-0.,0.,-1.));
#1197 = DIRECTION('',(-0.,-1.,0.));
#1198 = FACE_BOUND('',#1199,.F.);
#1199 = EDGE_LOOP('',(#1200));
#1200 = ORIENTED_EDGE('',*,*,#1201,.T.);
#1201 = EDGE_CURVE('',#1202,#1202,#1204,.T.);
#1202 = VERTEX_POINT('',#1203);
#1203 = CARTESIAN_POINT('',(36.,-4.7,0.));
#1204 = CIRCLE('',#1205,0.6);
#1205 = AXIS2_PLACEMENT_3D('',#1206,#1207,#1208);
#1206 = CARTESIAN_POINT('',(36.,-4.1,0.));
#1207 = DIRECTION('',(-0.,0.,-1.));
#1208 = DIRECTION('',(-0.,-1.,0.));
#1209 = FACE_BOUND('',#1210,.F.);
#1210 = EDGE_LOOP('',(#1211));
#1211 = ORIENTED_EDGE('',*,*,#1212,.T.);
#1212 = EDGE_CURVE('',#1213,#1213,#1215,.T.);
#1213 = VERTEX_POINT('',#1214);
#1214 = CARTESIAN_POINT('',(41.,-6.8,0.));
#1215 = CIRCLE('',#1216,0.6);
#1216 = AXIS2_PLACEMENT_3D('',#1217,#1218,#1219);
#1217 = CARTESIAN_POINT('',(41.,-6.2,0.));
#1218 = DIRECTION('',(-0.,0.,-1.));
#1219 = DIRECTION('',(-0.,-1.,0.));
#1220 = FACE_BOUND('',#1221,.F.);
#1221 = EDGE_LOOP('',(#1222));
#1222 = ORIENTED_EDGE('',*,*,#1223,.T.);
#1223 = EDGE_CURVE('',#1224,#1224,#1226,.T.);
#1224 = VERTEX_POINT('',#1225);
#1225 = CARTESIAN_POINT('',(5.,3.2,0.));
#1226 = CIRCLE('',#1227,0.6);
#1227 = AXIS2_PLACEMENT_3D('',#1228,#1229,#1230);
#1228 = CARTESIAN_POINT('',(5.,3.8,0.));
#1229 = DIRECTION('',(-0.,0.,-1.));
#1230 = DIRECTION('',(-0.,-1.,0.));
#1231 = FACE_BOUND('',#1232,.F.);
#1232 = EDGE_LOOP('',(#1233));
#1233 = ORIENTED_EDGE('',*,*,#1234,.T.);
#1234 = EDGE_CURVE('',#1235,#1235,#1237,.T.);
#1235 = VERTEX_POINT('',#1236);
#1236 = CARTESIAN_POINT('',(12.5,6.05,0.));
#1237 = CIRCLE('',#1238,0.95);
#1238 = AXIS2_PLACEMENT_3D('',#1239,#1240,#1241);
#1239 = CARTESIAN_POINT('',(12.5,7.,0.));
#1240 = DIRECTION('',(-0.,0.,-1.));
#1241 = DIRECTION('',(-0.,-1.,0.));
#1242 = FACE_BOUND('',#1243,.F.);
#1243 = EDGE_LOOP('',(#1244));
#1244 = ORIENTED_EDGE('',*,*,#1245,.T.);
#1245 = EDGE_CURVE('',#1246,#1246,#1248,.T.);
#1246 = VERTEX_POINT('',#1247);
#1247 = CARTESIAN_POINT('',(13.,10.2,0.));
#1248 = CIRCLE('',#1249,0.6);
#1249 = AXIS2_PLACEMENT_3D('',#1250,#1251,#1252);
#1250 = CARTESIAN_POINT('',(13.,10.8,0.));
#1251 = DIRECTION('',(-0.,0.,-1.));
#1252 = DIRECTION('',(-0.,-1.,0.));
#1253 = FACE_BOUND('',#1254,.F.);
#1254 = EDGE_LOOP('',(#1255));
#1255 = ORIENTED_EDGE('',*,*,#1256,.T.);
#1256 = EDGE_CURVE('',#1257,#1257,#1259,.T.);
#1257 = VERTEX_POINT('',#1258);
#1258 = CARTESIAN_POINT('',(18.,5.3,0.));
#1259 = CIRCLE('',#1260,1.7);
#1260 = AXIS2_PLACEMENT_3D('',#1261,#1262,#1263);
#1261 = CARTESIAN_POINT('',(18.,7.,0.));
#1262 = DIRECTION('',(-0.,0.,-1.));
#1263 = DIRECTION('',(-0.,-1.,0.));
#1264 = FACE_BOUND('',#1265,.F.);
#1265 = EDGE_LOOP('',(#1266));
#1266 = ORIENTED_EDGE('',*,*,#1267,.T.);
#1267 = EDGE_CURVE('',#1268,#1268,#1270,.T.);
#1268 = VERTEX_POINT('',#1269);
#1269 = CARTESIAN_POINT('',(23.5,6.05,0.));
#1270 = CIRCLE('',#1271,0.95);
#1271 = AXIS2_PLACEMENT_3D('',#1272,#1273,#1274);
#1272 = CARTESIAN_POINT('',(23.5,7.,0.));
#1273 = DIRECTION('',(-0.,0.,-1.));
#1274 = DIRECTION('',(-0.,-1.,0.));
#1275 = FACE_BOUND('',#1276,.F.);
#1276 = EDGE_LOOP('',(#1277));
#1277 = ORIENTED_EDGE('',*,*,#1278,.T.);
#1278 = EDGE_CURVE('',#1279,#1279,#1281,.T.);
#1279 = VERTEX_POINT('',#1280);
#1280 = CARTESIAN_POINT('',(30.5,6.05,0.));
#1281 = CIRCLE('',#1282,0.95);
#1282 = AXIS2_PLACEMENT_3D('',#1283,#1284,#1285);
#1283 = CARTESIAN_POINT('',(30.5,7.,0.));
#1284 = DIRECTION('',(-0.,0.,-1.));
#1285 = DIRECTION('',(-0.,-1.,0.));
#1286 = FACE_BOUND('',#1287,.F.);
#1287 = EDGE_LOOP('',(#1288));
#1288 = ORIENTED_EDGE('',*,*,#1289,.T.);
#1289 = EDGE_CURVE('',#1290,#1290,#1292,.T.);
#1290 = VERTEX_POINT('',#1291);
#1291 = CARTESIAN_POINT('',(18.,12.3,0.));
#1292 = CIRCLE('',#1293,0.6);
#1293 = AXIS2_PLACEMENT_3D('',#1294,#1295,#1296);
#1294 = CARTESIAN_POINT('',(18.,12.9,0.));
#1295 = DIRECTION('',(-0.,0.,-1.));
#1296 = DIRECTION('',(-0.,-1.,0.));
#1297 = FACE_BOUND('',#1298,.F.);
#1298 = EDGE_LOOP('',(#1299));
#1299 = ORIENTED_EDGE('',*,*,#1300,.T.);
#1300 = EDGE_CURVE('',#1301,#1301,#1303,.T.);
#1301 = VERTEX_POINT('',#1302);
#1302 = CARTESIAN_POINT('',(23.,10.2,0.));
#1303 = CIRCLE('',#1304,0.6);
#1304 = AXIS2_PLACEMENT_3D('',#1305,#1306,#1307);
#1305 = CARTESIAN_POINT('',(23.,10.8,0.));
#1306 = DIRECTION('',(-0.,0.,-1.));
#1307 = DIRECTION('',(-0.,-1.,0.));
#1308 = FACE_BOUND('',#1309,.F.);
#1309 = EDGE_LOOP('',(#1310));
#1310 = ORIENTED_EDGE('',*,*,#1311,.T.);
#1311 = EDGE_CURVE('',#1312,#1312,#1314,.T.);
#1312 = VERTEX_POINT('',#1313);
#1313 = CARTESIAN_POINT('',(31.,10.2,0.));
#1314 = CIRCLE('',#1315,0.6);
#1315 = AXIS2_PLACEMENT_3D('',#1316,#1317,#1318);
#1316 = CARTESIAN_POINT('',(31.,10.8,0.));
#1317 = DIRECTION('',(-0.,0.,-1.));
#1318 = DIRECTION('',(-0.,-1.,0.));
#1319 = FACE_BOUND('',#1320,.F.);
#1320 = EDGE_LOOP('',(#1321));
#1321 = ORIENTED_EDGE('',*,*,#1322,.T.);
#1322 = EDGE_CURVE('',#1323,#1323,#1325,.T.);
#1323 = VERTEX_POINT('',#1324);
#1324 = CARTESIAN_POINT('',(5.5,16.05,0.));
#1325 = CIRCLE('',#1326,0.95);
#1326 = AXIS2_PLACEMENT_3D('',#1327,#1328,#1329);
#1327 = CARTESIAN_POINT('',(5.5,17.,0.));
#1328 = DIRECTION('',(-0.,0.,-1.));
#1329 = DIRECTION('',(-0.,-1.,0.));
#1330 = FACE_BOUND('',#1331,.F.);
#1331 = EDGE_LOOP('',(#1332));
#1332 = ORIENTED_EDGE('',*,*,#1333,.T.);
#1333 = EDGE_CURVE('',#1334,#1334,#1336,.T.);
#1334 = VERTEX_POINT('',#1335);
#1335 = CARTESIAN_POINT('',(5.,20.2,0.));
#1336 = CIRCLE('',#1337,0.6);
#1337 = AXIS2_PLACEMENT_3D('',#1338,#1339,#1340);
#1338 = CARTESIAN_POINT('',(5.,20.8,0.));
#1339 = DIRECTION('',(-0.,0.,-1.));
#1340 = DIRECTION('',(-0.,-1.,0.));
#1341 = FACE_BOUND('',#1342,.F.);
#1342 = EDGE_LOOP('',(#1343));
#1343 = ORIENTED_EDGE('',*,*,#1344,.T.);
#1344 = EDGE_CURVE('',#1345,#1345,#1347,.T.);
#1345 = VERTEX_POINT('',#1346);
#1346 = CARTESIAN_POINT('',(36.,5.3,0.));
#1347 = CIRCLE('',#1348,1.7);
#1348 = AXIS2_PLACEMENT_3D('',#1349,#1350,#1351);
#1349 = CARTESIAN_POINT('',(36.,7.,0.));
#1350 = DIRECTION('',(-0.,0.,-1.));
#1351 = DIRECTION('',(-0.,-1.,0.));
#1352 = FACE_BOUND('',#1353,.F.);
#1353 = EDGE_LOOP('',(#1354));
#1354 = ORIENTED_EDGE('',*,*,#1355,.T.);
#1355 = EDGE_CURVE('',#1356,#1356,#1358,.T.);
#1356 = VERTEX_POINT('',#1357);
#1357 = CARTESIAN_POINT('',(41.5,6.05,0.));
#1358 = CIRCLE('',#1359,0.95);
#1359 = AXIS2_PLACEMENT_3D('',#1360,#1361,#1362);
#1360 = CARTESIAN_POINT('',(41.5,7.,0.));
#1361 = DIRECTION('',(-0.,0.,-1.));
#1362 = DIRECTION('',(-0.,-1.,0.));
#1363 = FACE_BOUND('',#1364,.F.);
#1364 = EDGE_LOOP('',(#1365));
#1365 = ORIENTED_EDGE('',*,*,#1366,.T.);
#1366 = EDGE_CURVE('',#1367,#1367,#1369,.T.);
#1367 = VERTEX_POINT('',#1368);
#1368 = CARTESIAN_POINT('',(36.,12.3,0.));
#1369 = CIRCLE('',#1370,0.6);
#1370 = AXIS2_PLACEMENT_3D('',#1371,#1372,#1373);
#1371 = CARTESIAN_POINT('',(36.,12.9,0.));
#1372 = DIRECTION('',(-0.,0.,-1.));
#1373 = DIRECTION('',(-0.,-1.,0.));
#1374 = FACE_BOUND('',#1375,.F.);
#1375 = EDGE_LOOP('',(#1376));
#1376 = ORIENTED_EDGE('',*,*,#1377,.T.);
#1377 = EDGE_CURVE('',#1378,#1378,#1380,.T.);
#1378 = VERTEX_POINT('',#1379);
#1379 = CARTESIAN_POINT('',(41.,10.2,0.));
#1380 = CIRCLE('',#1381,0.6);
#1381 = AXIS2_PLACEMENT_3D('',#1382,#1383,#1384);
#1382 = CARTESIAN_POINT('',(41.,10.8,0.));
#1383 = DIRECTION('',(-0.,0.,-1.));
#1384 = DIRECTION('',(-0.,-1.,0.));
#1385 = PLANE('',#1386);
#1386 = AXIS2_PLACEMENT_3D('',#1387,#1388,#1389);
#1387 = CARTESIAN_POINT('',(0.,0.,0.));
#1388 = DIRECTION('',(0.,0.,1.));
#1389 = DIRECTION('',(1.,0.,-0.));
#1390 = ADVANCED_FACE('',(#1391,#1538,#1549,#1560,#1571,#1582,#1593,
    #1604,#1615,#1626,#1637,#1648,#1659,#1670,#1681,#1692,#1703,#1714,
    #1725,#1736,#1747,#1758,#1769,#1780,#1791,#1802,#1813,#1824,#1835,
    #1846,#1857,#1868,#1879,#1890,#1901,#1912,#1923,#1934,#1945,#1956,
    #1967,#1978,#1989,#2000,#2011,#2022,#2033,#2044,#2055,#2066,#2077,
    #2088,#2099,#2110,#2121,#2132,#2143,#2154,#2165,#2176,#2187,#2198,
    #2209,#2220,#2231,#2242,#2253,#2264,#2275,#2286,#2297,#2308,#2319,
    #2330,#2341,#2352,#2363,#2374,#2385,#2396,#2407,#2418,#2429,#2440,
    #2451,#2462,#2473,#2484,#2495,#2506,#2517,#2528,#2539,#2550,#2561,
    #2572,#2583,#2594,#2605,#2616,#2627),#2638,.T.);
#1391 = FACE_BOUND('',#1392,.T.);
#1392 = EDGE_LOOP('',(#1393,#1394,#1395,#1403,#1411,#1419,#1427,#1435,
    #1443,#1451,#1459,#1467,#1475,#1483,#1491,#1499,#1507,#1515,#1523,
    #1531,#1537));
#1393 = ORIENTED_EDGE('',*,*,#49,.F.);
#1394 = ORIENTED_EDGE('',*,*,#89,.F.);
#1395 = ORIENTED_EDGE('',*,*,#1396,.F.);
#1396 = EDGE_CURVE('',#1397,#82,#1399,.T.);
#1397 = VERTEX_POINT('',#1398);
#1398 = CARTESIAN_POINT('',(-8.,26.,1.51));
#1399 = LINE('',#1400,#1401);
#1400 = CARTESIAN_POINT('',(-8.,26.,1.51));
#1401 = VECTOR('',#1402,1.);
#1402 = DIRECTION('',(1.,0.,0.));
#1403 = ORIENTED_EDGE('',*,*,#1404,.F.);
#1404 = EDGE_CURVE('',#1405,#1397,#1407,.T.);
#1405 = VERTEX_POINT('',#1406);
#1406 = CARTESIAN_POINT('',(-63.,10.,1.51));
#1407 = LINE('',#1408,#1409);
#1408 = CARTESIAN_POINT('',(-63.,10.,1.51));
#1409 = VECTOR('',#1410,1.);
#1410 = DIRECTION('',(0.960195296604,0.27932954083,0.));
#1411 = ORIENTED_EDGE('',*,*,#1412,.F.);
#1412 = EDGE_CURVE('',#1413,#1405,#1415,.T.);
#1413 = VERTEX_POINT('',#1414);
#1414 = CARTESIAN_POINT('',(-63.,-25.,1.51));
#1415 = LINE('',#1416,#1417);
#1416 = CARTESIAN_POINT('',(-63.,-25.,1.51));
#1417 = VECTOR('',#1418,1.);
#1418 = DIRECTION('',(0.,1.,0.));
#1419 = ORIENTED_EDGE('',*,*,#1420,.F.);
#1420 = EDGE_CURVE('',#1421,#1413,#1423,.T.);
#1421 = VERTEX_POINT('',#1422);
#1422 = CARTESIAN_POINT('',(-27.,-25.,1.51));
#1423 = LINE('',#1424,#1425);
#1424 = CARTESIAN_POINT('',(-27.,-25.,1.51));
#1425 = VECTOR('',#1426,1.);
#1426 = DIRECTION('',(-1.,0.,0.));
#1427 = ORIENTED_EDGE('',*,*,#1428,.F.);
#1428 = EDGE_CURVE('',#1429,#1421,#1431,.T.);
#1429 = VERTEX_POINT('',#1430);
#1430 = CARTESIAN_POINT('',(-27.,-14.,1.51));
#1431 = LINE('',#1432,#1433);
#1432 = CARTESIAN_POINT('',(-27.,-14.,1.51));
#1433 = VECTOR('',#1434,1.);
#1434 = DIRECTION('',(0.,-1.,0.));
#1435 = ORIENTED_EDGE('',*,*,#1436,.F.);
#1436 = EDGE_CURVE('',#1437,#1429,#1439,.T.);
#1437 = VERTEX_POINT('',#1438);
#1438 = CARTESIAN_POINT('',(-4.,-14.,1.51));
#1439 = LINE('',#1440,#1441);
#1440 = CARTESIAN_POINT('',(-4.,-14.,1.51));
#1441 = VECTOR('',#1442,1.);
#1442 = DIRECTION('',(-1.,0.,0.));
#1443 = ORIENTED_EDGE('',*,*,#1444,.F.);
#1444 = EDGE_CURVE('',#1445,#1437,#1447,.T.);
#1445 = VERTEX_POINT('',#1446);
#1446 = CARTESIAN_POINT('',(17.,-25.,1.51));
#1447 = LINE('',#1448,#1449);
#1448 = CARTESIAN_POINT('',(17.,-25.,1.51));
#1449 = VECTOR('',#1450,1.);
#1450 = DIRECTION('',(-0.88583153528,0.464006994671,0.));
#1451 = ORIENTED_EDGE('',*,*,#1452,.F.);
#1452 = EDGE_CURVE('',#1453,#1445,#1455,.T.);
#1453 = VERTEX_POINT('',#1454);
#1454 = CARTESIAN_POINT('',(8.,-40.,1.51));
#1455 = LINE('',#1456,#1457);
#1456 = CARTESIAN_POINT('',(8.,-40.,1.51));
#1457 = VECTOR('',#1458,1.);
#1458 = DIRECTION('',(0.514495755428,0.857492925713,0.));
#1459 = ORIENTED_EDGE('',*,*,#1460,.F.);
#1460 = EDGE_CURVE('',#1461,#1453,#1463,.T.);
#1461 = VERTEX_POINT('',#1462);
#1462 = CARTESIAN_POINT('',(56.,-68.,1.51));
#1463 = LINE('',#1464,#1465);
#1464 = CARTESIAN_POINT('',(56.,-68.,1.51));
#1465 = VECTOR('',#1466,1.);
#1466 = DIRECTION('',(-0.863778900898,0.503871025524,0.));
#1467 = ORIENTED_EDGE('',*,*,#1468,.F.);
#1468 = EDGE_CURVE('',#1469,#1461,#1471,.T.);
#1469 = VERTEX_POINT('',#1470);
#1470 = CARTESIAN_POINT('',(70.,-44.,1.51));
#1471 = LINE('',#1472,#1473);
#1472 = CARTESIAN_POINT('',(70.,-44.,1.51));
#1473 = VECTOR('',#1474,1.);
#1474 = DIRECTION('',(-0.503871025524,-0.863778900898,0.));
#1475 = ORIENTED_EDGE('',*,*,#1476,.F.);
#1476 = EDGE_CURVE('',#1477,#1469,#1479,.T.);
#1477 = VERTEX_POINT('',#1478);
#1478 = CARTESIAN_POINT('',(70.,-28.,1.51));
#1479 = LINE('',#1480,#1481);
#1480 = CARTESIAN_POINT('',(70.,-28.,1.51));
#1481 = VECTOR('',#1482,1.);
#1482 = DIRECTION('',(0.,-1.,0.));
#1483 = ORIENTED_EDGE('',*,*,#1484,.F.);
#1484 = EDGE_CURVE('',#1485,#1477,#1487,.T.);
#1485 = VERTEX_POINT('',#1486);
#1486 = CARTESIAN_POINT('',(65.,-28.,1.51));
#1487 = LINE('',#1488,#1489);
#1488 = CARTESIAN_POINT('',(65.,-28.,1.51));
#1489 = VECTOR('',#1490,1.);
#1490 = DIRECTION('',(1.,0.,0.));
#1491 = ORIENTED_EDGE('',*,*,#1492,.F.);
#1492 = EDGE_CURVE('',#1493,#1485,#1495,.T.);
#1493 = VERTEX_POINT('',#1494);
#1494 = CARTESIAN_POINT('',(65.,-23.,1.51));
#1495 = LINE('',#1496,#1497);
#1496 = CARTESIAN_POINT('',(65.,-23.,1.51));
#1497 = VECTOR('',#1498,1.);
#1498 = DIRECTION('',(0.,-1.,0.));
#1499 = ORIENTED_EDGE('',*,*,#1500,.F.);
#1500 = EDGE_CURVE('',#1501,#1493,#1503,.T.);
#1501 = VERTEX_POINT('',#1502);
#1502 = CARTESIAN_POINT('',(70.,-23.,1.51));
#1503 = LINE('',#1504,#1505);
#1504 = CARTESIAN_POINT('',(70.,-23.,1.51));
#1505 = VECTOR('',#1506,1.);
#1506 = DIRECTION('',(-1.,0.,0.));
#1507 = ORIENTED_EDGE('',*,*,#1508,.F.);
#1508 = EDGE_CURVE('',#1509,#1501,#1511,.T.);
#1509 = VERTEX_POINT('',#1510);
#1510 = CARTESIAN_POINT('',(70.,18.,1.51));
#1511 = LINE('',#1512,#1513);
#1512 = CARTESIAN_POINT('',(70.,18.,1.51));
#1513 = VECTOR('',#1514,1.);
#1514 = DIRECTION('',(0.,-1.,0.));
#1515 = ORIENTED_EDGE('',*,*,#1516,.F.);
#1516 = EDGE_CURVE('',#1517,#1509,#1519,.T.);
#1517 = VERTEX_POINT('',#1518);
#1518 = CARTESIAN_POINT('',(62.,18.,1.51));
#1519 = LINE('',#1520,#1521);
#1520 = CARTESIAN_POINT('',(62.,18.,1.51));
#1521 = VECTOR('',#1522,1.);
#1522 = DIRECTION('',(1.,0.,0.));
#1523 = ORIENTED_EDGE('',*,*,#1524,.F.);
#1524 = EDGE_CURVE('',#1525,#1517,#1527,.T.);
#1525 = VERTEX_POINT('',#1526);
#1526 = CARTESIAN_POINT('',(62.,0.,1.51));
#1527 = LINE('',#1528,#1529);
#1528 = CARTESIAN_POINT('',(62.,0.,1.51));
#1529 = VECTOR('',#1530,1.);
#1530 = DIRECTION('',(0.,1.,0.));
#1531 = ORIENTED_EDGE('',*,*,#1532,.F.);
#1532 = EDGE_CURVE('',#112,#1525,#1533,.T.);
#1533 = LINE('',#1534,#1535);
#1534 = CARTESIAN_POINT('',(50.,0.,1.51));
#1535 = VECTOR('',#1536,1.);
#1536 = DIRECTION('',(1.,0.,0.));
#1537 = ORIENTED_EDGE('',*,*,#111,.F.);
#1538 = FACE_BOUND('',#1539,.T.);
#1539 = EDGE_LOOP('',(#1540));
#1540 = ORIENTED_EDGE('',*,*,#1541,.T.);
#1541 = EDGE_CURVE('',#1542,#1542,#1544,.T.);
#1542 = VERTEX_POINT('',#1543);
#1543 = CARTESIAN_POINT('',(31.942628,-44.566025,1.51));
#1544 = CIRCLE('',#1545,0.95);
#1545 = AXIS2_PLACEMENT_3D('',#1546,#1547,#1548);
#1546 = CARTESIAN_POINT('',(31.942628,-43.616025,1.51));
#1547 = DIRECTION('',(-0.,0.,-1.));
#1548 = DIRECTION('',(-0.,-1.,0.));
#1549 = FACE_BOUND('',#1550,.T.);
#1550 = EDGE_LOOP('',(#1551));
#1551 = ORIENTED_EDGE('',*,*,#1552,.T.);
#1552 = EDGE_CURVE('',#1553,#1553,#1555,.T.);
#1553 = VERTEX_POINT('',#1554);
#1554 = CARTESIAN_POINT('',(25.880452,-41.066025,1.51));
#1555 = CIRCLE('',#1556,0.95);
#1556 = AXIS2_PLACEMENT_3D('',#1557,#1558,#1559);
#1557 = CARTESIAN_POINT('',(25.880452,-40.116025,1.51));
#1558 = DIRECTION('',(-0.,0.,-1.));
#1559 = DIRECTION('',(-0.,-1.,0.));
#1560 = FACE_BOUND('',#1561,.T.);
#1561 = EDGE_LOOP('',(#1562));
#1562 = ORIENTED_EDGE('',*,*,#1563,.T.);
#1563 = EDGE_CURVE('',#1564,#1564,#1566,.T.);
#1564 = VERTEX_POINT('',#1565);
#1565 = CARTESIAN_POINT('',(47.531088,-53.566025,1.51));
#1566 = CIRCLE('',#1567,0.95);
#1567 = AXIS2_PLACEMENT_3D('',#1568,#1569,#1570);
#1568 = CARTESIAN_POINT('',(47.531088,-52.616025,1.51));
#1569 = DIRECTION('',(-0.,0.,-1.));
#1570 = DIRECTION('',(-0.,-1.,0.));
#1571 = FACE_BOUND('',#1572,.T.);
#1572 = EDGE_LOOP('',(#1573));
#1573 = ORIENTED_EDGE('',*,*,#1574,.T.);
#1574 = EDGE_CURVE('',#1575,#1575,#1577,.T.);
#1575 = VERTEX_POINT('',#1576);
#1576 = CARTESIAN_POINT('',(41.468908,-50.066025,1.51));
#1577 = CIRCLE('',#1578,0.95);
#1578 = AXIS2_PLACEMENT_3D('',#1579,#1580,#1581);
#1579 = CARTESIAN_POINT('',(41.468908,-49.116025,1.51));
#1580 = DIRECTION('',(-0.,0.,-1.));
#1581 = DIRECTION('',(-0.,-1.,0.));
#1582 = FACE_BOUND('',#1583,.T.);
#1583 = EDGE_LOOP('',(#1584));
#1584 = ORIENTED_EDGE('',*,*,#1585,.T.);
#1585 = EDGE_CURVE('',#1586,#1586,#1588,.T.);
#1586 = VERTEX_POINT('',#1587);
#1587 = CARTESIAN_POINT('',(52.294228,-57.066025,1.51));
#1588 = CIRCLE('',#1589,1.7);
#1589 = AXIS2_PLACEMENT_3D('',#1590,#1591,#1592);
#1590 = CARTESIAN_POINT('',(52.294228,-55.366025,1.51));
#1591 = DIRECTION('',(-0.,0.,-1.));
#1592 = DIRECTION('',(-4.17966315153E-15,-1.,0.));
#1593 = FACE_BOUND('',#1594,.T.);
#1594 = EDGE_LOOP('',(#1595));
#1595 = ORIENTED_EDGE('',*,*,#1596,.T.);
#1596 = EDGE_CURVE('',#1597,#1597,#1599,.T.);
#1597 = VERTEX_POINT('',#1598);
#1598 = CARTESIAN_POINT('',(57.057368,-59.066025,1.51));
#1599 = CIRCLE('',#1600,0.95);
#1600 = AXIS2_PLACEMENT_3D('',#1601,#1602,#1603);
#1601 = CARTESIAN_POINT('',(57.057368,-58.116025,1.51));
#1602 = DIRECTION('',(-0.,0.,-1.));
#1603 = DIRECTION('',(-0.,-1.,0.));
#1604 = FACE_BOUND('',#1605,.T.);
#1605 = EDGE_LOOP('',(#1606));
#1606 = ORIENTED_EDGE('',*,*,#1607,.T.);
#1607 = EDGE_CURVE('',#1608,#1608,#1610,.T.);
#1608 = VERTEX_POINT('',#1609);
#1609 = CARTESIAN_POINT('',(58.524355,-55.175128,1.51));
#1610 = CIRCLE('',#1611,0.6);
#1611 = AXIS2_PLACEMENT_3D('',#1612,#1613,#1614);
#1612 = CARTESIAN_POINT('',(58.524355,-54.575128,1.51));
#1613 = DIRECTION('',(-0.,0.,-1.));
#1614 = DIRECTION('',(-0.,-1.,0.));
#1615 = FACE_BOUND('',#1616,.T.);
#1616 = EDGE_LOOP('',(#1617));
#1617 = ORIENTED_EDGE('',*,*,#1618,.T.);
#1618 = EDGE_CURVE('',#1619,#1619,#1621,.T.);
#1619 = VERTEX_POINT('',#1620);
#1620 = CARTESIAN_POINT('',(49.864101,-50.175128,1.51));
#1621 = CIRCLE('',#1622,0.6);
#1622 = AXIS2_PLACEMENT_3D('',#1623,#1624,#1625);
#1623 = CARTESIAN_POINT('',(49.864101,-49.575128,1.51));
#1624 = DIRECTION('',(-0.,0.,-1.));
#1625 = DIRECTION('',(-0.,-1.,0.));
#1626 = FACE_BOUND('',#1627,.T.);
#1627 = EDGE_LOOP('',(#1628));
#1628 = ORIENTED_EDGE('',*,*,#1629,.T.);
#1629 = EDGE_CURVE('',#1630,#1630,#1632,.T.);
#1630 = VERTEX_POINT('',#1631);
#1631 = CARTESIAN_POINT('',(55.244228,-50.856475,1.51));
#1632 = CIRCLE('',#1633,0.6);
#1633 = AXIS2_PLACEMENT_3D('',#1634,#1635,#1636);
#1634 = CARTESIAN_POINT('',(55.244228,-50.256475,1.51));
#1635 = DIRECTION('',(-0.,0.,-1.));
#1636 = DIRECTION('',(-0.,-1.,0.));
#1637 = FACE_BOUND('',#1638,.T.);
#1638 = EDGE_LOOP('',(#1639));
#1639 = ORIENTED_EDGE('',*,*,#1640,.T.);
#1640 = EDGE_CURVE('',#1641,#1641,#1643,.T.);
#1641 = VERTEX_POINT('',#1642);
#1642 = CARTESIAN_POINT('',(36.705768,-48.066025,1.51));
#1643 = CIRCLE('',#1644,1.7);
#1644 = AXIS2_PLACEMENT_3D('',#1645,#1646,#1647);
#1645 = CARTESIAN_POINT('',(36.705768,-46.366025,1.51));
#1646 = DIRECTION('',(-0.,0.,-1.));
#1647 = DIRECTION('',(-4.17966315153E-15,-1.,0.));
#1648 = FACE_BOUND('',#1649,.T.);
#1649 = EDGE_LOOP('',(#1650));
#1650 = ORIENTED_EDGE('',*,*,#1651,.T.);
#1651 = EDGE_CURVE('',#1652,#1652,#1654,.T.);
#1652 = VERTEX_POINT('',#1653);
#1653 = CARTESIAN_POINT('',(42.935895,-46.175128,1.51));
#1654 = CIRCLE('',#1655,0.6);
#1655 = AXIS2_PLACEMENT_3D('',#1656,#1657,#1658);
#1656 = CARTESIAN_POINT('',(42.935895,-45.575128,1.51));
#1657 = DIRECTION('',(-0.,0.,-1.));
#1658 = DIRECTION('',(-0.,-1.,0.));
#1659 = FACE_BOUND('',#1660,.T.);
#1660 = EDGE_LOOP('',(#1661));
#1661 = ORIENTED_EDGE('',*,*,#1662,.T.);
#1662 = EDGE_CURVE('',#1663,#1663,#1665,.T.);
#1663 = VERTEX_POINT('',#1664);
#1664 = CARTESIAN_POINT('',(39.655768,-41.856475,1.51));
#1665 = CIRCLE('',#1666,0.6);
#1666 = AXIS2_PLACEMENT_3D('',#1667,#1668,#1669);
#1667 = CARTESIAN_POINT('',(39.655768,-41.256475,1.51));
#1668 = DIRECTION('',(-0.,0.,-1.));
#1669 = DIRECTION('',(-0.,-1.,0.));
#1670 = FACE_BOUND('',#1671,.T.);
#1671 = EDGE_LOOP('',(#1672));
#1672 = ORIENTED_EDGE('',*,*,#1673,.T.);
#1673 = EDGE_CURVE('',#1674,#1674,#1676,.T.);
#1674 = VERTEX_POINT('',#1675);
#1675 = CARTESIAN_POINT('',(34.275641,-41.175128,1.51));
#1676 = CIRCLE('',#1677,0.6);
#1677 = AXIS2_PLACEMENT_3D('',#1678,#1679,#1680);
#1678 = CARTESIAN_POINT('',(34.275641,-40.575128,1.51));
#1679 = DIRECTION('',(-0.,0.,-1.));
#1680 = DIRECTION('',(-0.,-1.,0.));
#1681 = FACE_BOUND('',#1682,.T.);
#1682 = EDGE_LOOP('',(#1683));
#1683 = ORIENTED_EDGE('',*,*,#1684,.T.);
#1684 = EDGE_CURVE('',#1685,#1685,#1687,.T.);
#1685 = VERTEX_POINT('',#1686);
#1686 = CARTESIAN_POINT('',(16.354172,-35.566025,1.51));
#1687 = CIRCLE('',#1688,0.95);
#1688 = AXIS2_PLACEMENT_3D('',#1689,#1690,#1691);
#1689 = CARTESIAN_POINT('',(16.354172,-34.616025,1.51));
#1690 = DIRECTION('',(-0.,0.,-1.));
#1691 = DIRECTION('',(-3.739698609264E-15,-1.,0.));
#1692 = FACE_BOUND('',#1693,.T.);
#1693 = EDGE_LOOP('',(#1694));
#1694 = ORIENTED_EDGE('',*,*,#1695,.T.);
#1695 = EDGE_CURVE('',#1696,#1696,#1698,.T.);
#1696 = VERTEX_POINT('',#1697);
#1697 = CARTESIAN_POINT('',(21.117312,-39.066025,1.51));
#1698 = CIRCLE('',#1699,1.7);
#1699 = AXIS2_PLACEMENT_3D('',#1700,#1701,#1702);
#1700 = CARTESIAN_POINT('',(21.117312,-37.366025,1.51));
#1701 = DIRECTION('',(-0.,0.,-1.));
#1702 = DIRECTION('',(-0.,-1.,0.));
#1703 = FACE_BOUND('',#1704,.T.);
#1704 = EDGE_LOOP('',(#1705));
#1705 = ORIENTED_EDGE('',*,*,#1706,.T.);
#1706 = EDGE_CURVE('',#1707,#1707,#1709,.T.);
#1707 = VERTEX_POINT('',#1708);
#1708 = CARTESIAN_POINT('',(27.347439,-37.175128,1.51));
#1709 = CIRCLE('',#1710,0.6);
#1710 = AXIS2_PLACEMENT_3D('',#1711,#1712,#1713);
#1711 = CARTESIAN_POINT('',(27.347439,-36.575128,1.51));
#1712 = DIRECTION('',(-0.,0.,-1.));
#1713 = DIRECTION('',(-0.,-1.,0.));
#1714 = FACE_BOUND('',#1715,.T.);
#1715 = EDGE_LOOP('',(#1716));
#1716 = ORIENTED_EDGE('',*,*,#1717,.T.);
#1717 = EDGE_CURVE('',#1718,#1718,#1720,.T.);
#1718 = VERTEX_POINT('',#1719);
#1719 = CARTESIAN_POINT('',(18.687185,-32.175128,1.51));
#1720 = CIRCLE('',#1721,0.6);
#1721 = AXIS2_PLACEMENT_3D('',#1722,#1723,#1724);
#1722 = CARTESIAN_POINT('',(18.687185,-31.575128,1.51));
#1723 = DIRECTION('',(-0.,0.,-1.));
#1724 = DIRECTION('',(-0.,-1.,0.));
#1725 = FACE_BOUND('',#1726,.T.);
#1726 = EDGE_LOOP('',(#1727));
#1727 = ORIENTED_EDGE('',*,*,#1728,.T.);
#1728 = EDGE_CURVE('',#1729,#1729,#1731,.T.);
#1729 = VERTEX_POINT('',#1730);
#1730 = CARTESIAN_POINT('',(24.067312,-32.856475,1.51));
#1731 = CIRCLE('',#1732,0.6);
#1732 = AXIS2_PLACEMENT_3D('',#1733,#1734,#1735);
#1733 = CARTESIAN_POINT('',(24.067312,-32.256475,1.51));
#1734 = DIRECTION('',(-0.,0.,-1.));
#1735 = DIRECTION('',(-0.,-1.,0.));
#1736 = FACE_BOUND('',#1737,.T.);
#1737 = EDGE_LOOP('',(#1738));
#1738 = ORIENTED_EDGE('',*,*,#1739,.T.);
#1739 = EDGE_CURVE('',#1740,#1740,#1742,.T.);
#1740 = VERTEX_POINT('',#1741);
#1741 = CARTESIAN_POINT('',(55.76,-30.21,1.51));
#1742 = CIRCLE('',#1743,0.38);
#1743 = AXIS2_PLACEMENT_3D('',#1744,#1745,#1746);
#1744 = CARTESIAN_POINT('',(55.76,-29.83,1.51));
#1745 = DIRECTION('',(-0.,0.,-1.));
#1746 = DIRECTION('',(-1.869849304632E-14,-1.,0.));
#1747 = FACE_BOUND('',#1748,.T.);
#1748 = EDGE_LOOP('',(#1749));
#1749 = ORIENTED_EDGE('',*,*,#1750,.T.);
#1750 = EDGE_CURVE('',#1751,#1751,#1753,.T.);
#1751 = VERTEX_POINT('',#1752);
#1752 = CARTESIAN_POINT('',(53.22,-28.94,1.51));
#1753 = CIRCLE('',#1754,0.38);
#1754 = AXIS2_PLACEMENT_3D('',#1755,#1756,#1757);
#1755 = CARTESIAN_POINT('',(53.22,-28.56,1.51));
#1756 = DIRECTION('',(-0.,0.,-1.));
#1757 = DIRECTION('',(-0.,-1.,0.));
#1758 = FACE_BOUND('',#1759,.T.);
#1759 = EDGE_LOOP('',(#1760));
#1760 = ORIENTED_EDGE('',*,*,#1761,.T.);
#1761 = EDGE_CURVE('',#1762,#1762,#1764,.T.);
#1762 = VERTEX_POINT('',#1763);
#1763 = CARTESIAN_POINT('',(62.11,-32.725,1.51));
#1764 = CIRCLE('',#1765,1.625);
#1765 = AXIS2_PLACEMENT_3D('',#1766,#1767,#1768);
#1766 = CARTESIAN_POINT('',(62.11,-31.1,1.51));
#1767 = DIRECTION('',(-0.,0.,-1.));
#1768 = DIRECTION('',(-0.,-1.,0.));
#1769 = FACE_BOUND('',#1770,.T.);
#1770 = EDGE_LOOP('',(#1771));
#1771 = ORIENTED_EDGE('',*,*,#1772,.T.);
#1772 = EDGE_CURVE('',#1773,#1773,#1775,.T.);
#1773 = VERTEX_POINT('',#1774);
#1774 = CARTESIAN_POINT('',(55.76,-27.67,1.51));
#1775 = CIRCLE('',#1776,0.38);
#1776 = AXIS2_PLACEMENT_3D('',#1777,#1778,#1779);
#1777 = CARTESIAN_POINT('',(55.76,-27.29,1.51));
#1778 = DIRECTION('',(-0.,0.,-1.));
#1779 = DIRECTION('',(-1.869849304632E-14,-1.,0.));
#1780 = FACE_BOUND('',#1781,.T.);
#1781 = EDGE_LOOP('',(#1782));
#1782 = ORIENTED_EDGE('',*,*,#1783,.T.);
#1783 = EDGE_CURVE('',#1784,#1784,#1786,.T.);
#1784 = VERTEX_POINT('',#1785);
#1785 = CARTESIAN_POINT('',(53.22,-26.4,1.51));
#1786 = CIRCLE('',#1787,0.38);
#1787 = AXIS2_PLACEMENT_3D('',#1788,#1789,#1790);
#1788 = CARTESIAN_POINT('',(53.22,-26.02,1.51));
#1789 = DIRECTION('',(-0.,0.,-1.));
#1790 = DIRECTION('',(-0.,-1.,0.));
#1791 = FACE_BOUND('',#1792,.T.);
#1792 = EDGE_LOOP('',(#1793));
#1793 = ORIENTED_EDGE('',*,*,#1794,.T.);
#1794 = EDGE_CURVE('',#1795,#1795,#1797,.T.);
#1795 = VERTEX_POINT('',#1796);
#1796 = CARTESIAN_POINT('',(55.76,-25.13,1.51));
#1797 = CIRCLE('',#1798,0.38);
#1798 = AXIS2_PLACEMENT_3D('',#1799,#1800,#1801);
#1799 = CARTESIAN_POINT('',(55.76,-24.75,1.51));
#1800 = DIRECTION('',(-0.,0.,-1.));
#1801 = DIRECTION('',(-1.869849304632E-14,-1.,0.));
#1802 = FACE_BOUND('',#1803,.T.);
#1803 = EDGE_LOOP('',(#1804));
#1804 = ORIENTED_EDGE('',*,*,#1805,.T.);
#1805 = EDGE_CURVE('',#1806,#1806,#1808,.T.);
#1806 = VERTEX_POINT('',#1807);
#1807 = CARTESIAN_POINT('',(53.22,-23.86,1.51));
#1808 = CIRCLE('',#1809,0.38);
#1809 = AXIS2_PLACEMENT_3D('',#1810,#1811,#1812);
#1810 = CARTESIAN_POINT('',(53.22,-23.48,1.51));
#1811 = DIRECTION('',(-0.,0.,-1.));
#1812 = DIRECTION('',(-0.,-1.,0.));
#1813 = FACE_BOUND('',#1814,.T.);
#1814 = EDGE_LOOP('',(#1815));
#1815 = ORIENTED_EDGE('',*,*,#1816,.T.);
#1816 = EDGE_CURVE('',#1817,#1817,#1819,.T.);
#1817 = VERTEX_POINT('',#1818);
#1818 = CARTESIAN_POINT('',(55.76,-22.59,1.51));
#1819 = CIRCLE('',#1820,0.38);
#1820 = AXIS2_PLACEMENT_3D('',#1821,#1822,#1823);
#1821 = CARTESIAN_POINT('',(55.76,-22.21,1.51));
#1822 = DIRECTION('',(-0.,0.,-1.));
#1823 = DIRECTION('',(-1.869849304632E-14,-1.,0.));
#1824 = FACE_BOUND('',#1825,.T.);
#1825 = EDGE_LOOP('',(#1826));
#1826 = ORIENTED_EDGE('',*,*,#1827,.T.);
#1827 = EDGE_CURVE('',#1828,#1828,#1830,.T.);
#1828 = VERTEX_POINT('',#1829);
#1829 = CARTESIAN_POINT('',(53.22,-21.32,1.51));
#1830 = CIRCLE('',#1831,0.38);
#1831 = AXIS2_PLACEMENT_3D('',#1832,#1833,#1834);
#1832 = CARTESIAN_POINT('',(53.22,-20.94,1.51));
#1833 = DIRECTION('',(-0.,0.,-1.));
#1834 = DIRECTION('',(-0.,-1.,0.));
#1835 = FACE_BOUND('',#1836,.T.);
#1836 = EDGE_LOOP('',(#1837));
#1837 = ORIENTED_EDGE('',*,*,#1838,.T.);
#1838 = EDGE_CURVE('',#1839,#1839,#1841,.T.);
#1839 = VERTEX_POINT('',#1840);
#1840 = CARTESIAN_POINT('',(62.11,-21.295,1.51));
#1841 = CIRCLE('',#1842,1.625);
#1842 = AXIS2_PLACEMENT_3D('',#1843,#1844,#1845);
#1843 = CARTESIAN_POINT('',(62.11,-19.67,1.51));
#1844 = DIRECTION('',(-0.,0.,-1.));
#1845 = DIRECTION('',(-0.,-1.,0.));
#1846 = FACE_BOUND('',#1847,.T.);
#1847 = EDGE_LOOP('',(#1848));
#1848 = ORIENTED_EDGE('',*,*,#1849,.T.);
#1849 = EDGE_CURVE('',#1850,#1850,#1852,.T.);
#1850 = VERTEX_POINT('',#1851);
#1851 = CARTESIAN_POINT('',(-59.5,-16.95,1.51));
#1852 = CIRCLE('',#1853,0.95);
#1853 = AXIS2_PLACEMENT_3D('',#1854,#1855,#1856);
#1854 = CARTESIAN_POINT('',(-59.5,-16.,1.51));
#1855 = DIRECTION('',(-0.,0.,-1.));
#1856 = DIRECTION('',(-0.,-1.,0.));
#1857 = FACE_BOUND('',#1858,.T.);
#1858 = EDGE_LOOP('',(#1859));
#1859 = ORIENTED_EDGE('',*,*,#1860,.T.);
#1860 = EDGE_CURVE('',#1861,#1861,#1863,.T.);
#1861 = VERTEX_POINT('',#1862);
#1862 = CARTESIAN_POINT('',(-54.,-17.7,1.51));
#1863 = CIRCLE('',#1864,1.7);
#1864 = AXIS2_PLACEMENT_3D('',#1865,#1866,#1867);
#1865 = CARTESIAN_POINT('',(-54.,-16.,1.51));
#1866 = DIRECTION('',(-0.,0.,-1.));
#1867 = DIRECTION('',(-0.,-1.,0.));
#1868 = FACE_BOUND('',#1869,.T.);
#1869 = EDGE_LOOP('',(#1870));
#1870 = ORIENTED_EDGE('',*,*,#1871,.T.);
#1871 = EDGE_CURVE('',#1872,#1872,#1874,.T.);
#1872 = VERTEX_POINT('',#1873);
#1873 = CARTESIAN_POINT('',(-48.5,-16.95,1.51));
#1874 = CIRCLE('',#1875,0.95);
#1875 = AXIS2_PLACEMENT_3D('',#1876,#1877,#1878);
#1876 = CARTESIAN_POINT('',(-48.5,-16.,1.51));
#1877 = DIRECTION('',(-0.,0.,-1.));
#1878 = DIRECTION('',(-0.,-1.,0.));
#1879 = FACE_BOUND('',#1880,.T.);
#1880 = EDGE_LOOP('',(#1881));
#1881 = ORIENTED_EDGE('',*,*,#1882,.T.);
#1882 = EDGE_CURVE('',#1883,#1883,#1885,.T.);
#1883 = VERTEX_POINT('',#1884);
#1884 = CARTESIAN_POINT('',(-59.,-12.8,1.51));
#1885 = CIRCLE('',#1886,0.6);
#1886 = AXIS2_PLACEMENT_3D('',#1887,#1888,#1889);
#1887 = CARTESIAN_POINT('',(-59.,-12.2,1.51));
#1888 = DIRECTION('',(-0.,0.,-1.));
#1889 = DIRECTION('',(-0.,-1.,0.));
#1890 = FACE_BOUND('',#1891,.T.);
#1891 = EDGE_LOOP('',(#1892));
#1892 = ORIENTED_EDGE('',*,*,#1893,.T.);
#1893 = EDGE_CURVE('',#1894,#1894,#1896,.T.);
#1894 = VERTEX_POINT('',#1895);
#1895 = CARTESIAN_POINT('',(-54.,-10.7,1.51));
#1896 = CIRCLE('',#1897,0.6);
#1897 = AXIS2_PLACEMENT_3D('',#1898,#1899,#1900);
#1898 = CARTESIAN_POINT('',(-54.,-10.1,1.51));
#1899 = DIRECTION('',(-0.,0.,-1.));
#1900 = DIRECTION('',(-0.,-1.,0.));
#1901 = FACE_BOUND('',#1902,.T.);
#1902 = EDGE_LOOP('',(#1903));
#1903 = ORIENTED_EDGE('',*,*,#1904,.T.);
#1904 = EDGE_CURVE('',#1905,#1905,#1907,.T.);
#1905 = VERTEX_POINT('',#1906);
#1906 = CARTESIAN_POINT('',(-49.,-12.8,1.51));
#1907 = CIRCLE('',#1908,0.6);
#1908 = AXIS2_PLACEMENT_3D('',#1909,#1910,#1911);
#1909 = CARTESIAN_POINT('',(-49.,-12.2,1.51));
#1910 = DIRECTION('',(-0.,0.,-1.));
#1911 = DIRECTION('',(-0.,-1.,0.));
#1912 = FACE_BOUND('',#1913,.T.);
#1913 = EDGE_LOOP('',(#1914));
#1914 = ORIENTED_EDGE('',*,*,#1915,.T.);
#1915 = EDGE_CURVE('',#1916,#1916,#1918,.T.);
#1916 = VERTEX_POINT('',#1917);
#1917 = CARTESIAN_POINT('',(-41.5,-16.95,1.51));
#1918 = CIRCLE('',#1919,0.95);
#1919 = AXIS2_PLACEMENT_3D('',#1920,#1921,#1922);
#1920 = CARTESIAN_POINT('',(-41.5,-16.,1.51));
#1921 = DIRECTION('',(-0.,0.,-1.));
#1922 = DIRECTION('',(-0.,-1.,0.));
#1923 = FACE_BOUND('',#1924,.T.);
#1924 = EDGE_LOOP('',(#1925));
#1925 = ORIENTED_EDGE('',*,*,#1926,.T.);
#1926 = EDGE_CURVE('',#1927,#1927,#1929,.T.);
#1927 = VERTEX_POINT('',#1928);
#1928 = CARTESIAN_POINT('',(-36.,-17.7,1.51));
#1929 = CIRCLE('',#1930,1.7);
#1930 = AXIS2_PLACEMENT_3D('',#1931,#1932,#1933);
#1931 = CARTESIAN_POINT('',(-36.,-16.,1.51));
#1932 = DIRECTION('',(-0.,0.,-1.));
#1933 = DIRECTION('',(-0.,-1.,0.));
#1934 = FACE_BOUND('',#1935,.T.);
#1935 = EDGE_LOOP('',(#1936));
#1936 = ORIENTED_EDGE('',*,*,#1937,.T.);
#1937 = EDGE_CURVE('',#1938,#1938,#1940,.T.);
#1938 = VERTEX_POINT('',#1939);
#1939 = CARTESIAN_POINT('',(-30.5,-16.95,1.51));
#1940 = CIRCLE('',#1941,0.95);
#1941 = AXIS2_PLACEMENT_3D('',#1942,#1943,#1944);
#1942 = CARTESIAN_POINT('',(-30.5,-16.,1.51));
#1943 = DIRECTION('',(-0.,0.,-1.));
#1944 = DIRECTION('',(-0.,-1.,0.));
#1945 = FACE_BOUND('',#1946,.T.);
#1946 = EDGE_LOOP('',(#1947));
#1947 = ORIENTED_EDGE('',*,*,#1948,.T.);
#1948 = EDGE_CURVE('',#1949,#1949,#1951,.T.);
#1949 = VERTEX_POINT('',#1950);
#1950 = CARTESIAN_POINT('',(-41.,-12.8,1.51));
#1951 = CIRCLE('',#1952,0.6);
#1952 = AXIS2_PLACEMENT_3D('',#1953,#1954,#1955);
#1953 = CARTESIAN_POINT('',(-41.,-12.2,1.51));
#1954 = DIRECTION('',(-0.,0.,-1.));
#1955 = DIRECTION('',(-0.,-1.,0.));
#1956 = FACE_BOUND('',#1957,.T.);
#1957 = EDGE_LOOP('',(#1958));
#1958 = ORIENTED_EDGE('',*,*,#1959,.T.);
#1959 = EDGE_CURVE('',#1960,#1960,#1962,.T.);
#1960 = VERTEX_POINT('',#1961);
#1961 = CARTESIAN_POINT('',(-36.,-10.7,1.51));
#1962 = CIRCLE('',#1963,0.6);
#1963 = AXIS2_PLACEMENT_3D('',#1964,#1965,#1966);
#1964 = CARTESIAN_POINT('',(-36.,-10.1,1.51));
#1965 = DIRECTION('',(-0.,0.,-1.));
#1966 = DIRECTION('',(-0.,-1.,0.));
#1967 = FACE_BOUND('',#1968,.T.);
#1968 = EDGE_LOOP('',(#1969));
#1969 = ORIENTED_EDGE('',*,*,#1970,.T.);
#1970 = EDGE_CURVE('',#1971,#1971,#1973,.T.);
#1971 = VERTEX_POINT('',#1972);
#1972 = CARTESIAN_POINT('',(-31.,-12.8,1.51));
#1973 = CIRCLE('',#1974,0.6);
#1974 = AXIS2_PLACEMENT_3D('',#1975,#1976,#1977);
#1975 = CARTESIAN_POINT('',(-31.,-12.2,1.51));
#1976 = DIRECTION('',(-0.,0.,-1.));
#1977 = DIRECTION('',(-0.,-1.,0.));
#1978 = FACE_BOUND('',#1979,.T.);
#1979 = EDGE_LOOP('',(#1980));
#1980 = ORIENTED_EDGE('',*,*,#1981,.T.);
#1981 = EDGE_CURVE('',#1982,#1982,#1984,.T.);
#1982 = VERTEX_POINT('',#1983);
#1983 = CARTESIAN_POINT('',(-59.5,5.E-02,1.51));
#1984 = CIRCLE('',#1985,0.95);
#1985 = AXIS2_PLACEMENT_3D('',#1986,#1987,#1988);
#1986 = CARTESIAN_POINT('',(-59.5,1.,1.51));
#1987 = DIRECTION('',(-0.,0.,-1.));
#1988 = DIRECTION('',(-0.,-1.,0.));
#1989 = FACE_BOUND('',#1990,.T.);
#1990 = EDGE_LOOP('',(#1991));
#1991 = ORIENTED_EDGE('',*,*,#1992,.T.);
#1992 = EDGE_CURVE('',#1993,#1993,#1995,.T.);
#1993 = VERTEX_POINT('',#1994);
#1994 = CARTESIAN_POINT('',(-54.,-0.7,1.51));
#1995 = CIRCLE('',#1996,1.7);
#1996 = AXIS2_PLACEMENT_3D('',#1997,#1998,#1999);
#1997 = CARTESIAN_POINT('',(-54.,1.,1.51));
#1998 = DIRECTION('',(-0.,0.,-1.));
#1999 = DIRECTION('',(-0.,-1.,0.));
#2000 = FACE_BOUND('',#2001,.T.);
#2001 = EDGE_LOOP('',(#2002));
#2002 = ORIENTED_EDGE('',*,*,#2003,.T.);
#2003 = EDGE_CURVE('',#2004,#2004,#2006,.T.);
#2004 = VERTEX_POINT('',#2005);
#2005 = CARTESIAN_POINT('',(-48.5,5.E-02,1.51));
#2006 = CIRCLE('',#2007,0.95);
#2007 = AXIS2_PLACEMENT_3D('',#2008,#2009,#2010);
#2008 = CARTESIAN_POINT('',(-48.5,1.,1.51));
#2009 = DIRECTION('',(-0.,0.,-1.));
#2010 = DIRECTION('',(-0.,-1.,0.));
#2011 = FACE_BOUND('',#2012,.T.);
#2012 = EDGE_LOOP('',(#2013));
#2013 = ORIENTED_EDGE('',*,*,#2014,.T.);
#2014 = EDGE_CURVE('',#2015,#2015,#2017,.T.);
#2015 = VERTEX_POINT('',#2016);
#2016 = CARTESIAN_POINT('',(-41.5,5.E-02,1.51));
#2017 = CIRCLE('',#2018,0.95);
#2018 = AXIS2_PLACEMENT_3D('',#2019,#2020,#2021);
#2019 = CARTESIAN_POINT('',(-41.5,1.,1.51));
#2020 = DIRECTION('',(-0.,0.,-1.));
#2021 = DIRECTION('',(-0.,-1.,0.));
#2022 = FACE_BOUND('',#2023,.T.);
#2023 = EDGE_LOOP('',(#2024));
#2024 = ORIENTED_EDGE('',*,*,#2025,.T.);
#2025 = EDGE_CURVE('',#2026,#2026,#2028,.T.);
#2026 = VERTEX_POINT('',#2027);
#2027 = CARTESIAN_POINT('',(-36.,-0.7,1.51));
#2028 = CIRCLE('',#2029,1.7);
#2029 = AXIS2_PLACEMENT_3D('',#2030,#2031,#2032);
#2030 = CARTESIAN_POINT('',(-36.,1.,1.51));
#2031 = DIRECTION('',(-0.,0.,-1.));
#2032 = DIRECTION('',(-0.,-1.,0.));
#2033 = FACE_BOUND('',#2034,.T.);
#2034 = EDGE_LOOP('',(#2035));
#2035 = ORIENTED_EDGE('',*,*,#2036,.T.);
#2036 = EDGE_CURVE('',#2037,#2037,#2039,.T.);
#2037 = VERTEX_POINT('',#2038);
#2038 = CARTESIAN_POINT('',(-30.5,5.E-02,1.51));
#2039 = CIRCLE('',#2040,0.95);
#2040 = AXIS2_PLACEMENT_3D('',#2041,#2042,#2043);
#2041 = CARTESIAN_POINT('',(-30.5,1.,1.51));
#2042 = DIRECTION('',(-0.,0.,-1.));
#2043 = DIRECTION('',(-0.,-1.,0.));
#2044 = FACE_BOUND('',#2045,.T.);
#2045 = EDGE_LOOP('',(#2046));
#2046 = ORIENTED_EDGE('',*,*,#2047,.T.);
#2047 = EDGE_CURVE('',#2048,#2048,#2050,.T.);
#2048 = VERTEX_POINT('',#2049);
#2049 = CARTESIAN_POINT('',(-23.5,-5.95,1.51));
#2050 = CIRCLE('',#2051,0.95);
#2051 = AXIS2_PLACEMENT_3D('',#2052,#2053,#2054);
#2052 = CARTESIAN_POINT('',(-23.5,-5.,1.51));
#2053 = DIRECTION('',(-0.,0.,-1.));
#2054 = DIRECTION('',(-0.,-1.,0.));
#2055 = FACE_BOUND('',#2056,.T.);
#2056 = EDGE_LOOP('',(#2057));
#2057 = ORIENTED_EDGE('',*,*,#2058,.T.);
#2058 = EDGE_CURVE('',#2059,#2059,#2061,.T.);
#2059 = VERTEX_POINT('',#2060);
#2060 = CARTESIAN_POINT('',(-18.,-6.7,1.51));
#2061 = CIRCLE('',#2062,1.7);
#2062 = AXIS2_PLACEMENT_3D('',#2063,#2064,#2065);
#2063 = CARTESIAN_POINT('',(-18.,-5.,1.51));
#2064 = DIRECTION('',(-0.,0.,-1.));
#2065 = DIRECTION('',(-0.,-1.,0.));
#2066 = FACE_BOUND('',#2067,.T.);
#2067 = EDGE_LOOP('',(#2068));
#2068 = ORIENTED_EDGE('',*,*,#2069,.T.);
#2069 = EDGE_CURVE('',#2070,#2070,#2072,.T.);
#2070 = VERTEX_POINT('',#2071);
#2071 = CARTESIAN_POINT('',(-23.,-1.8,1.51));
#2072 = CIRCLE('',#2073,0.6);
#2073 = AXIS2_PLACEMENT_3D('',#2074,#2075,#2076);
#2074 = CARTESIAN_POINT('',(-23.,-1.2,1.51));
#2075 = DIRECTION('',(-0.,0.,-1.));
#2076 = DIRECTION('',(-0.,-1.,0.));
#2077 = FACE_BOUND('',#2078,.T.);
#2078 = EDGE_LOOP('',(#2079));
#2079 = ORIENTED_EDGE('',*,*,#2080,.T.);
#2080 = EDGE_CURVE('',#2081,#2081,#2083,.T.);
#2081 = VERTEX_POINT('',#2082);
#2082 = CARTESIAN_POINT('',(-18.,0.3,1.51));
#2083 = CIRCLE('',#2084,0.6);
#2084 = AXIS2_PLACEMENT_3D('',#2085,#2086,#2087);
#2085 = CARTESIAN_POINT('',(-18.,0.9,1.51));
#2086 = DIRECTION('',(-0.,0.,-1.));
#2087 = DIRECTION('',(-0.,-1.,0.));
#2088 = FACE_BOUND('',#2089,.T.);
#2089 = EDGE_LOOP('',(#2090));
#2090 = ORIENTED_EDGE('',*,*,#2091,.T.);
#2091 = EDGE_CURVE('',#2092,#2092,#2094,.T.);
#2092 = VERTEX_POINT('',#2093);
#2093 = CARTESIAN_POINT('',(-12.5,-5.95,1.51));
#2094 = CIRCLE('',#2095,0.95);
#2095 = AXIS2_PLACEMENT_3D('',#2096,#2097,#2098);
#2096 = CARTESIAN_POINT('',(-12.5,-5.,1.51));
#2097 = DIRECTION('',(-0.,0.,-1.));
#2098 = DIRECTION('',(-0.,-1.,0.));
#2099 = FACE_BOUND('',#2100,.T.);
#2100 = EDGE_LOOP('',(#2101));
#2101 = ORIENTED_EDGE('',*,*,#2102,.T.);
#2102 = EDGE_CURVE('',#2103,#2103,#2105,.T.);
#2103 = VERTEX_POINT('',#2104);
#2104 = CARTESIAN_POINT('',(-13.,-1.8,1.51));
#2105 = CIRCLE('',#2106,0.6);
#2106 = AXIS2_PLACEMENT_3D('',#2107,#2108,#2109);
#2107 = CARTESIAN_POINT('',(-13.,-1.2,1.51));
#2108 = DIRECTION('',(-0.,0.,-1.));
#2109 = DIRECTION('',(-0.,-1.,0.));
#2110 = FACE_BOUND('',#2111,.T.);
#2111 = EDGE_LOOP('',(#2112));
#2112 = ORIENTED_EDGE('',*,*,#2113,.T.);
#2113 = EDGE_CURVE('',#2114,#2114,#2116,.T.);
#2114 = VERTEX_POINT('',#2115);
#2115 = CARTESIAN_POINT('',(-5.5,-0.95,1.51));
#2116 = CIRCLE('',#2117,0.95);
#2117 = AXIS2_PLACEMENT_3D('',#2118,#2119,#2120);
#2118 = CARTESIAN_POINT('',(-5.5,-3.414274405136E-17,1.51));
#2119 = DIRECTION('',(-0.,0.,-1.));
#2120 = DIRECTION('',(-0.,-1.,0.));
#2121 = FACE_BOUND('',#2122,.T.);
#2122 = EDGE_LOOP('',(#2123));
#2123 = ORIENTED_EDGE('',*,*,#2124,.T.);
#2124 = EDGE_CURVE('',#2125,#2125,#2127,.T.);
#2125 = VERTEX_POINT('',#2126);
#2126 = CARTESIAN_POINT('',(-2.465190328816E-32,-1.7,1.51));
#2127 = CIRCLE('',#2128,1.7);
#2128 = AXIS2_PLACEMENT_3D('',#2129,#2130,#2131);
#2129 = CARTESIAN_POINT('',(-1.437859956239E-16,2.743487410032E-16,1.51)
  );
#2130 = DIRECTION('',(-0.,0.,-1.));
#2131 = DIRECTION('',(8.45799974258E-17,-1.,-0.));
#2132 = FACE_BOUND('',#2133,.T.);
#2133 = EDGE_LOOP('',(#2134));
#2134 = ORIENTED_EDGE('',*,*,#2135,.T.);
#2135 = EDGE_CURVE('',#2136,#2136,#2138,.T.);
#2136 = VERTEX_POINT('',#2137);
#2137 = CARTESIAN_POINT('',(-59.,4.2,1.51));
#2138 = CIRCLE('',#2139,0.6);
#2139 = AXIS2_PLACEMENT_3D('',#2140,#2141,#2142);
#2140 = CARTESIAN_POINT('',(-59.,4.8,1.51));
#2141 = DIRECTION('',(-0.,0.,-1.));
#2142 = DIRECTION('',(-0.,-1.,0.));
#2143 = FACE_BOUND('',#2144,.T.);
#2144 = EDGE_LOOP('',(#2145));
#2145 = ORIENTED_EDGE('',*,*,#2146,.T.);
#2146 = EDGE_CURVE('',#2147,#2147,#2149,.T.);
#2147 = VERTEX_POINT('',#2148);
#2148 = CARTESIAN_POINT('',(-54.,6.3,1.51));
#2149 = CIRCLE('',#2150,0.6);
#2150 = AXIS2_PLACEMENT_3D('',#2151,#2152,#2153);
#2151 = CARTESIAN_POINT('',(-54.,6.9,1.51));
#2152 = DIRECTION('',(-0.,0.,-1.));
#2153 = DIRECTION('',(-0.,-1.,0.));
#2154 = FACE_BOUND('',#2155,.T.);
#2155 = EDGE_LOOP('',(#2156));
#2156 = ORIENTED_EDGE('',*,*,#2157,.T.);
#2157 = EDGE_CURVE('',#2158,#2158,#2160,.T.);
#2158 = VERTEX_POINT('',#2159);
#2159 = CARTESIAN_POINT('',(-49.,4.2,1.51));
#2160 = CIRCLE('',#2161,0.6);
#2161 = AXIS2_PLACEMENT_3D('',#2162,#2163,#2164);
#2162 = CARTESIAN_POINT('',(-49.,4.8,1.51));
#2163 = DIRECTION('',(-0.,0.,-1.));
#2164 = DIRECTION('',(-0.,-1.,0.));
#2165 = FACE_BOUND('',#2166,.T.);
#2166 = EDGE_LOOP('',(#2167));
#2167 = ORIENTED_EDGE('',*,*,#2168,.T.);
#2168 = EDGE_CURVE('',#2169,#2169,#2171,.T.);
#2169 = VERTEX_POINT('',#2170);
#2170 = CARTESIAN_POINT('',(-41.,4.2,1.51));
#2171 = CIRCLE('',#2172,0.6);
#2172 = AXIS2_PLACEMENT_3D('',#2173,#2174,#2175);
#2173 = CARTESIAN_POINT('',(-41.,4.8,1.51));
#2174 = DIRECTION('',(-0.,0.,-1.));
#2175 = DIRECTION('',(-0.,-1.,0.));
#2176 = FACE_BOUND('',#2177,.T.);
#2177 = EDGE_LOOP('',(#2178));
#2178 = ORIENTED_EDGE('',*,*,#2179,.T.);
#2179 = EDGE_CURVE('',#2180,#2180,#2182,.T.);
#2180 = VERTEX_POINT('',#2181);
#2181 = CARTESIAN_POINT('',(-31.,4.2,1.51));
#2182 = CIRCLE('',#2183,0.6);
#2183 = AXIS2_PLACEMENT_3D('',#2184,#2185,#2186);
#2184 = CARTESIAN_POINT('',(-31.,4.8,1.51));
#2185 = DIRECTION('',(-0.,0.,-1.));
#2186 = DIRECTION('',(-0.,-1.,0.));
#2187 = FACE_BOUND('',#2188,.T.);
#2188 = EDGE_LOOP('',(#2189));
#2189 = ORIENTED_EDGE('',*,*,#2190,.T.);
#2190 = EDGE_CURVE('',#2191,#2191,#2193,.T.);
#2191 = VERTEX_POINT('',#2192);
#2192 = CARTESIAN_POINT('',(-36.,6.3,1.51));
#2193 = CIRCLE('',#2194,0.6);
#2194 = AXIS2_PLACEMENT_3D('',#2195,#2196,#2197);
#2195 = CARTESIAN_POINT('',(-36.,6.9,1.51));
#2196 = DIRECTION('',(-0.,0.,-1.));
#2197 = DIRECTION('',(-0.,-1.,0.));
#2198 = FACE_BOUND('',#2199,.T.);
#2199 = EDGE_LOOP('',(#2200));
#2200 = ORIENTED_EDGE('',*,*,#2201,.T.);
#2201 = EDGE_CURVE('',#2202,#2202,#2204,.T.);
#2202 = VERTEX_POINT('',#2203);
#2203 = CARTESIAN_POINT('',(-23.5,11.05,1.51));
#2204 = CIRCLE('',#2205,0.95);
#2205 = AXIS2_PLACEMENT_3D('',#2206,#2207,#2208);
#2206 = CARTESIAN_POINT('',(-23.5,12.,1.51));
#2207 = DIRECTION('',(-0.,0.,-1.));
#2208 = DIRECTION('',(-0.,-1.,0.));
#2209 = FACE_BOUND('',#2210,.T.);
#2210 = EDGE_LOOP('',(#2211));
#2211 = ORIENTED_EDGE('',*,*,#2212,.T.);
#2212 = EDGE_CURVE('',#2213,#2213,#2215,.T.);
#2213 = VERTEX_POINT('',#2214);
#2214 = CARTESIAN_POINT('',(-18.,10.3,1.51));
#2215 = CIRCLE('',#2216,1.7);
#2216 = AXIS2_PLACEMENT_3D('',#2217,#2218,#2219);
#2217 = CARTESIAN_POINT('',(-18.,12.,1.51));
#2218 = DIRECTION('',(-0.,0.,-1.));
#2219 = DIRECTION('',(-0.,-1.,0.));
#2220 = FACE_BOUND('',#2221,.T.);
#2221 = EDGE_LOOP('',(#2222));
#2222 = ORIENTED_EDGE('',*,*,#2223,.T.);
#2223 = EDGE_CURVE('',#2224,#2224,#2226,.T.);
#2224 = VERTEX_POINT('',#2225);
#2225 = CARTESIAN_POINT('',(-5.,3.2,1.51));
#2226 = CIRCLE('',#2227,0.6);
#2227 = AXIS2_PLACEMENT_3D('',#2228,#2229,#2230);
#2228 = CARTESIAN_POINT('',(-5.,3.8,1.51));
#2229 = DIRECTION('',(-0.,0.,-1.));
#2230 = DIRECTION('',(-0.,-1.,0.));
#2231 = FACE_BOUND('',#2232,.T.);
#2232 = EDGE_LOOP('',(#2233));
#2233 = ORIENTED_EDGE('',*,*,#2234,.T.);
#2234 = EDGE_CURVE('',#2235,#2235,#2237,.T.);
#2235 = VERTEX_POINT('',#2236);
#2236 = CARTESIAN_POINT('',(3.851859888774E-33,5.3,1.51));
#2237 = CIRCLE('',#2238,0.6);
#2238 = AXIS2_PLACEMENT_3D('',#2239,#2240,#2241);
#2239 = CARTESIAN_POINT('',(-6.432385362564E-18,5.9,1.51));
#2240 = DIRECTION('',(-0.,0.,-1.));
#2241 = DIRECTION('',(1.072064227094E-17,-1.,-0.));
#2242 = FACE_BOUND('',#2243,.T.);
#2243 = EDGE_LOOP('',(#2244));
#2244 = ORIENTED_EDGE('',*,*,#2245,.T.);
#2245 = EDGE_CURVE('',#2246,#2246,#2248,.T.);
#2246 = VERTEX_POINT('',#2247);
#2247 = CARTESIAN_POINT('',(-12.5,11.05,1.51));
#2248 = CIRCLE('',#2249,0.95);
#2249 = AXIS2_PLACEMENT_3D('',#2250,#2251,#2252);
#2250 = CARTESIAN_POINT('',(-12.5,12.,1.51));
#2251 = DIRECTION('',(-0.,0.,-1.));
#2252 = DIRECTION('',(-0.,-1.,0.));
#2253 = FACE_BOUND('',#2254,.T.);
#2254 = EDGE_LOOP('',(#2255));
#2255 = ORIENTED_EDGE('',*,*,#2256,.T.);
#2256 = EDGE_CURVE('',#2257,#2257,#2259,.T.);
#2257 = VERTEX_POINT('',#2258);
#2258 = CARTESIAN_POINT('',(-23.,15.2,1.51));
#2259 = CIRCLE('',#2260,0.6);
#2260 = AXIS2_PLACEMENT_3D('',#2261,#2262,#2263);
#2261 = CARTESIAN_POINT('',(-23.,15.8,1.51));
#2262 = DIRECTION('',(-0.,0.,-1.));
#2263 = DIRECTION('',(-0.,-1.,0.));
#2264 = FACE_BOUND('',#2265,.T.);
#2265 = EDGE_LOOP('',(#2266));
#2266 = ORIENTED_EDGE('',*,*,#2267,.T.);
#2267 = EDGE_CURVE('',#2268,#2268,#2270,.T.);
#2268 = VERTEX_POINT('',#2269);
#2269 = CARTESIAN_POINT('',(-18.,17.3,1.51));
#2270 = CIRCLE('',#2271,0.6);
#2271 = AXIS2_PLACEMENT_3D('',#2272,#2273,#2274);
#2272 = CARTESIAN_POINT('',(-18.,17.9,1.51));
#2273 = DIRECTION('',(-0.,0.,-1.));
#2274 = DIRECTION('',(-0.,-1.,0.));
#2275 = FACE_BOUND('',#2276,.T.);
#2276 = EDGE_LOOP('',(#2277));
#2277 = ORIENTED_EDGE('',*,*,#2278,.T.);
#2278 = EDGE_CURVE('',#2279,#2279,#2281,.T.);
#2279 = VERTEX_POINT('',#2280);
#2280 = CARTESIAN_POINT('',(-13.,15.2,1.51));
#2281 = CIRCLE('',#2282,0.6);
#2282 = AXIS2_PLACEMENT_3D('',#2283,#2284,#2285);
#2283 = CARTESIAN_POINT('',(-13.,15.8,1.51));
#2284 = DIRECTION('',(-0.,0.,-1.));
#2285 = DIRECTION('',(-0.,-1.,0.));
#2286 = FACE_BOUND('',#2287,.T.);
#2287 = EDGE_LOOP('',(#2288));
#2288 = ORIENTED_EDGE('',*,*,#2289,.T.);
#2289 = EDGE_CURVE('',#2290,#2290,#2292,.T.);
#2290 = VERTEX_POINT('',#2291);
#2291 = CARTESIAN_POINT('',(-5.5,16.05,1.51));
#2292 = CIRCLE('',#2293,0.95);
#2293 = AXIS2_PLACEMENT_3D('',#2294,#2295,#2296);
#2294 = CARTESIAN_POINT('',(-5.5,17.,1.51));
#2295 = DIRECTION('',(-0.,0.,-1.));
#2296 = DIRECTION('',(-0.,-1.,0.));
#2297 = FACE_BOUND('',#2298,.T.);
#2298 = EDGE_LOOP('',(#2299));
#2299 = ORIENTED_EDGE('',*,*,#2300,.T.);
#2300 = EDGE_CURVE('',#2301,#2301,#2303,.T.);
#2301 = VERTEX_POINT('',#2302);
#2302 = CARTESIAN_POINT('',(4.930380657631E-32,15.3,1.51));
#2303 = CIRCLE('',#2304,1.7);
#2304 = AXIS2_PLACEMENT_3D('',#2305,#2306,#2307);
#2305 = CARTESIAN_POINT('',(-1.55561689064E-16,17.,1.51));
#2306 = DIRECTION('',(-0.,0.,-1.));
#2307 = DIRECTION('',(9.150687591999E-17,-1.,-0.));
#2308 = FACE_BOUND('',#2309,.T.);
#2309 = EDGE_LOOP('',(#2310));
#2310 = ORIENTED_EDGE('',*,*,#2311,.T.);
#2311 = EDGE_CURVE('',#2312,#2312,#2314,.T.);
#2312 = VERTEX_POINT('',#2313);
#2313 = CARTESIAN_POINT('',(-5.,20.2,1.51));
#2314 = CIRCLE('',#2315,0.6);
#2315 = AXIS2_PLACEMENT_3D('',#2316,#2317,#2318);
#2316 = CARTESIAN_POINT('',(-5.,20.8,1.51));
#2317 = DIRECTION('',(-0.,0.,-1.));
#2318 = DIRECTION('',(-0.,-1.,0.));
#2319 = FACE_BOUND('',#2320,.T.);
#2320 = EDGE_LOOP('',(#2321));
#2321 = ORIENTED_EDGE('',*,*,#2322,.T.);
#2322 = EDGE_CURVE('',#2323,#2323,#2325,.T.);
#2323 = VERTEX_POINT('',#2324);
#2324 = CARTESIAN_POINT('',(-4.314083075427E-32,22.3,1.51));
#2325 = CIRCLE('',#2326,0.6);
#2326 = AXIS2_PLACEMENT_3D('',#2327,#2328,#2329);
#2327 = CARTESIAN_POINT('',(-2.998377224282E-17,22.9,1.51));
#2328 = DIRECTION('',(-0.,0.,-1.));
#2329 = DIRECTION('',(4.997295373803E-17,-1.,-0.));
#2330 = FACE_BOUND('',#2331,.T.);
#2331 = EDGE_LOOP('',(#2332));
#2332 = ORIENTED_EDGE('',*,*,#2333,.T.);
#2333 = EDGE_CURVE('',#2334,#2334,#2336,.T.);
#2334 = VERTEX_POINT('',#2335);
#2335 = CARTESIAN_POINT('',(12.5,-10.95,1.51));
#2336 = CIRCLE('',#2337,0.95);
#2337 = AXIS2_PLACEMENT_3D('',#2338,#2339,#2340);
#2338 = CARTESIAN_POINT('',(12.5,-10.,1.51));
#2339 = DIRECTION('',(-0.,0.,-1.));
#2340 = DIRECTION('',(-0.,-1.,0.));
#2341 = FACE_BOUND('',#2342,.T.);
#2342 = EDGE_LOOP('',(#2343));
#2343 = ORIENTED_EDGE('',*,*,#2344,.T.);
#2344 = EDGE_CURVE('',#2345,#2345,#2347,.T.);
#2345 = VERTEX_POINT('',#2346);
#2346 = CARTESIAN_POINT('',(18.,-11.7,1.51));
#2347 = CIRCLE('',#2348,1.7);
#2348 = AXIS2_PLACEMENT_3D('',#2349,#2350,#2351);
#2349 = CARTESIAN_POINT('',(18.,-10.,1.51));
#2350 = DIRECTION('',(-0.,0.,-1.));
#2351 = DIRECTION('',(-0.,-1.,0.));
#2352 = FACE_BOUND('',#2353,.T.);
#2353 = EDGE_LOOP('',(#2354));
#2354 = ORIENTED_EDGE('',*,*,#2355,.T.);
#2355 = EDGE_CURVE('',#2356,#2356,#2358,.T.);
#2356 = VERTEX_POINT('',#2357);
#2357 = CARTESIAN_POINT('',(23.5,-10.95,1.51));
#2358 = CIRCLE('',#2359,0.95);
#2359 = AXIS2_PLACEMENT_3D('',#2360,#2361,#2362);
#2360 = CARTESIAN_POINT('',(23.5,-10.,1.51));
#2361 = DIRECTION('',(-0.,0.,-1.));
#2362 = DIRECTION('',(-0.,-1.,0.));
#2363 = FACE_BOUND('',#2364,.T.);
#2364 = EDGE_LOOP('',(#2365));
#2365 = ORIENTED_EDGE('',*,*,#2366,.T.);
#2366 = EDGE_CURVE('',#2367,#2367,#2369,.T.);
#2367 = VERTEX_POINT('',#2368);
#2368 = CARTESIAN_POINT('',(30.5,-10.95,1.51));
#2369 = CIRCLE('',#2370,0.95);
#2370 = AXIS2_PLACEMENT_3D('',#2371,#2372,#2373);
#2371 = CARTESIAN_POINT('',(30.5,-10.,1.51));
#2372 = DIRECTION('',(-0.,0.,-1.));
#2373 = DIRECTION('',(-0.,-1.,0.));
#2374 = FACE_BOUND('',#2375,.T.);
#2375 = EDGE_LOOP('',(#2376));
#2376 = ORIENTED_EDGE('',*,*,#2377,.T.);
#2377 = EDGE_CURVE('',#2378,#2378,#2380,.T.);
#2378 = VERTEX_POINT('',#2379);
#2379 = CARTESIAN_POINT('',(13.,-6.8,1.51));
#2380 = CIRCLE('',#2381,0.6);
#2381 = AXIS2_PLACEMENT_3D('',#2382,#2383,#2384);
#2382 = CARTESIAN_POINT('',(13.,-6.2,1.51));
#2383 = DIRECTION('',(-0.,0.,-1.));
#2384 = DIRECTION('',(-0.,-1.,0.));
#2385 = FACE_BOUND('',#2386,.T.);
#2386 = EDGE_LOOP('',(#2387));
#2387 = ORIENTED_EDGE('',*,*,#2388,.T.);
#2388 = EDGE_CURVE('',#2389,#2389,#2391,.T.);
#2389 = VERTEX_POINT('',#2390);
#2390 = CARTESIAN_POINT('',(5.5,-0.95,1.51));
#2391 = CIRCLE('',#2392,0.95);
#2392 = AXIS2_PLACEMENT_3D('',#2393,#2394,#2395);
#2393 = CARTESIAN_POINT('',(5.5,-3.414274405136E-17,1.51));
#2394 = DIRECTION('',(-0.,0.,-1.));
#2395 = DIRECTION('',(-0.,-1.,0.));
#2396 = FACE_BOUND('',#2397,.T.);
#2397 = EDGE_LOOP('',(#2398));
#2398 = ORIENTED_EDGE('',*,*,#2399,.T.);
#2399 = EDGE_CURVE('',#2400,#2400,#2402,.T.);
#2400 = VERTEX_POINT('',#2401);
#2401 = CARTESIAN_POINT('',(23.,-6.8,1.51));
#2402 = CIRCLE('',#2403,0.6);
#2403 = AXIS2_PLACEMENT_3D('',#2404,#2405,#2406);
#2404 = CARTESIAN_POINT('',(23.,-6.2,1.51));
#2405 = DIRECTION('',(-0.,0.,-1.));
#2406 = DIRECTION('',(-0.,-1.,0.));
#2407 = FACE_BOUND('',#2408,.T.);
#2408 = EDGE_LOOP('',(#2409));
#2409 = ORIENTED_EDGE('',*,*,#2410,.T.);
#2410 = EDGE_CURVE('',#2411,#2411,#2413,.T.);
#2411 = VERTEX_POINT('',#2412);
#2412 = CARTESIAN_POINT('',(18.,-4.7,1.51));
#2413 = CIRCLE('',#2414,0.6);
#2414 = AXIS2_PLACEMENT_3D('',#2415,#2416,#2417);
#2415 = CARTESIAN_POINT('',(18.,-4.1,1.51));
#2416 = DIRECTION('',(-0.,0.,-1.));
#2417 = DIRECTION('',(-0.,-1.,0.));
#2418 = FACE_BOUND('',#2419,.T.);
#2419 = EDGE_LOOP('',(#2420));
#2420 = ORIENTED_EDGE('',*,*,#2421,.T.);
#2421 = EDGE_CURVE('',#2422,#2422,#2424,.T.);
#2422 = VERTEX_POINT('',#2423);
#2423 = CARTESIAN_POINT('',(31.,-6.8,1.51));
#2424 = CIRCLE('',#2425,0.6);
#2425 = AXIS2_PLACEMENT_3D('',#2426,#2427,#2428);
#2426 = CARTESIAN_POINT('',(31.,-6.2,1.51));
#2427 = DIRECTION('',(-0.,0.,-1.));
#2428 = DIRECTION('',(-0.,-1.,0.));
#2429 = FACE_BOUND('',#2430,.T.);
#2430 = EDGE_LOOP('',(#2431));
#2431 = ORIENTED_EDGE('',*,*,#2432,.T.);
#2432 = EDGE_CURVE('',#2433,#2433,#2435,.T.);
#2433 = VERTEX_POINT('',#2434);
#2434 = CARTESIAN_POINT('',(36.,-11.7,1.51));
#2435 = CIRCLE('',#2436,1.7);
#2436 = AXIS2_PLACEMENT_3D('',#2437,#2438,#2439);
#2437 = CARTESIAN_POINT('',(36.,-10.,1.51));
#2438 = DIRECTION('',(-0.,0.,-1.));
#2439 = DIRECTION('',(-0.,-1.,0.));
#2440 = FACE_BOUND('',#2441,.T.);
#2441 = EDGE_LOOP('',(#2442));
#2442 = ORIENTED_EDGE('',*,*,#2443,.T.);
#2443 = EDGE_CURVE('',#2444,#2444,#2446,.T.);
#2444 = VERTEX_POINT('',#2445);
#2445 = CARTESIAN_POINT('',(41.5,-10.95,1.51));
#2446 = CIRCLE('',#2447,0.95);
#2447 = AXIS2_PLACEMENT_3D('',#2448,#2449,#2450);
#2448 = CARTESIAN_POINT('',(41.5,-10.,1.51));
#2449 = DIRECTION('',(-0.,0.,-1.));
#2450 = DIRECTION('',(-0.,-1.,0.));
#2451 = FACE_BOUND('',#2452,.T.);
#2452 = EDGE_LOOP('',(#2453));
#2453 = ORIENTED_EDGE('',*,*,#2454,.T.);
#2454 = EDGE_CURVE('',#2455,#2455,#2457,.T.);
#2455 = VERTEX_POINT('',#2456);
#2456 = CARTESIAN_POINT('',(36.,-4.7,1.51));
#2457 = CIRCLE('',#2458,0.6);
#2458 = AXIS2_PLACEMENT_3D('',#2459,#2460,#2461);
#2459 = CARTESIAN_POINT('',(36.,-4.1,1.51));
#2460 = DIRECTION('',(-0.,0.,-1.));
#2461 = DIRECTION('',(-0.,-1.,0.));
#2462 = FACE_BOUND('',#2463,.T.);
#2463 = EDGE_LOOP('',(#2464));
#2464 = ORIENTED_EDGE('',*,*,#2465,.T.);
#2465 = EDGE_CURVE('',#2466,#2466,#2468,.T.);
#2466 = VERTEX_POINT('',#2467);
#2467 = CARTESIAN_POINT('',(41.,-6.8,1.51));
#2468 = CIRCLE('',#2469,0.6);
#2469 = AXIS2_PLACEMENT_3D('',#2470,#2471,#2472);
#2470 = CARTESIAN_POINT('',(41.,-6.2,1.51));
#2471 = DIRECTION('',(-0.,0.,-1.));
#2472 = DIRECTION('',(-0.,-1.,0.));
#2473 = FACE_BOUND('',#2474,.T.);
#2474 = EDGE_LOOP('',(#2475));
#2475 = ORIENTED_EDGE('',*,*,#2476,.T.);
#2476 = EDGE_CURVE('',#2477,#2477,#2479,.T.);
#2477 = VERTEX_POINT('',#2478);
#2478 = CARTESIAN_POINT('',(5.,3.2,1.51));
#2479 = CIRCLE('',#2480,0.6);
#2480 = AXIS2_PLACEMENT_3D('',#2481,#2482,#2483);
#2481 = CARTESIAN_POINT('',(5.,3.8,1.51));
#2482 = DIRECTION('',(-0.,0.,-1.));
#2483 = DIRECTION('',(-0.,-1.,0.));
#2484 = FACE_BOUND('',#2485,.T.);
#2485 = EDGE_LOOP('',(#2486));
#2486 = ORIENTED_EDGE('',*,*,#2487,.T.);
#2487 = EDGE_CURVE('',#2488,#2488,#2490,.T.);
#2488 = VERTEX_POINT('',#2489);
#2489 = CARTESIAN_POINT('',(12.5,6.05,1.51));
#2490 = CIRCLE('',#2491,0.95);
#2491 = AXIS2_PLACEMENT_3D('',#2492,#2493,#2494);
#2492 = CARTESIAN_POINT('',(12.5,7.,1.51));
#2493 = DIRECTION('',(-0.,0.,-1.));
#2494 = DIRECTION('',(-0.,-1.,0.));
#2495 = FACE_BOUND('',#2496,.T.);
#2496 = EDGE_LOOP('',(#2497));
#2497 = ORIENTED_EDGE('',*,*,#2498,.T.);
#2498 = EDGE_CURVE('',#2499,#2499,#2501,.T.);
#2499 = VERTEX_POINT('',#2500);
#2500 = CARTESIAN_POINT('',(13.,10.2,1.51));
#2501 = CIRCLE('',#2502,0.6);
#2502 = AXIS2_PLACEMENT_3D('',#2503,#2504,#2505);
#2503 = CARTESIAN_POINT('',(13.,10.8,1.51));
#2504 = DIRECTION('',(-0.,0.,-1.));
#2505 = DIRECTION('',(-0.,-1.,0.));
#2506 = FACE_BOUND('',#2507,.T.);
#2507 = EDGE_LOOP('',(#2508));
#2508 = ORIENTED_EDGE('',*,*,#2509,.T.);
#2509 = EDGE_CURVE('',#2510,#2510,#2512,.T.);
#2510 = VERTEX_POINT('',#2511);
#2511 = CARTESIAN_POINT('',(18.,5.3,1.51));
#2512 = CIRCLE('',#2513,1.7);
#2513 = AXIS2_PLACEMENT_3D('',#2514,#2515,#2516);
#2514 = CARTESIAN_POINT('',(18.,7.,1.51));
#2515 = DIRECTION('',(-0.,0.,-1.));
#2516 = DIRECTION('',(-0.,-1.,0.));
#2517 = FACE_BOUND('',#2518,.T.);
#2518 = EDGE_LOOP('',(#2519));
#2519 = ORIENTED_EDGE('',*,*,#2520,.T.);
#2520 = EDGE_CURVE('',#2521,#2521,#2523,.T.);
#2521 = VERTEX_POINT('',#2522);
#2522 = CARTESIAN_POINT('',(23.5,6.05,1.51));
#2523 = CIRCLE('',#2524,0.95);
#2524 = AXIS2_PLACEMENT_3D('',#2525,#2526,#2527);
#2525 = CARTESIAN_POINT('',(23.5,7.,1.51));
#2526 = DIRECTION('',(-0.,0.,-1.));
#2527 = DIRECTION('',(-0.,-1.,0.));
#2528 = FACE_BOUND('',#2529,.T.);
#2529 = EDGE_LOOP('',(#2530));
#2530 = ORIENTED_EDGE('',*,*,#2531,.T.);
#2531 = EDGE_CURVE('',#2532,#2532,#2534,.T.);
#2532 = VERTEX_POINT('',#2533);
#2533 = CARTESIAN_POINT('',(30.5,6.05,1.51));
#2534 = CIRCLE('',#2535,0.95);
#2535 = AXIS2_PLACEMENT_3D('',#2536,#2537,#2538);
#2536 = CARTESIAN_POINT('',(30.5,7.,1.51));
#2537 = DIRECTION('',(-0.,0.,-1.));
#2538 = DIRECTION('',(-0.,-1.,0.));
#2539 = FACE_BOUND('',#2540,.T.);
#2540 = EDGE_LOOP('',(#2541));
#2541 = ORIENTED_EDGE('',*,*,#2542,.T.);
#2542 = EDGE_CURVE('',#2543,#2543,#2545,.T.);
#2543 = VERTEX_POINT('',#2544);
#2544 = CARTESIAN_POINT('',(18.,12.3,1.51));
#2545 = CIRCLE('',#2546,0.6);
#2546 = AXIS2_PLACEMENT_3D('',#2547,#2548,#2549);
#2547 = CARTESIAN_POINT('',(18.,12.9,1.51));
#2548 = DIRECTION('',(-0.,0.,-1.));
#2549 = DIRECTION('',(-0.,-1.,0.));
#2550 = FACE_BOUND('',#2551,.T.);
#2551 = EDGE_LOOP('',(#2552));
#2552 = ORIENTED_EDGE('',*,*,#2553,.T.);
#2553 = EDGE_CURVE('',#2554,#2554,#2556,.T.);
#2554 = VERTEX_POINT('',#2555);
#2555 = CARTESIAN_POINT('',(23.,10.2,1.51));
#2556 = CIRCLE('',#2557,0.6);
#2557 = AXIS2_PLACEMENT_3D('',#2558,#2559,#2560);
#2558 = CARTESIAN_POINT('',(23.,10.8,1.51));
#2559 = DIRECTION('',(-0.,0.,-1.));
#2560 = DIRECTION('',(-0.,-1.,0.));
#2561 = FACE_BOUND('',#2562,.T.);
#2562 = EDGE_LOOP('',(#2563));
#2563 = ORIENTED_EDGE('',*,*,#2564,.T.);
#2564 = EDGE_CURVE('',#2565,#2565,#2567,.T.);
#2565 = VERTEX_POINT('',#2566);
#2566 = CARTESIAN_POINT('',(31.,10.2,1.51));
#2567 = CIRCLE('',#2568,0.6);
#2568 = AXIS2_PLACEMENT_3D('',#2569,#2570,#2571);
#2569 = CARTESIAN_POINT('',(31.,10.8,1.51));
#2570 = DIRECTION('',(-0.,0.,-1.));
#2571 = DIRECTION('',(-0.,-1.,0.));
#2572 = FACE_BOUND('',#2573,.T.);
#2573 = EDGE_LOOP('',(#2574));
#2574 = ORIENTED_EDGE('',*,*,#2575,.T.);
#2575 = EDGE_CURVE('',#2576,#2576,#2578,.T.);
#2576 = VERTEX_POINT('',#2577);
#2577 = CARTESIAN_POINT('',(5.5,16.05,1.51));
#2578 = CIRCLE('',#2579,0.95);
#2579 = AXIS2_PLACEMENT_3D('',#2580,#2581,#2582);
#2580 = CARTESIAN_POINT('',(5.5,17.,1.51));
#2581 = DIRECTION('',(-0.,0.,-1.));
#2582 = DIRECTION('',(-0.,-1.,0.));
#2583 = FACE_BOUND('',#2584,.T.);
#2584 = EDGE_LOOP('',(#2585));
#2585 = ORIENTED_EDGE('',*,*,#2586,.T.);
#2586 = EDGE_CURVE('',#2587,#2587,#2589,.T.);
#2587 = VERTEX_POINT('',#2588);
#2588 = CARTESIAN_POINT('',(5.,20.2,1.51));
#2589 = CIRCLE('',#2590,0.6);
#2590 = AXIS2_PLACEMENT_3D('',#2591,#2592,#2593);
#2591 = CARTESIAN_POINT('',(5.,20.8,1.51));
#2592 = DIRECTION('',(-0.,0.,-1.));
#2593 = DIRECTION('',(-0.,-1.,0.));
#2594 = FACE_BOUND('',#2595,.T.);
#2595 = EDGE_LOOP('',(#2596));
#2596 = ORIENTED_EDGE('',*,*,#2597,.T.);
#2597 = EDGE_CURVE('',#2598,#2598,#2600,.T.);
#2598 = VERTEX_POINT('',#2599);
#2599 = CARTESIAN_POINT('',(36.,5.3,1.51));
#2600 = CIRCLE('',#2601,1.7);
#2601 = AXIS2_PLACEMENT_3D('',#2602,#2603,#2604);
#2602 = CARTESIAN_POINT('',(36.,7.,1.51));
#2603 = DIRECTION('',(-0.,0.,-1.));
#2604 = DIRECTION('',(-0.,-1.,0.));
#2605 = FACE_BOUND('',#2606,.T.);
#2606 = EDGE_LOOP('',(#2607));
#2607 = ORIENTED_EDGE('',*,*,#2608,.T.);
#2608 = EDGE_CURVE('',#2609,#2609,#2611,.T.);
#2609 = VERTEX_POINT('',#2610);
#2610 = CARTESIAN_POINT('',(41.5,6.05,1.51));
#2611 = CIRCLE('',#2612,0.95);
#2612 = AXIS2_PLACEMENT_3D('',#2613,#2614,#2615);
#2613 = CARTESIAN_POINT('',(41.5,7.,1.51));
#2614 = DIRECTION('',(-0.,0.,-1.));
#2615 = DIRECTION('',(-0.,-1.,0.));
#2616 = FACE_BOUND('',#2617,.T.);
#2617 = EDGE_LOOP('',(#2618));
#2618 = ORIENTED_EDGE('',*,*,#2619,.T.);
#2619 = EDGE_CURVE('',#2620,#2620,#2622,.T.);
#2620 = VERTEX_POINT('',#2621);
#2621 = CARTESIAN_POINT('',(36.,12.3,1.51));
#2622 = CIRCLE('',#2623,0.6);
#2623 = AXIS2_PLACEMENT_3D('',#2624,#2625,#2626);
#2624 = CARTESIAN_POINT('',(36.,12.9,1.51));
#2625 = DIRECTION('',(-0.,0.,-1.));
#2626 = DIRECTION('',(-0.,-1.,0.));
#2627 = FACE_BOUND('',#2628,.T.);
#2628 = EDGE_LOOP('',(#2629));
#2629 = ORIENTED_EDGE('',*,*,#2630,.T.);
#2630 = EDGE_CURVE('',#2631,#2631,#2633,.T.);
#2631 = VERTEX_POINT('',#2632);
#2632 = CARTESIAN_POINT('',(41.,10.2,1.51));
#2633 = CIRCLE('',#2634,0.6);
#2634 = AXIS2_PLACEMENT_3D('',#2635,#2636,#2637);
#2635 = CARTESIAN_POINT('',(41.,10.8,1.51));
#2636 = DIRECTION('',(-0.,0.,-1.));
#2637 = DIRECTION('',(-0.,-1.,0.));
#2638 = PLANE('',#2639);
#2639 = AXIS2_PLACEMENT_3D('',#2640,#2641,#2642);
#2640 = CARTESIAN_POINT('',(0.,0.,1.51));
#2641 = DIRECTION('',(0.,0.,1.));
#2642 = DIRECTION('',(1.,0.,-0.));
#2643 = ADVANCED_FACE('',(#2644),#2655,.T.);
#2644 = FACE_BOUND('',#2645,.T.);
#2645 = EDGE_LOOP('',(#2646,#2652,#2653,#2654));
#2646 = ORIENTED_EDGE('',*,*,#2647,.T.);
#2647 = EDGE_CURVE('',#144,#1397,#2648,.T.);
#2648 = LINE('',#2649,#2650);
#2649 = CARTESIAN_POINT('',(-8.,26.,0.));
#2650 = VECTOR('',#2651,1.);
#2651 = DIRECTION('',(0.,0.,1.));
#2652 = ORIENTED_EDGE('',*,*,#1396,.T.);
#2653 = ORIENTED_EDGE('',*,*,#79,.F.);
#2654 = ORIENTED_EDGE('',*,*,#143,.F.);
#2655 = PLANE('',#2656);
#2656 = AXIS2_PLACEMENT_3D('',#2657,#2658,#2659);
#2657 = CARTESIAN_POINT('',(-8.,26.,0.));
#2658 = DIRECTION('',(0.,1.,0.));
#2659 = DIRECTION('',(1.,0.,0.));
#2660 = ADVANCED_FACE('',(#2661),#2672,.T.);
#2661 = FACE_BOUND('',#2662,.T.);
#2662 = EDGE_LOOP('',(#2663,#2664,#2665,#2671));
#2663 = ORIENTED_EDGE('',*,*,#119,.T.);
#2664 = ORIENTED_EDGE('',*,*,#1532,.T.);
#2665 = ORIENTED_EDGE('',*,*,#2666,.F.);
#2666 = EDGE_CURVE('',#272,#1525,#2667,.T.);
#2667 = LINE('',#2668,#2669);
#2668 = CARTESIAN_POINT('',(62.,-0.,0.));
#2669 = VECTOR('',#2670,1.);
#2670 = DIRECTION('',(0.,0.,1.));
#2671 = ORIENTED_EDGE('',*,*,#279,.F.);
#2672 = PLANE('',#2673);
#2673 = AXIS2_PLACEMENT_3D('',#2674,#2675,#2676);
#2674 = CARTESIAN_POINT('',(50.,0.,0.));
#2675 = DIRECTION('',(0.,1.,0.));
#2676 = DIRECTION('',(1.,0.,0.));
#2677 = ADVANCED_FACE('',(#2678),#2689,.T.);
#2678 = FACE_BOUND('',#2679,.T.);
#2679 = EDGE_LOOP('',(#2680,#2686,#2687,#2688));
#2680 = ORIENTED_EDGE('',*,*,#2681,.T.);
#2681 = EDGE_CURVE('',#152,#1405,#2682,.T.);
#2682 = LINE('',#2683,#2684);
#2683 = CARTESIAN_POINT('',(-63.,10.,0.));
#2684 = VECTOR('',#2685,1.);
#2685 = DIRECTION('',(0.,0.,1.));
#2686 = ORIENTED_EDGE('',*,*,#1404,.T.);
#2687 = ORIENTED_EDGE('',*,*,#2647,.F.);
#2688 = ORIENTED_EDGE('',*,*,#151,.F.);
#2689 = PLANE('',#2690);
#2690 = AXIS2_PLACEMENT_3D('',#2691,#2692,#2693);
#2691 = CARTESIAN_POINT('',(-63.,10.,0.));
#2692 = DIRECTION('',(-0.27932954083,0.960195296604,0.));
#2693 = DIRECTION('',(0.960195296604,0.27932954083,0.));
#2694 = ADVANCED_FACE('',(#2695),#2706,.T.);
#2695 = FACE_BOUND('',#2696,.T.);
#2696 = EDGE_LOOP('',(#2697,#2698,#2699,#2705));
#2697 = ORIENTED_EDGE('',*,*,#2666,.T.);
#2698 = ORIENTED_EDGE('',*,*,#1524,.T.);
#2699 = ORIENTED_EDGE('',*,*,#2700,.F.);
#2700 = EDGE_CURVE('',#264,#1517,#2701,.T.);
#2701 = LINE('',#2702,#2703);
#2702 = CARTESIAN_POINT('',(62.,18.,0.));
#2703 = VECTOR('',#2704,1.);
#2704 = DIRECTION('',(0.,0.,1.));
#2705 = ORIENTED_EDGE('',*,*,#271,.F.);
#2706 = PLANE('',#2707);
#2707 = AXIS2_PLACEMENT_3D('',#2708,#2709,#2710);
#2708 = CARTESIAN_POINT('',(62.,0.,0.));
#2709 = DIRECTION('',(-1.,0.,0.));
#2710 = DIRECTION('',(0.,1.,0.));
#2711 = ADVANCED_FACE('',(#2712),#2723,.T.);
#2712 = FACE_BOUND('',#2713,.T.);
#2713 = EDGE_LOOP('',(#2714,#2720,#2721,#2722));
#2714 = ORIENTED_EDGE('',*,*,#2715,.T.);
#2715 = EDGE_CURVE('',#160,#1413,#2716,.T.);
#2716 = LINE('',#2717,#2718);
#2717 = CARTESIAN_POINT('',(-63.,-25.,0.));
#2718 = VECTOR('',#2719,1.);
#2719 = DIRECTION('',(0.,0.,1.));
#2720 = ORIENTED_EDGE('',*,*,#1412,.T.);
#2721 = ORIENTED_EDGE('',*,*,#2681,.F.);
#2722 = ORIENTED_EDGE('',*,*,#159,.F.);
#2723 = PLANE('',#2724);
#2724 = AXIS2_PLACEMENT_3D('',#2725,#2726,#2727);
#2725 = CARTESIAN_POINT('',(-63.,-25.,0.));
#2726 = DIRECTION('',(-1.,0.,0.));
#2727 = DIRECTION('',(0.,1.,0.));
#2728 = ADVANCED_FACE('',(#2729),#2740,.T.);
#2729 = FACE_BOUND('',#2730,.T.);
#2730 = EDGE_LOOP('',(#2731,#2732,#2733,#2739));
#2731 = ORIENTED_EDGE('',*,*,#2700,.T.);
#2732 = ORIENTED_EDGE('',*,*,#1516,.T.);
#2733 = ORIENTED_EDGE('',*,*,#2734,.F.);
#2734 = EDGE_CURVE('',#256,#1509,#2735,.T.);
#2735 = LINE('',#2736,#2737);
#2736 = CARTESIAN_POINT('',(70.,18.,0.));
#2737 = VECTOR('',#2738,1.);
#2738 = DIRECTION('',(0.,0.,1.));
#2739 = ORIENTED_EDGE('',*,*,#263,.F.);
#2740 = PLANE('',#2741);
#2741 = AXIS2_PLACEMENT_3D('',#2742,#2743,#2744);
#2742 = CARTESIAN_POINT('',(62.,18.,0.));
#2743 = DIRECTION('',(0.,1.,0.));
#2744 = DIRECTION('',(1.,0.,0.));
#2745 = ADVANCED_FACE('',(#2746),#2757,.T.);
#2746 = FACE_BOUND('',#2747,.T.);
#2747 = EDGE_LOOP('',(#2748,#2754,#2755,#2756));
#2748 = ORIENTED_EDGE('',*,*,#2749,.T.);
#2749 = EDGE_CURVE('',#168,#1421,#2750,.T.);
#2750 = LINE('',#2751,#2752);
#2751 = CARTESIAN_POINT('',(-27.,-25.,0.));
#2752 = VECTOR('',#2753,1.);
#2753 = DIRECTION('',(0.,0.,1.));
#2754 = ORIENTED_EDGE('',*,*,#1420,.T.);
#2755 = ORIENTED_EDGE('',*,*,#2715,.F.);
#2756 = ORIENTED_EDGE('',*,*,#167,.F.);
#2757 = PLANE('',#2758);
#2758 = AXIS2_PLACEMENT_3D('',#2759,#2760,#2761);
#2759 = CARTESIAN_POINT('',(-27.,-25.,0.));
#2760 = DIRECTION('',(0.,-1.,0.));
#2761 = DIRECTION('',(-1.,0.,0.));
#2762 = ADVANCED_FACE('',(#2763),#2774,.T.);
#2763 = FACE_BOUND('',#2764,.T.);
#2764 = EDGE_LOOP('',(#2765,#2766,#2767,#2773));
#2765 = ORIENTED_EDGE('',*,*,#2734,.T.);
#2766 = ORIENTED_EDGE('',*,*,#1508,.T.);
#2767 = ORIENTED_EDGE('',*,*,#2768,.F.);
#2768 = EDGE_CURVE('',#248,#1501,#2769,.T.);
#2769 = LINE('',#2770,#2771);
#2770 = CARTESIAN_POINT('',(70.,-23.,0.));
#2771 = VECTOR('',#2772,1.);
#2772 = DIRECTION('',(0.,0.,1.));
#2773 = ORIENTED_EDGE('',*,*,#255,.F.);
#2774 = PLANE('',#2775);
#2775 = AXIS2_PLACEMENT_3D('',#2776,#2777,#2778);
#2776 = CARTESIAN_POINT('',(70.,18.,0.));
#2777 = DIRECTION('',(1.,0.,-0.));
#2778 = DIRECTION('',(0.,-1.,0.));
#2779 = ADVANCED_FACE('',(#2780),#2791,.T.);
#2780 = FACE_BOUND('',#2781,.T.);
#2781 = EDGE_LOOP('',(#2782,#2788,#2789,#2790));
#2782 = ORIENTED_EDGE('',*,*,#2783,.T.);
#2783 = EDGE_CURVE('',#176,#1429,#2784,.T.);
#2784 = LINE('',#2785,#2786);
#2785 = CARTESIAN_POINT('',(-27.,-14.,0.));
#2786 = VECTOR('',#2787,1.);
#2787 = DIRECTION('',(0.,0.,1.));
#2788 = ORIENTED_EDGE('',*,*,#1428,.T.);
#2789 = ORIENTED_EDGE('',*,*,#2749,.F.);
#2790 = ORIENTED_EDGE('',*,*,#175,.F.);
#2791 = PLANE('',#2792);
#2792 = AXIS2_PLACEMENT_3D('',#2793,#2794,#2795);
#2793 = CARTESIAN_POINT('',(-27.,-14.,0.));
#2794 = DIRECTION('',(1.,0.,-0.));
#2795 = DIRECTION('',(0.,-1.,0.));
#2796 = ADVANCED_FACE('',(#2797),#2808,.T.);
#2797 = FACE_BOUND('',#2798,.T.);
#2798 = EDGE_LOOP('',(#2799,#2800,#2801,#2807));
#2799 = ORIENTED_EDGE('',*,*,#2768,.T.);
#2800 = ORIENTED_EDGE('',*,*,#1500,.T.);
#2801 = ORIENTED_EDGE('',*,*,#2802,.F.);
#2802 = EDGE_CURVE('',#240,#1493,#2803,.T.);
#2803 = LINE('',#2804,#2805);
#2804 = CARTESIAN_POINT('',(65.,-23.,0.));
#2805 = VECTOR('',#2806,1.);
#2806 = DIRECTION('',(0.,0.,1.));
#2807 = ORIENTED_EDGE('',*,*,#247,.F.);
#2808 = PLANE('',#2809);
#2809 = AXIS2_PLACEMENT_3D('',#2810,#2811,#2812);
#2810 = CARTESIAN_POINT('',(70.,-23.,0.));
#2811 = DIRECTION('',(0.,-1.,0.));
#2812 = DIRECTION('',(-1.,0.,0.));
#2813 = ADVANCED_FACE('',(#2814),#2825,.T.);
#2814 = FACE_BOUND('',#2815,.T.);
#2815 = EDGE_LOOP('',(#2816,#2822,#2823,#2824));
#2816 = ORIENTED_EDGE('',*,*,#2817,.T.);
#2817 = EDGE_CURVE('',#184,#1437,#2818,.T.);
#2818 = LINE('',#2819,#2820);
#2819 = CARTESIAN_POINT('',(-4.,-14.,0.));
#2820 = VECTOR('',#2821,1.);
#2821 = DIRECTION('',(0.,0.,1.));
#2822 = ORIENTED_EDGE('',*,*,#1436,.T.);
#2823 = ORIENTED_EDGE('',*,*,#2783,.F.);
#2824 = ORIENTED_EDGE('',*,*,#183,.F.);
#2825 = PLANE('',#2826);
#2826 = AXIS2_PLACEMENT_3D('',#2827,#2828,#2829);
#2827 = CARTESIAN_POINT('',(-4.,-14.,0.));
#2828 = DIRECTION('',(0.,-1.,0.));
#2829 = DIRECTION('',(-1.,0.,0.));
#2830 = ADVANCED_FACE('',(#2831),#2842,.T.);
#2831 = FACE_BOUND('',#2832,.T.);
#2832 = EDGE_LOOP('',(#2833,#2834,#2835,#2841));
#2833 = ORIENTED_EDGE('',*,*,#2802,.T.);
#2834 = ORIENTED_EDGE('',*,*,#1492,.T.);
#2835 = ORIENTED_EDGE('',*,*,#2836,.F.);
#2836 = EDGE_CURVE('',#232,#1485,#2837,.T.);
#2837 = LINE('',#2838,#2839);
#2838 = CARTESIAN_POINT('',(65.,-28.,0.));
#2839 = VECTOR('',#2840,1.);
#2840 = DIRECTION('',(0.,0.,1.));
#2841 = ORIENTED_EDGE('',*,*,#239,.F.);
#2842 = PLANE('',#2843);
#2843 = AXIS2_PLACEMENT_3D('',#2844,#2845,#2846);
#2844 = CARTESIAN_POINT('',(65.,-23.,0.));
#2845 = DIRECTION('',(1.,0.,-0.));
#2846 = DIRECTION('',(0.,-1.,0.));
#2847 = ADVANCED_FACE('',(#2848),#2859,.T.);
#2848 = FACE_BOUND('',#2849,.T.);
#2849 = EDGE_LOOP('',(#2850,#2856,#2857,#2858));
#2850 = ORIENTED_EDGE('',*,*,#2851,.T.);
#2851 = EDGE_CURVE('',#192,#1445,#2852,.T.);
#2852 = LINE('',#2853,#2854);
#2853 = CARTESIAN_POINT('',(17.,-25.,0.));
#2854 = VECTOR('',#2855,1.);
#2855 = DIRECTION('',(0.,0.,1.));
#2856 = ORIENTED_EDGE('',*,*,#1444,.T.);
#2857 = ORIENTED_EDGE('',*,*,#2817,.F.);
#2858 = ORIENTED_EDGE('',*,*,#191,.F.);
#2859 = PLANE('',#2860);
#2860 = AXIS2_PLACEMENT_3D('',#2861,#2862,#2863);
#2861 = CARTESIAN_POINT('',(17.,-25.,0.));
#2862 = DIRECTION('',(-0.464006994671,-0.88583153528,0.));
#2863 = DIRECTION('',(-0.88583153528,0.464006994671,0.));
#2864 = ADVANCED_FACE('',(#2865),#2876,.T.);
#2865 = FACE_BOUND('',#2866,.T.);
#2866 = EDGE_LOOP('',(#2867,#2868,#2869,#2875));
#2867 = ORIENTED_EDGE('',*,*,#2836,.T.);
#2868 = ORIENTED_EDGE('',*,*,#1484,.T.);
#2869 = ORIENTED_EDGE('',*,*,#2870,.F.);
#2870 = EDGE_CURVE('',#224,#1477,#2871,.T.);
#2871 = LINE('',#2872,#2873);
#2872 = CARTESIAN_POINT('',(70.,-28.,0.));
#2873 = VECTOR('',#2874,1.);
#2874 = DIRECTION('',(0.,0.,1.));
#2875 = ORIENTED_EDGE('',*,*,#231,.F.);
#2876 = PLANE('',#2877);
#2877 = AXIS2_PLACEMENT_3D('',#2878,#2879,#2880);
#2878 = CARTESIAN_POINT('',(65.,-28.,0.));
#2879 = DIRECTION('',(0.,1.,0.));
#2880 = DIRECTION('',(1.,0.,0.));
#2881 = ADVANCED_FACE('',(#2882),#2893,.T.);
#2882 = FACE_BOUND('',#2883,.T.);
#2883 = EDGE_LOOP('',(#2884,#2890,#2891,#2892));
#2884 = ORIENTED_EDGE('',*,*,#2885,.T.);
#2885 = EDGE_CURVE('',#200,#1453,#2886,.T.);
#2886 = LINE('',#2887,#2888);
#2887 = CARTESIAN_POINT('',(8.,-40.,0.));
#2888 = VECTOR('',#2889,1.);
#2889 = DIRECTION('',(0.,0.,1.));
#2890 = ORIENTED_EDGE('',*,*,#1452,.T.);
#2891 = ORIENTED_EDGE('',*,*,#2851,.F.);
#2892 = ORIENTED_EDGE('',*,*,#199,.F.);
#2893 = PLANE('',#2894);
#2894 = AXIS2_PLACEMENT_3D('',#2895,#2896,#2897);
#2895 = CARTESIAN_POINT('',(8.,-40.,0.));
#2896 = DIRECTION('',(-0.857492925713,0.514495755428,0.));
#2897 = DIRECTION('',(0.514495755428,0.857492925713,0.));
#2898 = ADVANCED_FACE('',(#2899),#2910,.T.);
#2899 = FACE_BOUND('',#2900,.T.);
#2900 = EDGE_LOOP('',(#2901,#2902,#2903,#2909));
#2901 = ORIENTED_EDGE('',*,*,#2870,.T.);
#2902 = ORIENTED_EDGE('',*,*,#1476,.T.);
#2903 = ORIENTED_EDGE('',*,*,#2904,.F.);
#2904 = EDGE_CURVE('',#216,#1469,#2905,.T.);
#2905 = LINE('',#2906,#2907);
#2906 = CARTESIAN_POINT('',(70.,-44.,0.));
#2907 = VECTOR('',#2908,1.);
#2908 = DIRECTION('',(0.,0.,1.));
#2909 = ORIENTED_EDGE('',*,*,#223,.F.);
#2910 = PLANE('',#2911);
#2911 = AXIS2_PLACEMENT_3D('',#2912,#2913,#2914);
#2912 = CARTESIAN_POINT('',(70.,-28.,0.));
#2913 = DIRECTION('',(1.,0.,-0.));
#2914 = DIRECTION('',(0.,-1.,0.));
#2915 = ADVANCED_FACE('',(#2916),#2927,.T.);
#2916 = FACE_BOUND('',#2917,.T.);
#2917 = EDGE_LOOP('',(#2918,#2924,#2925,#2926));
#2918 = ORIENTED_EDGE('',*,*,#2919,.T.);
#2919 = EDGE_CURVE('',#208,#1461,#2920,.T.);
#2920 = LINE('',#2921,#2922);
#2921 = CARTESIAN_POINT('',(56.,-68.,0.));
#2922 = VECTOR('',#2923,1.);
#2923 = DIRECTION('',(0.,0.,1.));
#2924 = ORIENTED_EDGE('',*,*,#1460,.T.);
#2925 = ORIENTED_EDGE('',*,*,#2885,.F.);
#2926 = ORIENTED_EDGE('',*,*,#207,.F.);
#2927 = PLANE('',#2928);
#2928 = AXIS2_PLACEMENT_3D('',#2929,#2930,#2931);
#2929 = CARTESIAN_POINT('',(56.,-68.,0.));
#2930 = DIRECTION('',(-0.503871025524,-0.863778900898,0.));
#2931 = DIRECTION('',(-0.863778900898,0.503871025524,0.));
#2932 = ADVANCED_FACE('',(#2933),#2939,.T.);
#2933 = FACE_BOUND('',#2934,.T.);
#2934 = EDGE_LOOP('',(#2935,#2936,#2937,#2938));
#2935 = ORIENTED_EDGE('',*,*,#2904,.T.);
#2936 = ORIENTED_EDGE('',*,*,#1468,.T.);
#2937 = ORIENTED_EDGE('',*,*,#2919,.F.);
#2938 = ORIENTED_EDGE('',*,*,#215,.F.);
#2939 = PLANE('',#2940);
#2940 = AXIS2_PLACEMENT_3D('',#2941,#2942,#2943);
#2941 = CARTESIAN_POINT('',(70.,-44.,0.));
#2942 = DIRECTION('',(0.863778900898,-0.503871025524,0.));
#2943 = DIRECTION('',(-0.503871025524,-0.863778900898,0.));
#2944 = ADVANCED_FACE('',(#2945),#2956,.F.);
#2945 = FACE_BOUND('',#2946,.T.);
#2946 = EDGE_LOOP('',(#2947,#2948,#2954,#2955));
#2947 = ORIENTED_EDGE('',*,*,#288,.T.);
#2948 = ORIENTED_EDGE('',*,*,#2949,.T.);
#2949 = EDGE_CURVE('',#289,#1542,#2950,.T.);
#2950 = LINE('',#2951,#2952);
#2951 = CARTESIAN_POINT('',(31.942628,-44.566025,-4.6E-02));
#2952 = VECTOR('',#2953,1.);
#2953 = DIRECTION('',(0.,0.,1.));
#2954 = ORIENTED_EDGE('',*,*,#1541,.F.);
#2955 = ORIENTED_EDGE('',*,*,#2949,.F.);
#2956 = CYLINDRICAL_SURFACE('',#2957,0.95);
#2957 = AXIS2_PLACEMENT_3D('',#2958,#2959,#2960);
#2958 = CARTESIAN_POINT('',(31.942628,-43.616025,-4.6E-02));
#2959 = DIRECTION('',(-0.,-0.,-1.));
#2960 = DIRECTION('',(-0.,-1.,0.));
#2961 = ADVANCED_FACE('',(#2962),#2973,.F.);
#2962 = FACE_BOUND('',#2963,.T.);
#2963 = EDGE_LOOP('',(#2964,#2965,#2971,#2972));
#2964 = ORIENTED_EDGE('',*,*,#299,.T.);
#2965 = ORIENTED_EDGE('',*,*,#2966,.T.);
#2966 = EDGE_CURVE('',#300,#1553,#2967,.T.);
#2967 = LINE('',#2968,#2969);
#2968 = CARTESIAN_POINT('',(25.880452,-41.066025,-4.6E-02));
#2969 = VECTOR('',#2970,1.);
#2970 = DIRECTION('',(0.,0.,1.));
#2971 = ORIENTED_EDGE('',*,*,#1552,.F.);
#2972 = ORIENTED_EDGE('',*,*,#2966,.F.);
#2973 = CYLINDRICAL_SURFACE('',#2974,0.95);
#2974 = AXIS2_PLACEMENT_3D('',#2975,#2976,#2977);
#2975 = CARTESIAN_POINT('',(25.880452,-40.116025,-4.6E-02));
#2976 = DIRECTION('',(-0.,-0.,-1.));
#2977 = DIRECTION('',(-0.,-1.,0.));
#2978 = ADVANCED_FACE('',(#2979),#2990,.F.);
#2979 = FACE_BOUND('',#2980,.T.);
#2980 = EDGE_LOOP('',(#2981,#2982,#2988,#2989));
#2981 = ORIENTED_EDGE('',*,*,#310,.T.);
#2982 = ORIENTED_EDGE('',*,*,#2983,.T.);
#2983 = EDGE_CURVE('',#311,#1564,#2984,.T.);
#2984 = LINE('',#2985,#2986);
#2985 = CARTESIAN_POINT('',(47.531088,-53.566025,-4.6E-02));
#2986 = VECTOR('',#2987,1.);
#2987 = DIRECTION('',(0.,0.,1.));
#2988 = ORIENTED_EDGE('',*,*,#1563,.F.);
#2989 = ORIENTED_EDGE('',*,*,#2983,.F.);
#2990 = CYLINDRICAL_SURFACE('',#2991,0.95);
#2991 = AXIS2_PLACEMENT_3D('',#2992,#2993,#2994);
#2992 = CARTESIAN_POINT('',(47.531088,-52.616025,-4.6E-02));
#2993 = DIRECTION('',(-0.,-0.,-1.));
#2994 = DIRECTION('',(-0.,-1.,0.));
#2995 = ADVANCED_FACE('',(#2996),#3007,.F.);
#2996 = FACE_BOUND('',#2997,.T.);
#2997 = EDGE_LOOP('',(#2998,#2999,#3005,#3006));
#2998 = ORIENTED_EDGE('',*,*,#321,.T.);
#2999 = ORIENTED_EDGE('',*,*,#3000,.T.);
#3000 = EDGE_CURVE('',#322,#1575,#3001,.T.);
#3001 = LINE('',#3002,#3003);
#3002 = CARTESIAN_POINT('',(41.468908,-50.066025,-4.6E-02));
#3003 = VECTOR('',#3004,1.);
#3004 = DIRECTION('',(0.,0.,1.));
#3005 = ORIENTED_EDGE('',*,*,#1574,.F.);
#3006 = ORIENTED_EDGE('',*,*,#3000,.F.);
#3007 = CYLINDRICAL_SURFACE('',#3008,0.95);
#3008 = AXIS2_PLACEMENT_3D('',#3009,#3010,#3011);
#3009 = CARTESIAN_POINT('',(41.468908,-49.116025,-4.6E-02));
#3010 = DIRECTION('',(-0.,-0.,-1.));
#3011 = DIRECTION('',(-0.,-1.,0.));
#3012 = ADVANCED_FACE('',(#3013),#3024,.F.);
#3013 = FACE_BOUND('',#3014,.T.);
#3014 = EDGE_LOOP('',(#3015,#3016,#3022,#3023));
#3015 = ORIENTED_EDGE('',*,*,#332,.T.);
#3016 = ORIENTED_EDGE('',*,*,#3017,.T.);
#3017 = EDGE_CURVE('',#333,#1586,#3018,.T.);
#3018 = LINE('',#3019,#3020);
#3019 = CARTESIAN_POINT('',(52.294228,-57.066025,-4.6E-02));
#3020 = VECTOR('',#3021,1.);
#3021 = DIRECTION('',(0.,0.,1.));
#3022 = ORIENTED_EDGE('',*,*,#1585,.F.);
#3023 = ORIENTED_EDGE('',*,*,#3017,.F.);
#3024 = CYLINDRICAL_SURFACE('',#3025,1.7);
#3025 = AXIS2_PLACEMENT_3D('',#3026,#3027,#3028);
#3026 = CARTESIAN_POINT('',(52.294228,-55.366025,-4.6E-02));
#3027 = DIRECTION('',(-0.,-0.,-1.));
#3028 = DIRECTION('',(-4.17966315153E-15,-1.,0.));
#3029 = ADVANCED_FACE('',(#3030),#3041,.F.);
#3030 = FACE_BOUND('',#3031,.T.);
#3031 = EDGE_LOOP('',(#3032,#3033,#3039,#3040));
#3032 = ORIENTED_EDGE('',*,*,#343,.T.);
#3033 = ORIENTED_EDGE('',*,*,#3034,.T.);
#3034 = EDGE_CURVE('',#344,#1597,#3035,.T.);
#3035 = LINE('',#3036,#3037);
#3036 = CARTESIAN_POINT('',(57.057368,-59.066025,-4.6E-02));
#3037 = VECTOR('',#3038,1.);
#3038 = DIRECTION('',(0.,0.,1.));
#3039 = ORIENTED_EDGE('',*,*,#1596,.F.);
#3040 = ORIENTED_EDGE('',*,*,#3034,.F.);
#3041 = CYLINDRICAL_SURFACE('',#3042,0.95);
#3042 = AXIS2_PLACEMENT_3D('',#3043,#3044,#3045);
#3043 = CARTESIAN_POINT('',(57.057368,-58.116025,-4.6E-02));
#3044 = DIRECTION('',(-0.,-0.,-1.));
#3045 = DIRECTION('',(-0.,-1.,0.));
#3046 = ADVANCED_FACE('',(#3047),#3058,.F.);
#3047 = FACE_BOUND('',#3048,.T.);
#3048 = EDGE_LOOP('',(#3049,#3050,#3056,#3057));
#3049 = ORIENTED_EDGE('',*,*,#354,.T.);
#3050 = ORIENTED_EDGE('',*,*,#3051,.T.);
#3051 = EDGE_CURVE('',#355,#1608,#3052,.T.);
#3052 = LINE('',#3053,#3054);
#3053 = CARTESIAN_POINT('',(58.524355,-55.175128,-4.6E-02));
#3054 = VECTOR('',#3055,1.);
#3055 = DIRECTION('',(0.,0.,1.));
#3056 = ORIENTED_EDGE('',*,*,#1607,.F.);
#3057 = ORIENTED_EDGE('',*,*,#3051,.F.);
#3058 = CYLINDRICAL_SURFACE('',#3059,0.6);
#3059 = AXIS2_PLACEMENT_3D('',#3060,#3061,#3062);
#3060 = CARTESIAN_POINT('',(58.524355,-54.575128,-4.6E-02));
#3061 = DIRECTION('',(-0.,-0.,-1.));
#3062 = DIRECTION('',(-0.,-1.,0.));
#3063 = ADVANCED_FACE('',(#3064),#3075,.F.);
#3064 = FACE_BOUND('',#3065,.T.);
#3065 = EDGE_LOOP('',(#3066,#3067,#3073,#3074));
#3066 = ORIENTED_EDGE('',*,*,#365,.T.);
#3067 = ORIENTED_EDGE('',*,*,#3068,.T.);
#3068 = EDGE_CURVE('',#366,#1619,#3069,.T.);
#3069 = LINE('',#3070,#3071);
#3070 = CARTESIAN_POINT('',(49.864101,-50.175128,-4.6E-02));
#3071 = VECTOR('',#3072,1.);
#3072 = DIRECTION('',(0.,0.,1.));
#3073 = ORIENTED_EDGE('',*,*,#1618,.F.);
#3074 = ORIENTED_EDGE('',*,*,#3068,.F.);
#3075 = CYLINDRICAL_SURFACE('',#3076,0.6);
#3076 = AXIS2_PLACEMENT_3D('',#3077,#3078,#3079);
#3077 = CARTESIAN_POINT('',(49.864101,-49.575128,-4.6E-02));
#3078 = DIRECTION('',(-0.,-0.,-1.));
#3079 = DIRECTION('',(-0.,-1.,0.));
#3080 = ADVANCED_FACE('',(#3081),#3092,.F.);
#3081 = FACE_BOUND('',#3082,.T.);
#3082 = EDGE_LOOP('',(#3083,#3084,#3090,#3091));
#3083 = ORIENTED_EDGE('',*,*,#376,.T.);
#3084 = ORIENTED_EDGE('',*,*,#3085,.T.);
#3085 = EDGE_CURVE('',#377,#1630,#3086,.T.);
#3086 = LINE('',#3087,#3088);
#3087 = CARTESIAN_POINT('',(55.244228,-50.856475,-4.6E-02));
#3088 = VECTOR('',#3089,1.);
#3089 = DIRECTION('',(0.,0.,1.));
#3090 = ORIENTED_EDGE('',*,*,#1629,.F.);
#3091 = ORIENTED_EDGE('',*,*,#3085,.F.);
#3092 = CYLINDRICAL_SURFACE('',#3093,0.6);
#3093 = AXIS2_PLACEMENT_3D('',#3094,#3095,#3096);
#3094 = CARTESIAN_POINT('',(55.244228,-50.256475,-4.6E-02));
#3095 = DIRECTION('',(-0.,-0.,-1.));
#3096 = DIRECTION('',(-0.,-1.,0.));
#3097 = ADVANCED_FACE('',(#3098),#3109,.F.);
#3098 = FACE_BOUND('',#3099,.T.);
#3099 = EDGE_LOOP('',(#3100,#3101,#3107,#3108));
#3100 = ORIENTED_EDGE('',*,*,#387,.T.);
#3101 = ORIENTED_EDGE('',*,*,#3102,.T.);
#3102 = EDGE_CURVE('',#388,#1641,#3103,.T.);
#3103 = LINE('',#3104,#3105);
#3104 = CARTESIAN_POINT('',(36.705768,-48.066025,-4.6E-02));
#3105 = VECTOR('',#3106,1.);
#3106 = DIRECTION('',(0.,0.,1.));
#3107 = ORIENTED_EDGE('',*,*,#1640,.F.);
#3108 = ORIENTED_EDGE('',*,*,#3102,.F.);
#3109 = CYLINDRICAL_SURFACE('',#3110,1.7);
#3110 = AXIS2_PLACEMENT_3D('',#3111,#3112,#3113);
#3111 = CARTESIAN_POINT('',(36.705768,-46.366025,-4.6E-02));
#3112 = DIRECTION('',(-0.,-0.,-1.));
#3113 = DIRECTION('',(-4.17966315153E-15,-1.,0.));
#3114 = ADVANCED_FACE('',(#3115),#3126,.F.);
#3115 = FACE_BOUND('',#3116,.T.);
#3116 = EDGE_LOOP('',(#3117,#3118,#3124,#3125));
#3117 = ORIENTED_EDGE('',*,*,#398,.T.);
#3118 = ORIENTED_EDGE('',*,*,#3119,.T.);
#3119 = EDGE_CURVE('',#399,#1652,#3120,.T.);
#3120 = LINE('',#3121,#3122);
#3121 = CARTESIAN_POINT('',(42.935895,-46.175128,-4.6E-02));
#3122 = VECTOR('',#3123,1.);
#3123 = DIRECTION('',(0.,0.,1.));
#3124 = ORIENTED_EDGE('',*,*,#1651,.F.);
#3125 = ORIENTED_EDGE('',*,*,#3119,.F.);
#3126 = CYLINDRICAL_SURFACE('',#3127,0.6);
#3127 = AXIS2_PLACEMENT_3D('',#3128,#3129,#3130);
#3128 = CARTESIAN_POINT('',(42.935895,-45.575128,-4.6E-02));
#3129 = DIRECTION('',(-0.,-0.,-1.));
#3130 = DIRECTION('',(-0.,-1.,0.));
#3131 = ADVANCED_FACE('',(#3132),#3143,.F.);
#3132 = FACE_BOUND('',#3133,.T.);
#3133 = EDGE_LOOP('',(#3134,#3135,#3141,#3142));
#3134 = ORIENTED_EDGE('',*,*,#409,.T.);
#3135 = ORIENTED_EDGE('',*,*,#3136,.T.);
#3136 = EDGE_CURVE('',#410,#1663,#3137,.T.);
#3137 = LINE('',#3138,#3139);
#3138 = CARTESIAN_POINT('',(39.655768,-41.856475,-4.6E-02));
#3139 = VECTOR('',#3140,1.);
#3140 = DIRECTION('',(0.,0.,1.));
#3141 = ORIENTED_EDGE('',*,*,#1662,.F.);
#3142 = ORIENTED_EDGE('',*,*,#3136,.F.);
#3143 = CYLINDRICAL_SURFACE('',#3144,0.6);
#3144 = AXIS2_PLACEMENT_3D('',#3145,#3146,#3147);
#3145 = CARTESIAN_POINT('',(39.655768,-41.256475,-4.6E-02));
#3146 = DIRECTION('',(-0.,-0.,-1.));
#3147 = DIRECTION('',(-0.,-1.,0.));
#3148 = ADVANCED_FACE('',(#3149),#3160,.F.);
#3149 = FACE_BOUND('',#3150,.T.);
#3150 = EDGE_LOOP('',(#3151,#3152,#3158,#3159));
#3151 = ORIENTED_EDGE('',*,*,#420,.T.);
#3152 = ORIENTED_EDGE('',*,*,#3153,.T.);
#3153 = EDGE_CURVE('',#421,#1674,#3154,.T.);
#3154 = LINE('',#3155,#3156);
#3155 = CARTESIAN_POINT('',(34.275641,-41.175128,-4.6E-02));
#3156 = VECTOR('',#3157,1.);
#3157 = DIRECTION('',(0.,0.,1.));
#3158 = ORIENTED_EDGE('',*,*,#1673,.F.);
#3159 = ORIENTED_EDGE('',*,*,#3153,.F.);
#3160 = CYLINDRICAL_SURFACE('',#3161,0.6);
#3161 = AXIS2_PLACEMENT_3D('',#3162,#3163,#3164);
#3162 = CARTESIAN_POINT('',(34.275641,-40.575128,-4.6E-02));
#3163 = DIRECTION('',(-0.,-0.,-1.));
#3164 = DIRECTION('',(-0.,-1.,0.));
#3165 = ADVANCED_FACE('',(#3166),#3177,.F.);
#3166 = FACE_BOUND('',#3167,.T.);
#3167 = EDGE_LOOP('',(#3168,#3169,#3175,#3176));
#3168 = ORIENTED_EDGE('',*,*,#431,.T.);
#3169 = ORIENTED_EDGE('',*,*,#3170,.T.);
#3170 = EDGE_CURVE('',#432,#1685,#3171,.T.);
#3171 = LINE('',#3172,#3173);
#3172 = CARTESIAN_POINT('',(16.354172,-35.566025,-4.6E-02));
#3173 = VECTOR('',#3174,1.);
#3174 = DIRECTION('',(0.,0.,1.));
#3175 = ORIENTED_EDGE('',*,*,#1684,.F.);
#3176 = ORIENTED_EDGE('',*,*,#3170,.F.);
#3177 = CYLINDRICAL_SURFACE('',#3178,0.95);
#3178 = AXIS2_PLACEMENT_3D('',#3179,#3180,#3181);
#3179 = CARTESIAN_POINT('',(16.354172,-34.616025,-4.6E-02));
#3180 = DIRECTION('',(-0.,-0.,-1.));
#3181 = DIRECTION('',(-3.739698609264E-15,-1.,0.));
#3182 = ADVANCED_FACE('',(#3183),#3194,.F.);
#3183 = FACE_BOUND('',#3184,.T.);
#3184 = EDGE_LOOP('',(#3185,#3186,#3192,#3193));
#3185 = ORIENTED_EDGE('',*,*,#442,.T.);
#3186 = ORIENTED_EDGE('',*,*,#3187,.T.);
#3187 = EDGE_CURVE('',#443,#1696,#3188,.T.);
#3188 = LINE('',#3189,#3190);
#3189 = CARTESIAN_POINT('',(21.117312,-39.066025,-4.6E-02));
#3190 = VECTOR('',#3191,1.);
#3191 = DIRECTION('',(0.,0.,1.));
#3192 = ORIENTED_EDGE('',*,*,#1695,.F.);
#3193 = ORIENTED_EDGE('',*,*,#3187,.F.);
#3194 = CYLINDRICAL_SURFACE('',#3195,1.7);
#3195 = AXIS2_PLACEMENT_3D('',#3196,#3197,#3198);
#3196 = CARTESIAN_POINT('',(21.117312,-37.366025,-4.6E-02));
#3197 = DIRECTION('',(-0.,-0.,-1.));
#3198 = DIRECTION('',(-0.,-1.,0.));
#3199 = ADVANCED_FACE('',(#3200),#3211,.F.);
#3200 = FACE_BOUND('',#3201,.T.);
#3201 = EDGE_LOOP('',(#3202,#3203,#3209,#3210));
#3202 = ORIENTED_EDGE('',*,*,#453,.T.);
#3203 = ORIENTED_EDGE('',*,*,#3204,.T.);
#3204 = EDGE_CURVE('',#454,#1707,#3205,.T.);
#3205 = LINE('',#3206,#3207);
#3206 = CARTESIAN_POINT('',(27.347439,-37.175128,-4.6E-02));
#3207 = VECTOR('',#3208,1.);
#3208 = DIRECTION('',(0.,0.,1.));
#3209 = ORIENTED_EDGE('',*,*,#1706,.F.);
#3210 = ORIENTED_EDGE('',*,*,#3204,.F.);
#3211 = CYLINDRICAL_SURFACE('',#3212,0.6);
#3212 = AXIS2_PLACEMENT_3D('',#3213,#3214,#3215);
#3213 = CARTESIAN_POINT('',(27.347439,-36.575128,-4.6E-02));
#3214 = DIRECTION('',(-0.,-0.,-1.));
#3215 = DIRECTION('',(-0.,-1.,0.));
#3216 = ADVANCED_FACE('',(#3217),#3228,.F.);
#3217 = FACE_BOUND('',#3218,.T.);
#3218 = EDGE_LOOP('',(#3219,#3220,#3226,#3227));
#3219 = ORIENTED_EDGE('',*,*,#464,.T.);
#3220 = ORIENTED_EDGE('',*,*,#3221,.T.);
#3221 = EDGE_CURVE('',#465,#1718,#3222,.T.);
#3222 = LINE('',#3223,#3224);
#3223 = CARTESIAN_POINT('',(18.687185,-32.175128,-4.6E-02));
#3224 = VECTOR('',#3225,1.);
#3225 = DIRECTION('',(0.,0.,1.));
#3226 = ORIENTED_EDGE('',*,*,#1717,.F.);
#3227 = ORIENTED_EDGE('',*,*,#3221,.F.);
#3228 = CYLINDRICAL_SURFACE('',#3229,0.6);
#3229 = AXIS2_PLACEMENT_3D('',#3230,#3231,#3232);
#3230 = CARTESIAN_POINT('',(18.687185,-31.575128,-4.6E-02));
#3231 = DIRECTION('',(-0.,-0.,-1.));
#3232 = DIRECTION('',(-0.,-1.,0.));
#3233 = ADVANCED_FACE('',(#3234),#3245,.F.);
#3234 = FACE_BOUND('',#3235,.T.);
#3235 = EDGE_LOOP('',(#3236,#3237,#3243,#3244));
#3236 = ORIENTED_EDGE('',*,*,#475,.T.);
#3237 = ORIENTED_EDGE('',*,*,#3238,.T.);
#3238 = EDGE_CURVE('',#476,#1729,#3239,.T.);
#3239 = LINE('',#3240,#3241);
#3240 = CARTESIAN_POINT('',(24.067312,-32.856475,-4.6E-02));
#3241 = VECTOR('',#3242,1.);
#3242 = DIRECTION('',(0.,0.,1.));
#3243 = ORIENTED_EDGE('',*,*,#1728,.F.);
#3244 = ORIENTED_EDGE('',*,*,#3238,.F.);
#3245 = CYLINDRICAL_SURFACE('',#3246,0.6);
#3246 = AXIS2_PLACEMENT_3D('',#3247,#3248,#3249);
#3247 = CARTESIAN_POINT('',(24.067312,-32.256475,-4.6E-02));
#3248 = DIRECTION('',(-0.,-0.,-1.));
#3249 = DIRECTION('',(-0.,-1.,0.));
#3250 = ADVANCED_FACE('',(#3251),#3262,.F.);
#3251 = FACE_BOUND('',#3252,.T.);
#3252 = EDGE_LOOP('',(#3253,#3254,#3260,#3261));
#3253 = ORIENTED_EDGE('',*,*,#486,.T.);
#3254 = ORIENTED_EDGE('',*,*,#3255,.T.);
#3255 = EDGE_CURVE('',#487,#1740,#3256,.T.);
#3256 = LINE('',#3257,#3258);
#3257 = CARTESIAN_POINT('',(55.76,-30.21,-4.6E-02));
#3258 = VECTOR('',#3259,1.);
#3259 = DIRECTION('',(0.,0.,1.));
#3260 = ORIENTED_EDGE('',*,*,#1739,.F.);
#3261 = ORIENTED_EDGE('',*,*,#3255,.F.);
#3262 = CYLINDRICAL_SURFACE('',#3263,0.38);
#3263 = AXIS2_PLACEMENT_3D('',#3264,#3265,#3266);
#3264 = CARTESIAN_POINT('',(55.76,-29.83,-4.6E-02));
#3265 = DIRECTION('',(-0.,-0.,-1.));
#3266 = DIRECTION('',(-1.869849304632E-14,-1.,0.));
#3267 = ADVANCED_FACE('',(#3268),#3279,.F.);
#3268 = FACE_BOUND('',#3269,.T.);
#3269 = EDGE_LOOP('',(#3270,#3271,#3277,#3278));
#3270 = ORIENTED_EDGE('',*,*,#497,.T.);
#3271 = ORIENTED_EDGE('',*,*,#3272,.T.);
#3272 = EDGE_CURVE('',#498,#1751,#3273,.T.);
#3273 = LINE('',#3274,#3275);
#3274 = CARTESIAN_POINT('',(53.22,-28.94,-4.6E-02));
#3275 = VECTOR('',#3276,1.);
#3276 = DIRECTION('',(0.,0.,1.));
#3277 = ORIENTED_EDGE('',*,*,#1750,.F.);
#3278 = ORIENTED_EDGE('',*,*,#3272,.F.);
#3279 = CYLINDRICAL_SURFACE('',#3280,0.38);
#3280 = AXIS2_PLACEMENT_3D('',#3281,#3282,#3283);
#3281 = CARTESIAN_POINT('',(53.22,-28.56,-4.6E-02));
#3282 = DIRECTION('',(-0.,-0.,-1.));
#3283 = DIRECTION('',(-0.,-1.,0.));
#3284 = ADVANCED_FACE('',(#3285),#3296,.F.);
#3285 = FACE_BOUND('',#3286,.T.);
#3286 = EDGE_LOOP('',(#3287,#3288,#3294,#3295));
#3287 = ORIENTED_EDGE('',*,*,#508,.T.);
#3288 = ORIENTED_EDGE('',*,*,#3289,.T.);
#3289 = EDGE_CURVE('',#509,#1762,#3290,.T.);
#3290 = LINE('',#3291,#3292);
#3291 = CARTESIAN_POINT('',(62.11,-32.725,-4.6E-02));
#3292 = VECTOR('',#3293,1.);
#3293 = DIRECTION('',(0.,0.,1.));
#3294 = ORIENTED_EDGE('',*,*,#1761,.F.);
#3295 = ORIENTED_EDGE('',*,*,#3289,.F.);
#3296 = CYLINDRICAL_SURFACE('',#3297,1.625);
#3297 = AXIS2_PLACEMENT_3D('',#3298,#3299,#3300);
#3298 = CARTESIAN_POINT('',(62.11,-31.1,-4.6E-02));
#3299 = DIRECTION('',(-0.,-0.,-1.));
#3300 = DIRECTION('',(-0.,-1.,0.));
#3301 = ADVANCED_FACE('',(#3302),#3313,.F.);
#3302 = FACE_BOUND('',#3303,.T.);
#3303 = EDGE_LOOP('',(#3304,#3305,#3311,#3312));
#3304 = ORIENTED_EDGE('',*,*,#519,.T.);
#3305 = ORIENTED_EDGE('',*,*,#3306,.T.);
#3306 = EDGE_CURVE('',#520,#1773,#3307,.T.);
#3307 = LINE('',#3308,#3309);
#3308 = CARTESIAN_POINT('',(55.76,-27.67,-4.6E-02));
#3309 = VECTOR('',#3310,1.);
#3310 = DIRECTION('',(0.,0.,1.));
#3311 = ORIENTED_EDGE('',*,*,#1772,.F.);
#3312 = ORIENTED_EDGE('',*,*,#3306,.F.);
#3313 = CYLINDRICAL_SURFACE('',#3314,0.38);
#3314 = AXIS2_PLACEMENT_3D('',#3315,#3316,#3317);
#3315 = CARTESIAN_POINT('',(55.76,-27.29,-4.6E-02));
#3316 = DIRECTION('',(-0.,-0.,-1.));
#3317 = DIRECTION('',(-1.869849304632E-14,-1.,0.));
#3318 = ADVANCED_FACE('',(#3319),#3330,.F.);
#3319 = FACE_BOUND('',#3320,.T.);
#3320 = EDGE_LOOP('',(#3321,#3322,#3328,#3329));
#3321 = ORIENTED_EDGE('',*,*,#530,.T.);
#3322 = ORIENTED_EDGE('',*,*,#3323,.T.);
#3323 = EDGE_CURVE('',#531,#1784,#3324,.T.);
#3324 = LINE('',#3325,#3326);
#3325 = CARTESIAN_POINT('',(53.22,-26.4,-4.6E-02));
#3326 = VECTOR('',#3327,1.);
#3327 = DIRECTION('',(0.,0.,1.));
#3328 = ORIENTED_EDGE('',*,*,#1783,.F.);
#3329 = ORIENTED_EDGE('',*,*,#3323,.F.);
#3330 = CYLINDRICAL_SURFACE('',#3331,0.38);
#3331 = AXIS2_PLACEMENT_3D('',#3332,#3333,#3334);
#3332 = CARTESIAN_POINT('',(53.22,-26.02,-4.6E-02));
#3333 = DIRECTION('',(-0.,-0.,-1.));
#3334 = DIRECTION('',(-0.,-1.,0.));
#3335 = ADVANCED_FACE('',(#3336),#3347,.F.);
#3336 = FACE_BOUND('',#3337,.T.);
#3337 = EDGE_LOOP('',(#3338,#3339,#3345,#3346));
#3338 = ORIENTED_EDGE('',*,*,#541,.T.);
#3339 = ORIENTED_EDGE('',*,*,#3340,.T.);
#3340 = EDGE_CURVE('',#542,#1795,#3341,.T.);
#3341 = LINE('',#3342,#3343);
#3342 = CARTESIAN_POINT('',(55.76,-25.13,-4.6E-02));
#3343 = VECTOR('',#3344,1.);
#3344 = DIRECTION('',(0.,0.,1.));
#3345 = ORIENTED_EDGE('',*,*,#1794,.F.);
#3346 = ORIENTED_EDGE('',*,*,#3340,.F.);
#3347 = CYLINDRICAL_SURFACE('',#3348,0.38);
#3348 = AXIS2_PLACEMENT_3D('',#3349,#3350,#3351);
#3349 = CARTESIAN_POINT('',(55.76,-24.75,-4.6E-02));
#3350 = DIRECTION('',(-0.,-0.,-1.));
#3351 = DIRECTION('',(-1.869849304632E-14,-1.,0.));
#3352 = ADVANCED_FACE('',(#3353),#3364,.F.);
#3353 = FACE_BOUND('',#3354,.T.);
#3354 = EDGE_LOOP('',(#3355,#3356,#3362,#3363));
#3355 = ORIENTED_EDGE('',*,*,#552,.T.);
#3356 = ORIENTED_EDGE('',*,*,#3357,.T.);
#3357 = EDGE_CURVE('',#553,#1806,#3358,.T.);
#3358 = LINE('',#3359,#3360);
#3359 = CARTESIAN_POINT('',(53.22,-23.86,-4.6E-02));
#3360 = VECTOR('',#3361,1.);
#3361 = DIRECTION('',(0.,0.,1.));
#3362 = ORIENTED_EDGE('',*,*,#1805,.F.);
#3363 = ORIENTED_EDGE('',*,*,#3357,.F.);
#3364 = CYLINDRICAL_SURFACE('',#3365,0.38);
#3365 = AXIS2_PLACEMENT_3D('',#3366,#3367,#3368);
#3366 = CARTESIAN_POINT('',(53.22,-23.48,-4.6E-02));
#3367 = DIRECTION('',(-0.,-0.,-1.));
#3368 = DIRECTION('',(-0.,-1.,0.));
#3369 = ADVANCED_FACE('',(#3370),#3381,.F.);
#3370 = FACE_BOUND('',#3371,.T.);
#3371 = EDGE_LOOP('',(#3372,#3373,#3379,#3380));
#3372 = ORIENTED_EDGE('',*,*,#563,.T.);
#3373 = ORIENTED_EDGE('',*,*,#3374,.T.);
#3374 = EDGE_CURVE('',#564,#1817,#3375,.T.);
#3375 = LINE('',#3376,#3377);
#3376 = CARTESIAN_POINT('',(55.76,-22.59,-4.6E-02));
#3377 = VECTOR('',#3378,1.);
#3378 = DIRECTION('',(0.,0.,1.));
#3379 = ORIENTED_EDGE('',*,*,#1816,.F.);
#3380 = ORIENTED_EDGE('',*,*,#3374,.F.);
#3381 = CYLINDRICAL_SURFACE('',#3382,0.38);
#3382 = AXIS2_PLACEMENT_3D('',#3383,#3384,#3385);
#3383 = CARTESIAN_POINT('',(55.76,-22.21,-4.6E-02));
#3384 = DIRECTION('',(-0.,-0.,-1.));
#3385 = DIRECTION('',(-1.869849304632E-14,-1.,0.));
#3386 = ADVANCED_FACE('',(#3387),#3398,.F.);
#3387 = FACE_BOUND('',#3388,.T.);
#3388 = EDGE_LOOP('',(#3389,#3390,#3396,#3397));
#3389 = ORIENTED_EDGE('',*,*,#574,.T.);
#3390 = ORIENTED_EDGE('',*,*,#3391,.T.);
#3391 = EDGE_CURVE('',#575,#1828,#3392,.T.);
#3392 = LINE('',#3393,#3394);
#3393 = CARTESIAN_POINT('',(53.22,-21.32,-4.6E-02));
#3394 = VECTOR('',#3395,1.);
#3395 = DIRECTION('',(0.,0.,1.));
#3396 = ORIENTED_EDGE('',*,*,#1827,.F.);
#3397 = ORIENTED_EDGE('',*,*,#3391,.F.);
#3398 = CYLINDRICAL_SURFACE('',#3399,0.38);
#3399 = AXIS2_PLACEMENT_3D('',#3400,#3401,#3402);
#3400 = CARTESIAN_POINT('',(53.22,-20.94,-4.6E-02));
#3401 = DIRECTION('',(-0.,-0.,-1.));
#3402 = DIRECTION('',(-0.,-1.,0.));
#3403 = ADVANCED_FACE('',(#3404),#3415,.F.);
#3404 = FACE_BOUND('',#3405,.T.);
#3405 = EDGE_LOOP('',(#3406,#3407,#3413,#3414));
#3406 = ORIENTED_EDGE('',*,*,#585,.T.);
#3407 = ORIENTED_EDGE('',*,*,#3408,.T.);
#3408 = EDGE_CURVE('',#586,#1839,#3409,.T.);
#3409 = LINE('',#3410,#3411);
#3410 = CARTESIAN_POINT('',(62.11,-21.295,-4.6E-02));
#3411 = VECTOR('',#3412,1.);
#3412 = DIRECTION('',(0.,0.,1.));
#3413 = ORIENTED_EDGE('',*,*,#1838,.F.);
#3414 = ORIENTED_EDGE('',*,*,#3408,.F.);
#3415 = CYLINDRICAL_SURFACE('',#3416,1.625);
#3416 = AXIS2_PLACEMENT_3D('',#3417,#3418,#3419);
#3417 = CARTESIAN_POINT('',(62.11,-19.67,-4.6E-02));
#3418 = DIRECTION('',(-0.,-0.,-1.));
#3419 = DIRECTION('',(-0.,-1.,0.));
#3420 = ADVANCED_FACE('',(#3421),#3432,.F.);
#3421 = FACE_BOUND('',#3422,.T.);
#3422 = EDGE_LOOP('',(#3423,#3424,#3430,#3431));
#3423 = ORIENTED_EDGE('',*,*,#596,.T.);
#3424 = ORIENTED_EDGE('',*,*,#3425,.T.);
#3425 = EDGE_CURVE('',#597,#1850,#3426,.T.);
#3426 = LINE('',#3427,#3428);
#3427 = CARTESIAN_POINT('',(-59.5,-16.95,-4.6E-02));
#3428 = VECTOR('',#3429,1.);
#3429 = DIRECTION('',(0.,0.,1.));
#3430 = ORIENTED_EDGE('',*,*,#1849,.F.);
#3431 = ORIENTED_EDGE('',*,*,#3425,.F.);
#3432 = CYLINDRICAL_SURFACE('',#3433,0.95);
#3433 = AXIS2_PLACEMENT_3D('',#3434,#3435,#3436);
#3434 = CARTESIAN_POINT('',(-59.5,-16.,-4.6E-02));
#3435 = DIRECTION('',(-0.,-0.,-1.));
#3436 = DIRECTION('',(-0.,-1.,0.));
#3437 = ADVANCED_FACE('',(#3438),#3449,.F.);
#3438 = FACE_BOUND('',#3439,.T.);
#3439 = EDGE_LOOP('',(#3440,#3441,#3447,#3448));
#3440 = ORIENTED_EDGE('',*,*,#607,.T.);
#3441 = ORIENTED_EDGE('',*,*,#3442,.T.);
#3442 = EDGE_CURVE('',#608,#1861,#3443,.T.);
#3443 = LINE('',#3444,#3445);
#3444 = CARTESIAN_POINT('',(-54.,-17.7,-4.6E-02));
#3445 = VECTOR('',#3446,1.);
#3446 = DIRECTION('',(0.,0.,1.));
#3447 = ORIENTED_EDGE('',*,*,#1860,.F.);
#3448 = ORIENTED_EDGE('',*,*,#3442,.F.);
#3449 = CYLINDRICAL_SURFACE('',#3450,1.7);
#3450 = AXIS2_PLACEMENT_3D('',#3451,#3452,#3453);
#3451 = CARTESIAN_POINT('',(-54.,-16.,-4.6E-02));
#3452 = DIRECTION('',(-0.,-0.,-1.));
#3453 = DIRECTION('',(-0.,-1.,0.));
#3454 = ADVANCED_FACE('',(#3455),#3466,.F.);
#3455 = FACE_BOUND('',#3456,.T.);
#3456 = EDGE_LOOP('',(#3457,#3458,#3464,#3465));
#3457 = ORIENTED_EDGE('',*,*,#618,.T.);
#3458 = ORIENTED_EDGE('',*,*,#3459,.T.);
#3459 = EDGE_CURVE('',#619,#1872,#3460,.T.);
#3460 = LINE('',#3461,#3462);
#3461 = CARTESIAN_POINT('',(-48.5,-16.95,-4.6E-02));
#3462 = VECTOR('',#3463,1.);
#3463 = DIRECTION('',(0.,0.,1.));
#3464 = ORIENTED_EDGE('',*,*,#1871,.F.);
#3465 = ORIENTED_EDGE('',*,*,#3459,.F.);
#3466 = CYLINDRICAL_SURFACE('',#3467,0.95);
#3467 = AXIS2_PLACEMENT_3D('',#3468,#3469,#3470);
#3468 = CARTESIAN_POINT('',(-48.5,-16.,-4.6E-02));
#3469 = DIRECTION('',(-0.,-0.,-1.));
#3470 = DIRECTION('',(-0.,-1.,0.));
#3471 = ADVANCED_FACE('',(#3472),#3483,.F.);
#3472 = FACE_BOUND('',#3473,.T.);
#3473 = EDGE_LOOP('',(#3474,#3475,#3481,#3482));
#3474 = ORIENTED_EDGE('',*,*,#629,.T.);
#3475 = ORIENTED_EDGE('',*,*,#3476,.T.);
#3476 = EDGE_CURVE('',#630,#1883,#3477,.T.);
#3477 = LINE('',#3478,#3479);
#3478 = CARTESIAN_POINT('',(-59.,-12.8,-4.6E-02));
#3479 = VECTOR('',#3480,1.);
#3480 = DIRECTION('',(0.,0.,1.));
#3481 = ORIENTED_EDGE('',*,*,#1882,.F.);
#3482 = ORIENTED_EDGE('',*,*,#3476,.F.);
#3483 = CYLINDRICAL_SURFACE('',#3484,0.6);
#3484 = AXIS2_PLACEMENT_3D('',#3485,#3486,#3487);
#3485 = CARTESIAN_POINT('',(-59.,-12.2,-4.6E-02));
#3486 = DIRECTION('',(-0.,-0.,-1.));
#3487 = DIRECTION('',(-0.,-1.,0.));
#3488 = ADVANCED_FACE('',(#3489),#3500,.F.);
#3489 = FACE_BOUND('',#3490,.T.);
#3490 = EDGE_LOOP('',(#3491,#3492,#3498,#3499));
#3491 = ORIENTED_EDGE('',*,*,#640,.T.);
#3492 = ORIENTED_EDGE('',*,*,#3493,.T.);
#3493 = EDGE_CURVE('',#641,#1894,#3494,.T.);
#3494 = LINE('',#3495,#3496);
#3495 = CARTESIAN_POINT('',(-54.,-10.7,-4.6E-02));
#3496 = VECTOR('',#3497,1.);
#3497 = DIRECTION('',(0.,0.,1.));
#3498 = ORIENTED_EDGE('',*,*,#1893,.F.);
#3499 = ORIENTED_EDGE('',*,*,#3493,.F.);
#3500 = CYLINDRICAL_SURFACE('',#3501,0.6);
#3501 = AXIS2_PLACEMENT_3D('',#3502,#3503,#3504);
#3502 = CARTESIAN_POINT('',(-54.,-10.1,-4.6E-02));
#3503 = DIRECTION('',(-0.,-0.,-1.));
#3504 = DIRECTION('',(-0.,-1.,0.));
#3505 = ADVANCED_FACE('',(#3506),#3517,.F.);
#3506 = FACE_BOUND('',#3507,.T.);
#3507 = EDGE_LOOP('',(#3508,#3509,#3515,#3516));
#3508 = ORIENTED_EDGE('',*,*,#651,.T.);
#3509 = ORIENTED_EDGE('',*,*,#3510,.T.);
#3510 = EDGE_CURVE('',#652,#1905,#3511,.T.);
#3511 = LINE('',#3512,#3513);
#3512 = CARTESIAN_POINT('',(-49.,-12.8,-4.6E-02));
#3513 = VECTOR('',#3514,1.);
#3514 = DIRECTION('',(0.,0.,1.));
#3515 = ORIENTED_EDGE('',*,*,#1904,.F.);
#3516 = ORIENTED_EDGE('',*,*,#3510,.F.);
#3517 = CYLINDRICAL_SURFACE('',#3518,0.6);
#3518 = AXIS2_PLACEMENT_3D('',#3519,#3520,#3521);
#3519 = CARTESIAN_POINT('',(-49.,-12.2,-4.6E-02));
#3520 = DIRECTION('',(-0.,-0.,-1.));
#3521 = DIRECTION('',(-0.,-1.,0.));
#3522 = ADVANCED_FACE('',(#3523),#3534,.F.);
#3523 = FACE_BOUND('',#3524,.T.);
#3524 = EDGE_LOOP('',(#3525,#3526,#3532,#3533));
#3525 = ORIENTED_EDGE('',*,*,#662,.T.);
#3526 = ORIENTED_EDGE('',*,*,#3527,.T.);
#3527 = EDGE_CURVE('',#663,#1916,#3528,.T.);
#3528 = LINE('',#3529,#3530);
#3529 = CARTESIAN_POINT('',(-41.5,-16.95,-4.6E-02));
#3530 = VECTOR('',#3531,1.);
#3531 = DIRECTION('',(0.,0.,1.));
#3532 = ORIENTED_EDGE('',*,*,#1915,.F.);
#3533 = ORIENTED_EDGE('',*,*,#3527,.F.);
#3534 = CYLINDRICAL_SURFACE('',#3535,0.95);
#3535 = AXIS2_PLACEMENT_3D('',#3536,#3537,#3538);
#3536 = CARTESIAN_POINT('',(-41.5,-16.,-4.6E-02));
#3537 = DIRECTION('',(-0.,-0.,-1.));
#3538 = DIRECTION('',(-0.,-1.,0.));
#3539 = ADVANCED_FACE('',(#3540),#3551,.F.);
#3540 = FACE_BOUND('',#3541,.T.);
#3541 = EDGE_LOOP('',(#3542,#3543,#3549,#3550));
#3542 = ORIENTED_EDGE('',*,*,#673,.T.);
#3543 = ORIENTED_EDGE('',*,*,#3544,.T.);
#3544 = EDGE_CURVE('',#674,#1927,#3545,.T.);
#3545 = LINE('',#3546,#3547);
#3546 = CARTESIAN_POINT('',(-36.,-17.7,-4.6E-02));
#3547 = VECTOR('',#3548,1.);
#3548 = DIRECTION('',(0.,0.,1.));
#3549 = ORIENTED_EDGE('',*,*,#1926,.F.);
#3550 = ORIENTED_EDGE('',*,*,#3544,.F.);
#3551 = CYLINDRICAL_SURFACE('',#3552,1.7);
#3552 = AXIS2_PLACEMENT_3D('',#3553,#3554,#3555);
#3553 = CARTESIAN_POINT('',(-36.,-16.,-4.6E-02));
#3554 = DIRECTION('',(-0.,-0.,-1.));
#3555 = DIRECTION('',(-0.,-1.,0.));
#3556 = ADVANCED_FACE('',(#3557),#3568,.F.);
#3557 = FACE_BOUND('',#3558,.T.);
#3558 = EDGE_LOOP('',(#3559,#3560,#3566,#3567));
#3559 = ORIENTED_EDGE('',*,*,#684,.T.);
#3560 = ORIENTED_EDGE('',*,*,#3561,.T.);
#3561 = EDGE_CURVE('',#685,#1938,#3562,.T.);
#3562 = LINE('',#3563,#3564);
#3563 = CARTESIAN_POINT('',(-30.5,-16.95,-4.6E-02));
#3564 = VECTOR('',#3565,1.);
#3565 = DIRECTION('',(0.,0.,1.));
#3566 = ORIENTED_EDGE('',*,*,#1937,.F.);
#3567 = ORIENTED_EDGE('',*,*,#3561,.F.);
#3568 = CYLINDRICAL_SURFACE('',#3569,0.95);
#3569 = AXIS2_PLACEMENT_3D('',#3570,#3571,#3572);
#3570 = CARTESIAN_POINT('',(-30.5,-16.,-4.6E-02));
#3571 = DIRECTION('',(-0.,-0.,-1.));
#3572 = DIRECTION('',(-0.,-1.,0.));
#3573 = ADVANCED_FACE('',(#3574),#3585,.F.);
#3574 = FACE_BOUND('',#3575,.T.);
#3575 = EDGE_LOOP('',(#3576,#3577,#3583,#3584));
#3576 = ORIENTED_EDGE('',*,*,#695,.T.);
#3577 = ORIENTED_EDGE('',*,*,#3578,.T.);
#3578 = EDGE_CURVE('',#696,#1949,#3579,.T.);
#3579 = LINE('',#3580,#3581);
#3580 = CARTESIAN_POINT('',(-41.,-12.8,-4.6E-02));
#3581 = VECTOR('',#3582,1.);
#3582 = DIRECTION('',(0.,0.,1.));
#3583 = ORIENTED_EDGE('',*,*,#1948,.F.);
#3584 = ORIENTED_EDGE('',*,*,#3578,.F.);
#3585 = CYLINDRICAL_SURFACE('',#3586,0.6);
#3586 = AXIS2_PLACEMENT_3D('',#3587,#3588,#3589);
#3587 = CARTESIAN_POINT('',(-41.,-12.2,-4.6E-02));
#3588 = DIRECTION('',(-0.,-0.,-1.));
#3589 = DIRECTION('',(-0.,-1.,0.));
#3590 = ADVANCED_FACE('',(#3591),#3602,.F.);
#3591 = FACE_BOUND('',#3592,.T.);
#3592 = EDGE_LOOP('',(#3593,#3594,#3600,#3601));
#3593 = ORIENTED_EDGE('',*,*,#706,.T.);
#3594 = ORIENTED_EDGE('',*,*,#3595,.T.);
#3595 = EDGE_CURVE('',#707,#1960,#3596,.T.);
#3596 = LINE('',#3597,#3598);
#3597 = CARTESIAN_POINT('',(-36.,-10.7,-4.6E-02));
#3598 = VECTOR('',#3599,1.);
#3599 = DIRECTION('',(0.,0.,1.));
#3600 = ORIENTED_EDGE('',*,*,#1959,.F.);
#3601 = ORIENTED_EDGE('',*,*,#3595,.F.);
#3602 = CYLINDRICAL_SURFACE('',#3603,0.6);
#3603 = AXIS2_PLACEMENT_3D('',#3604,#3605,#3606);
#3604 = CARTESIAN_POINT('',(-36.,-10.1,-4.6E-02));
#3605 = DIRECTION('',(-0.,-0.,-1.));
#3606 = DIRECTION('',(-0.,-1.,0.));
#3607 = ADVANCED_FACE('',(#3608),#3619,.F.);
#3608 = FACE_BOUND('',#3609,.T.);
#3609 = EDGE_LOOP('',(#3610,#3611,#3617,#3618));
#3610 = ORIENTED_EDGE('',*,*,#717,.T.);
#3611 = ORIENTED_EDGE('',*,*,#3612,.T.);
#3612 = EDGE_CURVE('',#718,#1971,#3613,.T.);
#3613 = LINE('',#3614,#3615);
#3614 = CARTESIAN_POINT('',(-31.,-12.8,-4.6E-02));
#3615 = VECTOR('',#3616,1.);
#3616 = DIRECTION('',(0.,0.,1.));
#3617 = ORIENTED_EDGE('',*,*,#1970,.F.);
#3618 = ORIENTED_EDGE('',*,*,#3612,.F.);
#3619 = CYLINDRICAL_SURFACE('',#3620,0.6);
#3620 = AXIS2_PLACEMENT_3D('',#3621,#3622,#3623);
#3621 = CARTESIAN_POINT('',(-31.,-12.2,-4.6E-02));
#3622 = DIRECTION('',(-0.,-0.,-1.));
#3623 = DIRECTION('',(-0.,-1.,0.));
#3624 = ADVANCED_FACE('',(#3625),#3636,.F.);
#3625 = FACE_BOUND('',#3626,.T.);
#3626 = EDGE_LOOP('',(#3627,#3628,#3634,#3635));
#3627 = ORIENTED_EDGE('',*,*,#728,.T.);
#3628 = ORIENTED_EDGE('',*,*,#3629,.T.);
#3629 = EDGE_CURVE('',#729,#1982,#3630,.T.);
#3630 = LINE('',#3631,#3632);
#3631 = CARTESIAN_POINT('',(-59.5,5.E-02,-4.6E-02));
#3632 = VECTOR('',#3633,1.);
#3633 = DIRECTION('',(0.,0.,1.));
#3634 = ORIENTED_EDGE('',*,*,#1981,.F.);
#3635 = ORIENTED_EDGE('',*,*,#3629,.F.);
#3636 = CYLINDRICAL_SURFACE('',#3637,0.95);
#3637 = AXIS2_PLACEMENT_3D('',#3638,#3639,#3640);
#3638 = CARTESIAN_POINT('',(-59.5,1.,-4.6E-02));
#3639 = DIRECTION('',(-0.,-0.,-1.));
#3640 = DIRECTION('',(-0.,-1.,0.));
#3641 = ADVANCED_FACE('',(#3642),#3653,.F.);
#3642 = FACE_BOUND('',#3643,.T.);
#3643 = EDGE_LOOP('',(#3644,#3645,#3651,#3652));
#3644 = ORIENTED_EDGE('',*,*,#739,.T.);
#3645 = ORIENTED_EDGE('',*,*,#3646,.T.);
#3646 = EDGE_CURVE('',#740,#1993,#3647,.T.);
#3647 = LINE('',#3648,#3649);
#3648 = CARTESIAN_POINT('',(-54.,-0.7,-4.6E-02));
#3649 = VECTOR('',#3650,1.);
#3650 = DIRECTION('',(0.,0.,1.));
#3651 = ORIENTED_EDGE('',*,*,#1992,.F.);
#3652 = ORIENTED_EDGE('',*,*,#3646,.F.);
#3653 = CYLINDRICAL_SURFACE('',#3654,1.7);
#3654 = AXIS2_PLACEMENT_3D('',#3655,#3656,#3657);
#3655 = CARTESIAN_POINT('',(-54.,1.,-4.6E-02));
#3656 = DIRECTION('',(-0.,-0.,-1.));
#3657 = DIRECTION('',(-0.,-1.,0.));
#3658 = ADVANCED_FACE('',(#3659),#3670,.F.);
#3659 = FACE_BOUND('',#3660,.T.);
#3660 = EDGE_LOOP('',(#3661,#3662,#3668,#3669));
#3661 = ORIENTED_EDGE('',*,*,#750,.T.);
#3662 = ORIENTED_EDGE('',*,*,#3663,.T.);
#3663 = EDGE_CURVE('',#751,#2004,#3664,.T.);
#3664 = LINE('',#3665,#3666);
#3665 = CARTESIAN_POINT('',(-48.5,5.E-02,-4.6E-02));
#3666 = VECTOR('',#3667,1.);
#3667 = DIRECTION('',(0.,0.,1.));
#3668 = ORIENTED_EDGE('',*,*,#2003,.F.);
#3669 = ORIENTED_EDGE('',*,*,#3663,.F.);
#3670 = CYLINDRICAL_SURFACE('',#3671,0.95);
#3671 = AXIS2_PLACEMENT_3D('',#3672,#3673,#3674);
#3672 = CARTESIAN_POINT('',(-48.5,1.,-4.6E-02));
#3673 = DIRECTION('',(-0.,-0.,-1.));
#3674 = DIRECTION('',(-0.,-1.,0.));
#3675 = ADVANCED_FACE('',(#3676),#3687,.F.);
#3676 = FACE_BOUND('',#3677,.T.);
#3677 = EDGE_LOOP('',(#3678,#3679,#3685,#3686));
#3678 = ORIENTED_EDGE('',*,*,#761,.T.);
#3679 = ORIENTED_EDGE('',*,*,#3680,.T.);
#3680 = EDGE_CURVE('',#762,#2015,#3681,.T.);
#3681 = LINE('',#3682,#3683);
#3682 = CARTESIAN_POINT('',(-41.5,5.E-02,-4.6E-02));
#3683 = VECTOR('',#3684,1.);
#3684 = DIRECTION('',(0.,0.,1.));
#3685 = ORIENTED_EDGE('',*,*,#2014,.F.);
#3686 = ORIENTED_EDGE('',*,*,#3680,.F.);
#3687 = CYLINDRICAL_SURFACE('',#3688,0.95);
#3688 = AXIS2_PLACEMENT_3D('',#3689,#3690,#3691);
#3689 = CARTESIAN_POINT('',(-41.5,1.,-4.6E-02));
#3690 = DIRECTION('',(-0.,-0.,-1.));
#3691 = DIRECTION('',(-0.,-1.,0.));
#3692 = ADVANCED_FACE('',(#3693),#3704,.F.);
#3693 = FACE_BOUND('',#3694,.T.);
#3694 = EDGE_LOOP('',(#3695,#3696,#3702,#3703));
#3695 = ORIENTED_EDGE('',*,*,#772,.T.);
#3696 = ORIENTED_EDGE('',*,*,#3697,.T.);
#3697 = EDGE_CURVE('',#773,#2026,#3698,.T.);
#3698 = LINE('',#3699,#3700);
#3699 = CARTESIAN_POINT('',(-36.,-0.7,-4.6E-02));
#3700 = VECTOR('',#3701,1.);
#3701 = DIRECTION('',(0.,0.,1.));
#3702 = ORIENTED_EDGE('',*,*,#2025,.F.);
#3703 = ORIENTED_EDGE('',*,*,#3697,.F.);
#3704 = CYLINDRICAL_SURFACE('',#3705,1.7);
#3705 = AXIS2_PLACEMENT_3D('',#3706,#3707,#3708);
#3706 = CARTESIAN_POINT('',(-36.,1.,-4.6E-02));
#3707 = DIRECTION('',(-0.,-0.,-1.));
#3708 = DIRECTION('',(-0.,-1.,0.));
#3709 = ADVANCED_FACE('',(#3710),#3721,.F.);
#3710 = FACE_BOUND('',#3711,.T.);
#3711 = EDGE_LOOP('',(#3712,#3713,#3719,#3720));
#3712 = ORIENTED_EDGE('',*,*,#783,.T.);
#3713 = ORIENTED_EDGE('',*,*,#3714,.T.);
#3714 = EDGE_CURVE('',#784,#2037,#3715,.T.);
#3715 = LINE('',#3716,#3717);
#3716 = CARTESIAN_POINT('',(-30.5,5.E-02,-4.6E-02));
#3717 = VECTOR('',#3718,1.);
#3718 = DIRECTION('',(0.,0.,1.));
#3719 = ORIENTED_EDGE('',*,*,#2036,.F.);
#3720 = ORIENTED_EDGE('',*,*,#3714,.F.);
#3721 = CYLINDRICAL_SURFACE('',#3722,0.95);
#3722 = AXIS2_PLACEMENT_3D('',#3723,#3724,#3725);
#3723 = CARTESIAN_POINT('',(-30.5,1.,-4.6E-02));
#3724 = DIRECTION('',(-0.,-0.,-1.));
#3725 = DIRECTION('',(-0.,-1.,0.));
#3726 = ADVANCED_FACE('',(#3727),#3738,.F.);
#3727 = FACE_BOUND('',#3728,.T.);
#3728 = EDGE_LOOP('',(#3729,#3730,#3736,#3737));
#3729 = ORIENTED_EDGE('',*,*,#794,.T.);
#3730 = ORIENTED_EDGE('',*,*,#3731,.T.);
#3731 = EDGE_CURVE('',#795,#2048,#3732,.T.);
#3732 = LINE('',#3733,#3734);
#3733 = CARTESIAN_POINT('',(-23.5,-5.95,-4.6E-02));
#3734 = VECTOR('',#3735,1.);
#3735 = DIRECTION('',(0.,0.,1.));
#3736 = ORIENTED_EDGE('',*,*,#2047,.F.);
#3737 = ORIENTED_EDGE('',*,*,#3731,.F.);
#3738 = CYLINDRICAL_SURFACE('',#3739,0.95);
#3739 = AXIS2_PLACEMENT_3D('',#3740,#3741,#3742);
#3740 = CARTESIAN_POINT('',(-23.5,-5.,-4.6E-02));
#3741 = DIRECTION('',(-0.,-0.,-1.));
#3742 = DIRECTION('',(-0.,-1.,0.));
#3743 = ADVANCED_FACE('',(#3744),#3755,.F.);
#3744 = FACE_BOUND('',#3745,.T.);
#3745 = EDGE_LOOP('',(#3746,#3747,#3753,#3754));
#3746 = ORIENTED_EDGE('',*,*,#805,.T.);
#3747 = ORIENTED_EDGE('',*,*,#3748,.T.);
#3748 = EDGE_CURVE('',#806,#2059,#3749,.T.);
#3749 = LINE('',#3750,#3751);
#3750 = CARTESIAN_POINT('',(-18.,-6.7,-4.6E-02));
#3751 = VECTOR('',#3752,1.);
#3752 = DIRECTION('',(0.,0.,1.));
#3753 = ORIENTED_EDGE('',*,*,#2058,.F.);
#3754 = ORIENTED_EDGE('',*,*,#3748,.F.);
#3755 = CYLINDRICAL_SURFACE('',#3756,1.7);
#3756 = AXIS2_PLACEMENT_3D('',#3757,#3758,#3759);
#3757 = CARTESIAN_POINT('',(-18.,-5.,-4.6E-02));
#3758 = DIRECTION('',(-0.,-0.,-1.));
#3759 = DIRECTION('',(-0.,-1.,0.));
#3760 = ADVANCED_FACE('',(#3761),#3772,.F.);
#3761 = FACE_BOUND('',#3762,.T.);
#3762 = EDGE_LOOP('',(#3763,#3764,#3770,#3771));
#3763 = ORIENTED_EDGE('',*,*,#816,.T.);
#3764 = ORIENTED_EDGE('',*,*,#3765,.T.);
#3765 = EDGE_CURVE('',#817,#2070,#3766,.T.);
#3766 = LINE('',#3767,#3768);
#3767 = CARTESIAN_POINT('',(-23.,-1.8,-4.6E-02));
#3768 = VECTOR('',#3769,1.);
#3769 = DIRECTION('',(0.,0.,1.));
#3770 = ORIENTED_EDGE('',*,*,#2069,.F.);
#3771 = ORIENTED_EDGE('',*,*,#3765,.F.);
#3772 = CYLINDRICAL_SURFACE('',#3773,0.6);
#3773 = AXIS2_PLACEMENT_3D('',#3774,#3775,#3776);
#3774 = CARTESIAN_POINT('',(-23.,-1.2,-4.6E-02));
#3775 = DIRECTION('',(-0.,-0.,-1.));
#3776 = DIRECTION('',(-0.,-1.,0.));
#3777 = ADVANCED_FACE('',(#3778),#3789,.F.);
#3778 = FACE_BOUND('',#3779,.T.);
#3779 = EDGE_LOOP('',(#3780,#3781,#3787,#3788));
#3780 = ORIENTED_EDGE('',*,*,#827,.T.);
#3781 = ORIENTED_EDGE('',*,*,#3782,.T.);
#3782 = EDGE_CURVE('',#828,#2081,#3783,.T.);
#3783 = LINE('',#3784,#3785);
#3784 = CARTESIAN_POINT('',(-18.,0.3,-4.6E-02));
#3785 = VECTOR('',#3786,1.);
#3786 = DIRECTION('',(0.,0.,1.));
#3787 = ORIENTED_EDGE('',*,*,#2080,.F.);
#3788 = ORIENTED_EDGE('',*,*,#3782,.F.);
#3789 = CYLINDRICAL_SURFACE('',#3790,0.6);
#3790 = AXIS2_PLACEMENT_3D('',#3791,#3792,#3793);
#3791 = CARTESIAN_POINT('',(-18.,0.9,-4.6E-02));
#3792 = DIRECTION('',(-0.,-0.,-1.));
#3793 = DIRECTION('',(-0.,-1.,0.));
#3794 = ADVANCED_FACE('',(#3795),#3806,.F.);
#3795 = FACE_BOUND('',#3796,.T.);
#3796 = EDGE_LOOP('',(#3797,#3798,#3804,#3805));
#3797 = ORIENTED_EDGE('',*,*,#838,.T.);
#3798 = ORIENTED_EDGE('',*,*,#3799,.T.);
#3799 = EDGE_CURVE('',#839,#2092,#3800,.T.);
#3800 = LINE('',#3801,#3802);
#3801 = CARTESIAN_POINT('',(-12.5,-5.95,-4.6E-02));
#3802 = VECTOR('',#3803,1.);
#3803 = DIRECTION('',(0.,0.,1.));
#3804 = ORIENTED_EDGE('',*,*,#2091,.F.);
#3805 = ORIENTED_EDGE('',*,*,#3799,.F.);
#3806 = CYLINDRICAL_SURFACE('',#3807,0.95);
#3807 = AXIS2_PLACEMENT_3D('',#3808,#3809,#3810);
#3808 = CARTESIAN_POINT('',(-12.5,-5.,-4.6E-02));
#3809 = DIRECTION('',(-0.,-0.,-1.));
#3810 = DIRECTION('',(-0.,-1.,0.));
#3811 = ADVANCED_FACE('',(#3812),#3823,.F.);
#3812 = FACE_BOUND('',#3813,.T.);
#3813 = EDGE_LOOP('',(#3814,#3815,#3821,#3822));
#3814 = ORIENTED_EDGE('',*,*,#849,.T.);
#3815 = ORIENTED_EDGE('',*,*,#3816,.T.);
#3816 = EDGE_CURVE('',#850,#2103,#3817,.T.);
#3817 = LINE('',#3818,#3819);
#3818 = CARTESIAN_POINT('',(-13.,-1.8,-4.6E-02));
#3819 = VECTOR('',#3820,1.);
#3820 = DIRECTION('',(0.,0.,1.));
#3821 = ORIENTED_EDGE('',*,*,#2102,.F.);
#3822 = ORIENTED_EDGE('',*,*,#3816,.F.);
#3823 = CYLINDRICAL_SURFACE('',#3824,0.6);
#3824 = AXIS2_PLACEMENT_3D('',#3825,#3826,#3827);
#3825 = CARTESIAN_POINT('',(-13.,-1.2,-4.6E-02));
#3826 = DIRECTION('',(-0.,-0.,-1.));
#3827 = DIRECTION('',(-0.,-1.,0.));
#3828 = ADVANCED_FACE('',(#3829),#3840,.F.);
#3829 = FACE_BOUND('',#3830,.T.);
#3830 = EDGE_LOOP('',(#3831,#3832,#3838,#3839));
#3831 = ORIENTED_EDGE('',*,*,#860,.T.);
#3832 = ORIENTED_EDGE('',*,*,#3833,.T.);
#3833 = EDGE_CURVE('',#861,#2114,#3834,.T.);
#3834 = LINE('',#3835,#3836);
#3835 = CARTESIAN_POINT('',(-5.5,-0.95,-4.6E-02));
#3836 = VECTOR('',#3837,1.);
#3837 = DIRECTION('',(0.,0.,1.));
#3838 = ORIENTED_EDGE('',*,*,#2113,.F.);
#3839 = ORIENTED_EDGE('',*,*,#3833,.F.);
#3840 = CYLINDRICAL_SURFACE('',#3841,0.95);
#3841 = AXIS2_PLACEMENT_3D('',#3842,#3843,#3844);
#3842 = CARTESIAN_POINT('',(-5.5,-3.414274405136E-17,-4.6E-02));
#3843 = DIRECTION('',(-0.,-0.,-1.));
#3844 = DIRECTION('',(-0.,-1.,0.));
#3845 = ADVANCED_FACE('',(#3846),#3857,.F.);
#3846 = FACE_BOUND('',#3847,.T.);
#3847 = EDGE_LOOP('',(#3848,#3849,#3855,#3856));
#3848 = ORIENTED_EDGE('',*,*,#871,.T.);
#3849 = ORIENTED_EDGE('',*,*,#3850,.T.);
#3850 = EDGE_CURVE('',#872,#2125,#3851,.T.);
#3851 = LINE('',#3852,#3853);
#3852 = CARTESIAN_POINT('',(-2.465190328816E-32,-1.7,-4.6E-02));
#3853 = VECTOR('',#3854,1.);
#3854 = DIRECTION('',(0.,0.,1.));
#3855 = ORIENTED_EDGE('',*,*,#2124,.F.);
#3856 = ORIENTED_EDGE('',*,*,#3850,.F.);
#3857 = CYLINDRICAL_SURFACE('',#3858,1.7);
#3858 = AXIS2_PLACEMENT_3D('',#3859,#3860,#3861);
#3859 = CARTESIAN_POINT('',(-1.437859956239E-16,2.743487410032E-16,
    -4.6E-02));
#3860 = DIRECTION('',(-0.,0.,-1.));
#3861 = DIRECTION('',(8.45799974258E-17,-1.,-0.));
#3862 = ADVANCED_FACE('',(#3863),#3874,.F.);
#3863 = FACE_BOUND('',#3864,.T.);
#3864 = EDGE_LOOP('',(#3865,#3866,#3872,#3873));
#3865 = ORIENTED_EDGE('',*,*,#882,.T.);
#3866 = ORIENTED_EDGE('',*,*,#3867,.T.);
#3867 = EDGE_CURVE('',#883,#2136,#3868,.T.);
#3868 = LINE('',#3869,#3870);
#3869 = CARTESIAN_POINT('',(-59.,4.2,-4.6E-02));
#3870 = VECTOR('',#3871,1.);
#3871 = DIRECTION('',(0.,0.,1.));
#3872 = ORIENTED_EDGE('',*,*,#2135,.F.);
#3873 = ORIENTED_EDGE('',*,*,#3867,.F.);
#3874 = CYLINDRICAL_SURFACE('',#3875,0.6);
#3875 = AXIS2_PLACEMENT_3D('',#3876,#3877,#3878);
#3876 = CARTESIAN_POINT('',(-59.,4.8,-4.6E-02));
#3877 = DIRECTION('',(-0.,-0.,-1.));
#3878 = DIRECTION('',(-0.,-1.,0.));
#3879 = ADVANCED_FACE('',(#3880),#3891,.F.);
#3880 = FACE_BOUND('',#3881,.T.);
#3881 = EDGE_LOOP('',(#3882,#3883,#3889,#3890));
#3882 = ORIENTED_EDGE('',*,*,#893,.T.);
#3883 = ORIENTED_EDGE('',*,*,#3884,.T.);
#3884 = EDGE_CURVE('',#894,#2147,#3885,.T.);
#3885 = LINE('',#3886,#3887);
#3886 = CARTESIAN_POINT('',(-54.,6.3,-4.6E-02));
#3887 = VECTOR('',#3888,1.);
#3888 = DIRECTION('',(0.,0.,1.));
#3889 = ORIENTED_EDGE('',*,*,#2146,.F.);
#3890 = ORIENTED_EDGE('',*,*,#3884,.F.);
#3891 = CYLINDRICAL_SURFACE('',#3892,0.6);
#3892 = AXIS2_PLACEMENT_3D('',#3893,#3894,#3895);
#3893 = CARTESIAN_POINT('',(-54.,6.9,-4.6E-02));
#3894 = DIRECTION('',(-0.,-0.,-1.));
#3895 = DIRECTION('',(-0.,-1.,0.));
#3896 = ADVANCED_FACE('',(#3897),#3908,.F.);
#3897 = FACE_BOUND('',#3898,.T.);
#3898 = EDGE_LOOP('',(#3899,#3900,#3906,#3907));
#3899 = ORIENTED_EDGE('',*,*,#904,.T.);
#3900 = ORIENTED_EDGE('',*,*,#3901,.T.);
#3901 = EDGE_CURVE('',#905,#2158,#3902,.T.);
#3902 = LINE('',#3903,#3904);
#3903 = CARTESIAN_POINT('',(-49.,4.2,-4.6E-02));
#3904 = VECTOR('',#3905,1.);
#3905 = DIRECTION('',(0.,0.,1.));
#3906 = ORIENTED_EDGE('',*,*,#2157,.F.);
#3907 = ORIENTED_EDGE('',*,*,#3901,.F.);
#3908 = CYLINDRICAL_SURFACE('',#3909,0.6);
#3909 = AXIS2_PLACEMENT_3D('',#3910,#3911,#3912);
#3910 = CARTESIAN_POINT('',(-49.,4.8,-4.6E-02));
#3911 = DIRECTION('',(-0.,-0.,-1.));
#3912 = DIRECTION('',(-0.,-1.,0.));
#3913 = ADVANCED_FACE('',(#3914),#3925,.F.);
#3914 = FACE_BOUND('',#3915,.T.);
#3915 = EDGE_LOOP('',(#3916,#3917,#3923,#3924));
#3916 = ORIENTED_EDGE('',*,*,#915,.T.);
#3917 = ORIENTED_EDGE('',*,*,#3918,.T.);
#3918 = EDGE_CURVE('',#916,#2169,#3919,.T.);
#3919 = LINE('',#3920,#3921);
#3920 = CARTESIAN_POINT('',(-41.,4.2,-4.6E-02));
#3921 = VECTOR('',#3922,1.);
#3922 = DIRECTION('',(0.,0.,1.));
#3923 = ORIENTED_EDGE('',*,*,#2168,.F.);
#3924 = ORIENTED_EDGE('',*,*,#3918,.F.);
#3925 = CYLINDRICAL_SURFACE('',#3926,0.6);
#3926 = AXIS2_PLACEMENT_3D('',#3927,#3928,#3929);
#3927 = CARTESIAN_POINT('',(-41.,4.8,-4.6E-02));
#3928 = DIRECTION('',(-0.,-0.,-1.));
#3929 = DIRECTION('',(-0.,-1.,0.));
#3930 = ADVANCED_FACE('',(#3931),#3942,.F.);
#3931 = FACE_BOUND('',#3932,.T.);
#3932 = EDGE_LOOP('',(#3933,#3934,#3940,#3941));
#3933 = ORIENTED_EDGE('',*,*,#926,.T.);
#3934 = ORIENTED_EDGE('',*,*,#3935,.T.);
#3935 = EDGE_CURVE('',#927,#2180,#3936,.T.);
#3936 = LINE('',#3937,#3938);
#3937 = CARTESIAN_POINT('',(-31.,4.2,-4.6E-02));
#3938 = VECTOR('',#3939,1.);
#3939 = DIRECTION('',(0.,0.,1.));
#3940 = ORIENTED_EDGE('',*,*,#2179,.F.);
#3941 = ORIENTED_EDGE('',*,*,#3935,.F.);
#3942 = CYLINDRICAL_SURFACE('',#3943,0.6);
#3943 = AXIS2_PLACEMENT_3D('',#3944,#3945,#3946);
#3944 = CARTESIAN_POINT('',(-31.,4.8,-4.6E-02));
#3945 = DIRECTION('',(-0.,-0.,-1.));
#3946 = DIRECTION('',(-0.,-1.,0.));
#3947 = ADVANCED_FACE('',(#3948),#3959,.F.);
#3948 = FACE_BOUND('',#3949,.T.);
#3949 = EDGE_LOOP('',(#3950,#3951,#3957,#3958));
#3950 = ORIENTED_EDGE('',*,*,#937,.T.);
#3951 = ORIENTED_EDGE('',*,*,#3952,.T.);
#3952 = EDGE_CURVE('',#938,#2191,#3953,.T.);
#3953 = LINE('',#3954,#3955);
#3954 = CARTESIAN_POINT('',(-36.,6.3,-4.6E-02));
#3955 = VECTOR('',#3956,1.);
#3956 = DIRECTION('',(0.,0.,1.));
#3957 = ORIENTED_EDGE('',*,*,#2190,.F.);
#3958 = ORIENTED_EDGE('',*,*,#3952,.F.);
#3959 = CYLINDRICAL_SURFACE('',#3960,0.6);
#3960 = AXIS2_PLACEMENT_3D('',#3961,#3962,#3963);
#3961 = CARTESIAN_POINT('',(-36.,6.9,-4.6E-02));
#3962 = DIRECTION('',(-0.,-0.,-1.));
#3963 = DIRECTION('',(-0.,-1.,0.));
#3964 = ADVANCED_FACE('',(#3965),#3976,.F.);
#3965 = FACE_BOUND('',#3966,.T.);
#3966 = EDGE_LOOP('',(#3967,#3968,#3974,#3975));
#3967 = ORIENTED_EDGE('',*,*,#948,.T.);
#3968 = ORIENTED_EDGE('',*,*,#3969,.T.);
#3969 = EDGE_CURVE('',#949,#2202,#3970,.T.);
#3970 = LINE('',#3971,#3972);
#3971 = CARTESIAN_POINT('',(-23.5,11.05,-4.6E-02));
#3972 = VECTOR('',#3973,1.);
#3973 = DIRECTION('',(0.,0.,1.));
#3974 = ORIENTED_EDGE('',*,*,#2201,.F.);
#3975 = ORIENTED_EDGE('',*,*,#3969,.F.);
#3976 = CYLINDRICAL_SURFACE('',#3977,0.95);
#3977 = AXIS2_PLACEMENT_3D('',#3978,#3979,#3980);
#3978 = CARTESIAN_POINT('',(-23.5,12.,-4.6E-02));
#3979 = DIRECTION('',(-0.,-0.,-1.));
#3980 = DIRECTION('',(-0.,-1.,0.));
#3981 = ADVANCED_FACE('',(#3982),#3993,.F.);
#3982 = FACE_BOUND('',#3983,.T.);
#3983 = EDGE_LOOP('',(#3984,#3985,#3991,#3992));
#3984 = ORIENTED_EDGE('',*,*,#959,.T.);
#3985 = ORIENTED_EDGE('',*,*,#3986,.T.);
#3986 = EDGE_CURVE('',#960,#2213,#3987,.T.);
#3987 = LINE('',#3988,#3989);
#3988 = CARTESIAN_POINT('',(-18.,10.3,-4.6E-02));
#3989 = VECTOR('',#3990,1.);
#3990 = DIRECTION('',(0.,0.,1.));
#3991 = ORIENTED_EDGE('',*,*,#2212,.F.);
#3992 = ORIENTED_EDGE('',*,*,#3986,.F.);
#3993 = CYLINDRICAL_SURFACE('',#3994,1.7);
#3994 = AXIS2_PLACEMENT_3D('',#3995,#3996,#3997);
#3995 = CARTESIAN_POINT('',(-18.,12.,-4.6E-02));
#3996 = DIRECTION('',(-0.,-0.,-1.));
#3997 = DIRECTION('',(-0.,-1.,0.));
#3998 = ADVANCED_FACE('',(#3999),#4010,.F.);
#3999 = FACE_BOUND('',#4000,.T.);
#4000 = EDGE_LOOP('',(#4001,#4002,#4008,#4009));
#4001 = ORIENTED_EDGE('',*,*,#970,.T.);
#4002 = ORIENTED_EDGE('',*,*,#4003,.T.);
#4003 = EDGE_CURVE('',#971,#2224,#4004,.T.);
#4004 = LINE('',#4005,#4006);
#4005 = CARTESIAN_POINT('',(-5.,3.2,-4.6E-02));
#4006 = VECTOR('',#4007,1.);
#4007 = DIRECTION('',(0.,0.,1.));
#4008 = ORIENTED_EDGE('',*,*,#2223,.F.);
#4009 = ORIENTED_EDGE('',*,*,#4003,.F.);
#4010 = CYLINDRICAL_SURFACE('',#4011,0.6);
#4011 = AXIS2_PLACEMENT_3D('',#4012,#4013,#4014);
#4012 = CARTESIAN_POINT('',(-5.,3.8,-4.6E-02));
#4013 = DIRECTION('',(-0.,-0.,-1.));
#4014 = DIRECTION('',(-0.,-1.,0.));
#4015 = ADVANCED_FACE('',(#4016),#4027,.F.);
#4016 = FACE_BOUND('',#4017,.T.);
#4017 = EDGE_LOOP('',(#4018,#4019,#4025,#4026));
#4018 = ORIENTED_EDGE('',*,*,#981,.T.);
#4019 = ORIENTED_EDGE('',*,*,#4020,.T.);
#4020 = EDGE_CURVE('',#982,#2235,#4021,.T.);
#4021 = LINE('',#4022,#4023);
#4022 = CARTESIAN_POINT('',(3.851859888774E-33,5.3,-4.6E-02));
#4023 = VECTOR('',#4024,1.);
#4024 = DIRECTION('',(0.,0.,1.));
#4025 = ORIENTED_EDGE('',*,*,#2234,.F.);
#4026 = ORIENTED_EDGE('',*,*,#4020,.F.);
#4027 = CYLINDRICAL_SURFACE('',#4028,0.6);
#4028 = AXIS2_PLACEMENT_3D('',#4029,#4030,#4031);
#4029 = CARTESIAN_POINT('',(-6.432385362564E-18,5.9,-4.6E-02));
#4030 = DIRECTION('',(-0.,0.,-1.));
#4031 = DIRECTION('',(1.072064227094E-17,-1.,-0.));
#4032 = ADVANCED_FACE('',(#4033),#4044,.F.);
#4033 = FACE_BOUND('',#4034,.T.);
#4034 = EDGE_LOOP('',(#4035,#4036,#4042,#4043));
#4035 = ORIENTED_EDGE('',*,*,#992,.T.);
#4036 = ORIENTED_EDGE('',*,*,#4037,.T.);
#4037 = EDGE_CURVE('',#993,#2246,#4038,.T.);
#4038 = LINE('',#4039,#4040);
#4039 = CARTESIAN_POINT('',(-12.5,11.05,-4.6E-02));
#4040 = VECTOR('',#4041,1.);
#4041 = DIRECTION('',(0.,0.,1.));
#4042 = ORIENTED_EDGE('',*,*,#2245,.F.);
#4043 = ORIENTED_EDGE('',*,*,#4037,.F.);
#4044 = CYLINDRICAL_SURFACE('',#4045,0.95);
#4045 = AXIS2_PLACEMENT_3D('',#4046,#4047,#4048);
#4046 = CARTESIAN_POINT('',(-12.5,12.,-4.6E-02));
#4047 = DIRECTION('',(-0.,-0.,-1.));
#4048 = DIRECTION('',(-0.,-1.,0.));
#4049 = ADVANCED_FACE('',(#4050),#4061,.F.);
#4050 = FACE_BOUND('',#4051,.T.);
#4051 = EDGE_LOOP('',(#4052,#4053,#4059,#4060));
#4052 = ORIENTED_EDGE('',*,*,#1003,.T.);
#4053 = ORIENTED_EDGE('',*,*,#4054,.T.);
#4054 = EDGE_CURVE('',#1004,#2257,#4055,.T.);
#4055 = LINE('',#4056,#4057);
#4056 = CARTESIAN_POINT('',(-23.,15.2,-4.6E-02));
#4057 = VECTOR('',#4058,1.);
#4058 = DIRECTION('',(0.,0.,1.));
#4059 = ORIENTED_EDGE('',*,*,#2256,.F.);
#4060 = ORIENTED_EDGE('',*,*,#4054,.F.);
#4061 = CYLINDRICAL_SURFACE('',#4062,0.6);
#4062 = AXIS2_PLACEMENT_3D('',#4063,#4064,#4065);
#4063 = CARTESIAN_POINT('',(-23.,15.8,-4.6E-02));
#4064 = DIRECTION('',(-0.,-0.,-1.));
#4065 = DIRECTION('',(-0.,-1.,0.));
#4066 = ADVANCED_FACE('',(#4067),#4078,.F.);
#4067 = FACE_BOUND('',#4068,.T.);
#4068 = EDGE_LOOP('',(#4069,#4070,#4076,#4077));
#4069 = ORIENTED_EDGE('',*,*,#1014,.T.);
#4070 = ORIENTED_EDGE('',*,*,#4071,.T.);
#4071 = EDGE_CURVE('',#1015,#2268,#4072,.T.);
#4072 = LINE('',#4073,#4074);
#4073 = CARTESIAN_POINT('',(-18.,17.3,-4.6E-02));
#4074 = VECTOR('',#4075,1.);
#4075 = DIRECTION('',(0.,0.,1.));
#4076 = ORIENTED_EDGE('',*,*,#2267,.F.);
#4077 = ORIENTED_EDGE('',*,*,#4071,.F.);
#4078 = CYLINDRICAL_SURFACE('',#4079,0.6);
#4079 = AXIS2_PLACEMENT_3D('',#4080,#4081,#4082);
#4080 = CARTESIAN_POINT('',(-18.,17.9,-4.6E-02));
#4081 = DIRECTION('',(-0.,-0.,-1.));
#4082 = DIRECTION('',(-0.,-1.,0.));
#4083 = ADVANCED_FACE('',(#4084),#4095,.F.);
#4084 = FACE_BOUND('',#4085,.T.);
#4085 = EDGE_LOOP('',(#4086,#4087,#4093,#4094));
#4086 = ORIENTED_EDGE('',*,*,#1025,.T.);
#4087 = ORIENTED_EDGE('',*,*,#4088,.T.);
#4088 = EDGE_CURVE('',#1026,#2279,#4089,.T.);
#4089 = LINE('',#4090,#4091);
#4090 = CARTESIAN_POINT('',(-13.,15.2,-4.6E-02));
#4091 = VECTOR('',#4092,1.);
#4092 = DIRECTION('',(0.,0.,1.));
#4093 = ORIENTED_EDGE('',*,*,#2278,.F.);
#4094 = ORIENTED_EDGE('',*,*,#4088,.F.);
#4095 = CYLINDRICAL_SURFACE('',#4096,0.6);
#4096 = AXIS2_PLACEMENT_3D('',#4097,#4098,#4099);
#4097 = CARTESIAN_POINT('',(-13.,15.8,-4.6E-02));
#4098 = DIRECTION('',(-0.,-0.,-1.));
#4099 = DIRECTION('',(-0.,-1.,0.));
#4100 = ADVANCED_FACE('',(#4101),#4112,.F.);
#4101 = FACE_BOUND('',#4102,.T.);
#4102 = EDGE_LOOP('',(#4103,#4104,#4110,#4111));
#4103 = ORIENTED_EDGE('',*,*,#1036,.T.);
#4104 = ORIENTED_EDGE('',*,*,#4105,.T.);
#4105 = EDGE_CURVE('',#1037,#2290,#4106,.T.);
#4106 = LINE('',#4107,#4108);
#4107 = CARTESIAN_POINT('',(-5.5,16.05,-4.6E-02));
#4108 = VECTOR('',#4109,1.);
#4109 = DIRECTION('',(0.,0.,1.));
#4110 = ORIENTED_EDGE('',*,*,#2289,.F.);
#4111 = ORIENTED_EDGE('',*,*,#4105,.F.);
#4112 = CYLINDRICAL_SURFACE('',#4113,0.95);
#4113 = AXIS2_PLACEMENT_3D('',#4114,#4115,#4116);
#4114 = CARTESIAN_POINT('',(-5.5,17.,-4.6E-02));
#4115 = DIRECTION('',(-0.,-0.,-1.));
#4116 = DIRECTION('',(-0.,-1.,0.));
#4117 = ADVANCED_FACE('',(#4118),#4129,.F.);
#4118 = FACE_BOUND('',#4119,.T.);
#4119 = EDGE_LOOP('',(#4120,#4121,#4127,#4128));
#4120 = ORIENTED_EDGE('',*,*,#1047,.T.);
#4121 = ORIENTED_EDGE('',*,*,#4122,.T.);
#4122 = EDGE_CURVE('',#1048,#2301,#4123,.T.);
#4123 = LINE('',#4124,#4125);
#4124 = CARTESIAN_POINT('',(4.930380657631E-32,15.3,-4.6E-02));
#4125 = VECTOR('',#4126,1.);
#4126 = DIRECTION('',(0.,0.,1.));
#4127 = ORIENTED_EDGE('',*,*,#2300,.F.);
#4128 = ORIENTED_EDGE('',*,*,#4122,.F.);
#4129 = CYLINDRICAL_SURFACE('',#4130,1.7);
#4130 = AXIS2_PLACEMENT_3D('',#4131,#4132,#4133);
#4131 = CARTESIAN_POINT('',(-1.55561689064E-16,17.,-4.6E-02));
#4132 = DIRECTION('',(-0.,0.,-1.));
#4133 = DIRECTION('',(9.150687591999E-17,-1.,-0.));
#4134 = ADVANCED_FACE('',(#4135),#4146,.F.);
#4135 = FACE_BOUND('',#4136,.T.);
#4136 = EDGE_LOOP('',(#4137,#4138,#4144,#4145));
#4137 = ORIENTED_EDGE('',*,*,#1058,.T.);
#4138 = ORIENTED_EDGE('',*,*,#4139,.T.);
#4139 = EDGE_CURVE('',#1059,#2312,#4140,.T.);
#4140 = LINE('',#4141,#4142);
#4141 = CARTESIAN_POINT('',(-5.,20.2,-4.6E-02));
#4142 = VECTOR('',#4143,1.);
#4143 = DIRECTION('',(0.,0.,1.));
#4144 = ORIENTED_EDGE('',*,*,#2311,.F.);
#4145 = ORIENTED_EDGE('',*,*,#4139,.F.);
#4146 = CYLINDRICAL_SURFACE('',#4147,0.6);
#4147 = AXIS2_PLACEMENT_3D('',#4148,#4149,#4150);
#4148 = CARTESIAN_POINT('',(-5.,20.8,-4.6E-02));
#4149 = DIRECTION('',(-0.,-0.,-1.));
#4150 = DIRECTION('',(-0.,-1.,0.));
#4151 = ADVANCED_FACE('',(#4152),#4163,.F.);
#4152 = FACE_BOUND('',#4153,.T.);
#4153 = EDGE_LOOP('',(#4154,#4155,#4161,#4162));
#4154 = ORIENTED_EDGE('',*,*,#1069,.T.);
#4155 = ORIENTED_EDGE('',*,*,#4156,.T.);
#4156 = EDGE_CURVE('',#1070,#2323,#4157,.T.);
#4157 = LINE('',#4158,#4159);
#4158 = CARTESIAN_POINT('',(-4.314083075427E-32,22.3,-4.6E-02));
#4159 = VECTOR('',#4160,1.);
#4160 = DIRECTION('',(0.,0.,1.));
#4161 = ORIENTED_EDGE('',*,*,#2322,.F.);
#4162 = ORIENTED_EDGE('',*,*,#4156,.F.);
#4163 = CYLINDRICAL_SURFACE('',#4164,0.6);
#4164 = AXIS2_PLACEMENT_3D('',#4165,#4166,#4167);
#4165 = CARTESIAN_POINT('',(-2.998377224282E-17,22.9,-4.6E-02));
#4166 = DIRECTION('',(-0.,0.,-1.));
#4167 = DIRECTION('',(4.997295373803E-17,-1.,-0.));
#4168 = ADVANCED_FACE('',(#4169),#4180,.F.);
#4169 = FACE_BOUND('',#4170,.T.);
#4170 = EDGE_LOOP('',(#4171,#4172,#4178,#4179));
#4171 = ORIENTED_EDGE('',*,*,#1080,.T.);
#4172 = ORIENTED_EDGE('',*,*,#4173,.T.);
#4173 = EDGE_CURVE('',#1081,#2334,#4174,.T.);
#4174 = LINE('',#4175,#4176);
#4175 = CARTESIAN_POINT('',(12.5,-10.95,-4.6E-02));
#4176 = VECTOR('',#4177,1.);
#4177 = DIRECTION('',(0.,0.,1.));
#4178 = ORIENTED_EDGE('',*,*,#2333,.F.);
#4179 = ORIENTED_EDGE('',*,*,#4173,.F.);
#4180 = CYLINDRICAL_SURFACE('',#4181,0.95);
#4181 = AXIS2_PLACEMENT_3D('',#4182,#4183,#4184);
#4182 = CARTESIAN_POINT('',(12.5,-10.,-4.6E-02));
#4183 = DIRECTION('',(-0.,-0.,-1.));
#4184 = DIRECTION('',(-0.,-1.,0.));
#4185 = ADVANCED_FACE('',(#4186),#4197,.F.);
#4186 = FACE_BOUND('',#4187,.T.);
#4187 = EDGE_LOOP('',(#4188,#4189,#4195,#4196));
#4188 = ORIENTED_EDGE('',*,*,#1091,.T.);
#4189 = ORIENTED_EDGE('',*,*,#4190,.T.);
#4190 = EDGE_CURVE('',#1092,#2345,#4191,.T.);
#4191 = LINE('',#4192,#4193);
#4192 = CARTESIAN_POINT('',(18.,-11.7,-4.6E-02));
#4193 = VECTOR('',#4194,1.);
#4194 = DIRECTION('',(0.,0.,1.));
#4195 = ORIENTED_EDGE('',*,*,#2344,.F.);
#4196 = ORIENTED_EDGE('',*,*,#4190,.F.);
#4197 = CYLINDRICAL_SURFACE('',#4198,1.7);
#4198 = AXIS2_PLACEMENT_3D('',#4199,#4200,#4201);
#4199 = CARTESIAN_POINT('',(18.,-10.,-4.6E-02));
#4200 = DIRECTION('',(-0.,-0.,-1.));
#4201 = DIRECTION('',(-0.,-1.,0.));
#4202 = ADVANCED_FACE('',(#4203),#4214,.F.);
#4203 = FACE_BOUND('',#4204,.T.);
#4204 = EDGE_LOOP('',(#4205,#4206,#4212,#4213));
#4205 = ORIENTED_EDGE('',*,*,#1102,.T.);
#4206 = ORIENTED_EDGE('',*,*,#4207,.T.);
#4207 = EDGE_CURVE('',#1103,#2356,#4208,.T.);
#4208 = LINE('',#4209,#4210);
#4209 = CARTESIAN_POINT('',(23.5,-10.95,-4.6E-02));
#4210 = VECTOR('',#4211,1.);
#4211 = DIRECTION('',(0.,0.,1.));
#4212 = ORIENTED_EDGE('',*,*,#2355,.F.);
#4213 = ORIENTED_EDGE('',*,*,#4207,.F.);
#4214 = CYLINDRICAL_SURFACE('',#4215,0.95);
#4215 = AXIS2_PLACEMENT_3D('',#4216,#4217,#4218);
#4216 = CARTESIAN_POINT('',(23.5,-10.,-4.6E-02));
#4217 = DIRECTION('',(-0.,-0.,-1.));
#4218 = DIRECTION('',(-0.,-1.,0.));
#4219 = ADVANCED_FACE('',(#4220),#4231,.F.);
#4220 = FACE_BOUND('',#4221,.T.);
#4221 = EDGE_LOOP('',(#4222,#4223,#4229,#4230));
#4222 = ORIENTED_EDGE('',*,*,#1113,.T.);
#4223 = ORIENTED_EDGE('',*,*,#4224,.T.);
#4224 = EDGE_CURVE('',#1114,#2367,#4225,.T.);
#4225 = LINE('',#4226,#4227);
#4226 = CARTESIAN_POINT('',(30.5,-10.95,-4.6E-02));
#4227 = VECTOR('',#4228,1.);
#4228 = DIRECTION('',(0.,0.,1.));
#4229 = ORIENTED_EDGE('',*,*,#2366,.F.);
#4230 = ORIENTED_EDGE('',*,*,#4224,.F.);
#4231 = CYLINDRICAL_SURFACE('',#4232,0.95);
#4232 = AXIS2_PLACEMENT_3D('',#4233,#4234,#4235);
#4233 = CARTESIAN_POINT('',(30.5,-10.,-4.6E-02));
#4234 = DIRECTION('',(-0.,-0.,-1.));
#4235 = DIRECTION('',(-0.,-1.,0.));
#4236 = ADVANCED_FACE('',(#4237),#4248,.F.);
#4237 = FACE_BOUND('',#4238,.T.);
#4238 = EDGE_LOOP('',(#4239,#4240,#4246,#4247));
#4239 = ORIENTED_EDGE('',*,*,#1124,.T.);
#4240 = ORIENTED_EDGE('',*,*,#4241,.T.);
#4241 = EDGE_CURVE('',#1125,#2378,#4242,.T.);
#4242 = LINE('',#4243,#4244);
#4243 = CARTESIAN_POINT('',(13.,-6.8,-4.6E-02));
#4244 = VECTOR('',#4245,1.);
#4245 = DIRECTION('',(0.,0.,1.));
#4246 = ORIENTED_EDGE('',*,*,#2377,.F.);
#4247 = ORIENTED_EDGE('',*,*,#4241,.F.);
#4248 = CYLINDRICAL_SURFACE('',#4249,0.6);
#4249 = AXIS2_PLACEMENT_3D('',#4250,#4251,#4252);
#4250 = CARTESIAN_POINT('',(13.,-6.2,-4.6E-02));
#4251 = DIRECTION('',(-0.,-0.,-1.));
#4252 = DIRECTION('',(-0.,-1.,0.));
#4253 = ADVANCED_FACE('',(#4254),#4265,.F.);
#4254 = FACE_BOUND('',#4255,.T.);
#4255 = EDGE_LOOP('',(#4256,#4257,#4263,#4264));
#4256 = ORIENTED_EDGE('',*,*,#1135,.T.);
#4257 = ORIENTED_EDGE('',*,*,#4258,.T.);
#4258 = EDGE_CURVE('',#1136,#2389,#4259,.T.);
#4259 = LINE('',#4260,#4261);
#4260 = CARTESIAN_POINT('',(5.5,-0.95,-4.6E-02));
#4261 = VECTOR('',#4262,1.);
#4262 = DIRECTION('',(0.,0.,1.));
#4263 = ORIENTED_EDGE('',*,*,#2388,.F.);
#4264 = ORIENTED_EDGE('',*,*,#4258,.F.);
#4265 = CYLINDRICAL_SURFACE('',#4266,0.95);
#4266 = AXIS2_PLACEMENT_3D('',#4267,#4268,#4269);
#4267 = CARTESIAN_POINT('',(5.5,-3.414274405136E-17,-4.6E-02));
#4268 = DIRECTION('',(-0.,-0.,-1.));
#4269 = DIRECTION('',(-0.,-1.,0.));
#4270 = ADVANCED_FACE('',(#4271),#4282,.F.);
#4271 = FACE_BOUND('',#4272,.T.);
#4272 = EDGE_LOOP('',(#4273,#4274,#4280,#4281));
#4273 = ORIENTED_EDGE('',*,*,#1146,.T.);
#4274 = ORIENTED_EDGE('',*,*,#4275,.T.);
#4275 = EDGE_CURVE('',#1147,#2400,#4276,.T.);
#4276 = LINE('',#4277,#4278);
#4277 = CARTESIAN_POINT('',(23.,-6.8,-4.6E-02));
#4278 = VECTOR('',#4279,1.);
#4279 = DIRECTION('',(0.,0.,1.));
#4280 = ORIENTED_EDGE('',*,*,#2399,.F.);
#4281 = ORIENTED_EDGE('',*,*,#4275,.F.);
#4282 = CYLINDRICAL_SURFACE('',#4283,0.6);
#4283 = AXIS2_PLACEMENT_3D('',#4284,#4285,#4286);
#4284 = CARTESIAN_POINT('',(23.,-6.2,-4.6E-02));
#4285 = DIRECTION('',(-0.,-0.,-1.));
#4286 = DIRECTION('',(-0.,-1.,0.));
#4287 = ADVANCED_FACE('',(#4288),#4299,.F.);
#4288 = FACE_BOUND('',#4289,.T.);
#4289 = EDGE_LOOP('',(#4290,#4291,#4297,#4298));
#4290 = ORIENTED_EDGE('',*,*,#1157,.T.);
#4291 = ORIENTED_EDGE('',*,*,#4292,.T.);
#4292 = EDGE_CURVE('',#1158,#2411,#4293,.T.);
#4293 = LINE('',#4294,#4295);
#4294 = CARTESIAN_POINT('',(18.,-4.7,-4.6E-02));
#4295 = VECTOR('',#4296,1.);
#4296 = DIRECTION('',(0.,0.,1.));
#4297 = ORIENTED_EDGE('',*,*,#2410,.F.);
#4298 = ORIENTED_EDGE('',*,*,#4292,.F.);
#4299 = CYLINDRICAL_SURFACE('',#4300,0.6);
#4300 = AXIS2_PLACEMENT_3D('',#4301,#4302,#4303);
#4301 = CARTESIAN_POINT('',(18.,-4.1,-4.6E-02));
#4302 = DIRECTION('',(-0.,-0.,-1.));
#4303 = DIRECTION('',(-0.,-1.,0.));
#4304 = ADVANCED_FACE('',(#4305),#4316,.F.);
#4305 = FACE_BOUND('',#4306,.T.);
#4306 = EDGE_LOOP('',(#4307,#4308,#4314,#4315));
#4307 = ORIENTED_EDGE('',*,*,#1168,.T.);
#4308 = ORIENTED_EDGE('',*,*,#4309,.T.);
#4309 = EDGE_CURVE('',#1169,#2422,#4310,.T.);
#4310 = LINE('',#4311,#4312);
#4311 = CARTESIAN_POINT('',(31.,-6.8,-4.6E-02));
#4312 = VECTOR('',#4313,1.);
#4313 = DIRECTION('',(0.,0.,1.));
#4314 = ORIENTED_EDGE('',*,*,#2421,.F.);
#4315 = ORIENTED_EDGE('',*,*,#4309,.F.);
#4316 = CYLINDRICAL_SURFACE('',#4317,0.6);
#4317 = AXIS2_PLACEMENT_3D('',#4318,#4319,#4320);
#4318 = CARTESIAN_POINT('',(31.,-6.2,-4.6E-02));
#4319 = DIRECTION('',(-0.,-0.,-1.));
#4320 = DIRECTION('',(-0.,-1.,0.));
#4321 = ADVANCED_FACE('',(#4322),#4333,.F.);
#4322 = FACE_BOUND('',#4323,.T.);
#4323 = EDGE_LOOP('',(#4324,#4325,#4331,#4332));
#4324 = ORIENTED_EDGE('',*,*,#1179,.T.);
#4325 = ORIENTED_EDGE('',*,*,#4326,.T.);
#4326 = EDGE_CURVE('',#1180,#2433,#4327,.T.);
#4327 = LINE('',#4328,#4329);
#4328 = CARTESIAN_POINT('',(36.,-11.7,-4.6E-02));
#4329 = VECTOR('',#4330,1.);
#4330 = DIRECTION('',(0.,0.,1.));
#4331 = ORIENTED_EDGE('',*,*,#2432,.F.);
#4332 = ORIENTED_EDGE('',*,*,#4326,.F.);
#4333 = CYLINDRICAL_SURFACE('',#4334,1.7);
#4334 = AXIS2_PLACEMENT_3D('',#4335,#4336,#4337);
#4335 = CARTESIAN_POINT('',(36.,-10.,-4.6E-02));
#4336 = DIRECTION('',(-0.,-0.,-1.));
#4337 = DIRECTION('',(-0.,-1.,0.));
#4338 = ADVANCED_FACE('',(#4339),#4350,.F.);
#4339 = FACE_BOUND('',#4340,.T.);
#4340 = EDGE_LOOP('',(#4341,#4342,#4348,#4349));
#4341 = ORIENTED_EDGE('',*,*,#1190,.T.);
#4342 = ORIENTED_EDGE('',*,*,#4343,.T.);
#4343 = EDGE_CURVE('',#1191,#2444,#4344,.T.);
#4344 = LINE('',#4345,#4346);
#4345 = CARTESIAN_POINT('',(41.5,-10.95,-4.6E-02));
#4346 = VECTOR('',#4347,1.);
#4347 = DIRECTION('',(0.,0.,1.));
#4348 = ORIENTED_EDGE('',*,*,#2443,.F.);
#4349 = ORIENTED_EDGE('',*,*,#4343,.F.);
#4350 = CYLINDRICAL_SURFACE('',#4351,0.95);
#4351 = AXIS2_PLACEMENT_3D('',#4352,#4353,#4354);
#4352 = CARTESIAN_POINT('',(41.5,-10.,-4.6E-02));
#4353 = DIRECTION('',(-0.,-0.,-1.));
#4354 = DIRECTION('',(-0.,-1.,0.));
#4355 = ADVANCED_FACE('',(#4356),#4367,.F.);
#4356 = FACE_BOUND('',#4357,.T.);
#4357 = EDGE_LOOP('',(#4358,#4359,#4365,#4366));
#4358 = ORIENTED_EDGE('',*,*,#1201,.T.);
#4359 = ORIENTED_EDGE('',*,*,#4360,.T.);
#4360 = EDGE_CURVE('',#1202,#2455,#4361,.T.);
#4361 = LINE('',#4362,#4363);
#4362 = CARTESIAN_POINT('',(36.,-4.7,-4.6E-02));
#4363 = VECTOR('',#4364,1.);
#4364 = DIRECTION('',(0.,0.,1.));
#4365 = ORIENTED_EDGE('',*,*,#2454,.F.);
#4366 = ORIENTED_EDGE('',*,*,#4360,.F.);
#4367 = CYLINDRICAL_SURFACE('',#4368,0.6);
#4368 = AXIS2_PLACEMENT_3D('',#4369,#4370,#4371);
#4369 = CARTESIAN_POINT('',(36.,-4.1,-4.6E-02));
#4370 = DIRECTION('',(-0.,-0.,-1.));
#4371 = DIRECTION('',(-0.,-1.,0.));
#4372 = ADVANCED_FACE('',(#4373),#4384,.F.);
#4373 = FACE_BOUND('',#4374,.T.);
#4374 = EDGE_LOOP('',(#4375,#4376,#4382,#4383));
#4375 = ORIENTED_EDGE('',*,*,#1212,.T.);
#4376 = ORIENTED_EDGE('',*,*,#4377,.T.);
#4377 = EDGE_CURVE('',#1213,#2466,#4378,.T.);
#4378 = LINE('',#4379,#4380);
#4379 = CARTESIAN_POINT('',(41.,-6.8,-4.6E-02));
#4380 = VECTOR('',#4381,1.);
#4381 = DIRECTION('',(0.,0.,1.));
#4382 = ORIENTED_EDGE('',*,*,#2465,.F.);
#4383 = ORIENTED_EDGE('',*,*,#4377,.F.);
#4384 = CYLINDRICAL_SURFACE('',#4385,0.6);
#4385 = AXIS2_PLACEMENT_3D('',#4386,#4387,#4388);
#4386 = CARTESIAN_POINT('',(41.,-6.2,-4.6E-02));
#4387 = DIRECTION('',(-0.,-0.,-1.));
#4388 = DIRECTION('',(-0.,-1.,0.));
#4389 = ADVANCED_FACE('',(#4390),#4401,.F.);
#4390 = FACE_BOUND('',#4391,.T.);
#4391 = EDGE_LOOP('',(#4392,#4393,#4399,#4400));
#4392 = ORIENTED_EDGE('',*,*,#1223,.T.);
#4393 = ORIENTED_EDGE('',*,*,#4394,.T.);
#4394 = EDGE_CURVE('',#1224,#2477,#4395,.T.);
#4395 = LINE('',#4396,#4397);
#4396 = CARTESIAN_POINT('',(5.,3.2,-4.6E-02));
#4397 = VECTOR('',#4398,1.);
#4398 = DIRECTION('',(0.,0.,1.));
#4399 = ORIENTED_EDGE('',*,*,#2476,.F.);
#4400 = ORIENTED_EDGE('',*,*,#4394,.F.);
#4401 = CYLINDRICAL_SURFACE('',#4402,0.6);
#4402 = AXIS2_PLACEMENT_3D('',#4403,#4404,#4405);
#4403 = CARTESIAN_POINT('',(5.,3.8,-4.6E-02));
#4404 = DIRECTION('',(-0.,-0.,-1.));
#4405 = DIRECTION('',(-0.,-1.,0.));
#4406 = ADVANCED_FACE('',(#4407),#4418,.F.);
#4407 = FACE_BOUND('',#4408,.T.);
#4408 = EDGE_LOOP('',(#4409,#4410,#4416,#4417));
#4409 = ORIENTED_EDGE('',*,*,#1234,.T.);
#4410 = ORIENTED_EDGE('',*,*,#4411,.T.);
#4411 = EDGE_CURVE('',#1235,#2488,#4412,.T.);
#4412 = LINE('',#4413,#4414);
#4413 = CARTESIAN_POINT('',(12.5,6.05,-4.6E-02));
#4414 = VECTOR('',#4415,1.);
#4415 = DIRECTION('',(0.,0.,1.));
#4416 = ORIENTED_EDGE('',*,*,#2487,.F.);
#4417 = ORIENTED_EDGE('',*,*,#4411,.F.);
#4418 = CYLINDRICAL_SURFACE('',#4419,0.95);
#4419 = AXIS2_PLACEMENT_3D('',#4420,#4421,#4422);
#4420 = CARTESIAN_POINT('',(12.5,7.,-4.6E-02));
#4421 = DIRECTION('',(-0.,-0.,-1.));
#4422 = DIRECTION('',(-0.,-1.,0.));
#4423 = ADVANCED_FACE('',(#4424),#4435,.F.);
#4424 = FACE_BOUND('',#4425,.T.);
#4425 = EDGE_LOOP('',(#4426,#4427,#4433,#4434));
#4426 = ORIENTED_EDGE('',*,*,#1245,.T.);
#4427 = ORIENTED_EDGE('',*,*,#4428,.T.);
#4428 = EDGE_CURVE('',#1246,#2499,#4429,.T.);
#4429 = LINE('',#4430,#4431);
#4430 = CARTESIAN_POINT('',(13.,10.2,-4.6E-02));
#4431 = VECTOR('',#4432,1.);
#4432 = DIRECTION('',(0.,0.,1.));
#4433 = ORIENTED_EDGE('',*,*,#2498,.F.);
#4434 = ORIENTED_EDGE('',*,*,#4428,.F.);
#4435 = CYLINDRICAL_SURFACE('',#4436,0.6);
#4436 = AXIS2_PLACEMENT_3D('',#4437,#4438,#4439);
#4437 = CARTESIAN_POINT('',(13.,10.8,-4.6E-02));
#4438 = DIRECTION('',(-0.,-0.,-1.));
#4439 = DIRECTION('',(-0.,-1.,0.));
#4440 = ADVANCED_FACE('',(#4441),#4452,.F.);
#4441 = FACE_BOUND('',#4442,.T.);
#4442 = EDGE_LOOP('',(#4443,#4444,#4450,#4451));
#4443 = ORIENTED_EDGE('',*,*,#1256,.T.);
#4444 = ORIENTED_EDGE('',*,*,#4445,.T.);
#4445 = EDGE_CURVE('',#1257,#2510,#4446,.T.);
#4446 = LINE('',#4447,#4448);
#4447 = CARTESIAN_POINT('',(18.,5.3,-4.6E-02));
#4448 = VECTOR('',#4449,1.);
#4449 = DIRECTION('',(0.,0.,1.));
#4450 = ORIENTED_EDGE('',*,*,#2509,.F.);
#4451 = ORIENTED_EDGE('',*,*,#4445,.F.);
#4452 = CYLINDRICAL_SURFACE('',#4453,1.7);
#4453 = AXIS2_PLACEMENT_3D('',#4454,#4455,#4456);
#4454 = CARTESIAN_POINT('',(18.,7.,-4.6E-02));
#4455 = DIRECTION('',(-0.,-0.,-1.));
#4456 = DIRECTION('',(-0.,-1.,0.));
#4457 = ADVANCED_FACE('',(#4458),#4469,.F.);
#4458 = FACE_BOUND('',#4459,.T.);
#4459 = EDGE_LOOP('',(#4460,#4461,#4467,#4468));
#4460 = ORIENTED_EDGE('',*,*,#1267,.T.);
#4461 = ORIENTED_EDGE('',*,*,#4462,.T.);
#4462 = EDGE_CURVE('',#1268,#2521,#4463,.T.);
#4463 = LINE('',#4464,#4465);
#4464 = CARTESIAN_POINT('',(23.5,6.05,-4.6E-02));
#4465 = VECTOR('',#4466,1.);
#4466 = DIRECTION('',(0.,0.,1.));
#4467 = ORIENTED_EDGE('',*,*,#2520,.F.);
#4468 = ORIENTED_EDGE('',*,*,#4462,.F.);
#4469 = CYLINDRICAL_SURFACE('',#4470,0.95);
#4470 = AXIS2_PLACEMENT_3D('',#4471,#4472,#4473);
#4471 = CARTESIAN_POINT('',(23.5,7.,-4.6E-02));
#4472 = DIRECTION('',(-0.,-0.,-1.));
#4473 = DIRECTION('',(-0.,-1.,0.));
#4474 = ADVANCED_FACE('',(#4475),#4486,.F.);
#4475 = FACE_BOUND('',#4476,.T.);
#4476 = EDGE_LOOP('',(#4477,#4478,#4484,#4485));
#4477 = ORIENTED_EDGE('',*,*,#1278,.T.);
#4478 = ORIENTED_EDGE('',*,*,#4479,.T.);
#4479 = EDGE_CURVE('',#1279,#2532,#4480,.T.);
#4480 = LINE('',#4481,#4482);
#4481 = CARTESIAN_POINT('',(30.5,6.05,-4.6E-02));
#4482 = VECTOR('',#4483,1.);
#4483 = DIRECTION('',(0.,0.,1.));
#4484 = ORIENTED_EDGE('',*,*,#2531,.F.);
#4485 = ORIENTED_EDGE('',*,*,#4479,.F.);
#4486 = CYLINDRICAL_SURFACE('',#4487,0.95);
#4487 = AXIS2_PLACEMENT_3D('',#4488,#4489,#4490);
#4488 = CARTESIAN_POINT('',(30.5,7.,-4.6E-02));
#4489 = DIRECTION('',(-0.,-0.,-1.));
#4490 = DIRECTION('',(-0.,-1.,0.));
#4491 = ADVANCED_FACE('',(#4492),#4503,.F.);
#4492 = FACE_BOUND('',#4493,.T.);
#4493 = EDGE_LOOP('',(#4494,#4495,#4501,#4502));
#4494 = ORIENTED_EDGE('',*,*,#1289,.T.);
#4495 = ORIENTED_EDGE('',*,*,#4496,.T.);
#4496 = EDGE_CURVE('',#1290,#2543,#4497,.T.);
#4497 = LINE('',#4498,#4499);
#4498 = CARTESIAN_POINT('',(18.,12.3,-4.6E-02));
#4499 = VECTOR('',#4500,1.);
#4500 = DIRECTION('',(0.,0.,1.));
#4501 = ORIENTED_EDGE('',*,*,#2542,.F.);
#4502 = ORIENTED_EDGE('',*,*,#4496,.F.);
#4503 = CYLINDRICAL_SURFACE('',#4504,0.6);
#4504 = AXIS2_PLACEMENT_3D('',#4505,#4506,#4507);
#4505 = CARTESIAN_POINT('',(18.,12.9,-4.6E-02));
#4506 = DIRECTION('',(-0.,-0.,-1.));
#4507 = DIRECTION('',(-0.,-1.,0.));
#4508 = ADVANCED_FACE('',(#4509),#4520,.F.);
#4509 = FACE_BOUND('',#4510,.T.);
#4510 = EDGE_LOOP('',(#4511,#4512,#4518,#4519));
#4511 = ORIENTED_EDGE('',*,*,#1300,.T.);
#4512 = ORIENTED_EDGE('',*,*,#4513,.T.);
#4513 = EDGE_CURVE('',#1301,#2554,#4514,.T.);
#4514 = LINE('',#4515,#4516);
#4515 = CARTESIAN_POINT('',(23.,10.2,-4.6E-02));
#4516 = VECTOR('',#4517,1.);
#4517 = DIRECTION('',(0.,0.,1.));
#4518 = ORIENTED_EDGE('',*,*,#2553,.F.);
#4519 = ORIENTED_EDGE('',*,*,#4513,.F.);
#4520 = CYLINDRICAL_SURFACE('',#4521,0.6);
#4521 = AXIS2_PLACEMENT_3D('',#4522,#4523,#4524);
#4522 = CARTESIAN_POINT('',(23.,10.8,-4.6E-02));
#4523 = DIRECTION('',(-0.,-0.,-1.));
#4524 = DIRECTION('',(-0.,-1.,0.));
#4525 = ADVANCED_FACE('',(#4526),#4537,.F.);
#4526 = FACE_BOUND('',#4527,.T.);
#4527 = EDGE_LOOP('',(#4528,#4529,#4535,#4536));
#4528 = ORIENTED_EDGE('',*,*,#1311,.T.);
#4529 = ORIENTED_EDGE('',*,*,#4530,.T.);
#4530 = EDGE_CURVE('',#1312,#2565,#4531,.T.);
#4531 = LINE('',#4532,#4533);
#4532 = CARTESIAN_POINT('',(31.,10.2,-4.6E-02));
#4533 = VECTOR('',#4534,1.);
#4534 = DIRECTION('',(0.,0.,1.));
#4535 = ORIENTED_EDGE('',*,*,#2564,.F.);
#4536 = ORIENTED_EDGE('',*,*,#4530,.F.);
#4537 = CYLINDRICAL_SURFACE('',#4538,0.6);
#4538 = AXIS2_PLACEMENT_3D('',#4539,#4540,#4541);
#4539 = CARTESIAN_POINT('',(31.,10.8,-4.6E-02));
#4540 = DIRECTION('',(-0.,-0.,-1.));
#4541 = DIRECTION('',(-0.,-1.,0.));
#4542 = ADVANCED_FACE('',(#4543),#4554,.F.);
#4543 = FACE_BOUND('',#4544,.T.);
#4544 = EDGE_LOOP('',(#4545,#4546,#4552,#4553));
#4545 = ORIENTED_EDGE('',*,*,#1322,.T.);
#4546 = ORIENTED_EDGE('',*,*,#4547,.T.);
#4547 = EDGE_CURVE('',#1323,#2576,#4548,.T.);
#4548 = LINE('',#4549,#4550);
#4549 = CARTESIAN_POINT('',(5.5,16.05,-4.6E-02));
#4550 = VECTOR('',#4551,1.);
#4551 = DIRECTION('',(0.,0.,1.));
#4552 = ORIENTED_EDGE('',*,*,#2575,.F.);
#4553 = ORIENTED_EDGE('',*,*,#4547,.F.);
#4554 = CYLINDRICAL_SURFACE('',#4555,0.95);
#4555 = AXIS2_PLACEMENT_3D('',#4556,#4557,#4558);
#4556 = CARTESIAN_POINT('',(5.5,17.,-4.6E-02));
#4557 = DIRECTION('',(-0.,-0.,-1.));
#4558 = DIRECTION('',(-0.,-1.,0.));
#4559 = ADVANCED_FACE('',(#4560),#4571,.F.);
#4560 = FACE_BOUND('',#4561,.T.);
#4561 = EDGE_LOOP('',(#4562,#4563,#4569,#4570));
#4562 = ORIENTED_EDGE('',*,*,#1333,.T.);
#4563 = ORIENTED_EDGE('',*,*,#4564,.T.);
#4564 = EDGE_CURVE('',#1334,#2587,#4565,.T.);
#4565 = LINE('',#4566,#4567);
#4566 = CARTESIAN_POINT('',(5.,20.2,-4.6E-02));
#4567 = VECTOR('',#4568,1.);
#4568 = DIRECTION('',(0.,0.,1.));
#4569 = ORIENTED_EDGE('',*,*,#2586,.F.);
#4570 = ORIENTED_EDGE('',*,*,#4564,.F.);
#4571 = CYLINDRICAL_SURFACE('',#4572,0.6);
#4572 = AXIS2_PLACEMENT_3D('',#4573,#4574,#4575);
#4573 = CARTESIAN_POINT('',(5.,20.8,-4.6E-02));
#4574 = DIRECTION('',(-0.,-0.,-1.));
#4575 = DIRECTION('',(-0.,-1.,0.));
#4576 = ADVANCED_FACE('',(#4577),#4588,.F.);
#4577 = FACE_BOUND('',#4578,.T.);
#4578 = EDGE_LOOP('',(#4579,#4580,#4586,#4587));
#4579 = ORIENTED_EDGE('',*,*,#1344,.T.);
#4580 = ORIENTED_EDGE('',*,*,#4581,.T.);
#4581 = EDGE_CURVE('',#1345,#2598,#4582,.T.);
#4582 = LINE('',#4583,#4584);
#4583 = CARTESIAN_POINT('',(36.,5.3,-4.6E-02));
#4584 = VECTOR('',#4585,1.);
#4585 = DIRECTION('',(0.,0.,1.));
#4586 = ORIENTED_EDGE('',*,*,#2597,.F.);
#4587 = ORIENTED_EDGE('',*,*,#4581,.F.);
#4588 = CYLINDRICAL_SURFACE('',#4589,1.7);
#4589 = AXIS2_PLACEMENT_3D('',#4590,#4591,#4592);
#4590 = CARTESIAN_POINT('',(36.,7.,-4.6E-02));
#4591 = DIRECTION('',(-0.,-0.,-1.));
#4592 = DIRECTION('',(-0.,-1.,0.));
#4593 = ADVANCED_FACE('',(#4594),#4605,.F.);
#4594 = FACE_BOUND('',#4595,.T.);
#4595 = EDGE_LOOP('',(#4596,#4597,#4603,#4604));
#4596 = ORIENTED_EDGE('',*,*,#1355,.T.);
#4597 = ORIENTED_EDGE('',*,*,#4598,.T.);
#4598 = EDGE_CURVE('',#1356,#2609,#4599,.T.);
#4599 = LINE('',#4600,#4601);
#4600 = CARTESIAN_POINT('',(41.5,6.05,-4.6E-02));
#4601 = VECTOR('',#4602,1.);
#4602 = DIRECTION('',(0.,0.,1.));
#4603 = ORIENTED_EDGE('',*,*,#2608,.F.);
#4604 = ORIENTED_EDGE('',*,*,#4598,.F.);
#4605 = CYLINDRICAL_SURFACE('',#4606,0.95);
#4606 = AXIS2_PLACEMENT_3D('',#4607,#4608,#4609);
#4607 = CARTESIAN_POINT('',(41.5,7.,-4.6E-02));
#4608 = DIRECTION('',(-0.,-0.,-1.));
#4609 = DIRECTION('',(-0.,-1.,0.));
#4610 = ADVANCED_FACE('',(#4611),#4622,.F.);
#4611 = FACE_BOUND('',#4612,.T.);
#4612 = EDGE_LOOP('',(#4613,#4614,#4620,#4621));
#4613 = ORIENTED_EDGE('',*,*,#1366,.T.);
#4614 = ORIENTED_EDGE('',*,*,#4615,.T.);
#4615 = EDGE_CURVE('',#1367,#2620,#4616,.T.);
#4616 = LINE('',#4617,#4618);
#4617 = CARTESIAN_POINT('',(36.,12.3,-4.6E-02));
#4618 = VECTOR('',#4619,1.);
#4619 = DIRECTION('',(0.,0.,1.));
#4620 = ORIENTED_EDGE('',*,*,#2619,.F.);
#4621 = ORIENTED_EDGE('',*,*,#4615,.F.);
#4622 = CYLINDRICAL_SURFACE('',#4623,0.6);
#4623 = AXIS2_PLACEMENT_3D('',#4624,#4625,#4626);
#4624 = CARTESIAN_POINT('',(36.,12.9,-4.6E-02));
#4625 = DIRECTION('',(-0.,-0.,-1.));
#4626 = DIRECTION('',(-0.,-1.,0.));
#4627 = ADVANCED_FACE('',(#4628),#4639,.F.);
#4628 = FACE_BOUND('',#4629,.T.);
#4629 = EDGE_LOOP('',(#4630,#4631,#4637,#4638));
#4630 = ORIENTED_EDGE('',*,*,#1377,.T.);
#4631 = ORIENTED_EDGE('',*,*,#4632,.T.);
#4632 = EDGE_CURVE('',#1378,#2631,#4633,.T.);
#4633 = LINE('',#4634,#4635);
#4634 = CARTESIAN_POINT('',(41.,10.2,-4.6E-02));
#4635 = VECTOR('',#4636,1.);
#4636 = DIRECTION('',(0.,0.,1.));
#4637 = ORIENTED_EDGE('',*,*,#2630,.F.);
#4638 = ORIENTED_EDGE('',*,*,#4632,.F.);
#4639 = CYLINDRICAL_SURFACE('',#4640,0.6);
#4640 = AXIS2_PLACEMENT_3D('',#4641,#4642,#4643);
#4641 = CARTESIAN_POINT('',(41.,10.8,-4.6E-02));
#4642 = DIRECTION('',(-0.,-0.,-1.));
#4643 = DIRECTION('',(-0.,-1.,0.));
#4644 = ( GEOMETRIC_REPRESENTATION_CONTEXT(3) 
GLOBAL_UNCERTAINTY_ASSIGNED_CONTEXT((#4648)) 
GLOBAL_UNIT_ASSIGNED_CONTEXT((#4645,#4646,#4647)) REPRESENTATION_CONTEXT
('Context #1','3D Context with UNIT and UNCERTAINTY') );
#4645 = ( LENGTH_UNIT() NAMED_UNIT(*) SI_UNIT(.MILLI.,.METRE.) );
#4646 = ( NAMED_UNIT(*) PLANE_ANGLE_UNIT() SI_UNIT($,.RADIAN.) );
#4647 = ( NAMED_UNIT(*) SI_UNIT($,.STERADIAN.) SOLID_ANGLE_UNIT() );
#4648 = UNCERTAINTY_MEASURE_WITH_UNIT(LENGTH_MEASURE(1.E-07),#4645,
  'distance_accuracy_value','confusion accuracy');
#4649 = CONTEXT_DEPENDENT_SHAPE_REPRESENTATION(#4650,#4652);
#4650 = ( REPRESENTATION_RELATIONSHIP('','',#32,#10) 
REPRESENTATION_RELATIONSHIP_WITH_TRANSFORMATION(#4651) 
SHAPE_REPRESENTATION_RELATIONSHIP() );
#4651 = ITEM_DEFINED_TRANSFORMATION('','',#11,#15);
#4652 = PRODUCT_DEFINITION_SHAPE('Placement','Placement of an item',
  #4653);
#4653 = NEXT_ASSEMBLY_USAGE_OCCURRENCE('1','=>[0:1:1:2]','',#5,#27,$);
#4654 = PRODUCT_RELATED_PRODUCT_CATEGORY('part',$,(#29));
#4655 = MECHANICAL_DESIGN_GEOMETRIC_PRESENTATION_REPRESENTATION('',(
    #4656),#4644);
#4656 = STYLED_ITEM('color',(#4657),#33);
#4657 = PRESENTATION_STYLE_ASSIGNMENT((#4658));
#4658 = SURFACE_STYLE_USAGE(.BOTH.,#4659);
#4659 = SURFACE_SIDE_STYLE('',(#4660));
#4660 = SURFACE_STYLE_FILL_AREA(#4661);
#4661 = FILL_AREA_STYLE('',(#4662));
#4662 = FILL_AREA_STYLE_COLOUR('',#4663);
#4663 = COLOUR_RGB('',0.313304153717,0.484529207832,0.410020903123);
ENDSEC;
END-ISO-10303-21;
