ISO-10303-21;
HEADER;
FILE_DESCRIPTION(('KiCad electronic assembly'),'2;1');
FILE_NAME('jolt3-left.step','2025-02-04T00:17:56',('Pcbnew'),('Kicad'),
  'Open CASCADE STEP processor 7.8','KiCad to STEP converter','Unknown'
  );
FILE_SCHEMA(('AUTOMOTIVE_DESIGN { 1 0 10303 214 1 1 1 1 }'));
ENDSEC;
DATA;
#1 = APPLICATION_PROTOCOL_DEFINITION('international standard',
  'automotive_design',2000,#2);
#2 = APPLICATION_CONTEXT(
  'core data for automotive mechanical design processes');
#3 = SHAPE_DEFINITION_REPRESENTATION(#4,#10);
#4 = PRODUCT_DEFINITION_SHAPE('','',#5);
#5 = PRODUCT_DEFINITION('design','',#6,#9);
#6 = PRODUCT_DEFINITION_FORMATION('','',#7);
#7 = PRODUCT('jolt3-left 1','jolt3-left 1','',(#8));
#8 = PRODUCT_CONTEXT('',#2,'mechanical');
#9 = PRODUCT_DEFINITION_CONTEXT('part definition',#2,'design');
#10 = SHAPE_REPRESENTATION('',(#11,#15,#19,#23,#27,#31,#35,#39,#43,#47,
    #51,#55,#59,#63,#67,#71,#75,#79,#83,#87,#91,#95,#99,#103,#107,#111,
    #115,#119,#123,#127,#131,#135),#139);
#11 = AXIS2_PLACEMENT_3D('',#12,#13,#14);
#12 = CARTESIAN_POINT('',(0.,0.,0.));
#13 = DIRECTION('',(0.,0.,1.));
#14 = DIRECTION('',(1.,0.,-0.));
#15 = AXIS2_PLACEMENT_3D('',#16,#17,#18);
#16 = CARTESIAN_POINT('',(65.7,-20.5,1.65));
#17 = DIRECTION('',(0.,0.,1.));
#18 = DIRECTION('',(1.,0.,0.));
#19 = AXIS2_PLACEMENT_3D('',#20,#21,#22);
#20 = CARTESIAN_POINT('',(-5.,28.,1.65));
#21 = DIRECTION('',(0.,-0.,1.));
#22 = DIRECTION('',(1.110223024625E-16,1.,0.));
#23 = AXIS2_PLACEMENT_3D('',#24,#25,#26);
#24 = CARTESIAN_POINT('',(13.,-33.,1.65));
#25 = DIRECTION('',(0.,-0.,1.));
#26 = DIRECTION('',(1.110223024625E-16,1.,0.));
#27 = AXIS2_PLACEMENT_3D('',#28,#29,#30);
#28 = CARTESIAN_POINT('',(65.7,-18.8,1.65));
#29 = DIRECTION('',(0.,0.,1.));
#30 = DIRECTION('',(1.,0.,0.));
#31 = AXIS2_PLACEMENT_3D('',#32,#33,#34);
#32 = CARTESIAN_POINT('',(-11.,24.,1.65));
#33 = DIRECTION('',(-0.,0.,1.));
#34 = DIRECTION('',(1.110223024625E-16,-1.,0.));
#35 = AXIS2_PLACEMENT_3D('',#36,#37,#38);
#36 = CARTESIAN_POINT('',(65.150895,-50.060515,1.65));
#37 = DIRECTION('',(-0.,0.,1.));
#38 = DIRECTION('',(0.984807753012,-0.173648177667,0.));
#39 = AXIS2_PLACEMENT_3D('',#40,#41,#42);
#40 = CARTESIAN_POINT('',(-41.,15.,1.65));
#41 = DIRECTION('',(0.,-0.,1.));
#42 = DIRECTION('',(1.110223024625E-16,1.,0.));
#43 = AXIS2_PLACEMENT_3D('',#44,#45,#46);
#44 = CARTESIAN_POINT('',(-59.,15.,1.65));
#45 = DIRECTION('',(0.,-0.,1.));
#46 = DIRECTION('',(1.110223024625E-16,1.,0.));
#47 = AXIS2_PLACEMENT_3D('',#48,#49,#50);
#48 = CARTESIAN_POINT('',(-23.,-33.,1.65));
#49 = DIRECTION('',(0.,-0.,1.));
#50 = DIRECTION('',(1.110223024625E-16,1.,0.));
#51 = AXIS2_PLACEMENT_3D('',#52,#53,#54);
#52 = CARTESIAN_POINT('',(-47.,15.,1.65));
#53 = DIRECTION('',(-0.,0.,1.));
#54 = DIRECTION('',(1.110223024625E-16,-1.,0.));
#55 = AXIS2_PLACEMENT_3D('',#56,#57,#58);
#56 = CARTESIAN_POINT('',(-23.,24.,1.65));
#57 = DIRECTION('',(0.,-0.,1.));
#58 = DIRECTION('',(1.110223024625E-16,1.,0.));
#59 = AXIS2_PLACEMENT_3D('',#60,#61,#62);
#60 = CARTESIAN_POINT('',(31.,24.,1.65));
#61 = DIRECTION('',(0.,-0.,1.));
#62 = DIRECTION('',(1.110223024625E-16,1.,0.));
#63 = AXIS2_PLACEMENT_3D('',#64,#65,#66);
#64 = CARTESIAN_POINT('',(25.,24.,1.65));
#65 = DIRECTION('',(-0.,0.,1.));
#66 = DIRECTION('',(1.110223024625E-16,-1.,0.));
#67 = AXIS2_PLACEMENT_3D('',#68,#69,#70);
#68 = CARTESIAN_POINT('',(7.,-29.,1.65));
#69 = DIRECTION('',(-0.,0.,1.));
#70 = DIRECTION('',(1.110223024625E-16,-1.,0.));
#71 = AXIS2_PLACEMENT_3D('',#72,#73,#74);
#72 = CARTESIAN_POINT('',(6.933075,-51.980261,1.65));
#73 = DIRECTION('',(0.,0.,1.));
#74 = DIRECTION('',(-0.984807753012,0.173648177667,0.));
#75 = AXIS2_PLACEMENT_3D('',#76,#77,#78);
#76 = CARTESIAN_POINT('',(63.067117,-61.878208,1.65));
#77 = DIRECTION('',(0.,0.,1.));
#78 = DIRECTION('',(-0.984807753012,0.173648177667,0.));
#79 = AXIS2_PLACEMENT_3D('',#80,#81,#82);
#80 = CARTESIAN_POINT('',(13.,24.,1.65));
#81 = DIRECTION('',(0.,-0.,1.));
#82 = DIRECTION('',(1.110223024625E-16,1.,0.));
#83 = AXIS2_PLACEMENT_3D('',#84,#85,#86);
#84 = CARTESIAN_POINT('',(-29.,-42.,1.65));
#85 = DIRECTION('',(-0.,0.,1.));
#86 = DIRECTION('',(1.110223024625E-16,-1.,0.));
#87 = AXIS2_PLACEMENT_3D('',#88,#89,#90);
#88 = CARTESIAN_POINT('',(43.,24.,1.65));
#89 = DIRECTION('',(-0.,0.,1.));
#90 = DIRECTION('',(1.110223024625E-16,-1.,0.));
#91 = AXIS2_PLACEMENT_3D('',#92,#93,#94);
#92 = CARTESIAN_POINT('',(-11.,-33.,1.65));
#93 = DIRECTION('',(-0.,0.,1.));
#94 = DIRECTION('',(1.110223024625E-16,-1.,0.));
#95 = AXIS2_PLACEMENT_3D('',#96,#97,#98);
#96 = CARTESIAN_POINT('',(-29.,15.,1.65));
#97 = DIRECTION('',(-0.,0.,1.));
#98 = DIRECTION('',(1.110223024625E-16,-1.,0.));
#99 = AXIS2_PLACEMENT_3D('',#100,#101,#102);
#100 = CARTESIAN_POINT('',(31.,-33.,1.65));
#101 = DIRECTION('',(0.,-0.,1.));
#102 = DIRECTION('',(1.110223024625E-16,1.,0.));
#103 = AXIS2_PLACEMENT_3D('',#104,#105,#106);
#104 = CARTESIAN_POINT('',(-47.,-42.,1.65));
#105 = DIRECTION('',(-0.,0.,1.));
#106 = DIRECTION('',(1.110223024625E-16,-1.,0.));
#107 = AXIS2_PLACEMENT_3D('',#108,#109,#110);
#108 = CARTESIAN_POINT('',(25.,-33.,1.65));
#109 = DIRECTION('',(-0.,0.,1.));
#110 = DIRECTION('',(1.110223024625E-16,-1.,0.));
#111 = AXIS2_PLACEMENT_3D('',#112,#113,#114);
#112 = CARTESIAN_POINT('',(-5.,-29.,1.65));
#113 = DIRECTION('',(0.,-0.,1.));
#114 = DIRECTION('',(1.110223024625E-16,1.,0.));
#115 = AXIS2_PLACEMENT_3D('',#116,#117,#118);
#116 = CARTESIAN_POINT('',(-59.,-42.,1.65));
#117 = DIRECTION('',(0.,-0.,1.));
#118 = DIRECTION('',(1.110223024625E-16,1.,0.));
#119 = AXIS2_PLACEMENT_3D('',#120,#121,#122);
#120 = CARTESIAN_POINT('',(43.,-33.,1.65));
#121 = DIRECTION('',(-0.,0.,1.));
#122 = DIRECTION('',(1.110223024625E-16,-1.,0.));
#123 = AXIS2_PLACEMENT_3D('',#124,#125,#126);
#124 = CARTESIAN_POINT('',(-41.,-42.,1.65));
#125 = DIRECTION('',(0.,-0.,1.));
#126 = DIRECTION('',(1.110223024625E-16,1.,0.));
#127 = AXIS2_PLACEMENT_3D('',#128,#129,#130);
#128 = CARTESIAN_POINT('',(9.016853,-40.162568,1.65));
#129 = DIRECTION('',(-0.,0.,1.));
#130 = DIRECTION('',(0.984807753012,-0.173648177667,0.));
#131 = AXIS2_PLACEMENT_3D('',#132,#133,#134);
#132 = CARTESIAN_POINT('',(7.,28.,1.65));
#133 = DIRECTION('',(-0.,0.,1.));
#134 = DIRECTION('',(1.110223024625E-16,-1.,0.));
#135 = AXIS2_PLACEMENT_3D('',#136,#137,#138);
#136 = CARTESIAN_POINT('',(0.,0.,0.));
#137 = DIRECTION('',(0.,0.,1.));
#138 = DIRECTION('',(1.,0.,-0.));
#139 = ( GEOMETRIC_REPRESENTATION_CONTEXT(3) 
GLOBAL_UNCERTAINTY_ASSIGNED_CONTEXT((#143)) GLOBAL_UNIT_ASSIGNED_CONTEXT
((#140,#141,#142)) REPRESENTATION_CONTEXT('Context #1',
  '3D Context with UNIT and UNCERTAINTY') );
#140 = ( LENGTH_UNIT() NAMED_UNIT(*) SI_UNIT(.MILLI.,.METRE.) );
#141 = ( NAMED_UNIT(*) PLANE_ANGLE_UNIT() SI_UNIT($,.RADIAN.) );
#142 = ( NAMED_UNIT(*) SI_UNIT($,.STERADIAN.) SOLID_ANGLE_UNIT() );
#143 = UNCERTAINTY_MEASURE_WITH_UNIT(LENGTH_MEASURE(1.E-06),#140,
  'distance_accuracy_value','confusion accuracy');
#144 = PRODUCT_RELATED_PRODUCT_CATEGORY('part',$,(#7));
#145 = SHAPE_DEFINITION_REPRESENTATION(#146,#152);
#146 = PRODUCT_DEFINITION_SHAPE('','',#147);
#147 = PRODUCT_DEFINITION('design','',#148,#151);
#148 = PRODUCT_DEFINITION_FORMATION('','',#149);
#149 = PRODUCT('R_0603_1608Metric','R_0603_1608Metric','',(#150));
#150 = PRODUCT_CONTEXT('',#2,'mechanical');
#151 = PRODUCT_DEFINITION_CONTEXT('part definition',#2,'design');
#152 = SHAPE_REPRESENTATION('',(#11,#153),#157);
#153 = AXIS2_PLACEMENT_3D('',#154,#155,#156);
#154 = CARTESIAN_POINT('',(0.,0.,0.));
#155 = DIRECTION('',(0.,0.,1.));
#156 = DIRECTION('',(1.,0.,-0.));
#157 = ( GEOMETRIC_REPRESENTATION_CONTEXT(3) 
GLOBAL_UNCERTAINTY_ASSIGNED_CONTEXT((#161)) GLOBAL_UNIT_ASSIGNED_CONTEXT
((#158,#159,#160)) REPRESENTATION_CONTEXT('Context #1',
  '3D Context with UNIT and UNCERTAINTY') );
#158 = ( LENGTH_UNIT() NAMED_UNIT(*) SI_UNIT(.MILLI.,.METRE.) );
#159 = ( NAMED_UNIT(*) PLANE_ANGLE_UNIT() SI_UNIT($,.RADIAN.) );
#160 = ( NAMED_UNIT(*) SI_UNIT($,.STERADIAN.) SOLID_ANGLE_UNIT() );
#161 = UNCERTAINTY_MEASURE_WITH_UNIT(LENGTH_MEASURE(1.E-07),#158,
  'distance_accuracy_value','confusion accuracy');
#162 = CONTEXT_DEPENDENT_SHAPE_REPRESENTATION(#163,#165);
#163 = ( REPRESENTATION_RELATIONSHIP('','',#152,#10) 
REPRESENTATION_RELATIONSHIP_WITH_TRANSFORMATION(#164) 
SHAPE_REPRESENTATION_RELATIONSHIP() );
#164 = ITEM_DEFINED_TRANSFORMATION('','',#11,#15);
#165 = PRODUCT_DEFINITION_SHAPE('Placement','Placement of an item',#166
  );
#166 = NEXT_ASSEMBLY_USAGE_OCCURRENCE('2','R2','',#5,#147,$);
#167 = PRODUCT_RELATED_PRODUCT_CATEGORY('part',$,(#149));
#168 = SHAPE_DEFINITION_REPRESENTATION(#169,#175);
#169 = PRODUCT_DEFINITION_SHAPE('','',#170);
#170 = PRODUCT_DEFINITION('design','',#171,#174);
#171 = PRODUCT_DEFINITION_FORMATION('','',#172);
#172 = PRODUCT('R_0603_1608Metric','R_0603_1608Metric','',(#173));
#173 = PRODUCT_CONTEXT('',#2,'mechanical');
#174 = PRODUCT_DEFINITION_CONTEXT('part definition',#2,'design');
#175 = ADVANCED_BREP_SHAPE_REPRESENTATION('',(#11,#176),#966);
#176 = MANIFOLD_SOLID_BREP('',#177);
#177 = CLOSED_SHELL('',(#178,#218,#301,#326,#351,#418,#435,#452,#501,
    #518,#535,#584,#601,#670,#701,#725,#794,#818,#835,#852,#869,#886,
    #903,#920,#937,#954));
#178 = ADVANCED_FACE('',(#179),#213,.F.);
#179 = FACE_BOUND('',#180,.F.);
#180 = EDGE_LOOP('',(#181,#191,#199,#207));
#181 = ORIENTED_EDGE('',*,*,#182,.F.);
#182 = EDGE_CURVE('',#183,#185,#187,.T.);
#183 = VERTEX_POINT('',#184);
#184 = CARTESIAN_POINT('',(-0.8,-0.4,4.5E-02));
#185 = VERTEX_POINT('',#186);
#186 = CARTESIAN_POINT('',(-0.8,-0.4,0.405));
#187 = LINE('',#188,#189);
#188 = CARTESIAN_POINT('',(-0.8,-0.4,0.));
#189 = VECTOR('',#190,1.);
#190 = DIRECTION('',(0.,0.,1.));
#191 = ORIENTED_EDGE('',*,*,#192,.T.);
#192 = EDGE_CURVE('',#183,#193,#195,.T.);
#193 = VERTEX_POINT('',#194);
#194 = CARTESIAN_POINT('',(-0.8,0.4,4.5E-02));
#195 = LINE('',#196,#197);
#196 = CARTESIAN_POINT('',(-0.8,-0.4,4.5E-02));
#197 = VECTOR('',#198,1.);
#198 = DIRECTION('',(0.,1.,0.));
#199 = ORIENTED_EDGE('',*,*,#200,.T.);
#200 = EDGE_CURVE('',#193,#201,#203,.T.);
#201 = VERTEX_POINT('',#202);
#202 = CARTESIAN_POINT('',(-0.8,0.4,0.405));
#203 = LINE('',#204,#205);
#204 = CARTESIAN_POINT('',(-0.8,0.4,0.));
#205 = VECTOR('',#206,1.);
#206 = DIRECTION('',(0.,0.,1.));
#207 = ORIENTED_EDGE('',*,*,#208,.F.);
#208 = EDGE_CURVE('',#185,#201,#209,.T.);
#209 = LINE('',#210,#211);
#210 = CARTESIAN_POINT('',(-0.8,-0.4,0.405));
#211 = VECTOR('',#212,1.);
#212 = DIRECTION('',(0.,1.,0.));
#213 = PLANE('',#214);
#214 = AXIS2_PLACEMENT_3D('',#215,#216,#217);
#215 = CARTESIAN_POINT('',(-0.8,-0.4,0.));
#216 = DIRECTION('',(1.,0.,0.));
#217 = DIRECTION('',(0.,0.,1.));
#218 = ADVANCED_FACE('',(#219),#296,.F.);
#219 = FACE_BOUND('',#220,.F.);
#220 = EDGE_LOOP('',(#221,#231,#238,#239,#248,#256,#265,#273,#281,#289)
  );
#221 = ORIENTED_EDGE('',*,*,#222,.F.);
#222 = EDGE_CURVE('',#223,#225,#227,.T.);
#223 = VERTEX_POINT('',#224);
#224 = CARTESIAN_POINT('',(-0.755,-0.4,-2.775557561563E-17));
#225 = VERTEX_POINT('',#226);
#226 = CARTESIAN_POINT('',(-0.545,-0.4,-2.775557561563E-17));
#227 = LINE('',#228,#229);
#228 = CARTESIAN_POINT('',(-0.8,-0.4,0.));
#229 = VECTOR('',#230,1.);
#230 = DIRECTION('',(1.,0.,0.));
#231 = ORIENTED_EDGE('',*,*,#232,.F.);
#232 = EDGE_CURVE('',#183,#223,#233,.T.);
#233 = CIRCLE('',#234,4.5E-02);
#234 = AXIS2_PLACEMENT_3D('',#235,#236,#237);
#235 = CARTESIAN_POINT('',(-0.755,-0.4,4.5E-02));
#236 = DIRECTION('',(0.,-1.,0.));
#237 = DIRECTION('',(0.,0.,1.));
#238 = ORIENTED_EDGE('',*,*,#182,.T.);
#239 = ORIENTED_EDGE('',*,*,#240,.T.);
#240 = EDGE_CURVE('',#185,#241,#243,.T.);
#241 = VERTEX_POINT('',#242);
#242 = CARTESIAN_POINT('',(-0.755,-0.4,0.45));
#243 = CIRCLE('',#244,4.5E-02);
#244 = AXIS2_PLACEMENT_3D('',#245,#246,#247);
#245 = CARTESIAN_POINT('',(-0.755,-0.4,0.405));
#246 = DIRECTION('',(0.,1.,0.));
#247 = DIRECTION('',(0.,-0.,1.));
#248 = ORIENTED_EDGE('',*,*,#249,.T.);
#249 = EDGE_CURVE('',#241,#250,#252,.T.);
#250 = VERTEX_POINT('',#251);
#251 = CARTESIAN_POINT('',(-0.545,-0.4,0.45));
#252 = LINE('',#253,#254);
#253 = CARTESIAN_POINT('',(-0.8,-0.4,0.45));
#254 = VECTOR('',#255,1.);
#255 = DIRECTION('',(1.,0.,0.));
#256 = ORIENTED_EDGE('',*,*,#257,.F.);
#257 = EDGE_CURVE('',#258,#250,#260,.T.);
#258 = VERTEX_POINT('',#259);
#259 = CARTESIAN_POINT('',(-0.5,-0.4,0.405));
#260 = CIRCLE('',#261,4.5E-02);
#261 = AXIS2_PLACEMENT_3D('',#262,#263,#264);
#262 = CARTESIAN_POINT('',(-0.545,-0.4,0.405));
#263 = DIRECTION('',(0.,-1.,0.));
#264 = DIRECTION('',(0.,0.,1.));
#265 = ORIENTED_EDGE('',*,*,#266,.F.);
#266 = EDGE_CURVE('',#267,#258,#269,.T.);
#267 = VERTEX_POINT('',#268);
#268 = CARTESIAN_POINT('',(-0.755,-0.4,0.405));
#269 = LINE('',#270,#271);
#270 = CARTESIAN_POINT('',(-0.755,-0.4,0.405));
#271 = VECTOR('',#272,1.);
#272 = DIRECTION('',(1.,0.,0.));
#273 = ORIENTED_EDGE('',*,*,#274,.F.);
#274 = EDGE_CURVE('',#275,#267,#277,.T.);
#275 = VERTEX_POINT('',#276);
#276 = CARTESIAN_POINT('',(-0.755,-0.4,4.5E-02));
#277 = LINE('',#278,#279);
#278 = CARTESIAN_POINT('',(-0.755,-0.4,4.5E-02));
#279 = VECTOR('',#280,1.);
#280 = DIRECTION('',(0.,0.,1.));
#281 = ORIENTED_EDGE('',*,*,#282,.T.);
#282 = EDGE_CURVE('',#275,#283,#285,.T.);
#283 = VERTEX_POINT('',#284);
#284 = CARTESIAN_POINT('',(-0.5,-0.4,4.5E-02));
#285 = LINE('',#286,#287);
#286 = CARTESIAN_POINT('',(-0.755,-0.4,4.5E-02));
#287 = VECTOR('',#288,1.);
#288 = DIRECTION('',(1.,0.,0.));
#289 = ORIENTED_EDGE('',*,*,#290,.T.);
#290 = EDGE_CURVE('',#283,#225,#291,.T.);
#291 = CIRCLE('',#292,4.5E-02);
#292 = AXIS2_PLACEMENT_3D('',#293,#294,#295);
#293 = CARTESIAN_POINT('',(-0.545,-0.4,4.5E-02));
#294 = DIRECTION('',(0.,1.,0.));
#295 = DIRECTION('',(0.,-0.,1.));
#296 = PLANE('',#297);
#297 = AXIS2_PLACEMENT_3D('',#298,#299,#300);
#298 = CARTESIAN_POINT('',(-0.8,-0.4,0.));
#299 = DIRECTION('',(0.,1.,0.));
#300 = DIRECTION('',(0.,-0.,1.));
#301 = ADVANCED_FACE('',(#302),#321,.T.);
#302 = FACE_BOUND('',#303,.T.);
#303 = EDGE_LOOP('',(#304,#305,#314,#320));
#304 = ORIENTED_EDGE('',*,*,#192,.T.);
#305 = ORIENTED_EDGE('',*,*,#306,.T.);
#306 = EDGE_CURVE('',#193,#307,#309,.T.);
#307 = VERTEX_POINT('',#308);
#308 = CARTESIAN_POINT('',(-0.755,0.4,-2.775557561563E-17));
#309 = CIRCLE('',#310,4.5E-02);
#310 = AXIS2_PLACEMENT_3D('',#311,#312,#313);
#311 = CARTESIAN_POINT('',(-0.755,0.4,4.5E-02));
#312 = DIRECTION('',(0.,-1.,0.));
#313 = DIRECTION('',(0.,0.,1.));
#314 = ORIENTED_EDGE('',*,*,#315,.F.);
#315 = EDGE_CURVE('',#223,#307,#316,.T.);
#316 = LINE('',#317,#318);
#317 = CARTESIAN_POINT('',(-0.755,-0.4,-2.775557561563E-17));
#318 = VECTOR('',#319,1.);
#319 = DIRECTION('',(0.,1.,0.));
#320 = ORIENTED_EDGE('',*,*,#232,.F.);
#321 = CYLINDRICAL_SURFACE('',#322,4.5E-02);
#322 = AXIS2_PLACEMENT_3D('',#323,#324,#325);
#323 = CARTESIAN_POINT('',(-0.755,-0.4,4.5E-02));
#324 = DIRECTION('',(0.,1.,0.));
#325 = DIRECTION('',(-1.,0.,0.));
#326 = ADVANCED_FACE('',(#327),#346,.T.);
#327 = FACE_BOUND('',#328,.T.);
#328 = EDGE_LOOP('',(#329,#330,#338,#345));
#329 = ORIENTED_EDGE('',*,*,#240,.T.);
#330 = ORIENTED_EDGE('',*,*,#331,.T.);
#331 = EDGE_CURVE('',#241,#332,#334,.T.);
#332 = VERTEX_POINT('',#333);
#333 = CARTESIAN_POINT('',(-0.755,0.4,0.45));
#334 = LINE('',#335,#336);
#335 = CARTESIAN_POINT('',(-0.755,-0.4,0.45));
#336 = VECTOR('',#337,1.);
#337 = DIRECTION('',(0.,1.,0.));
#338 = ORIENTED_EDGE('',*,*,#339,.F.);
#339 = EDGE_CURVE('',#201,#332,#340,.T.);
#340 = CIRCLE('',#341,4.5E-02);
#341 = AXIS2_PLACEMENT_3D('',#342,#343,#344);
#342 = CARTESIAN_POINT('',(-0.755,0.4,0.405));
#343 = DIRECTION('',(0.,1.,0.));
#344 = DIRECTION('',(0.,-0.,1.));
#345 = ORIENTED_EDGE('',*,*,#208,.F.);
#346 = CYLINDRICAL_SURFACE('',#347,4.5E-02);
#347 = AXIS2_PLACEMENT_3D('',#348,#349,#350);
#348 = CARTESIAN_POINT('',(-0.755,-0.4,0.405));
#349 = DIRECTION('',(0.,1.,0.));
#350 = DIRECTION('',(-1.,0.,0.));
#351 = ADVANCED_FACE('',(#352),#413,.T.);
#352 = FACE_BOUND('',#353,.T.);
#353 = EDGE_LOOP('',(#354,#362,#363,#364,#365,#373,#382,#390,#398,#406)
  );
#354 = ORIENTED_EDGE('',*,*,#355,.F.);
#355 = EDGE_CURVE('',#307,#356,#358,.T.);
#356 = VERTEX_POINT('',#357);
#357 = CARTESIAN_POINT('',(-0.545,0.4,-2.775557561563E-17));
#358 = LINE('',#359,#360);
#359 = CARTESIAN_POINT('',(-0.8,0.4,0.));
#360 = VECTOR('',#361,1.);
#361 = DIRECTION('',(1.,0.,0.));
#362 = ORIENTED_EDGE('',*,*,#306,.F.);
#363 = ORIENTED_EDGE('',*,*,#200,.T.);
#364 = ORIENTED_EDGE('',*,*,#339,.T.);
#365 = ORIENTED_EDGE('',*,*,#366,.T.);
#366 = EDGE_CURVE('',#332,#367,#369,.T.);
#367 = VERTEX_POINT('',#368);
#368 = CARTESIAN_POINT('',(-0.545,0.4,0.45));
#369 = LINE('',#370,#371);
#370 = CARTESIAN_POINT('',(-0.8,0.4,0.45));
#371 = VECTOR('',#372,1.);
#372 = DIRECTION('',(1.,0.,0.));
#373 = ORIENTED_EDGE('',*,*,#374,.F.);
#374 = EDGE_CURVE('',#375,#367,#377,.T.);
#375 = VERTEX_POINT('',#376);
#376 = CARTESIAN_POINT('',(-0.5,0.4,0.405));
#377 = CIRCLE('',#378,4.5E-02);
#378 = AXIS2_PLACEMENT_3D('',#379,#380,#381);
#379 = CARTESIAN_POINT('',(-0.545,0.4,0.405));
#380 = DIRECTION('',(0.,-1.,0.));
#381 = DIRECTION('',(0.,0.,1.));
#382 = ORIENTED_EDGE('',*,*,#383,.F.);
#383 = EDGE_CURVE('',#384,#375,#386,.T.);
#384 = VERTEX_POINT('',#385);
#385 = CARTESIAN_POINT('',(-0.755,0.4,0.405));
#386 = LINE('',#387,#388);
#387 = CARTESIAN_POINT('',(-0.755,0.4,0.405));
#388 = VECTOR('',#389,1.);
#389 = DIRECTION('',(1.,0.,0.));
#390 = ORIENTED_EDGE('',*,*,#391,.F.);
#391 = EDGE_CURVE('',#392,#384,#394,.T.);
#392 = VERTEX_POINT('',#393);
#393 = CARTESIAN_POINT('',(-0.755,0.4,4.5E-02));
#394 = LINE('',#395,#396);
#395 = CARTESIAN_POINT('',(-0.755,0.4,4.5E-02));
#396 = VECTOR('',#397,1.);
#397 = DIRECTION('',(0.,0.,1.));
#398 = ORIENTED_EDGE('',*,*,#399,.T.);
#399 = EDGE_CURVE('',#392,#400,#402,.T.);
#400 = VERTEX_POINT('',#401);
#401 = CARTESIAN_POINT('',(-0.5,0.4,4.5E-02));
#402 = LINE('',#403,#404);
#403 = CARTESIAN_POINT('',(-0.755,0.4,4.5E-02));
#404 = VECTOR('',#405,1.);
#405 = DIRECTION('',(1.,0.,0.));
#406 = ORIENTED_EDGE('',*,*,#407,.T.);
#407 = EDGE_CURVE('',#400,#356,#408,.T.);
#408 = CIRCLE('',#409,4.5E-02);
#409 = AXIS2_PLACEMENT_3D('',#410,#411,#412);
#410 = CARTESIAN_POINT('',(-0.545,0.4,4.5E-02));
#411 = DIRECTION('',(0.,1.,0.));
#412 = DIRECTION('',(0.,-0.,1.));
#413 = PLANE('',#414);
#414 = AXIS2_PLACEMENT_3D('',#415,#416,#417);
#415 = CARTESIAN_POINT('',(-0.8,0.4,0.));
#416 = DIRECTION('',(0.,1.,0.));
#417 = DIRECTION('',(0.,-0.,1.));
#418 = ADVANCED_FACE('',(#419),#430,.F.);
#419 = FACE_BOUND('',#420,.F.);
#420 = EDGE_LOOP('',(#421,#422,#423,#424));
#421 = ORIENTED_EDGE('',*,*,#355,.F.);
#422 = ORIENTED_EDGE('',*,*,#315,.F.);
#423 = ORIENTED_EDGE('',*,*,#222,.T.);
#424 = ORIENTED_EDGE('',*,*,#425,.T.);
#425 = EDGE_CURVE('',#225,#356,#426,.T.);
#426 = LINE('',#427,#428);
#427 = CARTESIAN_POINT('',(-0.545,-0.4,-2.775557561563E-17));
#428 = VECTOR('',#429,1.);
#429 = DIRECTION('',(0.,1.,0.));
#430 = PLANE('',#431);
#431 = AXIS2_PLACEMENT_3D('',#432,#433,#434);
#432 = CARTESIAN_POINT('',(-0.8,-0.4,0.));
#433 = DIRECTION('',(0.,0.,1.));
#434 = DIRECTION('',(1.,0.,-0.));
#435 = ADVANCED_FACE('',(#436),#447,.T.);
#436 = FACE_BOUND('',#437,.T.);
#437 = EDGE_LOOP('',(#438,#439,#440,#441));
#438 = ORIENTED_EDGE('',*,*,#290,.T.);
#439 = ORIENTED_EDGE('',*,*,#425,.T.);
#440 = ORIENTED_EDGE('',*,*,#407,.F.);
#441 = ORIENTED_EDGE('',*,*,#442,.F.);
#442 = EDGE_CURVE('',#283,#400,#443,.T.);
#443 = LINE('',#444,#445);
#444 = CARTESIAN_POINT('',(-0.5,-0.4,4.5E-02));
#445 = VECTOR('',#446,1.);
#446 = DIRECTION('',(0.,1.,0.));
#447 = CYLINDRICAL_SURFACE('',#448,4.5E-02);
#448 = AXIS2_PLACEMENT_3D('',#449,#450,#451);
#449 = CARTESIAN_POINT('',(-0.545,-0.4,4.5E-02));
#450 = DIRECTION('',(0.,1.,0.));
#451 = DIRECTION('',(1.,0.,0.));
#452 = ADVANCED_FACE('',(#453),#496,.F.);
#453 = FACE_BOUND('',#454,.F.);
#454 = EDGE_LOOP('',(#455,#456,#457,#458,#466,#474,#482,#490));
#455 = ORIENTED_EDGE('',*,*,#282,.F.);
#456 = ORIENTED_EDGE('',*,*,#274,.T.);
#457 = ORIENTED_EDGE('',*,*,#266,.T.);
#458 = ORIENTED_EDGE('',*,*,#459,.T.);
#459 = EDGE_CURVE('',#258,#460,#462,.T.);
#460 = VERTEX_POINT('',#461);
#461 = CARTESIAN_POINT('',(0.5,-0.4,0.405));
#462 = LINE('',#463,#464);
#463 = CARTESIAN_POINT('',(-0.5,-0.4,0.405));
#464 = VECTOR('',#465,1.);
#465 = DIRECTION('',(1.,0.,0.));
#466 = ORIENTED_EDGE('',*,*,#467,.T.);
#467 = EDGE_CURVE('',#460,#468,#470,.T.);
#468 = VERTEX_POINT('',#469);
#469 = CARTESIAN_POINT('',(0.755,-0.4,0.405));
#470 = LINE('',#471,#472);
#471 = CARTESIAN_POINT('',(-0.755,-0.4,0.405));
#472 = VECTOR('',#473,1.);
#473 = DIRECTION('',(1.,0.,0.));
#474 = ORIENTED_EDGE('',*,*,#475,.F.);
#475 = EDGE_CURVE('',#476,#468,#478,.T.);
#476 = VERTEX_POINT('',#477);
#477 = CARTESIAN_POINT('',(0.755,-0.4,4.5E-02));
#478 = LINE('',#479,#480);
#479 = CARTESIAN_POINT('',(0.755,-0.4,4.5E-02));
#480 = VECTOR('',#481,1.);
#481 = DIRECTION('',(0.,0.,1.));
#482 = ORIENTED_EDGE('',*,*,#483,.F.);
#483 = EDGE_CURVE('',#484,#476,#486,.T.);
#484 = VERTEX_POINT('',#485);
#485 = CARTESIAN_POINT('',(0.5,-0.4,4.5E-02));
#486 = LINE('',#487,#488);
#487 = CARTESIAN_POINT('',(-0.755,-0.4,4.5E-02));
#488 = VECTOR('',#489,1.);
#489 = DIRECTION('',(1.,0.,0.));
#490 = ORIENTED_EDGE('',*,*,#491,.F.);
#491 = EDGE_CURVE('',#283,#484,#492,.T.);
#492 = LINE('',#493,#494);
#493 = CARTESIAN_POINT('',(-0.755,-0.4,4.5E-02));
#494 = VECTOR('',#495,1.);
#495 = DIRECTION('',(1.,0.,0.));
#496 = PLANE('',#497);
#497 = AXIS2_PLACEMENT_3D('',#498,#499,#500);
#498 = CARTESIAN_POINT('',(-0.755,-0.4,4.5E-02));
#499 = DIRECTION('',(0.,1.,0.));
#500 = DIRECTION('',(0.,-0.,1.));
#501 = ADVANCED_FACE('',(#502),#513,.T.);
#502 = FACE_BOUND('',#503,.T.);
#503 = EDGE_LOOP('',(#504,#505,#506,#507));
#504 = ORIENTED_EDGE('',*,*,#366,.F.);
#505 = ORIENTED_EDGE('',*,*,#331,.F.);
#506 = ORIENTED_EDGE('',*,*,#249,.T.);
#507 = ORIENTED_EDGE('',*,*,#508,.T.);
#508 = EDGE_CURVE('',#250,#367,#509,.T.);
#509 = LINE('',#510,#511);
#510 = CARTESIAN_POINT('',(-0.545,-0.4,0.45));
#511 = VECTOR('',#512,1.);
#512 = DIRECTION('',(0.,1.,0.));
#513 = PLANE('',#514);
#514 = AXIS2_PLACEMENT_3D('',#515,#516,#517);
#515 = CARTESIAN_POINT('',(-0.8,-0.4,0.45));
#516 = DIRECTION('',(0.,0.,1.));
#517 = DIRECTION('',(1.,0.,-0.));
#518 = ADVANCED_FACE('',(#519),#530,.T.);
#519 = FACE_BOUND('',#520,.T.);
#520 = EDGE_LOOP('',(#521,#527,#528,#529));
#521 = ORIENTED_EDGE('',*,*,#522,.T.);
#522 = EDGE_CURVE('',#258,#375,#523,.T.);
#523 = LINE('',#524,#525);
#524 = CARTESIAN_POINT('',(-0.5,-0.4,0.405));
#525 = VECTOR('',#526,1.);
#526 = DIRECTION('',(0.,1.,0.));
#527 = ORIENTED_EDGE('',*,*,#374,.T.);
#528 = ORIENTED_EDGE('',*,*,#508,.F.);
#529 = ORIENTED_EDGE('',*,*,#257,.F.);
#530 = CYLINDRICAL_SURFACE('',#531,4.5E-02);
#531 = AXIS2_PLACEMENT_3D('',#532,#533,#534);
#532 = CARTESIAN_POINT('',(-0.545,-0.4,0.405));
#533 = DIRECTION('',(0.,1.,0.));
#534 = DIRECTION('',(1.,0.,0.));
#535 = ADVANCED_FACE('',(#536),#579,.T.);
#536 = FACE_BOUND('',#537,.T.);
#537 = EDGE_LOOP('',(#538,#539,#540,#541,#549,#557,#565,#573));
#538 = ORIENTED_EDGE('',*,*,#399,.F.);
#539 = ORIENTED_EDGE('',*,*,#391,.T.);
#540 = ORIENTED_EDGE('',*,*,#383,.T.);
#541 = ORIENTED_EDGE('',*,*,#542,.T.);
#542 = EDGE_CURVE('',#375,#543,#545,.T.);
#543 = VERTEX_POINT('',#544);
#544 = CARTESIAN_POINT('',(0.5,0.4,0.405));
#545 = LINE('',#546,#547);
#546 = CARTESIAN_POINT('',(-0.5,0.4,0.405));
#547 = VECTOR('',#548,1.);
#548 = DIRECTION('',(1.,0.,0.));
#549 = ORIENTED_EDGE('',*,*,#550,.T.);
#550 = EDGE_CURVE('',#543,#551,#553,.T.);
#551 = VERTEX_POINT('',#552);
#552 = CARTESIAN_POINT('',(0.755,0.4,0.405));
#553 = LINE('',#554,#555);
#554 = CARTESIAN_POINT('',(-0.755,0.4,0.405));
#555 = VECTOR('',#556,1.);
#556 = DIRECTION('',(1.,0.,0.));
#557 = ORIENTED_EDGE('',*,*,#558,.F.);
#558 = EDGE_CURVE('',#559,#551,#561,.T.);
#559 = VERTEX_POINT('',#560);
#560 = CARTESIAN_POINT('',(0.755,0.4,4.5E-02));
#561 = LINE('',#562,#563);
#562 = CARTESIAN_POINT('',(0.755,0.4,4.5E-02));
#563 = VECTOR('',#564,1.);
#564 = DIRECTION('',(0.,0.,1.));
#565 = ORIENTED_EDGE('',*,*,#566,.F.);
#566 = EDGE_CURVE('',#567,#559,#569,.T.);
#567 = VERTEX_POINT('',#568);
#568 = CARTESIAN_POINT('',(0.5,0.4,4.5E-02));
#569 = LINE('',#570,#571);
#570 = CARTESIAN_POINT('',(-0.755,0.4,4.5E-02));
#571 = VECTOR('',#572,1.);
#572 = DIRECTION('',(1.,0.,0.));
#573 = ORIENTED_EDGE('',*,*,#574,.F.);
#574 = EDGE_CURVE('',#400,#567,#575,.T.);
#575 = LINE('',#576,#577);
#576 = CARTESIAN_POINT('',(-0.755,0.4,4.5E-02));
#577 = VECTOR('',#578,1.);
#578 = DIRECTION('',(1.,0.,0.));
#579 = PLANE('',#580);
#580 = AXIS2_PLACEMENT_3D('',#581,#582,#583);
#581 = CARTESIAN_POINT('',(-0.755,0.4,4.5E-02));
#582 = DIRECTION('',(0.,1.,0.));
#583 = DIRECTION('',(0.,-0.,1.));
#584 = ADVANCED_FACE('',(#585),#596,.F.);
#585 = FACE_BOUND('',#586,.F.);
#586 = EDGE_LOOP('',(#587,#588,#589,#595));
#587 = ORIENTED_EDGE('',*,*,#442,.F.);
#588 = ORIENTED_EDGE('',*,*,#491,.T.);
#589 = ORIENTED_EDGE('',*,*,#590,.T.);
#590 = EDGE_CURVE('',#484,#567,#591,.T.);
#591 = LINE('',#592,#593);
#592 = CARTESIAN_POINT('',(0.5,-0.4,4.5E-02));
#593 = VECTOR('',#594,1.);
#594 = DIRECTION('',(0.,1.,0.));
#595 = ORIENTED_EDGE('',*,*,#574,.F.);
#596 = PLANE('',#597);
#597 = AXIS2_PLACEMENT_3D('',#598,#599,#600);
#598 = CARTESIAN_POINT('',(-0.755,-0.4,4.5E-02));
#599 = DIRECTION('',(0.,0.,1.));
#600 = DIRECTION('',(1.,0.,-0.));
#601 = ADVANCED_FACE('',(#602),#665,.F.);
#602 = FACE_BOUND('',#603,.F.);
#603 = EDGE_LOOP('',(#604,#614,#621,#622,#623,#624,#633,#641,#650,#658)
  );
#604 = ORIENTED_EDGE('',*,*,#605,.F.);
#605 = EDGE_CURVE('',#606,#608,#610,.T.);
#606 = VERTEX_POINT('',#607);
#607 = CARTESIAN_POINT('',(0.545,-0.4,-2.775557561563E-17));
#608 = VERTEX_POINT('',#609);
#609 = CARTESIAN_POINT('',(0.755,-0.4,-2.775557561563E-17));
#610 = LINE('',#611,#612);
#611 = CARTESIAN_POINT('',(0.5,-0.4,0.));
#612 = VECTOR('',#613,1.);
#613 = DIRECTION('',(1.,0.,0.));
#614 = ORIENTED_EDGE('',*,*,#615,.F.);
#615 = EDGE_CURVE('',#484,#606,#616,.T.);
#616 = CIRCLE('',#617,4.5E-02);
#617 = AXIS2_PLACEMENT_3D('',#618,#619,#620);
#618 = CARTESIAN_POINT('',(0.545,-0.4,4.5E-02));
#619 = DIRECTION('',(0.,-1.,0.));
#620 = DIRECTION('',(0.,0.,1.));
#621 = ORIENTED_EDGE('',*,*,#483,.T.);
#622 = ORIENTED_EDGE('',*,*,#475,.T.);
#623 = ORIENTED_EDGE('',*,*,#467,.F.);
#624 = ORIENTED_EDGE('',*,*,#625,.T.);
#625 = EDGE_CURVE('',#460,#626,#628,.T.);
#626 = VERTEX_POINT('',#627);
#627 = CARTESIAN_POINT('',(0.545,-0.4,0.45));
#628 = CIRCLE('',#629,4.5E-02);
#629 = AXIS2_PLACEMENT_3D('',#630,#631,#632);
#630 = CARTESIAN_POINT('',(0.545,-0.4,0.405));
#631 = DIRECTION('',(0.,1.,0.));
#632 = DIRECTION('',(0.,-0.,1.));
#633 = ORIENTED_EDGE('',*,*,#634,.T.);
#634 = EDGE_CURVE('',#626,#635,#637,.T.);
#635 = VERTEX_POINT('',#636);
#636 = CARTESIAN_POINT('',(0.755,-0.4,0.45));
#637 = LINE('',#638,#639);
#638 = CARTESIAN_POINT('',(0.5,-0.4,0.45));
#639 = VECTOR('',#640,1.);
#640 = DIRECTION('',(1.,0.,0.));
#641 = ORIENTED_EDGE('',*,*,#642,.F.);
#642 = EDGE_CURVE('',#643,#635,#645,.T.);
#643 = VERTEX_POINT('',#644);
#644 = CARTESIAN_POINT('',(0.8,-0.4,0.405));
#645 = CIRCLE('',#646,4.5E-02);
#646 = AXIS2_PLACEMENT_3D('',#647,#648,#649);
#647 = CARTESIAN_POINT('',(0.755,-0.4,0.405));
#648 = DIRECTION('',(0.,-1.,0.));
#649 = DIRECTION('',(0.,0.,1.));
#650 = ORIENTED_EDGE('',*,*,#651,.F.);
#651 = EDGE_CURVE('',#652,#643,#654,.T.);
#652 = VERTEX_POINT('',#653);
#653 = CARTESIAN_POINT('',(0.8,-0.4,4.5E-02));
#654 = LINE('',#655,#656);
#655 = CARTESIAN_POINT('',(0.8,-0.4,0.));
#656 = VECTOR('',#657,1.);
#657 = DIRECTION('',(0.,0.,1.));
#658 = ORIENTED_EDGE('',*,*,#659,.T.);
#659 = EDGE_CURVE('',#652,#608,#660,.T.);
#660 = CIRCLE('',#661,4.5E-02);
#661 = AXIS2_PLACEMENT_3D('',#662,#663,#664);
#662 = CARTESIAN_POINT('',(0.755,-0.4,4.5E-02));
#663 = DIRECTION('',(0.,1.,0.));
#664 = DIRECTION('',(0.,-0.,1.));
#665 = PLANE('',#666);
#666 = AXIS2_PLACEMENT_3D('',#667,#668,#669);
#667 = CARTESIAN_POINT('',(0.5,-0.4,0.));
#668 = DIRECTION('',(0.,1.,0.));
#669 = DIRECTION('',(0.,-0.,1.));
#670 = ADVANCED_FACE('',(#671),#696,.F.);
#671 = FACE_BOUND('',#672,.F.);
#672 = EDGE_LOOP('',(#673,#674,#682,#690));
#673 = ORIENTED_EDGE('',*,*,#459,.F.);
#674 = ORIENTED_EDGE('',*,*,#675,.T.);
#675 = EDGE_CURVE('',#258,#676,#678,.T.);
#676 = VERTEX_POINT('',#677);
#677 = CARTESIAN_POINT('',(-0.5,-0.4,0.45));
#678 = LINE('',#679,#680);
#679 = CARTESIAN_POINT('',(-0.5,-0.4,0.405));
#680 = VECTOR('',#681,1.);
#681 = DIRECTION('',(0.,0.,1.));
#682 = ORIENTED_EDGE('',*,*,#683,.T.);
#683 = EDGE_CURVE('',#676,#684,#686,.T.);
#684 = VERTEX_POINT('',#685);
#685 = CARTESIAN_POINT('',(0.5,-0.4,0.45));
#686 = LINE('',#687,#688);
#687 = CARTESIAN_POINT('',(-0.5,-0.4,0.45));
#688 = VECTOR('',#689,1.);
#689 = DIRECTION('',(1.,0.,0.));
#690 = ORIENTED_EDGE('',*,*,#691,.F.);
#691 = EDGE_CURVE('',#460,#684,#692,.T.);
#692 = LINE('',#693,#694);
#693 = CARTESIAN_POINT('',(0.5,-0.4,0.405));
#694 = VECTOR('',#695,1.);
#695 = DIRECTION('',(0.,0.,1.));
#696 = PLANE('',#697);
#697 = AXIS2_PLACEMENT_3D('',#698,#699,#700);
#698 = CARTESIAN_POINT('',(-0.5,-0.4,0.405));
#699 = DIRECTION('',(0.,1.,0.));
#700 = DIRECTION('',(0.,-0.,1.));
#701 = ADVANCED_FACE('',(#702),#720,.F.);
#702 = FACE_BOUND('',#703,.F.);
#703 = EDGE_LOOP('',(#704,#705,#706,#714));
#704 = ORIENTED_EDGE('',*,*,#675,.F.);
#705 = ORIENTED_EDGE('',*,*,#522,.T.);
#706 = ORIENTED_EDGE('',*,*,#707,.T.);
#707 = EDGE_CURVE('',#375,#708,#710,.T.);
#708 = VERTEX_POINT('',#709);
#709 = CARTESIAN_POINT('',(-0.5,0.4,0.45));
#710 = LINE('',#711,#712);
#711 = CARTESIAN_POINT('',(-0.5,0.4,0.405));
#712 = VECTOR('',#713,1.);
#713 = DIRECTION('',(0.,0.,1.));
#714 = ORIENTED_EDGE('',*,*,#715,.F.);
#715 = EDGE_CURVE('',#676,#708,#716,.T.);
#716 = LINE('',#717,#718);
#717 = CARTESIAN_POINT('',(-0.5,-0.4,0.45));
#718 = VECTOR('',#719,1.);
#719 = DIRECTION('',(0.,1.,0.));
#720 = PLANE('',#721);
#721 = AXIS2_PLACEMENT_3D('',#722,#723,#724);
#722 = CARTESIAN_POINT('',(-0.5,-0.4,0.405));
#723 = DIRECTION('',(1.,0.,0.));
#724 = DIRECTION('',(0.,0.,1.));
#725 = ADVANCED_FACE('',(#726),#789,.T.);
#726 = FACE_BOUND('',#727,.T.);
#727 = EDGE_LOOP('',(#728,#738,#745,#746,#747,#748,#757,#765,#774,#782)
  );
#728 = ORIENTED_EDGE('',*,*,#729,.F.);
#729 = EDGE_CURVE('',#730,#732,#734,.T.);
#730 = VERTEX_POINT('',#731);
#731 = CARTESIAN_POINT('',(0.545,0.4,-2.775557561563E-17));
#732 = VERTEX_POINT('',#733);
#733 = CARTESIAN_POINT('',(0.755,0.4,-2.775557561563E-17));
#734 = LINE('',#735,#736);
#735 = CARTESIAN_POINT('',(0.5,0.4,0.));
#736 = VECTOR('',#737,1.);
#737 = DIRECTION('',(1.,0.,0.));
#738 = ORIENTED_EDGE('',*,*,#739,.F.);
#739 = EDGE_CURVE('',#567,#730,#740,.T.);
#740 = CIRCLE('',#741,4.5E-02);
#741 = AXIS2_PLACEMENT_3D('',#742,#743,#744);
#742 = CARTESIAN_POINT('',(0.545,0.4,4.5E-02));
#743 = DIRECTION('',(0.,-1.,0.));
#744 = DIRECTION('',(0.,0.,1.));
#745 = ORIENTED_EDGE('',*,*,#566,.T.);
#746 = ORIENTED_EDGE('',*,*,#558,.T.);
#747 = ORIENTED_EDGE('',*,*,#550,.F.);
#748 = ORIENTED_EDGE('',*,*,#749,.T.);
#749 = EDGE_CURVE('',#543,#750,#752,.T.);
#750 = VERTEX_POINT('',#751);
#751 = CARTESIAN_POINT('',(0.545,0.4,0.45));
#752 = CIRCLE('',#753,4.5E-02);
#753 = AXIS2_PLACEMENT_3D('',#754,#755,#756);
#754 = CARTESIAN_POINT('',(0.545,0.4,0.405));
#755 = DIRECTION('',(0.,1.,0.));
#756 = DIRECTION('',(0.,-0.,1.));
#757 = ORIENTED_EDGE('',*,*,#758,.T.);
#758 = EDGE_CURVE('',#750,#759,#761,.T.);
#759 = VERTEX_POINT('',#760);
#760 = CARTESIAN_POINT('',(0.755,0.4,0.45));
#761 = LINE('',#762,#763);
#762 = CARTESIAN_POINT('',(0.5,0.4,0.45));
#763 = VECTOR('',#764,1.);
#764 = DIRECTION('',(1.,0.,0.));
#765 = ORIENTED_EDGE('',*,*,#766,.F.);
#766 = EDGE_CURVE('',#767,#759,#769,.T.);
#767 = VERTEX_POINT('',#768);
#768 = CARTESIAN_POINT('',(0.8,0.4,0.405));
#769 = CIRCLE('',#770,4.5E-02);
#770 = AXIS2_PLACEMENT_3D('',#771,#772,#773);
#771 = CARTESIAN_POINT('',(0.755,0.4,0.405));
#772 = DIRECTION('',(0.,-1.,0.));
#773 = DIRECTION('',(0.,0.,1.));
#774 = ORIENTED_EDGE('',*,*,#775,.F.);
#775 = EDGE_CURVE('',#776,#767,#778,.T.);
#776 = VERTEX_POINT('',#777);
#777 = CARTESIAN_POINT('',(0.8,0.4,4.5E-02));
#778 = LINE('',#779,#780);
#779 = CARTESIAN_POINT('',(0.8,0.4,0.));
#780 = VECTOR('',#781,1.);
#781 = DIRECTION('',(0.,0.,1.));
#782 = ORIENTED_EDGE('',*,*,#783,.T.);
#783 = EDGE_CURVE('',#776,#732,#784,.T.);
#784 = CIRCLE('',#785,4.5E-02);
#785 = AXIS2_PLACEMENT_3D('',#786,#787,#788);
#786 = CARTESIAN_POINT('',(0.755,0.4,4.5E-02));
#787 = DIRECTION('',(0.,1.,0.));
#788 = DIRECTION('',(0.,-0.,1.));
#789 = PLANE('',#790);
#790 = AXIS2_PLACEMENT_3D('',#791,#792,#793);
#791 = CARTESIAN_POINT('',(0.5,0.4,0.));
#792 = DIRECTION('',(0.,1.,0.));
#793 = DIRECTION('',(0.,-0.,1.));
#794 = ADVANCED_FACE('',(#795),#813,.T.);
#795 = FACE_BOUND('',#796,.T.);
#796 = EDGE_LOOP('',(#797,#798,#799,#807));
#797 = ORIENTED_EDGE('',*,*,#542,.F.);
#798 = ORIENTED_EDGE('',*,*,#707,.T.);
#799 = ORIENTED_EDGE('',*,*,#800,.T.);
#800 = EDGE_CURVE('',#708,#801,#803,.T.);
#801 = VERTEX_POINT('',#802);
#802 = CARTESIAN_POINT('',(0.5,0.4,0.45));
#803 = LINE('',#804,#805);
#804 = CARTESIAN_POINT('',(-0.5,0.4,0.45));
#805 = VECTOR('',#806,1.);
#806 = DIRECTION('',(1.,0.,0.));
#807 = ORIENTED_EDGE('',*,*,#808,.F.);
#808 = EDGE_CURVE('',#543,#801,#809,.T.);
#809 = LINE('',#810,#811);
#810 = CARTESIAN_POINT('',(0.5,0.4,0.405));
#811 = VECTOR('',#812,1.);
#812 = DIRECTION('',(0.,0.,1.));
#813 = PLANE('',#814);
#814 = AXIS2_PLACEMENT_3D('',#815,#816,#817);
#815 = CARTESIAN_POINT('',(-0.5,0.4,0.405));
#816 = DIRECTION('',(0.,1.,0.));
#817 = DIRECTION('',(0.,-0.,1.));
#818 = ADVANCED_FACE('',(#819),#830,.T.);
#819 = FACE_BOUND('',#820,.T.);
#820 = EDGE_LOOP('',(#821,#822,#823,#829));
#821 = ORIENTED_EDGE('',*,*,#590,.T.);
#822 = ORIENTED_EDGE('',*,*,#739,.T.);
#823 = ORIENTED_EDGE('',*,*,#824,.F.);
#824 = EDGE_CURVE('',#606,#730,#825,.T.);
#825 = LINE('',#826,#827);
#826 = CARTESIAN_POINT('',(0.545,-0.4,-2.775557561563E-17));
#827 = VECTOR('',#828,1.);
#828 = DIRECTION('',(0.,1.,0.));
#829 = ORIENTED_EDGE('',*,*,#615,.F.);
#830 = CYLINDRICAL_SURFACE('',#831,4.5E-02);
#831 = AXIS2_PLACEMENT_3D('',#832,#833,#834);
#832 = CARTESIAN_POINT('',(0.545,-0.4,4.5E-02));
#833 = DIRECTION('',(0.,1.,0.));
#834 = DIRECTION('',(-1.,0.,0.));
#835 = ADVANCED_FACE('',(#836),#847,.F.);
#836 = FACE_BOUND('',#837,.F.);
#837 = EDGE_LOOP('',(#838,#839,#840,#841));
#838 = ORIENTED_EDGE('',*,*,#729,.F.);
#839 = ORIENTED_EDGE('',*,*,#824,.F.);
#840 = ORIENTED_EDGE('',*,*,#605,.T.);
#841 = ORIENTED_EDGE('',*,*,#842,.T.);
#842 = EDGE_CURVE('',#608,#732,#843,.T.);
#843 = LINE('',#844,#845);
#844 = CARTESIAN_POINT('',(0.755,-0.4,-2.775557561563E-17));
#845 = VECTOR('',#846,1.);
#846 = DIRECTION('',(0.,1.,0.));
#847 = PLANE('',#848);
#848 = AXIS2_PLACEMENT_3D('',#849,#850,#851);
#849 = CARTESIAN_POINT('',(0.5,-0.4,0.));
#850 = DIRECTION('',(0.,0.,1.));
#851 = DIRECTION('',(1.,0.,-0.));
#852 = ADVANCED_FACE('',(#853),#864,.T.);
#853 = FACE_BOUND('',#854,.T.);
#854 = EDGE_LOOP('',(#855,#856,#857,#858));
#855 = ORIENTED_EDGE('',*,*,#659,.T.);
#856 = ORIENTED_EDGE('',*,*,#842,.T.);
#857 = ORIENTED_EDGE('',*,*,#783,.F.);
#858 = ORIENTED_EDGE('',*,*,#859,.F.);
#859 = EDGE_CURVE('',#652,#776,#860,.T.);
#860 = LINE('',#861,#862);
#861 = CARTESIAN_POINT('',(0.8,-0.4,4.5E-02));
#862 = VECTOR('',#863,1.);
#863 = DIRECTION('',(0.,1.,0.));
#864 = CYLINDRICAL_SURFACE('',#865,4.5E-02);
#865 = AXIS2_PLACEMENT_3D('',#866,#867,#868);
#866 = CARTESIAN_POINT('',(0.755,-0.4,4.5E-02));
#867 = DIRECTION('',(0.,1.,0.));
#868 = DIRECTION('',(1.,0.,0.));
#869 = ADVANCED_FACE('',(#870),#881,.T.);
#870 = FACE_BOUND('',#871,.T.);
#871 = EDGE_LOOP('',(#872,#873,#874,#875));
#872 = ORIENTED_EDGE('',*,*,#651,.F.);
#873 = ORIENTED_EDGE('',*,*,#859,.T.);
#874 = ORIENTED_EDGE('',*,*,#775,.T.);
#875 = ORIENTED_EDGE('',*,*,#876,.F.);
#876 = EDGE_CURVE('',#643,#767,#877,.T.);
#877 = LINE('',#878,#879);
#878 = CARTESIAN_POINT('',(0.8,-0.4,0.405));
#879 = VECTOR('',#880,1.);
#880 = DIRECTION('',(0.,1.,0.));
#881 = PLANE('',#882);
#882 = AXIS2_PLACEMENT_3D('',#883,#884,#885);
#883 = CARTESIAN_POINT('',(0.8,-0.4,0.));
#884 = DIRECTION('',(1.,0.,0.));
#885 = DIRECTION('',(0.,0.,1.));
#886 = ADVANCED_FACE('',(#887),#898,.T.);
#887 = FACE_BOUND('',#888,.T.);
#888 = EDGE_LOOP('',(#889,#890,#891,#897));
#889 = ORIENTED_EDGE('',*,*,#876,.T.);
#890 = ORIENTED_EDGE('',*,*,#766,.T.);
#891 = ORIENTED_EDGE('',*,*,#892,.F.);
#892 = EDGE_CURVE('',#635,#759,#893,.T.);
#893 = LINE('',#894,#895);
#894 = CARTESIAN_POINT('',(0.755,-0.4,0.45));
#895 = VECTOR('',#896,1.);
#896 = DIRECTION('',(0.,1.,0.));
#897 = ORIENTED_EDGE('',*,*,#642,.F.);
#898 = CYLINDRICAL_SURFACE('',#899,4.5E-02);
#899 = AXIS2_PLACEMENT_3D('',#900,#901,#902);
#900 = CARTESIAN_POINT('',(0.755,-0.4,0.405));
#901 = DIRECTION('',(0.,1.,0.));
#902 = DIRECTION('',(1.,0.,0.));
#903 = ADVANCED_FACE('',(#904),#915,.T.);
#904 = FACE_BOUND('',#905,.T.);
#905 = EDGE_LOOP('',(#906,#907,#913,#914));
#906 = ORIENTED_EDGE('',*,*,#758,.F.);
#907 = ORIENTED_EDGE('',*,*,#908,.F.);
#908 = EDGE_CURVE('',#626,#750,#909,.T.);
#909 = LINE('',#910,#911);
#910 = CARTESIAN_POINT('',(0.545,-0.4,0.45));
#911 = VECTOR('',#912,1.);
#912 = DIRECTION('',(0.,1.,0.));
#913 = ORIENTED_EDGE('',*,*,#634,.T.);
#914 = ORIENTED_EDGE('',*,*,#892,.T.);
#915 = PLANE('',#916);
#916 = AXIS2_PLACEMENT_3D('',#917,#918,#919);
#917 = CARTESIAN_POINT('',(0.5,-0.4,0.45));
#918 = DIRECTION('',(0.,0.,1.));
#919 = DIRECTION('',(1.,0.,-0.));
#920 = ADVANCED_FACE('',(#921),#932,.T.);
#921 = FACE_BOUND('',#922,.T.);
#922 = EDGE_LOOP('',(#923,#924,#925,#926));
#923 = ORIENTED_EDGE('',*,*,#625,.T.);
#924 = ORIENTED_EDGE('',*,*,#908,.T.);
#925 = ORIENTED_EDGE('',*,*,#749,.F.);
#926 = ORIENTED_EDGE('',*,*,#927,.F.);
#927 = EDGE_CURVE('',#460,#543,#928,.T.);
#928 = LINE('',#929,#930);
#929 = CARTESIAN_POINT('',(0.5,-0.4,0.405));
#930 = VECTOR('',#931,1.);
#931 = DIRECTION('',(0.,1.,0.));
#932 = CYLINDRICAL_SURFACE('',#933,4.5E-02);
#933 = AXIS2_PLACEMENT_3D('',#934,#935,#936);
#934 = CARTESIAN_POINT('',(0.545,-0.4,0.405));
#935 = DIRECTION('',(0.,1.,0.));
#936 = DIRECTION('',(-1.,0.,0.));
#937 = ADVANCED_FACE('',(#938),#949,.T.);
#938 = FACE_BOUND('',#939,.T.);
#939 = EDGE_LOOP('',(#940,#941,#942,#943));
#940 = ORIENTED_EDGE('',*,*,#691,.F.);
#941 = ORIENTED_EDGE('',*,*,#927,.T.);
#942 = ORIENTED_EDGE('',*,*,#808,.T.);
#943 = ORIENTED_EDGE('',*,*,#944,.F.);
#944 = EDGE_CURVE('',#684,#801,#945,.T.);
#945 = LINE('',#946,#947);
#946 = CARTESIAN_POINT('',(0.5,-0.4,0.45));
#947 = VECTOR('',#948,1.);
#948 = DIRECTION('',(0.,1.,0.));
#949 = PLANE('',#950);
#950 = AXIS2_PLACEMENT_3D('',#951,#952,#953);
#951 = CARTESIAN_POINT('',(0.5,-0.4,0.405));
#952 = DIRECTION('',(1.,0.,0.));
#953 = DIRECTION('',(0.,0.,1.));
#954 = ADVANCED_FACE('',(#955),#961,.T.);
#955 = FACE_BOUND('',#956,.T.);
#956 = EDGE_LOOP('',(#957,#958,#959,#960));
#957 = ORIENTED_EDGE('',*,*,#715,.F.);
#958 = ORIENTED_EDGE('',*,*,#683,.T.);
#959 = ORIENTED_EDGE('',*,*,#944,.T.);
#960 = ORIENTED_EDGE('',*,*,#800,.F.);
#961 = PLANE('',#962);
#962 = AXIS2_PLACEMENT_3D('',#963,#964,#965);
#963 = CARTESIAN_POINT('',(-0.5,-0.4,0.45));
#964 = DIRECTION('',(0.,0.,1.));
#965 = DIRECTION('',(1.,0.,-0.));
#966 = ( GEOMETRIC_REPRESENTATION_CONTEXT(3) 
GLOBAL_UNCERTAINTY_ASSIGNED_CONTEXT((#970)) GLOBAL_UNIT_ASSIGNED_CONTEXT
((#967,#968,#969)) REPRESENTATION_CONTEXT('Context #1',
  '3D Context with UNIT and UNCERTAINTY') );
#967 = ( LENGTH_UNIT() NAMED_UNIT(*) SI_UNIT(.MILLI.,.METRE.) );
#968 = ( NAMED_UNIT(*) PLANE_ANGLE_UNIT() SI_UNIT($,.RADIAN.) );
#969 = ( NAMED_UNIT(*) SI_UNIT($,.STERADIAN.) SOLID_ANGLE_UNIT() );
#970 = UNCERTAINTY_MEASURE_WITH_UNIT(LENGTH_MEASURE(1.E-07),#967,
  'distance_accuracy_value','confusion accuracy');
#971 = CONTEXT_DEPENDENT_SHAPE_REPRESENTATION(#972,#974);
#972 = ( REPRESENTATION_RELATIONSHIP('','',#175,#152) 
REPRESENTATION_RELATIONSHIP_WITH_TRANSFORMATION(#973) 
SHAPE_REPRESENTATION_RELATIONSHIP() );
#973 = ITEM_DEFINED_TRANSFORMATION('','',#11,#153);
#974 = PRODUCT_DEFINITION_SHAPE('Placement','Placement of an item',#975
  );
#975 = NEXT_ASSEMBLY_USAGE_OCCURRENCE('1','=>[0:1:1:3]','',#147,#170,$);
#976 = PRODUCT_RELATED_PRODUCT_CATEGORY('part',$,(#172));
#977 = SHAPE_DEFINITION_REPRESENTATION(#978,#984);
#978 = PRODUCT_DEFINITION_SHAPE('','',#979);
#979 = PRODUCT_DEFINITION('design','',#980,#983);
#980 = PRODUCT_DEFINITION_FORMATION('','',#981);
#981 = PRODUCT('PinHeader_1x02_P2.54mm_Vertical',
  'PinHeader_1x02_P2.54mm_Vertical','',(#982));
#982 = PRODUCT_CONTEXT('',#2,'mechanical');
#983 = PRODUCT_DEFINITION_CONTEXT('part definition',#2,'design');
#984 = SHAPE_REPRESENTATION('',(#11,#985),#989);
#985 = AXIS2_PLACEMENT_3D('',#986,#987,#988);
#986 = CARTESIAN_POINT('',(0.,0.,0.));
#987 = DIRECTION('',(0.,0.,1.));
#988 = DIRECTION('',(1.,0.,-0.));
#989 = ( GEOMETRIC_REPRESENTATION_CONTEXT(3) 
GLOBAL_UNCERTAINTY_ASSIGNED_CONTEXT((#993)) GLOBAL_UNIT_ASSIGNED_CONTEXT
((#990,#991,#992)) REPRESENTATION_CONTEXT('Context #1',
  '3D Context with UNIT and UNCERTAINTY') );
#990 = ( LENGTH_UNIT() NAMED_UNIT(*) SI_UNIT(.MILLI.,.METRE.) );
#991 = ( NAMED_UNIT(*) PLANE_ANGLE_UNIT() SI_UNIT($,.RADIAN.) );
#992 = ( NAMED_UNIT(*) SI_UNIT($,.STERADIAN.) SOLID_ANGLE_UNIT() );
#993 = UNCERTAINTY_MEASURE_WITH_UNIT(LENGTH_MEASURE(1.E-07),#990,
  'distance_accuracy_value','confusion accuracy');
#994 = CONTEXT_DEPENDENT_SHAPE_REPRESENTATION(#995,#997);
#995 = ( REPRESENTATION_RELATIONSHIP('','',#984,#10) 
REPRESENTATION_RELATIONSHIP_WITH_TRANSFORMATION(#996) 
SHAPE_REPRESENTATION_RELATIONSHIP() );
#996 = ITEM_DEFINED_TRANSFORMATION('','',#11,#19);
#997 = PRODUCT_DEFINITION_SHAPE('Placement','Placement of an item',#998
  );
#998 = NEXT_ASSEMBLY_USAGE_OCCURRENCE('4','J13','',#5,#979,$);
#999 = PRODUCT_RELATED_PRODUCT_CATEGORY('part',$,(#981));
#1000 = SHAPE_DEFINITION_REPRESENTATION(#1001,#1007);
#1001 = PRODUCT_DEFINITION_SHAPE('','',#1002);
#1002 = PRODUCT_DEFINITION('design','',#1003,#1006);
#1003 = PRODUCT_DEFINITION_FORMATION('','',#1004);
#1004 = PRODUCT('PinHeader_1x02_P254mm_Vertical',
  'PinHeader_1x02_P254mm_Vertical','',(#1005));
#1005 = PRODUCT_CONTEXT('',#2,'mechanical');
#1006 = PRODUCT_DEFINITION_CONTEXT('part definition',#2,'design');
#1007 = ADVANCED_BREP_SHAPE_REPRESENTATION('',(#11,#1008),#2440);
#1008 = MANIFOLD_SOLID_BREP('',#1009);
#1009 = CLOSED_SHELL('',(#1010,#1050,#1081,#1112,#1277,#1442,#1459,#1476
    ,#1493,#1510,#1527,#1544,#1561,#1578,#1595,#1612,#1624,#1655,#1679,
    #1703,#1720,#1751,#1775,#1799,#1816,#1847,#1871,#1895,#1912,#1943,
    #1967,#1991,#2008,#2039,#2063,#2087,#2104,#2135,#2159,#2183,#2200,
    #2231,#2255,#2279,#2296,#2327,#2351,#2375,#2392,#2404,#2416,#2428));
#1010 = ADVANCED_FACE('',(#1011),#1045,.F.);
#1011 = FACE_BOUND('',#1012,.F.);
#1012 = EDGE_LOOP('',(#1013,#1023,#1031,#1039));
#1013 = ORIENTED_EDGE('',*,*,#1014,.T.);
#1014 = EDGE_CURVE('',#1015,#1017,#1019,.T.);
#1015 = VERTEX_POINT('',#1016);
#1016 = CARTESIAN_POINT('',(-1.016,1.27,0.));
#1017 = VERTEX_POINT('',#1018);
#1018 = CARTESIAN_POINT('',(-1.016,1.27,2.54));
#1019 = LINE('',#1020,#1021);
#1020 = CARTESIAN_POINT('',(-1.016,1.27,0.));
#1021 = VECTOR('',#1022,1.);
#1022 = DIRECTION('',(0.,0.,1.));
#1023 = ORIENTED_EDGE('',*,*,#1024,.T.);
#1024 = EDGE_CURVE('',#1017,#1025,#1027,.T.);
#1025 = VERTEX_POINT('',#1026);
#1026 = CARTESIAN_POINT('',(-1.27,1.016,2.54));
#1027 = LINE('',#1028,#1029);
#1028 = CARTESIAN_POINT('',(-1.016,1.27,2.54));
#1029 = VECTOR('',#1030,1.);
#1030 = DIRECTION('',(-0.707106781187,-0.707106781187,0.));
#1031 = ORIENTED_EDGE('',*,*,#1032,.F.);
#1032 = EDGE_CURVE('',#1033,#1025,#1035,.T.);
#1033 = VERTEX_POINT('',#1034);
#1034 = CARTESIAN_POINT('',(-1.27,1.016,0.));
#1035 = LINE('',#1036,#1037);
#1036 = CARTESIAN_POINT('',(-1.27,1.016,0.));
#1037 = VECTOR('',#1038,1.);
#1038 = DIRECTION('',(0.,0.,1.));
#1039 = ORIENTED_EDGE('',*,*,#1040,.F.);
#1040 = EDGE_CURVE('',#1015,#1033,#1041,.T.);
#1041 = LINE('',#1042,#1043);
#1042 = CARTESIAN_POINT('',(-1.016,1.27,0.));
#1043 = VECTOR('',#1044,1.);
#1044 = DIRECTION('',(-0.707106781187,-0.707106781187,0.));
#1045 = PLANE('',#1046);
#1046 = AXIS2_PLACEMENT_3D('',#1047,#1048,#1049);
#1047 = CARTESIAN_POINT('',(-1.016,1.27,0.));
#1048 = DIRECTION('',(0.707106781187,-0.707106781187,0.));
#1049 = DIRECTION('',(-0.707106781187,-0.707106781187,0.));
#1050 = ADVANCED_FACE('',(#1051),#1076,.F.);
#1051 = FACE_BOUND('',#1052,.F.);
#1052 = EDGE_LOOP('',(#1053,#1063,#1069,#1070));
#1053 = ORIENTED_EDGE('',*,*,#1054,.T.);
#1054 = EDGE_CURVE('',#1055,#1057,#1059,.T.);
#1055 = VERTEX_POINT('',#1056);
#1056 = CARTESIAN_POINT('',(1.016,1.27,0.));
#1057 = VERTEX_POINT('',#1058);
#1058 = CARTESIAN_POINT('',(1.016,1.27,2.54));
#1059 = LINE('',#1060,#1061);
#1060 = CARTESIAN_POINT('',(1.016,1.27,0.));
#1061 = VECTOR('',#1062,1.);
#1062 = DIRECTION('',(0.,0.,1.));
#1063 = ORIENTED_EDGE('',*,*,#1064,.T.);
#1064 = EDGE_CURVE('',#1057,#1017,#1065,.T.);
#1065 = LINE('',#1066,#1067);
#1066 = CARTESIAN_POINT('',(1.016,1.27,2.54));
#1067 = VECTOR('',#1068,1.);
#1068 = DIRECTION('',(-1.,0.,0.));
#1069 = ORIENTED_EDGE('',*,*,#1014,.F.);
#1070 = ORIENTED_EDGE('',*,*,#1071,.F.);
#1071 = EDGE_CURVE('',#1055,#1015,#1072,.T.);
#1072 = LINE('',#1073,#1074);
#1073 = CARTESIAN_POINT('',(1.016,1.27,0.));
#1074 = VECTOR('',#1075,1.);
#1075 = DIRECTION('',(-1.,0.,0.));
#1076 = PLANE('',#1077);
#1077 = AXIS2_PLACEMENT_3D('',#1078,#1079,#1080);
#1078 = CARTESIAN_POINT('',(1.016,1.27,0.));
#1079 = DIRECTION('',(0.,-1.,0.));
#1080 = DIRECTION('',(-1.,0.,0.));
#1081 = ADVANCED_FACE('',(#1082),#1107,.F.);
#1082 = FACE_BOUND('',#1083,.F.);
#1083 = EDGE_LOOP('',(#1084,#1085,#1093,#1101));
#1084 = ORIENTED_EDGE('',*,*,#1032,.T.);
#1085 = ORIENTED_EDGE('',*,*,#1086,.T.);
#1086 = EDGE_CURVE('',#1025,#1087,#1089,.T.);
#1087 = VERTEX_POINT('',#1088);
#1088 = CARTESIAN_POINT('',(-1.27,-1.016,2.54));
#1089 = LINE('',#1090,#1091);
#1090 = CARTESIAN_POINT('',(-1.27,1.016,2.54));
#1091 = VECTOR('',#1092,1.);
#1092 = DIRECTION('',(0.,-1.,0.));
#1093 = ORIENTED_EDGE('',*,*,#1094,.F.);
#1094 = EDGE_CURVE('',#1095,#1087,#1097,.T.);
#1095 = VERTEX_POINT('',#1096);
#1096 = CARTESIAN_POINT('',(-1.27,-1.016,0.));
#1097 = LINE('',#1098,#1099);
#1098 = CARTESIAN_POINT('',(-1.27,-1.016,0.));
#1099 = VECTOR('',#1100,1.);
#1100 = DIRECTION('',(0.,0.,1.));
#1101 = ORIENTED_EDGE('',*,*,#1102,.F.);
#1102 = EDGE_CURVE('',#1033,#1095,#1103,.T.);
#1103 = LINE('',#1104,#1105);
#1104 = CARTESIAN_POINT('',(-1.27,1.016,0.));
#1105 = VECTOR('',#1106,1.);
#1106 = DIRECTION('',(0.,-1.,0.));
#1107 = PLANE('',#1108);
#1108 = AXIS2_PLACEMENT_3D('',#1109,#1110,#1111);
#1109 = CARTESIAN_POINT('',(-1.27,1.016,0.));
#1110 = DIRECTION('',(1.,0.,0.));
#1111 = DIRECTION('',(0.,-1.,0.));
#1112 = ADVANCED_FACE('',(#1113,#1204,#1238),#1272,.F.);
#1113 = FACE_BOUND('',#1114,.F.);
#1114 = EDGE_LOOP('',(#1115,#1116,#1117,#1125,#1133,#1141,#1149,#1157,
    #1165,#1173,#1181,#1189,#1197,#1203));
#1115 = ORIENTED_EDGE('',*,*,#1040,.T.);
#1116 = ORIENTED_EDGE('',*,*,#1102,.T.);
#1117 = ORIENTED_EDGE('',*,*,#1118,.T.);
#1118 = EDGE_CURVE('',#1095,#1119,#1121,.T.);
#1119 = VERTEX_POINT('',#1120);
#1120 = CARTESIAN_POINT('',(-1.016,-1.27,0.));
#1121 = LINE('',#1122,#1123);
#1122 = CARTESIAN_POINT('',(-1.27,-1.016,0.));
#1123 = VECTOR('',#1124,1.);
#1124 = DIRECTION('',(0.707106781187,-0.707106781187,0.));
#1125 = ORIENTED_EDGE('',*,*,#1126,.T.);
#1126 = EDGE_CURVE('',#1119,#1127,#1129,.T.);
#1127 = VERTEX_POINT('',#1128);
#1128 = CARTESIAN_POINT('',(-1.27,-1.524,0.));
#1129 = LINE('',#1130,#1131);
#1130 = CARTESIAN_POINT('',(-1.016,-1.27,0.));
#1131 = VECTOR('',#1132,1.);
#1132 = DIRECTION('',(-0.707106781187,-0.707106781187,0.));
#1133 = ORIENTED_EDGE('',*,*,#1134,.T.);
#1134 = EDGE_CURVE('',#1127,#1135,#1137,.T.);
#1135 = VERTEX_POINT('',#1136);
#1136 = CARTESIAN_POINT('',(-1.27,-3.556,0.));
#1137 = LINE('',#1138,#1139);
#1138 = CARTESIAN_POINT('',(-1.27,-1.524,0.));
#1139 = VECTOR('',#1140,1.);
#1140 = DIRECTION('',(0.,-1.,0.));
#1141 = ORIENTED_EDGE('',*,*,#1142,.T.);
#1142 = EDGE_CURVE('',#1135,#1143,#1145,.T.);
#1143 = VERTEX_POINT('',#1144);
#1144 = CARTESIAN_POINT('',(-1.016,-3.81,0.));
#1145 = LINE('',#1146,#1147);
#1146 = CARTESIAN_POINT('',(-1.27,-3.556,0.));
#1147 = VECTOR('',#1148,1.);
#1148 = DIRECTION('',(0.707106781187,-0.707106781187,0.));
#1149 = ORIENTED_EDGE('',*,*,#1150,.T.);
#1150 = EDGE_CURVE('',#1143,#1151,#1153,.T.);
#1151 = VERTEX_POINT('',#1152);
#1152 = CARTESIAN_POINT('',(1.016,-3.81,0.));
#1153 = LINE('',#1154,#1155);
#1154 = CARTESIAN_POINT('',(-1.016,-3.81,0.));
#1155 = VECTOR('',#1156,1.);
#1156 = DIRECTION('',(1.,0.,0.));
#1157 = ORIENTED_EDGE('',*,*,#1158,.T.);
#1158 = EDGE_CURVE('',#1151,#1159,#1161,.T.);
#1159 = VERTEX_POINT('',#1160);
#1160 = CARTESIAN_POINT('',(1.27,-3.556,0.));
#1161 = LINE('',#1162,#1163);
#1162 = CARTESIAN_POINT('',(1.016,-3.81,0.));
#1163 = VECTOR('',#1164,1.);
#1164 = DIRECTION('',(0.707106781187,0.707106781187,0.));
#1165 = ORIENTED_EDGE('',*,*,#1166,.T.);
#1166 = EDGE_CURVE('',#1159,#1167,#1169,.T.);
#1167 = VERTEX_POINT('',#1168);
#1168 = CARTESIAN_POINT('',(1.27,-1.524,0.));
#1169 = LINE('',#1170,#1171);
#1170 = CARTESIAN_POINT('',(1.27,-3.556,0.));
#1171 = VECTOR('',#1172,1.);
#1172 = DIRECTION('',(0.,1.,0.));
#1173 = ORIENTED_EDGE('',*,*,#1174,.T.);
#1174 = EDGE_CURVE('',#1167,#1175,#1177,.T.);
#1175 = VERTEX_POINT('',#1176);
#1176 = CARTESIAN_POINT('',(1.016,-1.27,0.));
#1177 = LINE('',#1178,#1179);
#1178 = CARTESIAN_POINT('',(1.27,-1.524,0.));
#1179 = VECTOR('',#1180,1.);
#1180 = DIRECTION('',(-0.707106781187,0.707106781187,0.));
#1181 = ORIENTED_EDGE('',*,*,#1182,.T.);
#1182 = EDGE_CURVE('',#1175,#1183,#1185,.T.);
#1183 = VERTEX_POINT('',#1184);
#1184 = CARTESIAN_POINT('',(1.27,-1.016,0.));
#1185 = LINE('',#1186,#1187);
#1186 = CARTESIAN_POINT('',(1.016,-1.27,0.));
#1187 = VECTOR('',#1188,1.);
#1188 = DIRECTION('',(0.707106781187,0.707106781187,0.));
#1189 = ORIENTED_EDGE('',*,*,#1190,.T.);
#1190 = EDGE_CURVE('',#1183,#1191,#1193,.T.);
#1191 = VERTEX_POINT('',#1192);
#1192 = CARTESIAN_POINT('',(1.27,1.016,0.));
#1193 = LINE('',#1194,#1195);
#1194 = CARTESIAN_POINT('',(1.27,-1.016,0.));
#1195 = VECTOR('',#1196,1.);
#1196 = DIRECTION('',(0.,1.,0.));
#1197 = ORIENTED_EDGE('',*,*,#1198,.T.);
#1198 = EDGE_CURVE('',#1191,#1055,#1199,.T.);
#1199 = LINE('',#1200,#1201);
#1200 = CARTESIAN_POINT('',(1.27,1.016,0.));
#1201 = VECTOR('',#1202,1.);
#1202 = DIRECTION('',(-0.707106781187,0.707106781187,0.));
#1203 = ORIENTED_EDGE('',*,*,#1071,.T.);
#1204 = FACE_BOUND('',#1205,.F.);
#1205 = EDGE_LOOP('',(#1206,#1216,#1224,#1232));
#1206 = ORIENTED_EDGE('',*,*,#1207,.T.);
#1207 = EDGE_CURVE('',#1208,#1210,#1212,.T.);
#1208 = VERTEX_POINT('',#1209);
#1209 = CARTESIAN_POINT('',(0.32,-0.32,0.));
#1210 = VERTEX_POINT('',#1211);
#1211 = CARTESIAN_POINT('',(-0.32,-0.32,0.));
#1212 = LINE('',#1213,#1214);
#1213 = CARTESIAN_POINT('',(-0.16,-0.32,0.));
#1214 = VECTOR('',#1215,1.);
#1215 = DIRECTION('',(-1.,0.,0.));
#1216 = ORIENTED_EDGE('',*,*,#1217,.T.);
#1217 = EDGE_CURVE('',#1210,#1218,#1220,.T.);
#1218 = VERTEX_POINT('',#1219);
#1219 = CARTESIAN_POINT('',(-0.32,0.32,0.));
#1220 = LINE('',#1221,#1222);
#1221 = CARTESIAN_POINT('',(-0.32,-0.795,0.));
#1222 = VECTOR('',#1223,1.);
#1223 = DIRECTION('',(0.,1.,0.));
#1224 = ORIENTED_EDGE('',*,*,#1225,.F.);
#1225 = EDGE_CURVE('',#1226,#1218,#1228,.T.);
#1226 = VERTEX_POINT('',#1227);
#1227 = CARTESIAN_POINT('',(0.32,0.32,0.));
#1228 = LINE('',#1229,#1230);
#1229 = CARTESIAN_POINT('',(-0.16,0.32,0.));
#1230 = VECTOR('',#1231,1.);
#1231 = DIRECTION('',(-1.,0.,0.));
#1232 = ORIENTED_EDGE('',*,*,#1233,.F.);
#1233 = EDGE_CURVE('',#1208,#1226,#1234,.T.);
#1234 = LINE('',#1235,#1236);
#1235 = CARTESIAN_POINT('',(0.32,-0.795,0.));
#1236 = VECTOR('',#1237,1.);
#1237 = DIRECTION('',(0.,1.,0.));
#1238 = FACE_BOUND('',#1239,.F.);
#1239 = EDGE_LOOP('',(#1240,#1250,#1258,#1266));
#1240 = ORIENTED_EDGE('',*,*,#1241,.T.);
#1241 = EDGE_CURVE('',#1242,#1244,#1246,.T.);
#1242 = VERTEX_POINT('',#1243);
#1243 = CARTESIAN_POINT('',(0.32,-2.86,0.));
#1244 = VERTEX_POINT('',#1245);
#1245 = CARTESIAN_POINT('',(-0.32,-2.86,0.));
#1246 = LINE('',#1247,#1248);
#1247 = CARTESIAN_POINT('',(-0.16,-2.86,0.));
#1248 = VECTOR('',#1249,1.);
#1249 = DIRECTION('',(-1.,0.,0.));
#1250 = ORIENTED_EDGE('',*,*,#1251,.T.);
#1251 = EDGE_CURVE('',#1244,#1252,#1254,.T.);
#1252 = VERTEX_POINT('',#1253);
#1253 = CARTESIAN_POINT('',(-0.32,-2.22,0.));
#1254 = LINE('',#1255,#1256);
#1255 = CARTESIAN_POINT('',(-0.32,-2.065,0.));
#1256 = VECTOR('',#1257,1.);
#1257 = DIRECTION('',(0.,1.,0.));
#1258 = ORIENTED_EDGE('',*,*,#1259,.F.);
#1259 = EDGE_CURVE('',#1260,#1252,#1262,.T.);
#1260 = VERTEX_POINT('',#1261);
#1261 = CARTESIAN_POINT('',(0.32,-2.22,0.));
#1262 = LINE('',#1263,#1264);
#1263 = CARTESIAN_POINT('',(-0.16,-2.22,0.));
#1264 = VECTOR('',#1265,1.);
#1265 = DIRECTION('',(-1.,0.,0.));
#1266 = ORIENTED_EDGE('',*,*,#1267,.F.);
#1267 = EDGE_CURVE('',#1242,#1260,#1268,.T.);
#1268 = LINE('',#1269,#1270);
#1269 = CARTESIAN_POINT('',(0.32,-2.065,0.));
#1270 = VECTOR('',#1271,1.);
#1271 = DIRECTION('',(0.,1.,0.));
#1272 = PLANE('',#1273);
#1273 = AXIS2_PLACEMENT_3D('',#1274,#1275,#1276);
#1274 = CARTESIAN_POINT('',(1.473843703412E-17,-1.27,0.));
#1275 = DIRECTION('',(0.,0.,1.));
#1276 = DIRECTION('',(1.,0.,-0.));
#1277 = ADVANCED_FACE('',(#1278,#1369,#1403),#1437,.T.);
#1278 = FACE_BOUND('',#1279,.T.);
#1279 = EDGE_LOOP('',(#1280,#1281,#1282,#1290,#1298,#1306,#1314,#1322,
    #1330,#1338,#1346,#1354,#1362,#1368));
#1280 = ORIENTED_EDGE('',*,*,#1024,.T.);
#1281 = ORIENTED_EDGE('',*,*,#1086,.T.);
#1282 = ORIENTED_EDGE('',*,*,#1283,.T.);
#1283 = EDGE_CURVE('',#1087,#1284,#1286,.T.);
#1284 = VERTEX_POINT('',#1285);
#1285 = CARTESIAN_POINT('',(-1.016,-1.27,2.54));
#1286 = LINE('',#1287,#1288);
#1287 = CARTESIAN_POINT('',(-1.27,-1.016,2.54));
#1288 = VECTOR('',#1289,1.);
#1289 = DIRECTION('',(0.707106781187,-0.707106781187,0.));
#1290 = ORIENTED_EDGE('',*,*,#1291,.T.);
#1291 = EDGE_CURVE('',#1284,#1292,#1294,.T.);
#1292 = VERTEX_POINT('',#1293);
#1293 = CARTESIAN_POINT('',(-1.27,-1.524,2.54));
#1294 = LINE('',#1295,#1296);
#1295 = CARTESIAN_POINT('',(-1.016,-1.27,2.54));
#1296 = VECTOR('',#1297,1.);
#1297 = DIRECTION('',(-0.707106781187,-0.707106781187,0.));
#1298 = ORIENTED_EDGE('',*,*,#1299,.T.);
#1299 = EDGE_CURVE('',#1292,#1300,#1302,.T.);
#1300 = VERTEX_POINT('',#1301);
#1301 = CARTESIAN_POINT('',(-1.27,-3.556,2.54));
#1302 = LINE('',#1303,#1304);
#1303 = CARTESIAN_POINT('',(-1.27,-1.524,2.54));
#1304 = VECTOR('',#1305,1.);
#1305 = DIRECTION('',(0.,-1.,0.));
#1306 = ORIENTED_EDGE('',*,*,#1307,.T.);
#1307 = EDGE_CURVE('',#1300,#1308,#1310,.T.);
#1308 = VERTEX_POINT('',#1309);
#1309 = CARTESIAN_POINT('',(-1.016,-3.81,2.54));
#1310 = LINE('',#1311,#1312);
#1311 = CARTESIAN_POINT('',(-1.27,-3.556,2.54));
#1312 = VECTOR('',#1313,1.);
#1313 = DIRECTION('',(0.707106781187,-0.707106781187,0.));
#1314 = ORIENTED_EDGE('',*,*,#1315,.T.);
#1315 = EDGE_CURVE('',#1308,#1316,#1318,.T.);
#1316 = VERTEX_POINT('',#1317);
#1317 = CARTESIAN_POINT('',(1.016,-3.81,2.54));
#1318 = LINE('',#1319,#1320);
#1319 = CARTESIAN_POINT('',(-1.016,-3.81,2.54));
#1320 = VECTOR('',#1321,1.);
#1321 = DIRECTION('',(1.,0.,0.));
#1322 = ORIENTED_EDGE('',*,*,#1323,.T.);
#1323 = EDGE_CURVE('',#1316,#1324,#1326,.T.);
#1324 = VERTEX_POINT('',#1325);
#1325 = CARTESIAN_POINT('',(1.27,-3.556,2.54));
#1326 = LINE('',#1327,#1328);
#1327 = CARTESIAN_POINT('',(1.016,-3.81,2.54));
#1328 = VECTOR('',#1329,1.);
#1329 = DIRECTION('',(0.707106781187,0.707106781187,0.));
#1330 = ORIENTED_EDGE('',*,*,#1331,.T.);
#1331 = EDGE_CURVE('',#1324,#1332,#1334,.T.);
#1332 = VERTEX_POINT('',#1333);
#1333 = CARTESIAN_POINT('',(1.27,-1.524,2.54));
#1334 = LINE('',#1335,#1336);
#1335 = CARTESIAN_POINT('',(1.27,-3.556,2.54));
#1336 = VECTOR('',#1337,1.);
#1337 = DIRECTION('',(0.,1.,0.));
#1338 = ORIENTED_EDGE('',*,*,#1339,.T.);
#1339 = EDGE_CURVE('',#1332,#1340,#1342,.T.);
#1340 = VERTEX_POINT('',#1341);
#1341 = CARTESIAN_POINT('',(1.016,-1.27,2.54));
#1342 = LINE('',#1343,#1344);
#1343 = CARTESIAN_POINT('',(1.27,-1.524,2.54));
#1344 = VECTOR('',#1345,1.);
#1345 = DIRECTION('',(-0.707106781187,0.707106781187,0.));
#1346 = ORIENTED_EDGE('',*,*,#1347,.T.);
#1347 = EDGE_CURVE('',#1340,#1348,#1350,.T.);
#1348 = VERTEX_POINT('',#1349);
#1349 = CARTESIAN_POINT('',(1.27,-1.016,2.54));
#1350 = LINE('',#1351,#1352);
#1351 = CARTESIAN_POINT('',(1.016,-1.27,2.54));
#1352 = VECTOR('',#1353,1.);
#1353 = DIRECTION('',(0.707106781187,0.707106781187,0.));
#1354 = ORIENTED_EDGE('',*,*,#1355,.T.);
#1355 = EDGE_CURVE('',#1348,#1356,#1358,.T.);
#1356 = VERTEX_POINT('',#1357);
#1357 = CARTESIAN_POINT('',(1.27,1.016,2.54));
#1358 = LINE('',#1359,#1360);
#1359 = CARTESIAN_POINT('',(1.27,-1.016,2.54));
#1360 = VECTOR('',#1361,1.);
#1361 = DIRECTION('',(0.,1.,0.));
#1362 = ORIENTED_EDGE('',*,*,#1363,.T.);
#1363 = EDGE_CURVE('',#1356,#1057,#1364,.T.);
#1364 = LINE('',#1365,#1366);
#1365 = CARTESIAN_POINT('',(1.27,1.016,2.54));
#1366 = VECTOR('',#1367,1.);
#1367 = DIRECTION('',(-0.707106781187,0.707106781187,0.));
#1368 = ORIENTED_EDGE('',*,*,#1064,.T.);
#1369 = FACE_BOUND('',#1370,.T.);
#1370 = EDGE_LOOP('',(#1371,#1381,#1389,#1397));
#1371 = ORIENTED_EDGE('',*,*,#1372,.T.);
#1372 = EDGE_CURVE('',#1373,#1375,#1377,.T.);
#1373 = VERTEX_POINT('',#1374);
#1374 = CARTESIAN_POINT('',(0.32,-0.32,2.54));
#1375 = VERTEX_POINT('',#1376);
#1376 = CARTESIAN_POINT('',(-0.32,-0.32,2.54));
#1377 = LINE('',#1378,#1379);
#1378 = CARTESIAN_POINT('',(-0.16,-0.32,2.54));
#1379 = VECTOR('',#1380,1.);
#1380 = DIRECTION('',(-1.,0.,0.));
#1381 = ORIENTED_EDGE('',*,*,#1382,.T.);
#1382 = EDGE_CURVE('',#1375,#1383,#1385,.T.);
#1383 = VERTEX_POINT('',#1384);
#1384 = CARTESIAN_POINT('',(-0.32,0.32,2.54));
#1385 = LINE('',#1386,#1387);
#1386 = CARTESIAN_POINT('',(-0.32,-0.795,2.54));
#1387 = VECTOR('',#1388,1.);
#1388 = DIRECTION('',(0.,1.,0.));
#1389 = ORIENTED_EDGE('',*,*,#1390,.F.);
#1390 = EDGE_CURVE('',#1391,#1383,#1393,.T.);
#1391 = VERTEX_POINT('',#1392);
#1392 = CARTESIAN_POINT('',(0.32,0.32,2.54));
#1393 = LINE('',#1394,#1395);
#1394 = CARTESIAN_POINT('',(-0.16,0.32,2.54));
#1395 = VECTOR('',#1396,1.);
#1396 = DIRECTION('',(-1.,0.,0.));
#1397 = ORIENTED_EDGE('',*,*,#1398,.F.);
#1398 = EDGE_CURVE('',#1373,#1391,#1399,.T.);
#1399 = LINE('',#1400,#1401);
#1400 = CARTESIAN_POINT('',(0.32,-0.795,2.54));
#1401 = VECTOR('',#1402,1.);
#1402 = DIRECTION('',(0.,1.,0.));
#1403 = FACE_BOUND('',#1404,.T.);
#1404 = EDGE_LOOP('',(#1405,#1415,#1423,#1431));
#1405 = ORIENTED_EDGE('',*,*,#1406,.T.);
#1406 = EDGE_CURVE('',#1407,#1409,#1411,.T.);
#1407 = VERTEX_POINT('',#1408);
#1408 = CARTESIAN_POINT('',(0.32,-2.86,2.54));
#1409 = VERTEX_POINT('',#1410);
#1410 = CARTESIAN_POINT('',(-0.32,-2.86,2.54));
#1411 = LINE('',#1412,#1413);
#1412 = CARTESIAN_POINT('',(-0.16,-2.86,2.54));
#1413 = VECTOR('',#1414,1.);
#1414 = DIRECTION('',(-1.,0.,0.));
#1415 = ORIENTED_EDGE('',*,*,#1416,.T.);
#1416 = EDGE_CURVE('',#1409,#1417,#1419,.T.);
#1417 = VERTEX_POINT('',#1418);
#1418 = CARTESIAN_POINT('',(-0.32,-2.22,2.54));
#1419 = LINE('',#1420,#1421);
#1420 = CARTESIAN_POINT('',(-0.32,-2.065,2.54));
#1421 = VECTOR('',#1422,1.);
#1422 = DIRECTION('',(0.,1.,0.));
#1423 = ORIENTED_EDGE('',*,*,#1424,.F.);
#1424 = EDGE_CURVE('',#1425,#1417,#1427,.T.);
#1425 = VERTEX_POINT('',#1426);
#1426 = CARTESIAN_POINT('',(0.32,-2.22,2.54));
#1427 = LINE('',#1428,#1429);
#1428 = CARTESIAN_POINT('',(-0.16,-2.22,2.54));
#1429 = VECTOR('',#1430,1.);
#1430 = DIRECTION('',(-1.,0.,0.));
#1431 = ORIENTED_EDGE('',*,*,#1432,.F.);
#1432 = EDGE_CURVE('',#1407,#1425,#1433,.T.);
#1433 = LINE('',#1434,#1435);
#1434 = CARTESIAN_POINT('',(0.32,-2.065,2.54));
#1435 = VECTOR('',#1436,1.);
#1436 = DIRECTION('',(0.,1.,0.));
#1437 = PLANE('',#1438);
#1438 = AXIS2_PLACEMENT_3D('',#1439,#1440,#1441);
#1439 = CARTESIAN_POINT('',(1.473843703412E-17,-1.27,2.54));
#1440 = DIRECTION('',(0.,0.,1.));
#1441 = DIRECTION('',(1.,0.,-0.));
#1442 = ADVANCED_FACE('',(#1443),#1454,.F.);
#1443 = FACE_BOUND('',#1444,.F.);
#1444 = EDGE_LOOP('',(#1445,#1451,#1452,#1453));
#1445 = ORIENTED_EDGE('',*,*,#1446,.T.);
#1446 = EDGE_CURVE('',#1191,#1356,#1447,.T.);
#1447 = LINE('',#1448,#1449);
#1448 = CARTESIAN_POINT('',(1.27,1.016,0.));
#1449 = VECTOR('',#1450,1.);
#1450 = DIRECTION('',(0.,0.,1.));
#1451 = ORIENTED_EDGE('',*,*,#1363,.T.);
#1452 = ORIENTED_EDGE('',*,*,#1054,.F.);
#1453 = ORIENTED_EDGE('',*,*,#1198,.F.);
#1454 = PLANE('',#1455);
#1455 = AXIS2_PLACEMENT_3D('',#1456,#1457,#1458);
#1456 = CARTESIAN_POINT('',(1.27,1.016,0.));
#1457 = DIRECTION('',(-0.707106781187,-0.707106781187,0.));
#1458 = DIRECTION('',(-0.707106781187,0.707106781187,0.));
#1459 = ADVANCED_FACE('',(#1460),#1471,.F.);
#1460 = FACE_BOUND('',#1461,.F.);
#1461 = EDGE_LOOP('',(#1462,#1463,#1464,#1470));
#1462 = ORIENTED_EDGE('',*,*,#1094,.T.);
#1463 = ORIENTED_EDGE('',*,*,#1283,.T.);
#1464 = ORIENTED_EDGE('',*,*,#1465,.F.);
#1465 = EDGE_CURVE('',#1119,#1284,#1466,.T.);
#1466 = LINE('',#1467,#1468);
#1467 = CARTESIAN_POINT('',(-1.016,-1.27,0.));
#1468 = VECTOR('',#1469,1.);
#1469 = DIRECTION('',(0.,0.,1.));
#1470 = ORIENTED_EDGE('',*,*,#1118,.F.);
#1471 = PLANE('',#1472);
#1472 = AXIS2_PLACEMENT_3D('',#1473,#1474,#1475);
#1473 = CARTESIAN_POINT('',(-1.27,-1.016,0.));
#1474 = DIRECTION('',(0.707106781187,0.707106781187,0.));
#1475 = DIRECTION('',(0.707106781187,-0.707106781187,0.));
#1476 = ADVANCED_FACE('',(#1477),#1488,.F.);
#1477 = FACE_BOUND('',#1478,.F.);
#1478 = EDGE_LOOP('',(#1479,#1485,#1486,#1487));
#1479 = ORIENTED_EDGE('',*,*,#1480,.T.);
#1480 = EDGE_CURVE('',#1183,#1348,#1481,.T.);
#1481 = LINE('',#1482,#1483);
#1482 = CARTESIAN_POINT('',(1.27,-1.016,0.));
#1483 = VECTOR('',#1484,1.);
#1484 = DIRECTION('',(0.,0.,1.));
#1485 = ORIENTED_EDGE('',*,*,#1355,.T.);
#1486 = ORIENTED_EDGE('',*,*,#1446,.F.);
#1487 = ORIENTED_EDGE('',*,*,#1190,.F.);
#1488 = PLANE('',#1489);
#1489 = AXIS2_PLACEMENT_3D('',#1490,#1491,#1492);
#1490 = CARTESIAN_POINT('',(1.27,-1.016,0.));
#1491 = DIRECTION('',(-1.,0.,0.));
#1492 = DIRECTION('',(0.,1.,0.));
#1493 = ADVANCED_FACE('',(#1494),#1505,.F.);
#1494 = FACE_BOUND('',#1495,.F.);
#1495 = EDGE_LOOP('',(#1496,#1497,#1498,#1504));
#1496 = ORIENTED_EDGE('',*,*,#1465,.T.);
#1497 = ORIENTED_EDGE('',*,*,#1291,.T.);
#1498 = ORIENTED_EDGE('',*,*,#1499,.F.);
#1499 = EDGE_CURVE('',#1127,#1292,#1500,.T.);
#1500 = LINE('',#1501,#1502);
#1501 = CARTESIAN_POINT('',(-1.27,-1.524,0.));
#1502 = VECTOR('',#1503,1.);
#1503 = DIRECTION('',(0.,0.,1.));
#1504 = ORIENTED_EDGE('',*,*,#1126,.F.);
#1505 = PLANE('',#1506);
#1506 = AXIS2_PLACEMENT_3D('',#1507,#1508,#1509);
#1507 = CARTESIAN_POINT('',(-1.016,-1.27,0.));
#1508 = DIRECTION('',(0.707106781187,-0.707106781187,0.));
#1509 = DIRECTION('',(-0.707106781187,-0.707106781187,0.));
#1510 = ADVANCED_FACE('',(#1511),#1522,.F.);
#1511 = FACE_BOUND('',#1512,.F.);
#1512 = EDGE_LOOP('',(#1513,#1519,#1520,#1521));
#1513 = ORIENTED_EDGE('',*,*,#1514,.T.);
#1514 = EDGE_CURVE('',#1175,#1340,#1515,.T.);
#1515 = LINE('',#1516,#1517);
#1516 = CARTESIAN_POINT('',(1.016,-1.27,0.));
#1517 = VECTOR('',#1518,1.);
#1518 = DIRECTION('',(0.,0.,1.));
#1519 = ORIENTED_EDGE('',*,*,#1347,.T.);
#1520 = ORIENTED_EDGE('',*,*,#1480,.F.);
#1521 = ORIENTED_EDGE('',*,*,#1182,.F.);
#1522 = PLANE('',#1523);
#1523 = AXIS2_PLACEMENT_3D('',#1524,#1525,#1526);
#1524 = CARTESIAN_POINT('',(1.016,-1.27,0.));
#1525 = DIRECTION('',(-0.707106781187,0.707106781187,0.));
#1526 = DIRECTION('',(0.707106781187,0.707106781187,0.));
#1527 = ADVANCED_FACE('',(#1528),#1539,.F.);
#1528 = FACE_BOUND('',#1529,.F.);
#1529 = EDGE_LOOP('',(#1530,#1531,#1532,#1538));
#1530 = ORIENTED_EDGE('',*,*,#1499,.T.);
#1531 = ORIENTED_EDGE('',*,*,#1299,.T.);
#1532 = ORIENTED_EDGE('',*,*,#1533,.F.);
#1533 = EDGE_CURVE('',#1135,#1300,#1534,.T.);
#1534 = LINE('',#1535,#1536);
#1535 = CARTESIAN_POINT('',(-1.27,-3.556,0.));
#1536 = VECTOR('',#1537,1.);
#1537 = DIRECTION('',(0.,0.,1.));
#1538 = ORIENTED_EDGE('',*,*,#1134,.F.);
#1539 = PLANE('',#1540);
#1540 = AXIS2_PLACEMENT_3D('',#1541,#1542,#1543);
#1541 = CARTESIAN_POINT('',(-1.27,-1.524,0.));
#1542 = DIRECTION('',(1.,0.,0.));
#1543 = DIRECTION('',(0.,-1.,0.));
#1544 = ADVANCED_FACE('',(#1545),#1556,.F.);
#1545 = FACE_BOUND('',#1546,.F.);
#1546 = EDGE_LOOP('',(#1547,#1553,#1554,#1555));
#1547 = ORIENTED_EDGE('',*,*,#1548,.T.);
#1548 = EDGE_CURVE('',#1167,#1332,#1549,.T.);
#1549 = LINE('',#1550,#1551);
#1550 = CARTESIAN_POINT('',(1.27,-1.524,0.));
#1551 = VECTOR('',#1552,1.);
#1552 = DIRECTION('',(0.,0.,1.));
#1553 = ORIENTED_EDGE('',*,*,#1339,.T.);
#1554 = ORIENTED_EDGE('',*,*,#1514,.F.);
#1555 = ORIENTED_EDGE('',*,*,#1174,.F.);
#1556 = PLANE('',#1557);
#1557 = AXIS2_PLACEMENT_3D('',#1558,#1559,#1560);
#1558 = CARTESIAN_POINT('',(1.27,-1.524,0.));
#1559 = DIRECTION('',(-0.707106781187,-0.707106781187,0.));
#1560 = DIRECTION('',(-0.707106781187,0.707106781187,0.));
#1561 = ADVANCED_FACE('',(#1562),#1573,.F.);
#1562 = FACE_BOUND('',#1563,.F.);
#1563 = EDGE_LOOP('',(#1564,#1565,#1566,#1572));
#1564 = ORIENTED_EDGE('',*,*,#1533,.T.);
#1565 = ORIENTED_EDGE('',*,*,#1307,.T.);
#1566 = ORIENTED_EDGE('',*,*,#1567,.F.);
#1567 = EDGE_CURVE('',#1143,#1308,#1568,.T.);
#1568 = LINE('',#1569,#1570);
#1569 = CARTESIAN_POINT('',(-1.016,-3.81,0.));
#1570 = VECTOR('',#1571,1.);
#1571 = DIRECTION('',(0.,0.,1.));
#1572 = ORIENTED_EDGE('',*,*,#1142,.F.);
#1573 = PLANE('',#1574);
#1574 = AXIS2_PLACEMENT_3D('',#1575,#1576,#1577);
#1575 = CARTESIAN_POINT('',(-1.27,-3.556,0.));
#1576 = DIRECTION('',(0.707106781187,0.707106781187,0.));
#1577 = DIRECTION('',(0.707106781187,-0.707106781187,0.));
#1578 = ADVANCED_FACE('',(#1579),#1590,.F.);
#1579 = FACE_BOUND('',#1580,.F.);
#1580 = EDGE_LOOP('',(#1581,#1587,#1588,#1589));
#1581 = ORIENTED_EDGE('',*,*,#1582,.T.);
#1582 = EDGE_CURVE('',#1159,#1324,#1583,.T.);
#1583 = LINE('',#1584,#1585);
#1584 = CARTESIAN_POINT('',(1.27,-3.556,0.));
#1585 = VECTOR('',#1586,1.);
#1586 = DIRECTION('',(0.,0.,1.));
#1587 = ORIENTED_EDGE('',*,*,#1331,.T.);
#1588 = ORIENTED_EDGE('',*,*,#1548,.F.);
#1589 = ORIENTED_EDGE('',*,*,#1166,.F.);
#1590 = PLANE('',#1591);
#1591 = AXIS2_PLACEMENT_3D('',#1592,#1593,#1594);
#1592 = CARTESIAN_POINT('',(1.27,-3.556,0.));
#1593 = DIRECTION('',(-1.,0.,0.));
#1594 = DIRECTION('',(0.,1.,0.));
#1595 = ADVANCED_FACE('',(#1596),#1607,.F.);
#1596 = FACE_BOUND('',#1597,.F.);
#1597 = EDGE_LOOP('',(#1598,#1599,#1600,#1606));
#1598 = ORIENTED_EDGE('',*,*,#1567,.T.);
#1599 = ORIENTED_EDGE('',*,*,#1315,.T.);
#1600 = ORIENTED_EDGE('',*,*,#1601,.F.);
#1601 = EDGE_CURVE('',#1151,#1316,#1602,.T.);
#1602 = LINE('',#1603,#1604);
#1603 = CARTESIAN_POINT('',(1.016,-3.81,0.));
#1604 = VECTOR('',#1605,1.);
#1605 = DIRECTION('',(0.,0.,1.));
#1606 = ORIENTED_EDGE('',*,*,#1150,.F.);
#1607 = PLANE('',#1608);
#1608 = AXIS2_PLACEMENT_3D('',#1609,#1610,#1611);
#1609 = CARTESIAN_POINT('',(-1.016,-3.81,0.));
#1610 = DIRECTION('',(0.,1.,0.));
#1611 = DIRECTION('',(1.,0.,0.));
#1612 = ADVANCED_FACE('',(#1613),#1619,.F.);
#1613 = FACE_BOUND('',#1614,.F.);
#1614 = EDGE_LOOP('',(#1615,#1616,#1617,#1618));
#1615 = ORIENTED_EDGE('',*,*,#1601,.T.);
#1616 = ORIENTED_EDGE('',*,*,#1323,.T.);
#1617 = ORIENTED_EDGE('',*,*,#1582,.F.);
#1618 = ORIENTED_EDGE('',*,*,#1158,.F.);
#1619 = PLANE('',#1620);
#1620 = AXIS2_PLACEMENT_3D('',#1621,#1622,#1623);
#1621 = CARTESIAN_POINT('',(1.016,-3.81,0.));
#1622 = DIRECTION('',(-0.707106781187,0.707106781187,0.));
#1623 = DIRECTION('',(0.707106781187,0.707106781187,0.));
#1624 = ADVANCED_FACE('',(#1625),#1650,.F.);
#1625 = FACE_BOUND('',#1626,.F.);
#1626 = EDGE_LOOP('',(#1627,#1635,#1643,#1649));
#1627 = ORIENTED_EDGE('',*,*,#1628,.F.);
#1628 = EDGE_CURVE('',#1629,#1208,#1631,.T.);
#1629 = VERTEX_POINT('',#1630);
#1630 = CARTESIAN_POINT('',(0.32,-0.32,-2.84));
#1631 = LINE('',#1632,#1633);
#1632 = CARTESIAN_POINT('',(0.32,-0.32,-3.));
#1633 = VECTOR('',#1634,1.);
#1634 = DIRECTION('',(0.,0.,1.));
#1635 = ORIENTED_EDGE('',*,*,#1636,.F.);
#1636 = EDGE_CURVE('',#1637,#1629,#1639,.T.);
#1637 = VERTEX_POINT('',#1638);
#1638 = CARTESIAN_POINT('',(-0.32,-0.32,-2.84));
#1639 = LINE('',#1640,#1641);
#1640 = CARTESIAN_POINT('',(-0.32,-0.32,-2.84));
#1641 = VECTOR('',#1642,1.);
#1642 = DIRECTION('',(1.,0.,0.));
#1643 = ORIENTED_EDGE('',*,*,#1644,.T.);
#1644 = EDGE_CURVE('',#1637,#1210,#1645,.T.);
#1645 = LINE('',#1646,#1647);
#1646 = CARTESIAN_POINT('',(-0.32,-0.32,-3.));
#1647 = VECTOR('',#1648,1.);
#1648 = DIRECTION('',(0.,0.,1.));
#1649 = ORIENTED_EDGE('',*,*,#1207,.F.);
#1650 = PLANE('',#1651);
#1651 = AXIS2_PLACEMENT_3D('',#1652,#1653,#1654);
#1652 = CARTESIAN_POINT('',(-0.32,-0.32,-3.));
#1653 = DIRECTION('',(0.,1.,0.));
#1654 = DIRECTION('',(0.,-0.,1.));
#1655 = ADVANCED_FACE('',(#1656),#1674,.T.);
#1656 = FACE_BOUND('',#1657,.T.);
#1657 = EDGE_LOOP('',(#1658,#1659,#1667,#1673));
#1658 = ORIENTED_EDGE('',*,*,#1628,.F.);
#1659 = ORIENTED_EDGE('',*,*,#1660,.T.);
#1660 = EDGE_CURVE('',#1629,#1661,#1663,.T.);
#1661 = VERTEX_POINT('',#1662);
#1662 = CARTESIAN_POINT('',(0.32,0.32,-2.84));
#1663 = LINE('',#1664,#1665);
#1664 = CARTESIAN_POINT('',(0.32,-0.32,-2.84));
#1665 = VECTOR('',#1666,1.);
#1666 = DIRECTION('',(0.,1.,0.));
#1667 = ORIENTED_EDGE('',*,*,#1668,.T.);
#1668 = EDGE_CURVE('',#1661,#1226,#1669,.T.);
#1669 = LINE('',#1670,#1671);
#1670 = CARTESIAN_POINT('',(0.32,0.32,-3.));
#1671 = VECTOR('',#1672,1.);
#1672 = DIRECTION('',(0.,0.,1.));
#1673 = ORIENTED_EDGE('',*,*,#1233,.F.);
#1674 = PLANE('',#1675);
#1675 = AXIS2_PLACEMENT_3D('',#1676,#1677,#1678);
#1676 = CARTESIAN_POINT('',(0.32,-0.32,-3.));
#1677 = DIRECTION('',(1.,0.,0.));
#1678 = DIRECTION('',(0.,0.,1.));
#1679 = ADVANCED_FACE('',(#1680),#1698,.T.);
#1680 = FACE_BOUND('',#1681,.T.);
#1681 = EDGE_LOOP('',(#1682,#1683,#1691,#1697));
#1682 = ORIENTED_EDGE('',*,*,#1668,.F.);
#1683 = ORIENTED_EDGE('',*,*,#1684,.F.);
#1684 = EDGE_CURVE('',#1685,#1661,#1687,.T.);
#1685 = VERTEX_POINT('',#1686);
#1686 = CARTESIAN_POINT('',(-0.32,0.32,-2.84));
#1687 = LINE('',#1688,#1689);
#1688 = CARTESIAN_POINT('',(-0.32,0.32,-2.84));
#1689 = VECTOR('',#1690,1.);
#1690 = DIRECTION('',(1.,0.,0.));
#1691 = ORIENTED_EDGE('',*,*,#1692,.T.);
#1692 = EDGE_CURVE('',#1685,#1218,#1693,.T.);
#1693 = LINE('',#1694,#1695);
#1694 = CARTESIAN_POINT('',(-0.32,0.32,-3.));
#1695 = VECTOR('',#1696,1.);
#1696 = DIRECTION('',(0.,0.,1.));
#1697 = ORIENTED_EDGE('',*,*,#1225,.F.);
#1698 = PLANE('',#1699);
#1699 = AXIS2_PLACEMENT_3D('',#1700,#1701,#1702);
#1700 = CARTESIAN_POINT('',(-0.32,0.32,-3.));
#1701 = DIRECTION('',(0.,1.,0.));
#1702 = DIRECTION('',(0.,-0.,1.));
#1703 = ADVANCED_FACE('',(#1704),#1715,.F.);
#1704 = FACE_BOUND('',#1705,.F.);
#1705 = EDGE_LOOP('',(#1706,#1707,#1713,#1714));
#1706 = ORIENTED_EDGE('',*,*,#1644,.F.);
#1707 = ORIENTED_EDGE('',*,*,#1708,.T.);
#1708 = EDGE_CURVE('',#1637,#1685,#1709,.T.);
#1709 = LINE('',#1710,#1711);
#1710 = CARTESIAN_POINT('',(-0.32,-0.32,-2.84));
#1711 = VECTOR('',#1712,1.);
#1712 = DIRECTION('',(0.,1.,0.));
#1713 = ORIENTED_EDGE('',*,*,#1692,.T.);
#1714 = ORIENTED_EDGE('',*,*,#1217,.F.);
#1715 = PLANE('',#1716);
#1716 = AXIS2_PLACEMENT_3D('',#1717,#1718,#1719);
#1717 = CARTESIAN_POINT('',(-0.32,-0.32,-3.));
#1718 = DIRECTION('',(1.,0.,0.));
#1719 = DIRECTION('',(0.,0.,1.));
#1720 = ADVANCED_FACE('',(#1721),#1746,.F.);
#1721 = FACE_BOUND('',#1722,.F.);
#1722 = EDGE_LOOP('',(#1723,#1731,#1739,#1745));
#1723 = ORIENTED_EDGE('',*,*,#1724,.F.);
#1724 = EDGE_CURVE('',#1725,#1242,#1727,.T.);
#1725 = VERTEX_POINT('',#1726);
#1726 = CARTESIAN_POINT('',(0.32,-2.86,-2.84));
#1727 = LINE('',#1728,#1729);
#1728 = CARTESIAN_POINT('',(0.32,-2.86,-3.));
#1729 = VECTOR('',#1730,1.);
#1730 = DIRECTION('',(0.,0.,1.));
#1731 = ORIENTED_EDGE('',*,*,#1732,.F.);
#1732 = EDGE_CURVE('',#1733,#1725,#1735,.T.);
#1733 = VERTEX_POINT('',#1734);
#1734 = CARTESIAN_POINT('',(-0.32,-2.86,-2.84));
#1735 = LINE('',#1736,#1737);
#1736 = CARTESIAN_POINT('',(-0.32,-2.86,-2.84));
#1737 = VECTOR('',#1738,1.);
#1738 = DIRECTION('',(1.,0.,0.));
#1739 = ORIENTED_EDGE('',*,*,#1740,.T.);
#1740 = EDGE_CURVE('',#1733,#1244,#1741,.T.);
#1741 = LINE('',#1742,#1743);
#1742 = CARTESIAN_POINT('',(-0.32,-2.86,-3.));
#1743 = VECTOR('',#1744,1.);
#1744 = DIRECTION('',(0.,0.,1.));
#1745 = ORIENTED_EDGE('',*,*,#1241,.F.);
#1746 = PLANE('',#1747);
#1747 = AXIS2_PLACEMENT_3D('',#1748,#1749,#1750);
#1748 = CARTESIAN_POINT('',(-0.32,-2.86,-3.));
#1749 = DIRECTION('',(0.,1.,0.));
#1750 = DIRECTION('',(0.,-0.,1.));
#1751 = ADVANCED_FACE('',(#1752),#1770,.T.);
#1752 = FACE_BOUND('',#1753,.T.);
#1753 = EDGE_LOOP('',(#1754,#1755,#1763,#1769));
#1754 = ORIENTED_EDGE('',*,*,#1724,.F.);
#1755 = ORIENTED_EDGE('',*,*,#1756,.T.);
#1756 = EDGE_CURVE('',#1725,#1757,#1759,.T.);
#1757 = VERTEX_POINT('',#1758);
#1758 = CARTESIAN_POINT('',(0.32,-2.22,-2.84));
#1759 = LINE('',#1760,#1761);
#1760 = CARTESIAN_POINT('',(0.32,-2.86,-2.84));
#1761 = VECTOR('',#1762,1.);
#1762 = DIRECTION('',(0.,1.,0.));
#1763 = ORIENTED_EDGE('',*,*,#1764,.T.);
#1764 = EDGE_CURVE('',#1757,#1260,#1765,.T.);
#1765 = LINE('',#1766,#1767);
#1766 = CARTESIAN_POINT('',(0.32,-2.22,-3.));
#1767 = VECTOR('',#1768,1.);
#1768 = DIRECTION('',(0.,0.,1.));
#1769 = ORIENTED_EDGE('',*,*,#1267,.F.);
#1770 = PLANE('',#1771);
#1771 = AXIS2_PLACEMENT_3D('',#1772,#1773,#1774);
#1772 = CARTESIAN_POINT('',(0.32,-2.86,-3.));
#1773 = DIRECTION('',(1.,0.,0.));
#1774 = DIRECTION('',(0.,0.,1.));
#1775 = ADVANCED_FACE('',(#1776),#1794,.T.);
#1776 = FACE_BOUND('',#1777,.T.);
#1777 = EDGE_LOOP('',(#1778,#1779,#1787,#1793));
#1778 = ORIENTED_EDGE('',*,*,#1764,.F.);
#1779 = ORIENTED_EDGE('',*,*,#1780,.F.);
#1780 = EDGE_CURVE('',#1781,#1757,#1783,.T.);
#1781 = VERTEX_POINT('',#1782);
#1782 = CARTESIAN_POINT('',(-0.32,-2.22,-2.84));
#1783 = LINE('',#1784,#1785);
#1784 = CARTESIAN_POINT('',(-0.32,-2.22,-2.84));
#1785 = VECTOR('',#1786,1.);
#1786 = DIRECTION('',(1.,0.,0.));
#1787 = ORIENTED_EDGE('',*,*,#1788,.T.);
#1788 = EDGE_CURVE('',#1781,#1252,#1789,.T.);
#1789 = LINE('',#1790,#1791);
#1790 = CARTESIAN_POINT('',(-0.32,-2.22,-3.));
#1791 = VECTOR('',#1792,1.);
#1792 = DIRECTION('',(0.,0.,1.));
#1793 = ORIENTED_EDGE('',*,*,#1259,.F.);
#1794 = PLANE('',#1795);
#1795 = AXIS2_PLACEMENT_3D('',#1796,#1797,#1798);
#1796 = CARTESIAN_POINT('',(-0.32,-2.22,-3.));
#1797 = DIRECTION('',(0.,1.,0.));
#1798 = DIRECTION('',(0.,-0.,1.));
#1799 = ADVANCED_FACE('',(#1800),#1811,.F.);
#1800 = FACE_BOUND('',#1801,.F.);
#1801 = EDGE_LOOP('',(#1802,#1803,#1809,#1810));
#1802 = ORIENTED_EDGE('',*,*,#1740,.F.);
#1803 = ORIENTED_EDGE('',*,*,#1804,.T.);
#1804 = EDGE_CURVE('',#1733,#1781,#1805,.T.);
#1805 = LINE('',#1806,#1807);
#1806 = CARTESIAN_POINT('',(-0.32,-2.86,-2.84));
#1807 = VECTOR('',#1808,1.);
#1808 = DIRECTION('',(0.,1.,0.));
#1809 = ORIENTED_EDGE('',*,*,#1788,.T.);
#1810 = ORIENTED_EDGE('',*,*,#1251,.F.);
#1811 = PLANE('',#1812);
#1812 = AXIS2_PLACEMENT_3D('',#1813,#1814,#1815);
#1813 = CARTESIAN_POINT('',(-0.32,-2.86,-3.));
#1814 = DIRECTION('',(1.,0.,0.));
#1815 = DIRECTION('',(0.,0.,1.));
#1816 = ADVANCED_FACE('',(#1817),#1842,.F.);
#1817 = FACE_BOUND('',#1818,.F.);
#1818 = EDGE_LOOP('',(#1819,#1827,#1828,#1836));
#1819 = ORIENTED_EDGE('',*,*,#1820,.F.);
#1820 = EDGE_CURVE('',#1373,#1821,#1823,.T.);
#1821 = VERTEX_POINT('',#1822);
#1822 = CARTESIAN_POINT('',(0.32,-0.32,8.38));
#1823 = LINE('',#1824,#1825);
#1824 = CARTESIAN_POINT('',(0.32,-0.32,-3.));
#1825 = VECTOR('',#1826,1.);
#1826 = DIRECTION('',(0.,0.,1.));
#1827 = ORIENTED_EDGE('',*,*,#1372,.T.);
#1828 = ORIENTED_EDGE('',*,*,#1829,.T.);
#1829 = EDGE_CURVE('',#1375,#1830,#1832,.T.);
#1830 = VERTEX_POINT('',#1831);
#1831 = CARTESIAN_POINT('',(-0.32,-0.32,8.38));
#1832 = LINE('',#1833,#1834);
#1833 = CARTESIAN_POINT('',(-0.32,-0.32,-3.));
#1834 = VECTOR('',#1835,1.);
#1835 = DIRECTION('',(0.,0.,1.));
#1836 = ORIENTED_EDGE('',*,*,#1837,.T.);
#1837 = EDGE_CURVE('',#1830,#1821,#1838,.T.);
#1838 = LINE('',#1839,#1840);
#1839 = CARTESIAN_POINT('',(-0.32,-0.32,8.38));
#1840 = VECTOR('',#1841,1.);
#1841 = DIRECTION('',(1.,0.,0.));
#1842 = PLANE('',#1843);
#1843 = AXIS2_PLACEMENT_3D('',#1844,#1845,#1846);
#1844 = CARTESIAN_POINT('',(-0.32,-0.32,-3.));
#1845 = DIRECTION('',(0.,1.,0.));
#1846 = DIRECTION('',(0.,-0.,1.));
#1847 = ADVANCED_FACE('',(#1848),#1866,.T.);
#1848 = FACE_BOUND('',#1849,.T.);
#1849 = EDGE_LOOP('',(#1850,#1851,#1852,#1860));
#1850 = ORIENTED_EDGE('',*,*,#1820,.F.);
#1851 = ORIENTED_EDGE('',*,*,#1398,.T.);
#1852 = ORIENTED_EDGE('',*,*,#1853,.T.);
#1853 = EDGE_CURVE('',#1391,#1854,#1856,.T.);
#1854 = VERTEX_POINT('',#1855);
#1855 = CARTESIAN_POINT('',(0.32,0.32,8.38));
#1856 = LINE('',#1857,#1858);
#1857 = CARTESIAN_POINT('',(0.32,0.32,-3.));
#1858 = VECTOR('',#1859,1.);
#1859 = DIRECTION('',(0.,0.,1.));
#1860 = ORIENTED_EDGE('',*,*,#1861,.F.);
#1861 = EDGE_CURVE('',#1821,#1854,#1862,.T.);
#1862 = LINE('',#1863,#1864);
#1863 = CARTESIAN_POINT('',(0.32,-0.32,8.38));
#1864 = VECTOR('',#1865,1.);
#1865 = DIRECTION('',(0.,1.,0.));
#1866 = PLANE('',#1867);
#1867 = AXIS2_PLACEMENT_3D('',#1868,#1869,#1870);
#1868 = CARTESIAN_POINT('',(0.32,-0.32,-3.));
#1869 = DIRECTION('',(1.,0.,0.));
#1870 = DIRECTION('',(0.,0.,1.));
#1871 = ADVANCED_FACE('',(#1872),#1890,.T.);
#1872 = FACE_BOUND('',#1873,.T.);
#1873 = EDGE_LOOP('',(#1874,#1875,#1876,#1884));
#1874 = ORIENTED_EDGE('',*,*,#1853,.F.);
#1875 = ORIENTED_EDGE('',*,*,#1390,.T.);
#1876 = ORIENTED_EDGE('',*,*,#1877,.T.);
#1877 = EDGE_CURVE('',#1383,#1878,#1880,.T.);
#1878 = VERTEX_POINT('',#1879);
#1879 = CARTESIAN_POINT('',(-0.32,0.32,8.38));
#1880 = LINE('',#1881,#1882);
#1881 = CARTESIAN_POINT('',(-0.32,0.32,-3.));
#1882 = VECTOR('',#1883,1.);
#1883 = DIRECTION('',(0.,0.,1.));
#1884 = ORIENTED_EDGE('',*,*,#1885,.T.);
#1885 = EDGE_CURVE('',#1878,#1854,#1886,.T.);
#1886 = LINE('',#1887,#1888);
#1887 = CARTESIAN_POINT('',(-0.32,0.32,8.38));
#1888 = VECTOR('',#1889,1.);
#1889 = DIRECTION('',(1.,0.,0.));
#1890 = PLANE('',#1891);
#1891 = AXIS2_PLACEMENT_3D('',#1892,#1893,#1894);
#1892 = CARTESIAN_POINT('',(-0.32,0.32,-3.));
#1893 = DIRECTION('',(0.,1.,0.));
#1894 = DIRECTION('',(0.,-0.,1.));
#1895 = ADVANCED_FACE('',(#1896),#1907,.F.);
#1896 = FACE_BOUND('',#1897,.F.);
#1897 = EDGE_LOOP('',(#1898,#1899,#1900,#1901));
#1898 = ORIENTED_EDGE('',*,*,#1829,.F.);
#1899 = ORIENTED_EDGE('',*,*,#1382,.T.);
#1900 = ORIENTED_EDGE('',*,*,#1877,.T.);
#1901 = ORIENTED_EDGE('',*,*,#1902,.F.);
#1902 = EDGE_CURVE('',#1830,#1878,#1903,.T.);
#1903 = LINE('',#1904,#1905);
#1904 = CARTESIAN_POINT('',(-0.32,-0.32,8.38));
#1905 = VECTOR('',#1906,1.);
#1906 = DIRECTION('',(0.,1.,0.));
#1907 = PLANE('',#1908);
#1908 = AXIS2_PLACEMENT_3D('',#1909,#1910,#1911);
#1909 = CARTESIAN_POINT('',(-0.32,-0.32,-3.));
#1910 = DIRECTION('',(1.,0.,0.));
#1911 = DIRECTION('',(0.,0.,1.));
#1912 = ADVANCED_FACE('',(#1913),#1938,.F.);
#1913 = FACE_BOUND('',#1914,.F.);
#1914 = EDGE_LOOP('',(#1915,#1923,#1924,#1932));
#1915 = ORIENTED_EDGE('',*,*,#1916,.F.);
#1916 = EDGE_CURVE('',#1407,#1917,#1919,.T.);
#1917 = VERTEX_POINT('',#1918);
#1918 = CARTESIAN_POINT('',(0.32,-2.86,8.38));
#1919 = LINE('',#1920,#1921);
#1920 = CARTESIAN_POINT('',(0.32,-2.86,-3.));
#1921 = VECTOR('',#1922,1.);
#1922 = DIRECTION('',(0.,0.,1.));
#1923 = ORIENTED_EDGE('',*,*,#1406,.T.);
#1924 = ORIENTED_EDGE('',*,*,#1925,.T.);
#1925 = EDGE_CURVE('',#1409,#1926,#1928,.T.);
#1926 = VERTEX_POINT('',#1927);
#1927 = CARTESIAN_POINT('',(-0.32,-2.86,8.38));
#1928 = LINE('',#1929,#1930);
#1929 = CARTESIAN_POINT('',(-0.32,-2.86,-3.));
#1930 = VECTOR('',#1931,1.);
#1931 = DIRECTION('',(0.,0.,1.));
#1932 = ORIENTED_EDGE('',*,*,#1933,.T.);
#1933 = EDGE_CURVE('',#1926,#1917,#1934,.T.);
#1934 = LINE('',#1935,#1936);
#1935 = CARTESIAN_POINT('',(-0.32,-2.86,8.38));
#1936 = VECTOR('',#1937,1.);
#1937 = DIRECTION('',(1.,0.,0.));
#1938 = PLANE('',#1939);
#1939 = AXIS2_PLACEMENT_3D('',#1940,#1941,#1942);
#1940 = CARTESIAN_POINT('',(-0.32,-2.86,-3.));
#1941 = DIRECTION('',(0.,1.,0.));
#1942 = DIRECTION('',(0.,-0.,1.));
#1943 = ADVANCED_FACE('',(#1944),#1962,.T.);
#1944 = FACE_BOUND('',#1945,.T.);
#1945 = EDGE_LOOP('',(#1946,#1947,#1948,#1956));
#1946 = ORIENTED_EDGE('',*,*,#1916,.F.);
#1947 = ORIENTED_EDGE('',*,*,#1432,.T.);
#1948 = ORIENTED_EDGE('',*,*,#1949,.T.);
#1949 = EDGE_CURVE('',#1425,#1950,#1952,.T.);
#1950 = VERTEX_POINT('',#1951);
#1951 = CARTESIAN_POINT('',(0.32,-2.22,8.38));
#1952 = LINE('',#1953,#1954);
#1953 = CARTESIAN_POINT('',(0.32,-2.22,-3.));
#1954 = VECTOR('',#1955,1.);
#1955 = DIRECTION('',(0.,0.,1.));
#1956 = ORIENTED_EDGE('',*,*,#1957,.F.);
#1957 = EDGE_CURVE('',#1917,#1950,#1958,.T.);
#1958 = LINE('',#1959,#1960);
#1959 = CARTESIAN_POINT('',(0.32,-2.86,8.38));
#1960 = VECTOR('',#1961,1.);
#1961 = DIRECTION('',(0.,1.,0.));
#1962 = PLANE('',#1963);
#1963 = AXIS2_PLACEMENT_3D('',#1964,#1965,#1966);
#1964 = CARTESIAN_POINT('',(0.32,-2.86,-3.));
#1965 = DIRECTION('',(1.,0.,0.));
#1966 = DIRECTION('',(0.,0.,1.));
#1967 = ADVANCED_FACE('',(#1968),#1986,.T.);
#1968 = FACE_BOUND('',#1969,.T.);
#1969 = EDGE_LOOP('',(#1970,#1971,#1972,#1980));
#1970 = ORIENTED_EDGE('',*,*,#1949,.F.);
#1971 = ORIENTED_EDGE('',*,*,#1424,.T.);
#1972 = ORIENTED_EDGE('',*,*,#1973,.T.);
#1973 = EDGE_CURVE('',#1417,#1974,#1976,.T.);
#1974 = VERTEX_POINT('',#1975);
#1975 = CARTESIAN_POINT('',(-0.32,-2.22,8.38));
#1976 = LINE('',#1977,#1978);
#1977 = CARTESIAN_POINT('',(-0.32,-2.22,-3.));
#1978 = VECTOR('',#1979,1.);
#1979 = DIRECTION('',(0.,0.,1.));
#1980 = ORIENTED_EDGE('',*,*,#1981,.T.);
#1981 = EDGE_CURVE('',#1974,#1950,#1982,.T.);
#1982 = LINE('',#1983,#1984);
#1983 = CARTESIAN_POINT('',(-0.32,-2.22,8.38));
#1984 = VECTOR('',#1985,1.);
#1985 = DIRECTION('',(1.,0.,0.));
#1986 = PLANE('',#1987);
#1987 = AXIS2_PLACEMENT_3D('',#1988,#1989,#1990);
#1988 = CARTESIAN_POINT('',(-0.32,-2.22,-3.));
#1989 = DIRECTION('',(0.,1.,0.));
#1990 = DIRECTION('',(0.,-0.,1.));
#1991 = ADVANCED_FACE('',(#1992),#2003,.F.);
#1992 = FACE_BOUND('',#1993,.F.);
#1993 = EDGE_LOOP('',(#1994,#1995,#1996,#1997));
#1994 = ORIENTED_EDGE('',*,*,#1925,.F.);
#1995 = ORIENTED_EDGE('',*,*,#1416,.T.);
#1996 = ORIENTED_EDGE('',*,*,#1973,.T.);
#1997 = ORIENTED_EDGE('',*,*,#1998,.F.);
#1998 = EDGE_CURVE('',#1926,#1974,#1999,.T.);
#1999 = LINE('',#2000,#2001);
#2000 = CARTESIAN_POINT('',(-0.32,-2.86,8.38));
#2001 = VECTOR('',#2002,1.);
#2002 = DIRECTION('',(0.,1.,0.));
#2003 = PLANE('',#2004);
#2004 = AXIS2_PLACEMENT_3D('',#2005,#2006,#2007);
#2005 = CARTESIAN_POINT('',(-0.32,-2.86,-3.));
#2006 = DIRECTION('',(1.,0.,0.));
#2007 = DIRECTION('',(0.,0.,1.));
#2008 = ADVANCED_FACE('',(#2009),#2034,.T.);
#2009 = FACE_BOUND('',#2010,.F.);
#2010 = EDGE_LOOP('',(#2011,#2019,#2020,#2028));
#2011 = ORIENTED_EDGE('',*,*,#2012,.F.);
#2012 = EDGE_CURVE('',#1637,#2013,#2015,.T.);
#2013 = VERTEX_POINT('',#2014);
#2014 = CARTESIAN_POINT('',(-0.16,-0.16,-3.));
#2015 = LINE('',#2016,#2017);
#2016 = CARTESIAN_POINT('',(-0.266666666667,-0.266666666667,
    -2.893333333333));
#2017 = VECTOR('',#2018,1.);
#2018 = DIRECTION('',(0.57735026919,0.57735026919,-0.57735026919));
#2019 = ORIENTED_EDGE('',*,*,#1636,.T.);
#2020 = ORIENTED_EDGE('',*,*,#2021,.T.);
#2021 = EDGE_CURVE('',#1629,#2022,#2024,.T.);
#2022 = VERTEX_POINT('',#2023);
#2023 = CARTESIAN_POINT('',(0.16,-0.16,-3.));
#2024 = LINE('',#2025,#2026);
#2025 = CARTESIAN_POINT('',(0.16,-0.16,-3.));
#2026 = VECTOR('',#2027,1.);
#2027 = DIRECTION('',(-0.57735026919,0.57735026919,-0.57735026919));
#2028 = ORIENTED_EDGE('',*,*,#2029,.F.);
#2029 = EDGE_CURVE('',#2013,#2022,#2030,.T.);
#2030 = LINE('',#2031,#2032);
#2031 = CARTESIAN_POINT('',(-0.32,-0.16,-3.));
#2032 = VECTOR('',#2033,1.);
#2033 = DIRECTION('',(1.,0.,0.));
#2034 = PLANE('',#2035);
#2035 = AXIS2_PLACEMENT_3D('',#2036,#2037,#2038);
#2036 = CARTESIAN_POINT('',(-0.32,-0.24,-2.92));
#2037 = DIRECTION('',(1.735167508357E-18,-0.707106781187,-0.707106781187
    ));
#2038 = DIRECTION('',(-1.,-1.226948711654E-18,-1.226948711654E-18));
#2039 = ADVANCED_FACE('',(#2040),#2058,.F.);
#2040 = FACE_BOUND('',#2041,.F.);
#2041 = EDGE_LOOP('',(#2042,#2043,#2044,#2052));
#2042 = ORIENTED_EDGE('',*,*,#2021,.F.);
#2043 = ORIENTED_EDGE('',*,*,#1660,.T.);
#2044 = ORIENTED_EDGE('',*,*,#2045,.T.);
#2045 = EDGE_CURVE('',#1661,#2046,#2048,.T.);
#2046 = VERTEX_POINT('',#2047);
#2047 = CARTESIAN_POINT('',(0.16,0.16,-3.));
#2048 = LINE('',#2049,#2050);
#2049 = CARTESIAN_POINT('',(5.333333333333E-02,5.333333333333E-02,
    -3.106666666667));
#2050 = VECTOR('',#2051,1.);
#2051 = DIRECTION('',(-0.57735026919,-0.57735026919,-0.57735026919));
#2052 = ORIENTED_EDGE('',*,*,#2053,.F.);
#2053 = EDGE_CURVE('',#2022,#2046,#2054,.T.);
#2054 = LINE('',#2055,#2056);
#2055 = CARTESIAN_POINT('',(0.16,-0.32,-3.));
#2056 = VECTOR('',#2057,1.);
#2057 = DIRECTION('',(0.,1.,0.));
#2058 = PLANE('',#2059);
#2059 = AXIS2_PLACEMENT_3D('',#2060,#2061,#2062);
#2060 = CARTESIAN_POINT('',(0.24,-0.32,-2.92));
#2061 = DIRECTION('',(-0.707106781187,1.735167508357E-18,0.707106781187)
  );
#2062 = DIRECTION('',(1.226948711654E-18,1.,-1.226948711654E-18));
#2063 = ADVANCED_FACE('',(#2064),#2082,.F.);
#2064 = FACE_BOUND('',#2065,.T.);
#2065 = EDGE_LOOP('',(#2066,#2074,#2075,#2076));
#2066 = ORIENTED_EDGE('',*,*,#2067,.F.);
#2067 = EDGE_CURVE('',#1685,#2068,#2070,.T.);
#2068 = VERTEX_POINT('',#2069);
#2069 = CARTESIAN_POINT('',(-0.16,0.16,-3.));
#2070 = LINE('',#2071,#2072);
#2071 = CARTESIAN_POINT('',(-0.16,0.16,-3.));
#2072 = VECTOR('',#2073,1.);
#2073 = DIRECTION('',(0.57735026919,-0.57735026919,-0.57735026919));
#2074 = ORIENTED_EDGE('',*,*,#1684,.T.);
#2075 = ORIENTED_EDGE('',*,*,#2045,.T.);
#2076 = ORIENTED_EDGE('',*,*,#2077,.F.);
#2077 = EDGE_CURVE('',#2068,#2046,#2078,.T.);
#2078 = LINE('',#2079,#2080);
#2079 = CARTESIAN_POINT('',(-0.32,0.16,-3.));
#2080 = VECTOR('',#2081,1.);
#2081 = DIRECTION('',(1.,0.,0.));
#2082 = PLANE('',#2083);
#2083 = AXIS2_PLACEMENT_3D('',#2084,#2085,#2086);
#2084 = CARTESIAN_POINT('',(-0.32,0.24,-2.92));
#2085 = DIRECTION('',(-1.735167508357E-18,-0.707106781187,0.707106781187
    ));
#2086 = DIRECTION('',(-1.,1.226948711654E-18,-1.226948711654E-18));
#2087 = ADVANCED_FACE('',(#2088),#2099,.T.);
#2088 = FACE_BOUND('',#2089,.T.);
#2089 = EDGE_LOOP('',(#2090,#2091,#2092,#2093));
#2090 = ORIENTED_EDGE('',*,*,#2012,.F.);
#2091 = ORIENTED_EDGE('',*,*,#1708,.T.);
#2092 = ORIENTED_EDGE('',*,*,#2067,.T.);
#2093 = ORIENTED_EDGE('',*,*,#2094,.F.);
#2094 = EDGE_CURVE('',#2013,#2068,#2095,.T.);
#2095 = LINE('',#2096,#2097);
#2096 = CARTESIAN_POINT('',(-0.16,-0.32,-3.));
#2097 = VECTOR('',#2098,1.);
#2098 = DIRECTION('',(0.,1.,0.));
#2099 = PLANE('',#2100);
#2100 = AXIS2_PLACEMENT_3D('',#2101,#2102,#2103);
#2101 = CARTESIAN_POINT('',(-0.24,-0.32,-2.92));
#2102 = DIRECTION('',(-0.707106781187,-1.735167508357E-18,
    -0.707106781187));
#2103 = DIRECTION('',(-1.226948711654E-18,1.,-1.226948711654E-18));
#2104 = ADVANCED_FACE('',(#2105),#2130,.T.);
#2105 = FACE_BOUND('',#2106,.F.);
#2106 = EDGE_LOOP('',(#2107,#2115,#2116,#2124));
#2107 = ORIENTED_EDGE('',*,*,#2108,.F.);
#2108 = EDGE_CURVE('',#1733,#2109,#2111,.T.);
#2109 = VERTEX_POINT('',#2110);
#2110 = CARTESIAN_POINT('',(-0.16,-2.7,-3.));
#2111 = LINE('',#2112,#2113);
#2112 = CARTESIAN_POINT('',(-0.266666666667,-2.806666666667,
    -2.893333333333));
#2113 = VECTOR('',#2114,1.);
#2114 = DIRECTION('',(0.57735026919,0.57735026919,-0.57735026919));
#2115 = ORIENTED_EDGE('',*,*,#1732,.T.);
#2116 = ORIENTED_EDGE('',*,*,#2117,.T.);
#2117 = EDGE_CURVE('',#1725,#2118,#2120,.T.);
#2118 = VERTEX_POINT('',#2119);
#2119 = CARTESIAN_POINT('',(0.16,-2.7,-3.));
#2120 = LINE('',#2121,#2122);
#2121 = CARTESIAN_POINT('',(0.16,-2.7,-3.));
#2122 = VECTOR('',#2123,1.);
#2123 = DIRECTION('',(-0.57735026919,0.57735026919,-0.57735026919));
#2124 = ORIENTED_EDGE('',*,*,#2125,.F.);
#2125 = EDGE_CURVE('',#2109,#2118,#2126,.T.);
#2126 = LINE('',#2127,#2128);
#2127 = CARTESIAN_POINT('',(-0.32,-2.7,-3.));
#2128 = VECTOR('',#2129,1.);
#2129 = DIRECTION('',(1.,0.,0.));
#2130 = PLANE('',#2131);
#2131 = AXIS2_PLACEMENT_3D('',#2132,#2133,#2134);
#2132 = CARTESIAN_POINT('',(-0.32,-2.78,-2.92));
#2133 = DIRECTION('',(1.735167508357E-18,-0.707106781187,-0.707106781187
    ));
#2134 = DIRECTION('',(-1.,-1.226948711654E-18,-1.226948711654E-18));
#2135 = ADVANCED_FACE('',(#2136),#2154,.F.);
#2136 = FACE_BOUND('',#2137,.F.);
#2137 = EDGE_LOOP('',(#2138,#2139,#2140,#2148));
#2138 = ORIENTED_EDGE('',*,*,#2117,.F.);
#2139 = ORIENTED_EDGE('',*,*,#1756,.T.);
#2140 = ORIENTED_EDGE('',*,*,#2141,.T.);
#2141 = EDGE_CURVE('',#1757,#2142,#2144,.T.);
#2142 = VERTEX_POINT('',#2143);
#2143 = CARTESIAN_POINT('',(0.16,-2.38,-3.));
#2144 = LINE('',#2145,#2146);
#2145 = CARTESIAN_POINT('',(5.333333333333E-02,-2.486666666667,
    -3.106666666667));
#2146 = VECTOR('',#2147,1.);
#2147 = DIRECTION('',(-0.57735026919,-0.57735026919,-0.57735026919));
#2148 = ORIENTED_EDGE('',*,*,#2149,.F.);
#2149 = EDGE_CURVE('',#2118,#2142,#2150,.T.);
#2150 = LINE('',#2151,#2152);
#2151 = CARTESIAN_POINT('',(0.16,-2.86,-3.));
#2152 = VECTOR('',#2153,1.);
#2153 = DIRECTION('',(0.,1.,0.));
#2154 = PLANE('',#2155);
#2155 = AXIS2_PLACEMENT_3D('',#2156,#2157,#2158);
#2156 = CARTESIAN_POINT('',(0.24,-2.86,-2.92));
#2157 = DIRECTION('',(-0.707106781187,1.735167508357E-18,0.707106781187)
  );
#2158 = DIRECTION('',(1.226948711654E-18,1.,-1.226948711654E-18));
#2159 = ADVANCED_FACE('',(#2160),#2178,.F.);
#2160 = FACE_BOUND('',#2161,.T.);
#2161 = EDGE_LOOP('',(#2162,#2170,#2171,#2172));
#2162 = ORIENTED_EDGE('',*,*,#2163,.F.);
#2163 = EDGE_CURVE('',#1781,#2164,#2166,.T.);
#2164 = VERTEX_POINT('',#2165);
#2165 = CARTESIAN_POINT('',(-0.16,-2.38,-3.));
#2166 = LINE('',#2167,#2168);
#2167 = CARTESIAN_POINT('',(-0.16,-2.38,-3.));
#2168 = VECTOR('',#2169,1.);
#2169 = DIRECTION('',(0.57735026919,-0.57735026919,-0.57735026919));
#2170 = ORIENTED_EDGE('',*,*,#1780,.T.);
#2171 = ORIENTED_EDGE('',*,*,#2141,.T.);
#2172 = ORIENTED_EDGE('',*,*,#2173,.F.);
#2173 = EDGE_CURVE('',#2164,#2142,#2174,.T.);
#2174 = LINE('',#2175,#2176);
#2175 = CARTESIAN_POINT('',(-0.32,-2.38,-3.));
#2176 = VECTOR('',#2177,1.);
#2177 = DIRECTION('',(1.,0.,0.));
#2178 = PLANE('',#2179);
#2179 = AXIS2_PLACEMENT_3D('',#2180,#2181,#2182);
#2180 = CARTESIAN_POINT('',(-0.32,-2.3,-2.92));
#2181 = DIRECTION('',(-1.735167508357E-18,-0.707106781187,0.707106781187
    ));
#2182 = DIRECTION('',(-1.,1.226948711654E-18,-1.226948711654E-18));
#2183 = ADVANCED_FACE('',(#2184),#2195,.T.);
#2184 = FACE_BOUND('',#2185,.T.);
#2185 = EDGE_LOOP('',(#2186,#2187,#2188,#2189));
#2186 = ORIENTED_EDGE('',*,*,#2108,.F.);
#2187 = ORIENTED_EDGE('',*,*,#1804,.T.);
#2188 = ORIENTED_EDGE('',*,*,#2163,.T.);
#2189 = ORIENTED_EDGE('',*,*,#2190,.F.);
#2190 = EDGE_CURVE('',#2109,#2164,#2191,.T.);
#2191 = LINE('',#2192,#2193);
#2192 = CARTESIAN_POINT('',(-0.16,-2.86,-3.));
#2193 = VECTOR('',#2194,1.);
#2194 = DIRECTION('',(0.,1.,0.));
#2195 = PLANE('',#2196);
#2196 = AXIS2_PLACEMENT_3D('',#2197,#2198,#2199);
#2197 = CARTESIAN_POINT('',(-0.24,-2.86,-2.92));
#2198 = DIRECTION('',(-0.707106781187,-1.735167508357E-18,
    -0.707106781187));
#2199 = DIRECTION('',(-1.226948711654E-18,1.,-1.226948711654E-18));
#2200 = ADVANCED_FACE('',(#2201),#2226,.F.);
#2201 = FACE_BOUND('',#2202,.T.);
#2202 = EDGE_LOOP('',(#2203,#2211,#2212,#2220));
#2203 = ORIENTED_EDGE('',*,*,#2204,.F.);
#2204 = EDGE_CURVE('',#1830,#2205,#2207,.T.);
#2205 = VERTEX_POINT('',#2206);
#2206 = CARTESIAN_POINT('',(-0.16,-0.16,8.54));
#2207 = LINE('',#2208,#2209);
#2208 = CARTESIAN_POINT('',(-0.266666666667,-0.266666666667,
    8.433333333333));
#2209 = VECTOR('',#2210,1.);
#2210 = DIRECTION('',(0.57735026919,0.57735026919,0.57735026919));
#2211 = ORIENTED_EDGE('',*,*,#1837,.T.);
#2212 = ORIENTED_EDGE('',*,*,#2213,.T.);
#2213 = EDGE_CURVE('',#1821,#2214,#2216,.T.);
#2214 = VERTEX_POINT('',#2215);
#2215 = CARTESIAN_POINT('',(0.16,-0.16,8.54));
#2216 = LINE('',#2217,#2218);
#2217 = CARTESIAN_POINT('',(0.16,-0.16,8.54));
#2218 = VECTOR('',#2219,1.);
#2219 = DIRECTION('',(-0.57735026919,0.57735026919,0.57735026919));
#2220 = ORIENTED_EDGE('',*,*,#2221,.F.);
#2221 = EDGE_CURVE('',#2205,#2214,#2222,.T.);
#2222 = LINE('',#2223,#2224);
#2223 = CARTESIAN_POINT('',(-0.32,-0.16,8.54));
#2224 = VECTOR('',#2225,1.);
#2225 = DIRECTION('',(1.,0.,0.));
#2226 = PLANE('',#2227);
#2227 = AXIS2_PLACEMENT_3D('',#2228,#2229,#2230);
#2228 = CARTESIAN_POINT('',(-0.32,-0.24,8.46));
#2229 = DIRECTION('',(-1.735167508357E-18,0.707106781187,-0.707106781187
    ));
#2230 = DIRECTION('',(-1.,-1.226948711654E-18,1.226948711654E-18));
#2231 = ADVANCED_FACE('',(#2232),#2250,.T.);
#2232 = FACE_BOUND('',#2233,.T.);
#2233 = EDGE_LOOP('',(#2234,#2235,#2236,#2244));
#2234 = ORIENTED_EDGE('',*,*,#2213,.F.);
#2235 = ORIENTED_EDGE('',*,*,#1861,.T.);
#2236 = ORIENTED_EDGE('',*,*,#2237,.T.);
#2237 = EDGE_CURVE('',#1854,#2238,#2240,.T.);
#2238 = VERTEX_POINT('',#2239);
#2239 = CARTESIAN_POINT('',(0.16,0.16,8.54));
#2240 = LINE('',#2241,#2242);
#2241 = CARTESIAN_POINT('',(5.333333333333E-02,5.333333333333E-02,
    8.646666666667));
#2242 = VECTOR('',#2243,1.);
#2243 = DIRECTION('',(-0.57735026919,-0.57735026919,0.57735026919));
#2244 = ORIENTED_EDGE('',*,*,#2245,.F.);
#2245 = EDGE_CURVE('',#2214,#2238,#2246,.T.);
#2246 = LINE('',#2247,#2248);
#2247 = CARTESIAN_POINT('',(0.16,-0.32,8.54));
#2248 = VECTOR('',#2249,1.);
#2249 = DIRECTION('',(0.,1.,0.));
#2250 = PLANE('',#2251);
#2251 = AXIS2_PLACEMENT_3D('',#2252,#2253,#2254);
#2252 = CARTESIAN_POINT('',(0.24,-0.32,8.46));
#2253 = DIRECTION('',(0.707106781187,-1.735167508357E-18,0.707106781187)
  );
#2254 = DIRECTION('',(1.226948711654E-18,1.,1.226948711654E-18));
#2255 = ADVANCED_FACE('',(#2256),#2274,.T.);
#2256 = FACE_BOUND('',#2257,.F.);
#2257 = EDGE_LOOP('',(#2258,#2266,#2267,#2268));
#2258 = ORIENTED_EDGE('',*,*,#2259,.F.);
#2259 = EDGE_CURVE('',#1878,#2260,#2262,.T.);
#2260 = VERTEX_POINT('',#2261);
#2261 = CARTESIAN_POINT('',(-0.16,0.16,8.54));
#2262 = LINE('',#2263,#2264);
#2263 = CARTESIAN_POINT('',(-0.16,0.16,8.54));
#2264 = VECTOR('',#2265,1.);
#2265 = DIRECTION('',(0.57735026919,-0.57735026919,0.57735026919));
#2266 = ORIENTED_EDGE('',*,*,#1885,.T.);
#2267 = ORIENTED_EDGE('',*,*,#2237,.T.);
#2268 = ORIENTED_EDGE('',*,*,#2269,.F.);
#2269 = EDGE_CURVE('',#2260,#2238,#2270,.T.);
#2270 = LINE('',#2271,#2272);
#2271 = CARTESIAN_POINT('',(-0.32,0.16,8.54));
#2272 = VECTOR('',#2273,1.);
#2273 = DIRECTION('',(1.,0.,0.));
#2274 = PLANE('',#2275);
#2275 = AXIS2_PLACEMENT_3D('',#2276,#2277,#2278);
#2276 = CARTESIAN_POINT('',(-0.32,0.24,8.46));
#2277 = DIRECTION('',(1.735167508357E-18,0.707106781187,0.707106781187)
  );
#2278 = DIRECTION('',(-1.,1.226948711654E-18,1.226948711654E-18));
#2279 = ADVANCED_FACE('',(#2280),#2291,.F.);
#2280 = FACE_BOUND('',#2281,.F.);
#2281 = EDGE_LOOP('',(#2282,#2283,#2284,#2285));
#2282 = ORIENTED_EDGE('',*,*,#2204,.F.);
#2283 = ORIENTED_EDGE('',*,*,#1902,.T.);
#2284 = ORIENTED_EDGE('',*,*,#2259,.T.);
#2285 = ORIENTED_EDGE('',*,*,#2286,.F.);
#2286 = EDGE_CURVE('',#2205,#2260,#2287,.T.);
#2287 = LINE('',#2288,#2289);
#2288 = CARTESIAN_POINT('',(-0.16,-0.32,8.54));
#2289 = VECTOR('',#2290,1.);
#2290 = DIRECTION('',(0.,1.,0.));
#2291 = PLANE('',#2292);
#2292 = AXIS2_PLACEMENT_3D('',#2293,#2294,#2295);
#2293 = CARTESIAN_POINT('',(-0.24,-0.32,8.46));
#2294 = DIRECTION('',(0.707106781187,1.735167508357E-18,-0.707106781187)
  );
#2295 = DIRECTION('',(-1.226948711654E-18,1.,1.226948711654E-18));
#2296 = ADVANCED_FACE('',(#2297),#2322,.F.);
#2297 = FACE_BOUND('',#2298,.T.);
#2298 = EDGE_LOOP('',(#2299,#2307,#2308,#2316));
#2299 = ORIENTED_EDGE('',*,*,#2300,.F.);
#2300 = EDGE_CURVE('',#1926,#2301,#2303,.T.);
#2301 = VERTEX_POINT('',#2302);
#2302 = CARTESIAN_POINT('',(-0.16,-2.7,8.54));
#2303 = LINE('',#2304,#2305);
#2304 = CARTESIAN_POINT('',(-0.266666666667,-2.806666666667,
    8.433333333333));
#2305 = VECTOR('',#2306,1.);
#2306 = DIRECTION('',(0.57735026919,0.57735026919,0.57735026919));
#2307 = ORIENTED_EDGE('',*,*,#1933,.T.);
#2308 = ORIENTED_EDGE('',*,*,#2309,.T.);
#2309 = EDGE_CURVE('',#1917,#2310,#2312,.T.);
#2310 = VERTEX_POINT('',#2311);
#2311 = CARTESIAN_POINT('',(0.16,-2.7,8.54));
#2312 = LINE('',#2313,#2314);
#2313 = CARTESIAN_POINT('',(0.16,-2.7,8.54));
#2314 = VECTOR('',#2315,1.);
#2315 = DIRECTION('',(-0.57735026919,0.57735026919,0.57735026919));
#2316 = ORIENTED_EDGE('',*,*,#2317,.F.);
#2317 = EDGE_CURVE('',#2301,#2310,#2318,.T.);
#2318 = LINE('',#2319,#2320);
#2319 = CARTESIAN_POINT('',(-0.32,-2.7,8.54));
#2320 = VECTOR('',#2321,1.);
#2321 = DIRECTION('',(1.,0.,0.));
#2322 = PLANE('',#2323);
#2323 = AXIS2_PLACEMENT_3D('',#2324,#2325,#2326);
#2324 = CARTESIAN_POINT('',(-0.32,-2.78,8.46));
#2325 = DIRECTION('',(-1.735167508357E-18,0.707106781187,-0.707106781187
    ));
#2326 = DIRECTION('',(-1.,-1.226948711654E-18,1.226948711654E-18));
#2327 = ADVANCED_FACE('',(#2328),#2346,.T.);
#2328 = FACE_BOUND('',#2329,.T.);
#2329 = EDGE_LOOP('',(#2330,#2331,#2332,#2340));
#2330 = ORIENTED_EDGE('',*,*,#2309,.F.);
#2331 = ORIENTED_EDGE('',*,*,#1957,.T.);
#2332 = ORIENTED_EDGE('',*,*,#2333,.T.);
#2333 = EDGE_CURVE('',#1950,#2334,#2336,.T.);
#2334 = VERTEX_POINT('',#2335);
#2335 = CARTESIAN_POINT('',(0.16,-2.38,8.54));
#2336 = LINE('',#2337,#2338);
#2337 = CARTESIAN_POINT('',(5.333333333333E-02,-2.486666666667,
    8.646666666667));
#2338 = VECTOR('',#2339,1.);
#2339 = DIRECTION('',(-0.57735026919,-0.57735026919,0.57735026919));
#2340 = ORIENTED_EDGE('',*,*,#2341,.F.);
#2341 = EDGE_CURVE('',#2310,#2334,#2342,.T.);
#2342 = LINE('',#2343,#2344);
#2343 = CARTESIAN_POINT('',(0.16,-2.86,8.54));
#2344 = VECTOR('',#2345,1.);
#2345 = DIRECTION('',(0.,1.,0.));
#2346 = PLANE('',#2347);
#2347 = AXIS2_PLACEMENT_3D('',#2348,#2349,#2350);
#2348 = CARTESIAN_POINT('',(0.24,-2.86,8.46));
#2349 = DIRECTION('',(0.707106781187,-1.735167508357E-18,0.707106781187)
  );
#2350 = DIRECTION('',(1.226948711654E-18,1.,1.226948711654E-18));
#2351 = ADVANCED_FACE('',(#2352),#2370,.T.);
#2352 = FACE_BOUND('',#2353,.F.);
#2353 = EDGE_LOOP('',(#2354,#2362,#2363,#2364));
#2354 = ORIENTED_EDGE('',*,*,#2355,.F.);
#2355 = EDGE_CURVE('',#1974,#2356,#2358,.T.);
#2356 = VERTEX_POINT('',#2357);
#2357 = CARTESIAN_POINT('',(-0.16,-2.38,8.54));
#2358 = LINE('',#2359,#2360);
#2359 = CARTESIAN_POINT('',(-0.16,-2.38,8.54));
#2360 = VECTOR('',#2361,1.);
#2361 = DIRECTION('',(0.57735026919,-0.57735026919,0.57735026919));
#2362 = ORIENTED_EDGE('',*,*,#1981,.T.);
#2363 = ORIENTED_EDGE('',*,*,#2333,.T.);
#2364 = ORIENTED_EDGE('',*,*,#2365,.F.);
#2365 = EDGE_CURVE('',#2356,#2334,#2366,.T.);
#2366 = LINE('',#2367,#2368);
#2367 = CARTESIAN_POINT('',(-0.32,-2.38,8.54));
#2368 = VECTOR('',#2369,1.);
#2369 = DIRECTION('',(1.,0.,0.));
#2370 = PLANE('',#2371);
#2371 = AXIS2_PLACEMENT_3D('',#2372,#2373,#2374);
#2372 = CARTESIAN_POINT('',(-0.32,-2.3,8.46));
#2373 = DIRECTION('',(1.735167508357E-18,0.707106781187,0.707106781187)
  );
#2374 = DIRECTION('',(-1.,1.226948711654E-18,1.226948711654E-18));
#2375 = ADVANCED_FACE('',(#2376),#2387,.F.);
#2376 = FACE_BOUND('',#2377,.F.);
#2377 = EDGE_LOOP('',(#2378,#2379,#2380,#2381));
#2378 = ORIENTED_EDGE('',*,*,#2300,.F.);
#2379 = ORIENTED_EDGE('',*,*,#1998,.T.);
#2380 = ORIENTED_EDGE('',*,*,#2355,.T.);
#2381 = ORIENTED_EDGE('',*,*,#2382,.F.);
#2382 = EDGE_CURVE('',#2301,#2356,#2383,.T.);
#2383 = LINE('',#2384,#2385);
#2384 = CARTESIAN_POINT('',(-0.16,-2.86,8.54));
#2385 = VECTOR('',#2386,1.);
#2386 = DIRECTION('',(0.,1.,0.));
#2387 = PLANE('',#2388);
#2388 = AXIS2_PLACEMENT_3D('',#2389,#2390,#2391);
#2389 = CARTESIAN_POINT('',(-0.24,-2.86,8.46));
#2390 = DIRECTION('',(0.707106781187,1.735167508357E-18,-0.707106781187)
  );
#2391 = DIRECTION('',(-1.226948711654E-18,1.,1.226948711654E-18));
#2392 = ADVANCED_FACE('',(#2393),#2399,.F.);
#2393 = FACE_BOUND('',#2394,.F.);
#2394 = EDGE_LOOP('',(#2395,#2396,#2397,#2398));
#2395 = ORIENTED_EDGE('',*,*,#2094,.F.);
#2396 = ORIENTED_EDGE('',*,*,#2029,.T.);
#2397 = ORIENTED_EDGE('',*,*,#2053,.T.);
#2398 = ORIENTED_EDGE('',*,*,#2077,.F.);
#2399 = PLANE('',#2400);
#2400 = AXIS2_PLACEMENT_3D('',#2401,#2402,#2403);
#2401 = CARTESIAN_POINT('',(-0.32,-0.32,-3.));
#2402 = DIRECTION('',(0.,0.,1.));
#2403 = DIRECTION('',(1.,0.,-0.));
#2404 = ADVANCED_FACE('',(#2405),#2411,.F.);
#2405 = FACE_BOUND('',#2406,.F.);
#2406 = EDGE_LOOP('',(#2407,#2408,#2409,#2410));
#2407 = ORIENTED_EDGE('',*,*,#2190,.F.);
#2408 = ORIENTED_EDGE('',*,*,#2125,.T.);
#2409 = ORIENTED_EDGE('',*,*,#2149,.T.);
#2410 = ORIENTED_EDGE('',*,*,#2173,.F.);
#2411 = PLANE('',#2412);
#2412 = AXIS2_PLACEMENT_3D('',#2413,#2414,#2415);
#2413 = CARTESIAN_POINT('',(-0.32,-2.86,-3.));
#2414 = DIRECTION('',(0.,0.,1.));
#2415 = DIRECTION('',(1.,0.,-0.));
#2416 = ADVANCED_FACE('',(#2417),#2423,.T.);
#2417 = FACE_BOUND('',#2418,.T.);
#2418 = EDGE_LOOP('',(#2419,#2420,#2421,#2422));
#2419 = ORIENTED_EDGE('',*,*,#2269,.F.);
#2420 = ORIENTED_EDGE('',*,*,#2286,.F.);
#2421 = ORIENTED_EDGE('',*,*,#2221,.T.);
#2422 = ORIENTED_EDGE('',*,*,#2245,.T.);
#2423 = PLANE('',#2424);
#2424 = AXIS2_PLACEMENT_3D('',#2425,#2426,#2427);
#2425 = CARTESIAN_POINT('',(-0.32,-0.32,8.54));
#2426 = DIRECTION('',(0.,0.,1.));
#2427 = DIRECTION('',(1.,0.,-0.));
#2428 = ADVANCED_FACE('',(#2429),#2435,.T.);
#2429 = FACE_BOUND('',#2430,.T.);
#2430 = EDGE_LOOP('',(#2431,#2432,#2433,#2434));
#2431 = ORIENTED_EDGE('',*,*,#2365,.F.);
#2432 = ORIENTED_EDGE('',*,*,#2382,.F.);
#2433 = ORIENTED_EDGE('',*,*,#2317,.T.);
#2434 = ORIENTED_EDGE('',*,*,#2341,.T.);
#2435 = PLANE('',#2436);
#2436 = AXIS2_PLACEMENT_3D('',#2437,#2438,#2439);
#2437 = CARTESIAN_POINT('',(-0.32,-2.86,8.54));
#2438 = DIRECTION('',(0.,0.,1.));
#2439 = DIRECTION('',(1.,0.,-0.));
#2440 = ( GEOMETRIC_REPRESENTATION_CONTEXT(3) 
GLOBAL_UNCERTAINTY_ASSIGNED_CONTEXT((#2444)) 
GLOBAL_UNIT_ASSIGNED_CONTEXT((#2441,#2442,#2443)) REPRESENTATION_CONTEXT
('Context #1','3D Context with UNIT and UNCERTAINTY') );
#2441 = ( LENGTH_UNIT() NAMED_UNIT(*) SI_UNIT(.MILLI.,.METRE.) );
#2442 = ( NAMED_UNIT(*) PLANE_ANGLE_UNIT() SI_UNIT($,.RADIAN.) );
#2443 = ( NAMED_UNIT(*) SI_UNIT($,.STERADIAN.) SOLID_ANGLE_UNIT() );
#2444 = UNCERTAINTY_MEASURE_WITH_UNIT(LENGTH_MEASURE(1.E-07),#2441,
  'distance_accuracy_value','confusion accuracy');
#2445 = CONTEXT_DEPENDENT_SHAPE_REPRESENTATION(#2446,#2448);
#2446 = ( REPRESENTATION_RELATIONSHIP('','',#1007,#984) 
REPRESENTATION_RELATIONSHIP_WITH_TRANSFORMATION(#2447) 
SHAPE_REPRESENTATION_RELATIONSHIP() );
#2447 = ITEM_DEFINED_TRANSFORMATION('','',#11,#985);
#2448 = PRODUCT_DEFINITION_SHAPE('Placement','Placement of an item',
  #2449);
#2449 = NEXT_ASSEMBLY_USAGE_OCCURRENCE('3','=>[0:1:1:5]','',#979,#1002,$
  );
#2450 = PRODUCT_RELATED_PRODUCT_CATEGORY('part',$,(#1004));
#2451 = CONTEXT_DEPENDENT_SHAPE_REPRESENTATION(#2452,#2454);
#2452 = ( REPRESENTATION_RELATIONSHIP('','',#984,#10) 
REPRESENTATION_RELATIONSHIP_WITH_TRANSFORMATION(#2453) 
SHAPE_REPRESENTATION_RELATIONSHIP() );
#2453 = ITEM_DEFINED_TRANSFORMATION('','',#11,#23);
#2454 = PRODUCT_DEFINITION_SHAPE('Placement','Placement of an item',
  #2455);
#2455 = NEXT_ASSEMBLY_USAGE_OCCURRENCE('5','J20','',#5,#979,$);
#2456 = CONTEXT_DEPENDENT_SHAPE_REPRESENTATION(#2457,#2459);
#2457 = ( REPRESENTATION_RELATIONSHIP('','',#152,#10) 
REPRESENTATION_RELATIONSHIP_WITH_TRANSFORMATION(#2458) 
SHAPE_REPRESENTATION_RELATIONSHIP() );
#2458 = ITEM_DEFINED_TRANSFORMATION('','',#11,#27);
#2459 = PRODUCT_DEFINITION_SHAPE('Placement','Placement of an item',
  #2460);
#2460 = NEXT_ASSEMBLY_USAGE_OCCURRENCE('6','R1','',#5,#147,$);
#2461 = CONTEXT_DEPENDENT_SHAPE_REPRESENTATION(#2462,#2464);
#2462 = ( REPRESENTATION_RELATIONSHIP('','',#984,#10) 
REPRESENTATION_RELATIONSHIP_WITH_TRANSFORMATION(#2463) 
SHAPE_REPRESENTATION_RELATIONSHIP() );
#2463 = ITEM_DEFINED_TRANSFORMATION('','',#11,#31);
#2464 = PRODUCT_DEFINITION_SHAPE('Placement','Placement of an item',
  #2465);
#2465 = NEXT_ASSEMBLY_USAGE_OCCURRENCE('7','J10','',#5,#979,$);
#2466 = CONTEXT_DEPENDENT_SHAPE_REPRESENTATION(#2467,#2469);
#2467 = ( REPRESENTATION_RELATIONSHIP('','',#984,#10) 
REPRESENTATION_RELATIONSHIP_WITH_TRANSFORMATION(#2468) 
SHAPE_REPRESENTATION_RELATIONSHIP() );
#2468 = ITEM_DEFINED_TRANSFORMATION('','',#11,#35);
#2469 = PRODUCT_DEFINITION_SHAPE('Placement','Placement of an item',
  #2470);
#2470 = NEXT_ASSEMBLY_USAGE_OCCURRENCE('8','J25','',#5,#979,$);
#2471 = CONTEXT_DEPENDENT_SHAPE_REPRESENTATION(#2472,#2474);
#2472 = ( REPRESENTATION_RELATIONSHIP('','',#984,#10) 
REPRESENTATION_RELATIONSHIP_WITH_TRANSFORMATION(#2473) 
SHAPE_REPRESENTATION_RELATIONSHIP() );
#2473 = ITEM_DEFINED_TRANSFORMATION('','',#11,#39);
#2474 = PRODUCT_DEFINITION_SHAPE('Placement','Placement of an item',
  #2475);
#2475 = NEXT_ASSEMBLY_USAGE_OCCURRENCE('9','J5','',#5,#979,$);
#2476 = CONTEXT_DEPENDENT_SHAPE_REPRESENTATION(#2477,#2479);
#2477 = ( REPRESENTATION_RELATIONSHIP('','',#984,#10) 
REPRESENTATION_RELATIONSHIP_WITH_TRANSFORMATION(#2478) 
SHAPE_REPRESENTATION_RELATIONSHIP() );
#2478 = ITEM_DEFINED_TRANSFORMATION('','',#11,#43);
#2479 = PRODUCT_DEFINITION_SHAPE('Placement','Placement of an item',
  #2480);
#2480 = NEXT_ASSEMBLY_USAGE_OCCURRENCE('10','J1','',#5,#979,$);
#2481 = CONTEXT_DEPENDENT_SHAPE_REPRESENTATION(#2482,#2484);
#2482 = ( REPRESENTATION_RELATIONSHIP('','',#984,#10) 
REPRESENTATION_RELATIONSHIP_WITH_TRANSFORMATION(#2483) 
SHAPE_REPRESENTATION_RELATIONSHIP() );
#2483 = ITEM_DEFINED_TRANSFORMATION('','',#11,#47);
#2484 = PRODUCT_DEFINITION_SHAPE('Placement','Placement of an item',
  #2485);
#2485 = NEXT_ASSEMBLY_USAGE_OCCURRENCE('11','J12','',#5,#979,$);
#2486 = CONTEXT_DEPENDENT_SHAPE_REPRESENTATION(#2487,#2489);
#2487 = ( REPRESENTATION_RELATIONSHIP('','',#984,#10) 
REPRESENTATION_RELATIONSHIP_WITH_TRANSFORMATION(#2488) 
SHAPE_REPRESENTATION_RELATIONSHIP() );
#2488 = ITEM_DEFINED_TRANSFORMATION('','',#11,#51);
#2489 = PRODUCT_DEFINITION_SHAPE('Placement','Placement of an item',
  #2490);
#2490 = NEXT_ASSEMBLY_USAGE_OCCURRENCE('12','J2','',#5,#979,$);
#2491 = CONTEXT_DEPENDENT_SHAPE_REPRESENTATION(#2492,#2494);
#2492 = ( REPRESENTATION_RELATIONSHIP('','',#984,#10) 
REPRESENTATION_RELATIONSHIP_WITH_TRANSFORMATION(#2493) 
SHAPE_REPRESENTATION_RELATIONSHIP() );
#2493 = ITEM_DEFINED_TRANSFORMATION('','',#11,#55);
#2494 = PRODUCT_DEFINITION_SHAPE('Placement','Placement of an item',
  #2495);
#2495 = NEXT_ASSEMBLY_USAGE_OCCURRENCE('13','J9','',#5,#979,$);
#2496 = CONTEXT_DEPENDENT_SHAPE_REPRESENTATION(#2497,#2499);
#2497 = ( REPRESENTATION_RELATIONSHIP('','',#984,#10) 
REPRESENTATION_RELATIONSHIP_WITH_TRANSFORMATION(#2498) 
SHAPE_REPRESENTATION_RELATIONSHIP() );
#2498 = ITEM_DEFINED_TRANSFORMATION('','',#11,#59);
#2499 = PRODUCT_DEFINITION_SHAPE('Placement','Placement of an item',
  #2500);
#2500 = NEXT_ASSEMBLY_USAGE_OCCURRENCE('14','J21','',#5,#979,$);
#2501 = CONTEXT_DEPENDENT_SHAPE_REPRESENTATION(#2502,#2504);
#2502 = ( REPRESENTATION_RELATIONSHIP('','',#984,#10) 
REPRESENTATION_RELATIONSHIP_WITH_TRANSFORMATION(#2503) 
SHAPE_REPRESENTATION_RELATIONSHIP() );
#2503 = ITEM_DEFINED_TRANSFORMATION('','',#11,#63);
#2504 = PRODUCT_DEFINITION_SHAPE('Placement','Placement of an item',
  #2505);
#2505 = NEXT_ASSEMBLY_USAGE_OCCURRENCE('15','J18','',#5,#979,$);
#2506 = CONTEXT_DEPENDENT_SHAPE_REPRESENTATION(#2507,#2509);
#2507 = ( REPRESENTATION_RELATIONSHIP('','',#984,#10) 
REPRESENTATION_RELATIONSHIP_WITH_TRANSFORMATION(#2508) 
SHAPE_REPRESENTATION_RELATIONSHIP() );
#2508 = ITEM_DEFINED_TRANSFORMATION('','',#11,#67);
#2509 = PRODUCT_DEFINITION_SHAPE('Placement','Placement of an item',
  #2510);
#2510 = NEXT_ASSEMBLY_USAGE_OCCURRENCE('16','J15','',#5,#979,$);
#2511 = CONTEXT_DEPENDENT_SHAPE_REPRESENTATION(#2512,#2514);
#2512 = ( REPRESENTATION_RELATIONSHIP('','',#984,#10) 
REPRESENTATION_RELATIONSHIP_WITH_TRANSFORMATION(#2513) 
SHAPE_REPRESENTATION_RELATIONSHIP() );
#2513 = ITEM_DEFINED_TRANSFORMATION('','',#11,#71);
#2514 = PRODUCT_DEFINITION_SHAPE('Placement','Placement of an item',
  #2515);
#2515 = NEXT_ASSEMBLY_USAGE_OCCURRENCE('17','J27','',#5,#979,$);
#2516 = CONTEXT_DEPENDENT_SHAPE_REPRESENTATION(#2517,#2519);
#2517 = ( REPRESENTATION_RELATIONSHIP('','',#984,#10) 
REPRESENTATION_RELATIONSHIP_WITH_TRANSFORMATION(#2518) 
SHAPE_REPRESENTATION_RELATIONSHIP() );
#2518 = ITEM_DEFINED_TRANSFORMATION('','',#11,#75);
#2519 = PRODUCT_DEFINITION_SHAPE('Placement','Placement of an item',
  #2520);
#2520 = NEXT_ASSEMBLY_USAGE_OCCURRENCE('18','J26','',#5,#979,$);
#2521 = CONTEXT_DEPENDENT_SHAPE_REPRESENTATION(#2522,#2524);
#2522 = ( REPRESENTATION_RELATIONSHIP('','',#984,#10) 
REPRESENTATION_RELATIONSHIP_WITH_TRANSFORMATION(#2523) 
SHAPE_REPRESENTATION_RELATIONSHIP() );
#2523 = ITEM_DEFINED_TRANSFORMATION('','',#11,#79);
#2524 = PRODUCT_DEFINITION_SHAPE('Placement','Placement of an item',
  #2525);
#2525 = NEXT_ASSEMBLY_USAGE_OCCURRENCE('19','J17','',#5,#979,$);
#2526 = CONTEXT_DEPENDENT_SHAPE_REPRESENTATION(#2527,#2529);
#2527 = ( REPRESENTATION_RELATIONSHIP('','',#984,#10) 
REPRESENTATION_RELATIONSHIP_WITH_TRANSFORMATION(#2528) 
SHAPE_REPRESENTATION_RELATIONSHIP() );
#2528 = ITEM_DEFINED_TRANSFORMATION('','',#11,#83);
#2529 = PRODUCT_DEFINITION_SHAPE('Placement','Placement of an item',
  #2530);
#2530 = NEXT_ASSEMBLY_USAGE_OCCURRENCE('20','J7','',#5,#979,$);
#2531 = CONTEXT_DEPENDENT_SHAPE_REPRESENTATION(#2532,#2534);
#2532 = ( REPRESENTATION_RELATIONSHIP('','',#984,#10) 
REPRESENTATION_RELATIONSHIP_WITH_TRANSFORMATION(#2533) 
SHAPE_REPRESENTATION_RELATIONSHIP() );
#2533 = ITEM_DEFINED_TRANSFORMATION('','',#11,#87);
#2534 = PRODUCT_DEFINITION_SHAPE('Placement','Placement of an item',
  #2535);
#2535 = NEXT_ASSEMBLY_USAGE_OCCURRENCE('21','J22','',#5,#979,$);
#2536 = CONTEXT_DEPENDENT_SHAPE_REPRESENTATION(#2537,#2539);
#2537 = ( REPRESENTATION_RELATIONSHIP('','',#984,#10) 
REPRESENTATION_RELATIONSHIP_WITH_TRANSFORMATION(#2538) 
SHAPE_REPRESENTATION_RELATIONSHIP() );
#2538 = ITEM_DEFINED_TRANSFORMATION('','',#11,#91);
#2539 = PRODUCT_DEFINITION_SHAPE('Placement','Placement of an item',
  #2540);
#2540 = NEXT_ASSEMBLY_USAGE_OCCURRENCE('22','J11','',#5,#979,$);
#2541 = CONTEXT_DEPENDENT_SHAPE_REPRESENTATION(#2542,#2544);
#2542 = ( REPRESENTATION_RELATIONSHIP('','',#984,#10) 
REPRESENTATION_RELATIONSHIP_WITH_TRANSFORMATION(#2543) 
SHAPE_REPRESENTATION_RELATIONSHIP() );
#2543 = ITEM_DEFINED_TRANSFORMATION('','',#11,#95);
#2544 = PRODUCT_DEFINITION_SHAPE('Placement','Placement of an item',
  #2545);
#2545 = NEXT_ASSEMBLY_USAGE_OCCURRENCE('23','J6','',#5,#979,$);
#2546 = CONTEXT_DEPENDENT_SHAPE_REPRESENTATION(#2547,#2549);
#2547 = ( REPRESENTATION_RELATIONSHIP('','',#984,#10) 
REPRESENTATION_RELATIONSHIP_WITH_TRANSFORMATION(#2548) 
SHAPE_REPRESENTATION_RELATIONSHIP() );
#2548 = ITEM_DEFINED_TRANSFORMATION('','',#11,#99);
#2549 = PRODUCT_DEFINITION_SHAPE('Placement','Placement of an item',
  #2550);
#2550 = NEXT_ASSEMBLY_USAGE_OCCURRENCE('24','J24','',#5,#979,$);
#2551 = CONTEXT_DEPENDENT_SHAPE_REPRESENTATION(#2552,#2554);
#2552 = ( REPRESENTATION_RELATIONSHIP('','',#984,#10) 
REPRESENTATION_RELATIONSHIP_WITH_TRANSFORMATION(#2553) 
SHAPE_REPRESENTATION_RELATIONSHIP() );
#2553 = ITEM_DEFINED_TRANSFORMATION('','',#11,#103);
#2554 = PRODUCT_DEFINITION_SHAPE('Placement','Placement of an item',
  #2555);
#2555 = NEXT_ASSEMBLY_USAGE_OCCURRENCE('25','J3','',#5,#979,$);
#2556 = CONTEXT_DEPENDENT_SHAPE_REPRESENTATION(#2557,#2559);
#2557 = ( REPRESENTATION_RELATIONSHIP('','',#984,#10) 
REPRESENTATION_RELATIONSHIP_WITH_TRANSFORMATION(#2558) 
SHAPE_REPRESENTATION_RELATIONSHIP() );
#2558 = ITEM_DEFINED_TRANSFORMATION('','',#11,#107);
#2559 = PRODUCT_DEFINITION_SHAPE('Placement','Placement of an item',
  #2560);
#2560 = NEXT_ASSEMBLY_USAGE_OCCURRENCE('26','J19','',#5,#979,$);
#2561 = CONTEXT_DEPENDENT_SHAPE_REPRESENTATION(#2562,#2564);
#2562 = ( REPRESENTATION_RELATIONSHIP('','',#984,#10) 
REPRESENTATION_RELATIONSHIP_WITH_TRANSFORMATION(#2563) 
SHAPE_REPRESENTATION_RELATIONSHIP() );
#2563 = ITEM_DEFINED_TRANSFORMATION('','',#11,#111);
#2564 = PRODUCT_DEFINITION_SHAPE('Placement','Placement of an item',
  #2565);
#2565 = NEXT_ASSEMBLY_USAGE_OCCURRENCE('27','J16','',#5,#979,$);
#2566 = CONTEXT_DEPENDENT_SHAPE_REPRESENTATION(#2567,#2569);
#2567 = ( REPRESENTATION_RELATIONSHIP('','',#984,#10) 
REPRESENTATION_RELATIONSHIP_WITH_TRANSFORMATION(#2568) 
SHAPE_REPRESENTATION_RELATIONSHIP() );
#2568 = ITEM_DEFINED_TRANSFORMATION('','',#11,#115);
#2569 = PRODUCT_DEFINITION_SHAPE('Placement','Placement of an item',
  #2570);
#2570 = NEXT_ASSEMBLY_USAGE_OCCURRENCE('28','J4','',#5,#979,$);
#2571 = CONTEXT_DEPENDENT_SHAPE_REPRESENTATION(#2572,#2574);
#2572 = ( REPRESENTATION_RELATIONSHIP('','',#984,#10) 
REPRESENTATION_RELATIONSHIP_WITH_TRANSFORMATION(#2573) 
SHAPE_REPRESENTATION_RELATIONSHIP() );
#2573 = ITEM_DEFINED_TRANSFORMATION('','',#11,#119);
#2574 = PRODUCT_DEFINITION_SHAPE('Placement','Placement of an item',
  #2575);
#2575 = NEXT_ASSEMBLY_USAGE_OCCURRENCE('29','J23','',#5,#979,$);
#2576 = CONTEXT_DEPENDENT_SHAPE_REPRESENTATION(#2577,#2579);
#2577 = ( REPRESENTATION_RELATIONSHIP('','',#984,#10) 
REPRESENTATION_RELATIONSHIP_WITH_TRANSFORMATION(#2578) 
SHAPE_REPRESENTATION_RELATIONSHIP() );
#2578 = ITEM_DEFINED_TRANSFORMATION('','',#11,#123);
#2579 = PRODUCT_DEFINITION_SHAPE('Placement','Placement of an item',
  #2580);
#2580 = NEXT_ASSEMBLY_USAGE_OCCURRENCE('30','J8','',#5,#979,$);
#2581 = CONTEXT_DEPENDENT_SHAPE_REPRESENTATION(#2582,#2584);
#2582 = ( REPRESENTATION_RELATIONSHIP('','',#984,#10) 
REPRESENTATION_RELATIONSHIP_WITH_TRANSFORMATION(#2583) 
SHAPE_REPRESENTATION_RELATIONSHIP() );
#2583 = ITEM_DEFINED_TRANSFORMATION('','',#11,#127);
#2584 = PRODUCT_DEFINITION_SHAPE('Placement','Placement of an item',
  #2585);
#2585 = NEXT_ASSEMBLY_USAGE_OCCURRENCE('31','J28','',#5,#979,$);
#2586 = CONTEXT_DEPENDENT_SHAPE_REPRESENTATION(#2587,#2589);
#2587 = ( REPRESENTATION_RELATIONSHIP('','',#984,#10) 
REPRESENTATION_RELATIONSHIP_WITH_TRANSFORMATION(#2588) 
SHAPE_REPRESENTATION_RELATIONSHIP() );
#2588 = ITEM_DEFINED_TRANSFORMATION('','',#11,#131);
#2589 = PRODUCT_DEFINITION_SHAPE('Placement','Placement of an item',
  #2590);
#2590 = NEXT_ASSEMBLY_USAGE_OCCURRENCE('32','J14','',#5,#979,$);
#2591 = SHAPE_DEFINITION_REPRESENTATION(#2592,#2598);
#2592 = PRODUCT_DEFINITION_SHAPE('','',#2593);
#2593 = PRODUCT_DEFINITION('design','',#2594,#2597);
#2594 = PRODUCT_DEFINITION_FORMATION('','',#2595);
#2595 = PRODUCT('jolt3-left_PCB','jolt3-left_PCB','',(#2596));
#2596 = PRODUCT_CONTEXT('',#2,'mechanical');
#2597 = PRODUCT_DEFINITION_CONTEXT('part definition',#2,'design');
#2598 = ADVANCED_BREP_SHAPE_REPRESENTATION('',(#11,#2599),#6111);
#2599 = MANIFOLD_SOLID_BREP('',#2600);
#2600 = CLOSED_SHELL('',(#2601,#2641,#2672,#2703,#3653,#4603,#4620,#4637
    ,#4654,#4671,#4688,#4705,#4722,#4739,#4756,#4768,#4785,#4802,#4819,
    #4836,#4853,#4870,#4887,#4904,#4921,#4938,#4955,#4972,#4989,#5006,
    #5023,#5040,#5057,#5074,#5091,#5108,#5125,#5142,#5159,#5176,#5193,
    #5210,#5227,#5244,#5261,#5278,#5295,#5312,#5329,#5346,#5363,#5380,
    #5397,#5419,#5436,#5453,#5465,#5482,#5499,#5516,#5533,#5550,#5567,
    #5584,#5601,#5618,#5635,#5652,#5669,#5686,#5703,#5720,#5737,#5754,
    #5771,#5788,#5805,#5822,#5839,#5856,#5873,#5890,#5907,#5924,#5941,
    #5958,#5975,#5992,#6009,#6026,#6043,#6060,#6077,#6094));
#2601 = ADVANCED_FACE('',(#2602),#2636,.T.);
#2602 = FACE_BOUND('',#2603,.T.);
#2603 = EDGE_LOOP('',(#2604,#2614,#2622,#2630));
#2604 = ORIENTED_EDGE('',*,*,#2605,.T.);
#2605 = EDGE_CURVE('',#2606,#2608,#2610,.T.);
#2606 = VERTEX_POINT('',#2607);
#2607 = CARTESIAN_POINT('',(47.,28.,0.));
#2608 = VERTEX_POINT('',#2609);
#2609 = CARTESIAN_POINT('',(47.,28.,1.6));
#2610 = LINE('',#2611,#2612);
#2611 = CARTESIAN_POINT('',(47.,28.,0.));
#2612 = VECTOR('',#2613,1.);
#2613 = DIRECTION('',(0.,0.,1.));
#2614 = ORIENTED_EDGE('',*,*,#2615,.T.);
#2615 = EDGE_CURVE('',#2608,#2616,#2618,.T.);
#2616 = VERTEX_POINT('',#2617);
#2617 = CARTESIAN_POINT('',(47.,-3.,1.6));
#2618 = LINE('',#2619,#2620);
#2619 = CARTESIAN_POINT('',(47.,28.,1.6));
#2620 = VECTOR('',#2621,1.);
#2621 = DIRECTION('',(0.,-1.,0.));
#2622 = ORIENTED_EDGE('',*,*,#2623,.F.);
#2623 = EDGE_CURVE('',#2624,#2616,#2626,.T.);
#2624 = VERTEX_POINT('',#2625);
#2625 = CARTESIAN_POINT('',(47.,-3.,0.));
#2626 = LINE('',#2627,#2628);
#2627 = CARTESIAN_POINT('',(47.,-3.,0.));
#2628 = VECTOR('',#2629,1.);
#2629 = DIRECTION('',(0.,0.,1.));
#2630 = ORIENTED_EDGE('',*,*,#2631,.F.);
#2631 = EDGE_CURVE('',#2606,#2624,#2632,.T.);
#2632 = LINE('',#2633,#2634);
#2633 = CARTESIAN_POINT('',(47.,28.,0.));
#2634 = VECTOR('',#2635,1.);
#2635 = DIRECTION('',(0.,-1.,0.));
#2636 = PLANE('',#2637);
#2637 = AXIS2_PLACEMENT_3D('',#2638,#2639,#2640);
#2638 = CARTESIAN_POINT('',(47.,28.,0.));
#2639 = DIRECTION('',(1.,0.,-0.));
#2640 = DIRECTION('',(0.,-1.,0.));
#2641 = ADVANCED_FACE('',(#2642),#2667,.T.);
#2642 = FACE_BOUND('',#2643,.T.);
#2643 = EDGE_LOOP('',(#2644,#2654,#2660,#2661));
#2644 = ORIENTED_EDGE('',*,*,#2645,.T.);
#2645 = EDGE_CURVE('',#2646,#2648,#2650,.T.);
#2646 = VERTEX_POINT('',#2647);
#2647 = CARTESIAN_POINT('',(9.,32.,0.));
#2648 = VERTEX_POINT('',#2649);
#2649 = CARTESIAN_POINT('',(9.,32.,1.6));
#2650 = LINE('',#2651,#2652);
#2651 = CARTESIAN_POINT('',(9.,32.,0.));
#2652 = VECTOR('',#2653,1.);
#2653 = DIRECTION('',(0.,0.,1.));
#2654 = ORIENTED_EDGE('',*,*,#2655,.T.);
#2655 = EDGE_CURVE('',#2648,#2608,#2656,.T.);
#2656 = LINE('',#2657,#2658);
#2657 = CARTESIAN_POINT('',(9.,32.,1.6));
#2658 = VECTOR('',#2659,1.);
#2659 = DIRECTION('',(0.994505452921,-0.104684784518,0.));
#2660 = ORIENTED_EDGE('',*,*,#2605,.F.);
#2661 = ORIENTED_EDGE('',*,*,#2662,.F.);
#2662 = EDGE_CURVE('',#2646,#2606,#2663,.T.);
#2663 = LINE('',#2664,#2665);
#2664 = CARTESIAN_POINT('',(9.,32.,0.));
#2665 = VECTOR('',#2666,1.);
#2666 = DIRECTION('',(0.994505452921,-0.104684784518,0.));
#2667 = PLANE('',#2668);
#2668 = AXIS2_PLACEMENT_3D('',#2669,#2670,#2671);
#2669 = CARTESIAN_POINT('',(9.,32.,0.));
#2670 = DIRECTION('',(0.104684784518,0.994505452921,-0.));
#2671 = DIRECTION('',(0.994505452921,-0.104684784518,0.));
#2672 = ADVANCED_FACE('',(#2673),#2698,.T.);
#2673 = FACE_BOUND('',#2674,.T.);
#2674 = EDGE_LOOP('',(#2675,#2676,#2684,#2692));
#2675 = ORIENTED_EDGE('',*,*,#2623,.T.);
#2676 = ORIENTED_EDGE('',*,*,#2677,.T.);
#2677 = EDGE_CURVE('',#2616,#2678,#2680,.T.);
#2678 = VERTEX_POINT('',#2679);
#2679 = CARTESIAN_POINT('',(88.,-3.,1.6));
#2680 = LINE('',#2681,#2682);
#2681 = CARTESIAN_POINT('',(47.,-3.,1.6));
#2682 = VECTOR('',#2683,1.);
#2683 = DIRECTION('',(1.,0.,0.));
#2684 = ORIENTED_EDGE('',*,*,#2685,.F.);
#2685 = EDGE_CURVE('',#2686,#2678,#2688,.T.);
#2686 = VERTEX_POINT('',#2687);
#2687 = CARTESIAN_POINT('',(88.,-3.,0.));
#2688 = LINE('',#2689,#2690);
#2689 = CARTESIAN_POINT('',(88.,-3.,0.));
#2690 = VECTOR('',#2691,1.);
#2691 = DIRECTION('',(0.,0.,1.));
#2692 = ORIENTED_EDGE('',*,*,#2693,.F.);
#2693 = EDGE_CURVE('',#2624,#2686,#2694,.T.);
#2694 = LINE('',#2695,#2696);
#2695 = CARTESIAN_POINT('',(47.,-3.,0.));
#2696 = VECTOR('',#2697,1.);
#2697 = DIRECTION('',(1.,0.,0.));
#2698 = PLANE('',#2699);
#2699 = AXIS2_PLACEMENT_3D('',#2700,#2701,#2702);
#2700 = CARTESIAN_POINT('',(47.,-3.,0.));
#2701 = DIRECTION('',(0.,1.,0.));
#2702 = DIRECTION('',(1.,0.,0.));
#2703 = ADVANCED_FACE('',(#2704,#2787,#2798,#2809,#2820,#2831,#2842,
    #2853,#2864,#2875,#2886,#2897,#2908,#2919,#2930,#2941,#2952,#2963,
    #2974,#2985,#2996,#3007,#3018,#3029,#3040,#3051,#3062,#3073,#3084,
    #3095,#3106,#3117,#3128,#3139,#3150,#3161,#3172,#3183,#3194,#3230,
    #3241,#3252,#3263,#3274,#3285,#3296,#3307,#3318,#3329,#3340,#3351,
    #3362,#3373,#3384,#3395,#3406,#3417,#3428,#3439,#3450,#3461,#3472,
    #3483,#3494,#3505,#3516,#3527,#3538,#3549,#3560,#3571,#3582,#3593,
    #3604,#3615,#3626,#3637),#3648,.F.);
#2704 = FACE_BOUND('',#2705,.F.);
#2705 = EDGE_LOOP('',(#2706,#2707,#2708,#2716,#2724,#2732,#2740,#2748,
    #2756,#2764,#2772,#2780,#2786));
#2706 = ORIENTED_EDGE('',*,*,#2631,.F.);
#2707 = ORIENTED_EDGE('',*,*,#2662,.F.);
#2708 = ORIENTED_EDGE('',*,*,#2709,.F.);
#2709 = EDGE_CURVE('',#2710,#2646,#2712,.T.);
#2710 = VERTEX_POINT('',#2711);
#2711 = CARTESIAN_POINT('',(-7.,32.,0.));
#2712 = LINE('',#2713,#2714);
#2713 = CARTESIAN_POINT('',(-7.,32.,0.));
#2714 = VECTOR('',#2715,1.);
#2715 = DIRECTION('',(1.,0.,0.));
#2716 = ORIENTED_EDGE('',*,*,#2717,.F.);
#2717 = EDGE_CURVE('',#2718,#2710,#2720,.T.);
#2718 = VERTEX_POINT('',#2719);
#2719 = CARTESIAN_POINT('',(-63.,19.,0.));
#2720 = LINE('',#2721,#2722);
#2721 = CARTESIAN_POINT('',(-63.,19.,0.));
#2722 = VECTOR('',#2723,1.);
#2723 = DIRECTION('',(0.974097200243,0.226129707199,0.));
#2724 = ORIENTED_EDGE('',*,*,#2725,.F.);
#2725 = EDGE_CURVE('',#2726,#2718,#2728,.T.);
#2726 = VERTEX_POINT('',#2727);
#2727 = CARTESIAN_POINT('',(-63.,-46.,0.));
#2728 = LINE('',#2729,#2730);
#2729 = CARTESIAN_POINT('',(-63.,-46.,0.));
#2730 = VECTOR('',#2731,1.);
#2731 = DIRECTION('',(0.,1.,0.));
#2732 = ORIENTED_EDGE('',*,*,#2733,.F.);
#2733 = EDGE_CURVE('',#2734,#2726,#2736,.T.);
#2734 = VERTEX_POINT('',#2735);
#2735 = CARTESIAN_POINT('',(-24.,-46.,0.));
#2736 = LINE('',#2737,#2738);
#2737 = CARTESIAN_POINT('',(-24.,-46.,0.));
#2738 = VECTOR('',#2739,1.);
#2739 = DIRECTION('',(-1.,0.,0.));
#2740 = ORIENTED_EDGE('',*,*,#2741,.F.);
#2741 = EDGE_CURVE('',#2742,#2734,#2744,.T.);
#2742 = VERTEX_POINT('',#2743);
#2743 = CARTESIAN_POINT('',(-5.,-35.,0.));
#2744 = LINE('',#2745,#2746);
#2745 = CARTESIAN_POINT('',(-5.,-35.,0.));
#2746 = VECTOR('',#2747,1.);
#2747 = DIRECTION('',(-0.865426285481,-0.501036270542,0.));
#2748 = ORIENTED_EDGE('',*,*,#2749,.F.);
#2749 = EDGE_CURVE('',#2750,#2742,#2752,.T.);
#2750 = VERTEX_POINT('',#2751);
#2751 = CARTESIAN_POINT('',(6.,-35.,0.));
#2752 = LINE('',#2753,#2754);
#2753 = CARTESIAN_POINT('',(6.,-35.,0.));
#2754 = VECTOR('',#2755,1.);
#2755 = DIRECTION('',(-1.,0.,0.));
#2756 = ORIENTED_EDGE('',*,*,#2757,.F.);
#2757 = EDGE_CURVE('',#2758,#2750,#2760,.T.);
#2758 = VERTEX_POINT('',#2759);
#2759 = CARTESIAN_POINT('',(2.,-55.,0.));
#2760 = LINE('',#2761,#2762);
#2761 = CARTESIAN_POINT('',(2.,-55.,0.));
#2762 = VECTOR('',#2763,1.);
#2763 = DIRECTION('',(0.196116135138,0.980580675691,0.));
#2764 = ORIENTED_EDGE('',*,*,#2765,.F.);
#2765 = EDGE_CURVE('',#2766,#2758,#2768,.T.);
#2766 = VERTEX_POINT('',#2767);
#2767 = CARTESIAN_POINT('',(66.,-66.,0.));
#2768 = LINE('',#2769,#2770);
#2769 = CARTESIAN_POINT('',(66.,-66.,0.));
#2770 = VECTOR('',#2771,1.);
#2771 = DIRECTION('',(-0.98554889076,0.169391215599,0.));
#2772 = ORIENTED_EDGE('',*,*,#2773,.F.);
#2773 = EDGE_CURVE('',#2774,#2766,#2776,.T.);
#2774 = VERTEX_POINT('',#2775);
#2775 = CARTESIAN_POINT('',(88.,-52.,0.));
#2776 = LINE('',#2777,#2778);
#2777 = CARTESIAN_POINT('',(88.,-52.,0.));
#2778 = VECTOR('',#2779,1.);
#2779 = DIRECTION('',(-0.843661487732,-0.536875492193,0.));
#2780 = ORIENTED_EDGE('',*,*,#2781,.F.);
#2781 = EDGE_CURVE('',#2686,#2774,#2782,.T.);
#2782 = LINE('',#2783,#2784);
#2783 = CARTESIAN_POINT('',(88.,-3.,0.));
#2784 = VECTOR('',#2785,1.);
#2785 = DIRECTION('',(0.,-1.,0.));
#2786 = ORIENTED_EDGE('',*,*,#2693,.F.);
#2787 = FACE_BOUND('',#2788,.F.);
#2788 = EDGE_LOOP('',(#2789));
#2789 = ORIENTED_EDGE('',*,*,#2790,.T.);
#2790 = EDGE_CURVE('',#2791,#2791,#2793,.T.);
#2791 = VERTEX_POINT('',#2792);
#2792 = CARTESIAN_POINT('',(-59.,-42.5,0.));
#2793 = CIRCLE('',#2794,0.5);
#2794 = AXIS2_PLACEMENT_3D('',#2795,#2796,#2797);
#2795 = CARTESIAN_POINT('',(-59.,-42.,0.));
#2796 = DIRECTION('',(-0.,0.,-1.));
#2797 = DIRECTION('',(-0.,-1.,0.));
#2798 = FACE_BOUND('',#2799,.F.);
#2799 = EDGE_LOOP('',(#2800));
#2800 = ORIENTED_EDGE('',*,*,#2801,.T.);
#2801 = EDGE_CURVE('',#2802,#2802,#2804,.T.);
#2802 = VERTEX_POINT('',#2803);
#2803 = CARTESIAN_POINT('',(-56.46,-42.5,0.));
#2804 = CIRCLE('',#2805,0.5);
#2805 = AXIS2_PLACEMENT_3D('',#2806,#2807,#2808);
#2806 = CARTESIAN_POINT('',(-56.46,-42.,0.));
#2807 = DIRECTION('',(-0.,0.,-1.));
#2808 = DIRECTION('',(-0.,-1.,0.));
#2809 = FACE_BOUND('',#2810,.F.);
#2810 = EDGE_LOOP('',(#2811));
#2811 = ORIENTED_EDGE('',*,*,#2812,.T.);
#2812 = EDGE_CURVE('',#2813,#2813,#2815,.T.);
#2813 = VERTEX_POINT('',#2814);
#2814 = CARTESIAN_POINT('',(-49.54,-42.5,0.));
#2815 = CIRCLE('',#2816,0.5);
#2816 = AXIS2_PLACEMENT_3D('',#2817,#2818,#2819);
#2817 = CARTESIAN_POINT('',(-49.54,-42.,0.));
#2818 = DIRECTION('',(-0.,0.,-1.));
#2819 = DIRECTION('',(-0.,-1.,0.));
#2820 = FACE_BOUND('',#2821,.F.);
#2821 = EDGE_LOOP('',(#2822));
#2822 = ORIENTED_EDGE('',*,*,#2823,.T.);
#2823 = EDGE_CURVE('',#2824,#2824,#2826,.T.);
#2824 = VERTEX_POINT('',#2825);
#2825 = CARTESIAN_POINT('',(-47.,-42.5,0.));
#2826 = CIRCLE('',#2827,0.5);
#2827 = AXIS2_PLACEMENT_3D('',#2828,#2829,#2830);
#2828 = CARTESIAN_POINT('',(-47.,-42.,0.));
#2829 = DIRECTION('',(-0.,0.,-1.));
#2830 = DIRECTION('',(-0.,-1.,0.));
#2831 = FACE_BOUND('',#2832,.F.);
#2832 = EDGE_LOOP('',(#2833));
#2833 = ORIENTED_EDGE('',*,*,#2834,.T.);
#2834 = EDGE_CURVE('',#2835,#2835,#2837,.T.);
#2835 = VERTEX_POINT('',#2836);
#2836 = CARTESIAN_POINT('',(-41.,-42.5,0.));
#2837 = CIRCLE('',#2838,0.5);
#2838 = AXIS2_PLACEMENT_3D('',#2839,#2840,#2841);
#2839 = CARTESIAN_POINT('',(-41.,-42.,0.));
#2840 = DIRECTION('',(-0.,0.,-1.));
#2841 = DIRECTION('',(-0.,-1.,0.));
#2842 = FACE_BOUND('',#2843,.F.);
#2843 = EDGE_LOOP('',(#2844));
#2844 = ORIENTED_EDGE('',*,*,#2845,.T.);
#2845 = EDGE_CURVE('',#2846,#2846,#2848,.T.);
#2846 = VERTEX_POINT('',#2847);
#2847 = CARTESIAN_POINT('',(-38.46,-42.5,0.));
#2848 = CIRCLE('',#2849,0.5);
#2849 = AXIS2_PLACEMENT_3D('',#2850,#2851,#2852);
#2850 = CARTESIAN_POINT('',(-38.46,-42.,0.));
#2851 = DIRECTION('',(-0.,0.,-1.));
#2852 = DIRECTION('',(-0.,-1.,0.));
#2853 = FACE_BOUND('',#2854,.F.);
#2854 = EDGE_LOOP('',(#2855));
#2855 = ORIENTED_EDGE('',*,*,#2856,.T.);
#2856 = EDGE_CURVE('',#2857,#2857,#2859,.T.);
#2857 = VERTEX_POINT('',#2858);
#2858 = CARTESIAN_POINT('',(-31.54,-42.5,0.));
#2859 = CIRCLE('',#2860,0.5);
#2860 = AXIS2_PLACEMENT_3D('',#2861,#2862,#2863);
#2861 = CARTESIAN_POINT('',(-31.54,-42.,0.));
#2862 = DIRECTION('',(-0.,0.,-1.));
#2863 = DIRECTION('',(-0.,-1.,0.));
#2864 = FACE_BOUND('',#2865,.F.);
#2865 = EDGE_LOOP('',(#2866));
#2866 = ORIENTED_EDGE('',*,*,#2867,.T.);
#2867 = EDGE_CURVE('',#2868,#2868,#2870,.T.);
#2868 = VERTEX_POINT('',#2869);
#2869 = CARTESIAN_POINT('',(-29.,-42.5,0.));
#2870 = CIRCLE('',#2871,0.5);
#2871 = AXIS2_PLACEMENT_3D('',#2872,#2873,#2874);
#2872 = CARTESIAN_POINT('',(-29.,-42.,0.));
#2873 = DIRECTION('',(-0.,0.,-1.));
#2874 = DIRECTION('',(-0.,-1.,0.));
#2875 = FACE_BOUND('',#2876,.F.);
#2876 = EDGE_LOOP('',(#2877));
#2877 = ORIENTED_EDGE('',*,*,#2878,.T.);
#2878 = EDGE_CURVE('',#2879,#2879,#2881,.T.);
#2879 = VERTEX_POINT('',#2880);
#2880 = CARTESIAN_POINT('',(6.933075,-52.480261,0.));
#2881 = CIRCLE('',#2882,0.5);
#2882 = AXIS2_PLACEMENT_3D('',#2883,#2884,#2885);
#2883 = CARTESIAN_POINT('',(6.933075,-51.980261,0.));
#2884 = DIRECTION('',(-0.,0.,-1.));
#2885 = DIRECTION('',(-0.,-1.,0.));
#2886 = FACE_BOUND('',#2887,.F.);
#2887 = EDGE_LOOP('',(#2888));
#2888 = ORIENTED_EDGE('',*,*,#2889,.T.);
#2889 = EDGE_CURVE('',#2890,#2890,#2892,.T.);
#2890 = VERTEX_POINT('',#2891);
#2891 = CARTESIAN_POINT('',(7.374141,-49.978849,0.));
#2892 = CIRCLE('',#2893,0.5);
#2893 = AXIS2_PLACEMENT_3D('',#2894,#2895,#2896);
#2894 = CARTESIAN_POINT('',(7.374141,-49.478849,0.));
#2895 = DIRECTION('',(-0.,0.,-1.));
#2896 = DIRECTION('',(-0.,-1.,0.));
#2897 = FACE_BOUND('',#2898,.F.);
#2898 = EDGE_LOOP('',(#2899));
#2899 = ORIENTED_EDGE('',*,*,#2900,.T.);
#2900 = EDGE_CURVE('',#2901,#2901,#2903,.T.);
#2901 = VERTEX_POINT('',#2902);
#2902 = CARTESIAN_POINT('',(8.575787,-43.16398,0.));
#2903 = CIRCLE('',#2904,0.5);
#2904 = AXIS2_PLACEMENT_3D('',#2905,#2906,#2907);
#2905 = CARTESIAN_POINT('',(8.575787,-42.66398,0.));
#2906 = DIRECTION('',(-0.,0.,-1.));
#2907 = DIRECTION('',(-0.,-1.,0.));
#2908 = FACE_BOUND('',#2909,.F.);
#2909 = EDGE_LOOP('',(#2910));
#2910 = ORIENTED_EDGE('',*,*,#2911,.T.);
#2911 = EDGE_CURVE('',#2912,#2912,#2914,.T.);
#2912 = VERTEX_POINT('',#2913);
#2913 = CARTESIAN_POINT('',(9.016853,-40.662568,0.));
#2914 = CIRCLE('',#2915,0.5);
#2915 = AXIS2_PLACEMENT_3D('',#2916,#2917,#2918);
#2916 = CARTESIAN_POINT('',(9.016853,-40.162568,0.));
#2917 = DIRECTION('',(-0.,0.,-1.));
#2918 = DIRECTION('',(-0.,-1.,0.));
#2919 = FACE_BOUND('',#2920,.F.);
#2920 = EDGE_LOOP('',(#2921));
#2921 = ORIENTED_EDGE('',*,*,#2922,.T.);
#2922 = EDGE_CURVE('',#2923,#2923,#2925,.T.);
#2923 = VERTEX_POINT('',#2924);
#2924 = CARTESIAN_POINT('',(-23.,-33.5,0.));
#2925 = CIRCLE('',#2926,0.5);
#2926 = AXIS2_PLACEMENT_3D('',#2927,#2928,#2929);
#2927 = CARTESIAN_POINT('',(-23.,-33.,0.));
#2928 = DIRECTION('',(-0.,0.,-1.));
#2929 = DIRECTION('',(-0.,-1.,0.));
#2930 = FACE_BOUND('',#2931,.F.);
#2931 = EDGE_LOOP('',(#2932));
#2932 = ORIENTED_EDGE('',*,*,#2933,.T.);
#2933 = EDGE_CURVE('',#2934,#2934,#2936,.T.);
#2934 = VERTEX_POINT('',#2935);
#2935 = CARTESIAN_POINT('',(-20.46,-33.5,0.));
#2936 = CIRCLE('',#2937,0.5);
#2937 = AXIS2_PLACEMENT_3D('',#2938,#2939,#2940);
#2938 = CARTESIAN_POINT('',(-20.46,-33.,0.));
#2939 = DIRECTION('',(-0.,0.,-1.));
#2940 = DIRECTION('',(-0.,-1.,0.));
#2941 = FACE_BOUND('',#2942,.F.);
#2942 = EDGE_LOOP('',(#2943));
#2943 = ORIENTED_EDGE('',*,*,#2944,.T.);
#2944 = EDGE_CURVE('',#2945,#2945,#2947,.T.);
#2945 = VERTEX_POINT('',#2946);
#2946 = CARTESIAN_POINT('',(-13.54,-33.5,0.));
#2947 = CIRCLE('',#2948,0.5);
#2948 = AXIS2_PLACEMENT_3D('',#2949,#2950,#2951);
#2949 = CARTESIAN_POINT('',(-13.54,-33.,0.));
#2950 = DIRECTION('',(-0.,0.,-1.));
#2951 = DIRECTION('',(-0.,-1.,0.));
#2952 = FACE_BOUND('',#2953,.F.);
#2953 = EDGE_LOOP('',(#2954));
#2954 = ORIENTED_EDGE('',*,*,#2955,.T.);
#2955 = EDGE_CURVE('',#2956,#2956,#2958,.T.);
#2956 = VERTEX_POINT('',#2957);
#2957 = CARTESIAN_POINT('',(-11.,-33.5,0.));
#2958 = CIRCLE('',#2959,0.5);
#2959 = AXIS2_PLACEMENT_3D('',#2960,#2961,#2962);
#2960 = CARTESIAN_POINT('',(-11.,-33.,0.));
#2961 = DIRECTION('',(-0.,0.,-1.));
#2962 = DIRECTION('',(-0.,-1.,0.));
#2963 = FACE_BOUND('',#2964,.F.);
#2964 = EDGE_LOOP('',(#2965));
#2965 = ORIENTED_EDGE('',*,*,#2966,.T.);
#2966 = EDGE_CURVE('',#2967,#2967,#2969,.T.);
#2967 = VERTEX_POINT('',#2968);
#2968 = CARTESIAN_POINT('',(-5.,-29.5,0.));
#2969 = CIRCLE('',#2970,0.5);
#2970 = AXIS2_PLACEMENT_3D('',#2971,#2972,#2973);
#2971 = CARTESIAN_POINT('',(-5.,-29.,0.));
#2972 = DIRECTION('',(-0.,0.,-1.));
#2973 = DIRECTION('',(-0.,-1.,0.));
#2974 = FACE_BOUND('',#2975,.F.);
#2975 = EDGE_LOOP('',(#2976));
#2976 = ORIENTED_EDGE('',*,*,#2977,.T.);
#2977 = EDGE_CURVE('',#2978,#2978,#2980,.T.);
#2978 = VERTEX_POINT('',#2979);
#2979 = CARTESIAN_POINT('',(-2.46,-29.5,0.));
#2980 = CIRCLE('',#2981,0.5);
#2981 = AXIS2_PLACEMENT_3D('',#2982,#2983,#2984);
#2982 = CARTESIAN_POINT('',(-2.46,-29.,0.));
#2983 = DIRECTION('',(-0.,0.,-1.));
#2984 = DIRECTION('',(-0.,-1.,0.));
#2985 = FACE_BOUND('',#2986,.F.);
#2986 = EDGE_LOOP('',(#2987));
#2987 = ORIENTED_EDGE('',*,*,#2988,.T.);
#2988 = EDGE_CURVE('',#2989,#2989,#2991,.T.);
#2989 = VERTEX_POINT('',#2990);
#2990 = CARTESIAN_POINT('',(4.46,-29.5,0.));
#2991 = CIRCLE('',#2992,0.5);
#2992 = AXIS2_PLACEMENT_3D('',#2993,#2994,#2995);
#2993 = CARTESIAN_POINT('',(4.46,-29.,0.));
#2994 = DIRECTION('',(-0.,0.,-1.));
#2995 = DIRECTION('',(-0.,-1.,0.));
#2996 = FACE_BOUND('',#2997,.F.);
#2997 = EDGE_LOOP('',(#2998));
#2998 = ORIENTED_EDGE('',*,*,#2999,.T.);
#2999 = EDGE_CURVE('',#3000,#3000,#3002,.T.);
#3000 = VERTEX_POINT('',#3001);
#3001 = CARTESIAN_POINT('',(7.,-29.5,0.));
#3002 = CIRCLE('',#3003,0.5);
#3003 = AXIS2_PLACEMENT_3D('',#3004,#3005,#3006);
#3004 = CARTESIAN_POINT('',(7.,-29.,0.));
#3005 = DIRECTION('',(-0.,0.,-1.));
#3006 = DIRECTION('',(-0.,-1.,0.));
#3007 = FACE_BOUND('',#3008,.F.);
#3008 = EDGE_LOOP('',(#3009));
#3009 = ORIENTED_EDGE('',*,*,#3010,.T.);
#3010 = EDGE_CURVE('',#3011,#3011,#3013,.T.);
#3011 = VERTEX_POINT('',#3012);
#3012 = CARTESIAN_POINT('',(8.85,-18.7,0.));
#3013 = CIRCLE('',#3014,1.25);
#3014 = AXIS2_PLACEMENT_3D('',#3015,#3016,#3017);
#3015 = CARTESIAN_POINT('',(8.85,-17.45,0.));
#3016 = DIRECTION('',(-0.,0.,-1.));
#3017 = DIRECTION('',(-0.,-1.,0.));
#3018 = FACE_BOUND('',#3019,.F.);
#3019 = EDGE_LOOP('',(#3020));
#3020 = ORIENTED_EDGE('',*,*,#3021,.T.);
#3021 = EDGE_CURVE('',#3022,#3022,#3024,.T.);
#3022 = VERTEX_POINT('',#3023);
#3023 = CARTESIAN_POINT('',(63.067117,-62.378208,0.));
#3024 = CIRCLE('',#3025,0.5);
#3025 = AXIS2_PLACEMENT_3D('',#3026,#3027,#3028);
#3026 = CARTESIAN_POINT('',(63.067117,-61.878208,0.));
#3027 = DIRECTION('',(-0.,0.,-1.));
#3028 = DIRECTION('',(-0.,-1.,0.));
#3029 = FACE_BOUND('',#3030,.F.);
#3030 = EDGE_LOOP('',(#3031));
#3031 = ORIENTED_EDGE('',*,*,#3032,.T.);
#3032 = EDGE_CURVE('',#3033,#3033,#3035,.T.);
#3033 = VERTEX_POINT('',#3034);
#3034 = CARTESIAN_POINT('',(63.508183,-59.876796,0.));
#3035 = CIRCLE('',#3036,0.5);
#3036 = AXIS2_PLACEMENT_3D('',#3037,#3038,#3039);
#3037 = CARTESIAN_POINT('',(63.508183,-59.376796,0.));
#3038 = DIRECTION('',(-0.,0.,-1.));
#3039 = DIRECTION('',(-0.,-1.,0.));
#3040 = FACE_BOUND('',#3041,.F.);
#3041 = EDGE_LOOP('',(#3042));
#3042 = ORIENTED_EDGE('',*,*,#3043,.T.);
#3043 = EDGE_CURVE('',#3044,#3044,#3046,.T.);
#3044 = VERTEX_POINT('',#3045);
#3045 = CARTESIAN_POINT('',(64.709829,-53.061927,0.));
#3046 = CIRCLE('',#3047,0.5);
#3047 = AXIS2_PLACEMENT_3D('',#3048,#3049,#3050);
#3048 = CARTESIAN_POINT('',(64.709829,-52.561927,0.));
#3049 = DIRECTION('',(-0.,0.,-1.));
#3050 = DIRECTION('',(-0.,-1.,0.));
#3051 = FACE_BOUND('',#3052,.F.);
#3052 = EDGE_LOOP('',(#3053));
#3053 = ORIENTED_EDGE('',*,*,#3054,.T.);
#3054 = EDGE_CURVE('',#3055,#3055,#3057,.T.);
#3055 = VERTEX_POINT('',#3056);
#3056 = CARTESIAN_POINT('',(65.150895,-50.560515,0.));
#3057 = CIRCLE('',#3058,0.5);
#3058 = AXIS2_PLACEMENT_3D('',#3059,#3060,#3061);
#3059 = CARTESIAN_POINT('',(65.150895,-50.060515,0.));
#3060 = DIRECTION('',(-0.,0.,-1.));
#3061 = DIRECTION('',(-0.,-1.,0.));
#3062 = FACE_BOUND('',#3063,.F.);
#3063 = EDGE_LOOP('',(#3064));
#3064 = ORIENTED_EDGE('',*,*,#3065,.T.);
#3065 = EDGE_CURVE('',#3066,#3066,#3068,.T.);
#3066 = VERTEX_POINT('',#3067);
#3067 = CARTESIAN_POINT('',(50.5,-41.06,0.));
#3068 = CIRCLE('',#3069,1.1);
#3069 = AXIS2_PLACEMENT_3D('',#3070,#3071,#3072);
#3070 = CARTESIAN_POINT('',(50.5,-39.96,0.));
#3071 = DIRECTION('',(-0.,0.,-1.));
#3072 = DIRECTION('',(-0.,-1.,0.));
#3073 = FACE_BOUND('',#3074,.F.);
#3074 = EDGE_LOOP('',(#3075));
#3075 = ORIENTED_EDGE('',*,*,#3076,.T.);
#3076 = EDGE_CURVE('',#3077,#3077,#3079,.T.);
#3077 = VERTEX_POINT('',#3078);
#3078 = CARTESIAN_POINT('',(83.5,-41.06,0.));
#3079 = CIRCLE('',#3080,1.1);
#3080 = AXIS2_PLACEMENT_3D('',#3081,#3082,#3083);
#3081 = CARTESIAN_POINT('',(83.5,-39.96,0.));
#3082 = DIRECTION('',(-0.,0.,-1.));
#3083 = DIRECTION('',(-0.,-1.,0.));
#3084 = FACE_BOUND('',#3085,.F.);
#3085 = EDGE_LOOP('',(#3086));
#3086 = ORIENTED_EDGE('',*,*,#3087,.T.);
#3087 = EDGE_CURVE('',#3088,#3088,#3090,.T.);
#3088 = VERTEX_POINT('',#3089);
#3089 = CARTESIAN_POINT('',(13.,-33.5,0.));
#3090 = CIRCLE('',#3091,0.5);
#3091 = AXIS2_PLACEMENT_3D('',#3092,#3093,#3094);
#3092 = CARTESIAN_POINT('',(13.,-33.,0.));
#3093 = DIRECTION('',(-0.,0.,-1.));
#3094 = DIRECTION('',(-0.,-1.,0.));
#3095 = FACE_BOUND('',#3096,.F.);
#3096 = EDGE_LOOP('',(#3097));
#3097 = ORIENTED_EDGE('',*,*,#3098,.T.);
#3098 = EDGE_CURVE('',#3099,#3099,#3101,.T.);
#3099 = VERTEX_POINT('',#3100);
#3100 = CARTESIAN_POINT('',(15.54,-33.5,0.));
#3101 = CIRCLE('',#3102,0.5);
#3102 = AXIS2_PLACEMENT_3D('',#3103,#3104,#3105);
#3103 = CARTESIAN_POINT('',(15.54,-33.,0.));
#3104 = DIRECTION('',(-0.,0.,-1.));
#3105 = DIRECTION('',(-0.,-1.,0.));
#3106 = FACE_BOUND('',#3107,.F.);
#3107 = EDGE_LOOP('',(#3108));
#3108 = ORIENTED_EDGE('',*,*,#3109,.T.);
#3109 = EDGE_CURVE('',#3110,#3110,#3112,.T.);
#3110 = VERTEX_POINT('',#3111);
#3111 = CARTESIAN_POINT('',(22.46,-33.5,0.));
#3112 = CIRCLE('',#3113,0.5);
#3113 = AXIS2_PLACEMENT_3D('',#3114,#3115,#3116);
#3114 = CARTESIAN_POINT('',(22.46,-33.,0.));
#3115 = DIRECTION('',(-0.,0.,-1.));
#3116 = DIRECTION('',(-0.,-1.,0.));
#3117 = FACE_BOUND('',#3118,.F.);
#3118 = EDGE_LOOP('',(#3119));
#3119 = ORIENTED_EDGE('',*,*,#3120,.T.);
#3120 = EDGE_CURVE('',#3121,#3121,#3123,.T.);
#3121 = VERTEX_POINT('',#3122);
#3122 = CARTESIAN_POINT('',(25.,-33.5,0.));
#3123 = CIRCLE('',#3124,0.5);
#3124 = AXIS2_PLACEMENT_3D('',#3125,#3126,#3127);
#3125 = CARTESIAN_POINT('',(25.,-33.,0.));
#3126 = DIRECTION('',(-0.,0.,-1.));
#3127 = DIRECTION('',(-0.,-1.,0.));
#3128 = FACE_BOUND('',#3129,.F.);
#3129 = EDGE_LOOP('',(#3130));
#3130 = ORIENTED_EDGE('',*,*,#3131,.T.);
#3131 = EDGE_CURVE('',#3132,#3132,#3134,.T.);
#3132 = VERTEX_POINT('',#3133);
#3133 = CARTESIAN_POINT('',(31.,-33.5,0.));
#3134 = CIRCLE('',#3135,0.5);
#3135 = AXIS2_PLACEMENT_3D('',#3136,#3137,#3138);
#3136 = CARTESIAN_POINT('',(31.,-33.,0.));
#3137 = DIRECTION('',(-0.,0.,-1.));
#3138 = DIRECTION('',(-0.,-1.,0.));
#3139 = FACE_BOUND('',#3140,.F.);
#3140 = EDGE_LOOP('',(#3141));
#3141 = ORIENTED_EDGE('',*,*,#3142,.T.);
#3142 = EDGE_CURVE('',#3143,#3143,#3145,.T.);
#3143 = VERTEX_POINT('',#3144);
#3144 = CARTESIAN_POINT('',(33.54,-33.5,0.));
#3145 = CIRCLE('',#3146,0.5);
#3146 = AXIS2_PLACEMENT_3D('',#3147,#3148,#3149);
#3147 = CARTESIAN_POINT('',(33.54,-33.,0.));
#3148 = DIRECTION('',(-0.,0.,-1.));
#3149 = DIRECTION('',(-0.,-1.,0.));
#3150 = FACE_BOUND('',#3151,.F.);
#3151 = EDGE_LOOP('',(#3152));
#3152 = ORIENTED_EDGE('',*,*,#3153,.T.);
#3153 = EDGE_CURVE('',#3154,#3154,#3156,.T.);
#3154 = VERTEX_POINT('',#3155);
#3155 = CARTESIAN_POINT('',(40.46,-33.5,0.));
#3156 = CIRCLE('',#3157,0.5);
#3157 = AXIS2_PLACEMENT_3D('',#3158,#3159,#3160);
#3158 = CARTESIAN_POINT('',(40.46,-33.,0.));
#3159 = DIRECTION('',(-0.,0.,-1.));
#3160 = DIRECTION('',(-0.,-1.,0.));
#3161 = FACE_BOUND('',#3162,.F.);
#3162 = EDGE_LOOP('',(#3163));
#3163 = ORIENTED_EDGE('',*,*,#3164,.T.);
#3164 = EDGE_CURVE('',#3165,#3165,#3167,.T.);
#3165 = VERTEX_POINT('',#3166);
#3166 = CARTESIAN_POINT('',(43.,-33.5,0.));
#3167 = CIRCLE('',#3168,0.5);
#3168 = AXIS2_PLACEMENT_3D('',#3169,#3170,#3171);
#3169 = CARTESIAN_POINT('',(43.,-33.,0.));
#3170 = DIRECTION('',(-0.,0.,-1.));
#3171 = DIRECTION('',(-0.,-1.,0.));
#3172 = FACE_BOUND('',#3173,.F.);
#3173 = EDGE_LOOP('',(#3174));
#3174 = ORIENTED_EDGE('',*,*,#3175,.T.);
#3175 = EDGE_CURVE('',#3176,#3176,#3178,.T.);
#3176 = VERTEX_POINT('',#3177);
#3177 = CARTESIAN_POINT('',(35.85,-17.35,0.));
#3178 = CIRCLE('',#3179,0.4);
#3179 = AXIS2_PLACEMENT_3D('',#3180,#3181,#3182);
#3180 = CARTESIAN_POINT('',(35.85,-16.95,0.));
#3181 = DIRECTION('',(-0.,0.,-1.));
#3182 = DIRECTION('',(-0.,-1.,0.));
#3183 = FACE_BOUND('',#3184,.F.);
#3184 = EDGE_LOOP('',(#3185));
#3185 = ORIENTED_EDGE('',*,*,#3186,.T.);
#3186 = EDGE_CURVE('',#3187,#3187,#3189,.T.);
#3187 = VERTEX_POINT('',#3188);
#3188 = CARTESIAN_POINT('',(76.31,-33.76,0.));
#3189 = CIRCLE('',#3190,1.5);
#3190 = AXIS2_PLACEMENT_3D('',#3191,#3192,#3193);
#3191 = CARTESIAN_POINT('',(76.31,-32.26,0.));
#3192 = DIRECTION('',(-0.,0.,-1.));
#3193 = DIRECTION('',(-0.,-1.,0.));
#3194 = FACE_BOUND('',#3195,.F.);
#3195 = EDGE_LOOP('',(#3196,#3207,#3215,#3224));
#3196 = ORIENTED_EDGE('',*,*,#3197,.T.);
#3197 = EDGE_CURVE('',#3198,#3200,#3202,.T.);
#3198 = VERTEX_POINT('',#3199);
#3199 = CARTESIAN_POINT('',(79.89,-31.244,0.));
#3200 = VERTEX_POINT('',#3201);
#3201 = CARTESIAN_POINT('',(82.89,-31.244,0.));
#3202 = CIRCLE('',#3203,1.5);
#3203 = AXIS2_PLACEMENT_3D('',#3204,#3205,#3206);
#3204 = CARTESIAN_POINT('',(81.39,-31.244,0.));
#3205 = DIRECTION('',(0.,-0.,-1.));
#3206 = DIRECTION('',(1.,0.,-0.));
#3207 = ORIENTED_EDGE('',*,*,#3208,.T.);
#3208 = EDGE_CURVE('',#3200,#3209,#3211,.T.);
#3209 = VERTEX_POINT('',#3210);
#3210 = CARTESIAN_POINT('',(82.89,-33.276,0.));
#3211 = LINE('',#3212,#3213);
#3212 = CARTESIAN_POINT('',(82.89,-16.638,0.));
#3213 = VECTOR('',#3214,1.);
#3214 = DIRECTION('',(0.,-1.,0.));
#3215 = ORIENTED_EDGE('',*,*,#3216,.T.);
#3216 = EDGE_CURVE('',#3209,#3217,#3219,.T.);
#3217 = VERTEX_POINT('',#3218);
#3218 = CARTESIAN_POINT('',(79.89,-33.276,0.));
#3219 = CIRCLE('',#3220,1.5);
#3220 = AXIS2_PLACEMENT_3D('',#3221,#3222,#3223);
#3221 = CARTESIAN_POINT('',(81.39,-33.276,0.));
#3222 = DIRECTION('',(-0.,0.,-1.));
#3223 = DIRECTION('',(-1.,0.,0.));
#3224 = ORIENTED_EDGE('',*,*,#3225,.T.);
#3225 = EDGE_CURVE('',#3217,#3198,#3226,.T.);
#3226 = LINE('',#3227,#3228);
#3227 = CARTESIAN_POINT('',(79.89,-15.622,0.));
#3228 = VECTOR('',#3229,1.);
#3229 = DIRECTION('',(-0.,1.,0.));
#3230 = FACE_BOUND('',#3231,.F.);
#3231 = EDGE_LOOP('',(#3232));
#3232 = ORIENTED_EDGE('',*,*,#3233,.T.);
#3233 = EDGE_CURVE('',#3234,#3234,#3236,.T.);
#3234 = VERTEX_POINT('',#3235);
#3235 = CARTESIAN_POINT('',(71.16,-23.69,0.));
#3236 = CIRCLE('',#3237,0.38);
#3237 = AXIS2_PLACEMENT_3D('',#3238,#3239,#3240);
#3238 = CARTESIAN_POINT('',(71.16,-23.31,0.));
#3239 = DIRECTION('',(-0.,0.,-1.));
#3240 = DIRECTION('',(-0.,-1.,0.));
#3241 = FACE_BOUND('',#3242,.F.);
#3242 = EDGE_LOOP('',(#3243));
#3243 = ORIENTED_EDGE('',*,*,#3244,.T.);
#3244 = EDGE_CURVE('',#3245,#3245,#3247,.T.);
#3245 = VERTEX_POINT('',#3246);
#3246 = CARTESIAN_POINT('',(80.05,-26.18,0.));
#3247 = CIRCLE('',#3248,1.6);
#3248 = AXIS2_PLACEMENT_3D('',#3249,#3250,#3251);
#3249 = CARTESIAN_POINT('',(80.05,-24.58,0.));
#3250 = DIRECTION('',(-0.,0.,-1.));
#3251 = DIRECTION('',(-8.881784197001E-15,-1.,0.));
#3252 = FACE_BOUND('',#3253,.F.);
#3253 = EDGE_LOOP('',(#3254));
#3254 = ORIENTED_EDGE('',*,*,#3255,.T.);
#3255 = EDGE_CURVE('',#3256,#3256,#3258,.T.);
#3256 = VERTEX_POINT('',#3257);
#3257 = CARTESIAN_POINT('',(73.7,-22.42,0.));
#3258 = CIRCLE('',#3259,0.38);
#3259 = AXIS2_PLACEMENT_3D('',#3260,#3261,#3262);
#3260 = CARTESIAN_POINT('',(73.7,-22.04,0.));
#3261 = DIRECTION('',(-0.,0.,-1.));
#3262 = DIRECTION('',(3.739698609264E-14,-1.,-0.));
#3263 = FACE_BOUND('',#3264,.F.);
#3264 = EDGE_LOOP('',(#3265));
#3265 = ORIENTED_EDGE('',*,*,#3266,.T.);
#3266 = EDGE_CURVE('',#3267,#3267,#3269,.T.);
#3267 = VERTEX_POINT('',#3268);
#3268 = CARTESIAN_POINT('',(71.16,-21.15,0.));
#3269 = CIRCLE('',#3270,0.38);
#3270 = AXIS2_PLACEMENT_3D('',#3271,#3272,#3273);
#3271 = CARTESIAN_POINT('',(71.16,-20.77,0.));
#3272 = DIRECTION('',(-0.,0.,-1.));
#3273 = DIRECTION('',(-0.,-1.,0.));
#3274 = FACE_BOUND('',#3275,.F.);
#3275 = EDGE_LOOP('',(#3276));
#3276 = ORIENTED_EDGE('',*,*,#3277,.T.);
#3277 = EDGE_CURVE('',#3278,#3278,#3280,.T.);
#3278 = VERTEX_POINT('',#3279);
#3279 = CARTESIAN_POINT('',(73.7,-19.88,0.));
#3280 = CIRCLE('',#3281,0.38);
#3281 = AXIS2_PLACEMENT_3D('',#3282,#3283,#3284);
#3282 = CARTESIAN_POINT('',(73.7,-19.5,0.));
#3283 = DIRECTION('',(-0.,0.,-1.));
#3284 = DIRECTION('',(3.739698609264E-14,-1.,-0.));
#3285 = FACE_BOUND('',#3286,.F.);
#3286 = EDGE_LOOP('',(#3287));
#3287 = ORIENTED_EDGE('',*,*,#3288,.T.);
#3288 = EDGE_CURVE('',#3289,#3289,#3291,.T.);
#3289 = VERTEX_POINT('',#3290);
#3290 = CARTESIAN_POINT('',(71.16,-18.61,0.));
#3291 = CIRCLE('',#3292,0.38);
#3292 = AXIS2_PLACEMENT_3D('',#3293,#3294,#3295);
#3293 = CARTESIAN_POINT('',(71.16,-18.23,0.));
#3294 = DIRECTION('',(-0.,0.,-1.));
#3295 = DIRECTION('',(-0.,-1.,0.));
#3296 = FACE_BOUND('',#3297,.F.);
#3297 = EDGE_LOOP('',(#3298));
#3298 = ORIENTED_EDGE('',*,*,#3299,.T.);
#3299 = EDGE_CURVE('',#3300,#3300,#3302,.T.);
#3300 = VERTEX_POINT('',#3301);
#3301 = CARTESIAN_POINT('',(73.7,-17.34,0.));
#3302 = CIRCLE('',#3303,0.38);
#3303 = AXIS2_PLACEMENT_3D('',#3304,#3305,#3306);
#3304 = CARTESIAN_POINT('',(73.7,-16.96,0.));
#3305 = DIRECTION('',(-0.,0.,-1.));
#3306 = DIRECTION('',(3.739698609264E-14,-1.,-0.));
#3307 = FACE_BOUND('',#3308,.F.);
#3308 = EDGE_LOOP('',(#3309));
#3309 = ORIENTED_EDGE('',*,*,#3310,.T.);
#3310 = EDGE_CURVE('',#3311,#3311,#3313,.T.);
#3311 = VERTEX_POINT('',#3312);
#3312 = CARTESIAN_POINT('',(8.85,-1.7,0.));
#3313 = CIRCLE('',#3314,1.25);
#3314 = AXIS2_PLACEMENT_3D('',#3315,#3316,#3317);
#3315 = CARTESIAN_POINT('',(8.85,-0.45,0.));
#3316 = DIRECTION('',(-0.,0.,-1.));
#3317 = DIRECTION('',(-0.,-1.,0.));
#3318 = FACE_BOUND('',#3319,.F.);
#3319 = EDGE_LOOP('',(#3320));
#3320 = ORIENTED_EDGE('',*,*,#3321,.T.);
#3321 = EDGE_CURVE('',#3322,#3322,#3324,.T.);
#3322 = VERTEX_POINT('',#3323);
#3323 = CARTESIAN_POINT('',(-59.,14.5,0.));
#3324 = CIRCLE('',#3325,0.5);
#3325 = AXIS2_PLACEMENT_3D('',#3326,#3327,#3328);
#3326 = CARTESIAN_POINT('',(-59.,15.,0.));
#3327 = DIRECTION('',(-0.,0.,-1.));
#3328 = DIRECTION('',(-0.,-1.,0.));
#3329 = FACE_BOUND('',#3330,.F.);
#3330 = EDGE_LOOP('',(#3331));
#3331 = ORIENTED_EDGE('',*,*,#3332,.T.);
#3332 = EDGE_CURVE('',#3333,#3333,#3335,.T.);
#3333 = VERTEX_POINT('',#3334);
#3334 = CARTESIAN_POINT('',(-56.46,14.5,0.));
#3335 = CIRCLE('',#3336,0.5);
#3336 = AXIS2_PLACEMENT_3D('',#3337,#3338,#3339);
#3337 = CARTESIAN_POINT('',(-56.46,15.,0.));
#3338 = DIRECTION('',(-0.,0.,-1.));
#3339 = DIRECTION('',(-0.,-1.,0.));
#3340 = FACE_BOUND('',#3341,.F.);
#3341 = EDGE_LOOP('',(#3342));
#3342 = ORIENTED_EDGE('',*,*,#3343,.T.);
#3343 = EDGE_CURVE('',#3344,#3344,#3346,.T.);
#3344 = VERTEX_POINT('',#3345);
#3345 = CARTESIAN_POINT('',(-49.54,14.5,0.));
#3346 = CIRCLE('',#3347,0.5);
#3347 = AXIS2_PLACEMENT_3D('',#3348,#3349,#3350);
#3348 = CARTESIAN_POINT('',(-49.54,15.,0.));
#3349 = DIRECTION('',(-0.,0.,-1.));
#3350 = DIRECTION('',(-0.,-1.,0.));
#3351 = FACE_BOUND('',#3352,.F.);
#3352 = EDGE_LOOP('',(#3353));
#3353 = ORIENTED_EDGE('',*,*,#3354,.T.);
#3354 = EDGE_CURVE('',#3355,#3355,#3357,.T.);
#3355 = VERTEX_POINT('',#3356);
#3356 = CARTESIAN_POINT('',(-47.,14.5,0.));
#3357 = CIRCLE('',#3358,0.5);
#3358 = AXIS2_PLACEMENT_3D('',#3359,#3360,#3361);
#3359 = CARTESIAN_POINT('',(-47.,15.,0.));
#3360 = DIRECTION('',(-0.,0.,-1.));
#3361 = DIRECTION('',(-0.,-1.,0.));
#3362 = FACE_BOUND('',#3363,.F.);
#3363 = EDGE_LOOP('',(#3364));
#3364 = ORIENTED_EDGE('',*,*,#3365,.T.);
#3365 = EDGE_CURVE('',#3366,#3366,#3368,.T.);
#3366 = VERTEX_POINT('',#3367);
#3367 = CARTESIAN_POINT('',(-41.,14.5,0.));
#3368 = CIRCLE('',#3369,0.5);
#3369 = AXIS2_PLACEMENT_3D('',#3370,#3371,#3372);
#3370 = CARTESIAN_POINT('',(-41.,15.,0.));
#3371 = DIRECTION('',(-0.,0.,-1.));
#3372 = DIRECTION('',(-0.,-1.,0.));
#3373 = FACE_BOUND('',#3374,.F.);
#3374 = EDGE_LOOP('',(#3375));
#3375 = ORIENTED_EDGE('',*,*,#3376,.T.);
#3376 = EDGE_CURVE('',#3377,#3377,#3379,.T.);
#3377 = VERTEX_POINT('',#3378);
#3378 = CARTESIAN_POINT('',(-38.46,14.5,0.));
#3379 = CIRCLE('',#3380,0.5);
#3380 = AXIS2_PLACEMENT_3D('',#3381,#3382,#3383);
#3381 = CARTESIAN_POINT('',(-38.46,15.,0.));
#3382 = DIRECTION('',(-0.,0.,-1.));
#3383 = DIRECTION('',(-0.,-1.,0.));
#3384 = FACE_BOUND('',#3385,.F.);
#3385 = EDGE_LOOP('',(#3386));
#3386 = ORIENTED_EDGE('',*,*,#3387,.T.);
#3387 = EDGE_CURVE('',#3388,#3388,#3390,.T.);
#3388 = VERTEX_POINT('',#3389);
#3389 = CARTESIAN_POINT('',(-31.54,14.5,0.));
#3390 = CIRCLE('',#3391,0.5);
#3391 = AXIS2_PLACEMENT_3D('',#3392,#3393,#3394);
#3392 = CARTESIAN_POINT('',(-31.54,15.,0.));
#3393 = DIRECTION('',(-0.,0.,-1.));
#3394 = DIRECTION('',(-0.,-1.,0.));
#3395 = FACE_BOUND('',#3396,.F.);
#3396 = EDGE_LOOP('',(#3397));
#3397 = ORIENTED_EDGE('',*,*,#3398,.T.);
#3398 = EDGE_CURVE('',#3399,#3399,#3401,.T.);
#3399 = VERTEX_POINT('',#3400);
#3400 = CARTESIAN_POINT('',(-29.,14.5,0.));
#3401 = CIRCLE('',#3402,0.5);
#3402 = AXIS2_PLACEMENT_3D('',#3403,#3404,#3405);
#3403 = CARTESIAN_POINT('',(-29.,15.,0.));
#3404 = DIRECTION('',(-0.,0.,-1.));
#3405 = DIRECTION('',(-0.,-1.,0.));
#3406 = FACE_BOUND('',#3407,.F.);
#3407 = EDGE_LOOP('',(#3408));
#3408 = ORIENTED_EDGE('',*,*,#3409,.T.);
#3409 = EDGE_CURVE('',#3410,#3410,#3412,.T.);
#3410 = VERTEX_POINT('',#3411);
#3411 = CARTESIAN_POINT('',(-23.,23.5,0.));
#3412 = CIRCLE('',#3413,0.5);
#3413 = AXIS2_PLACEMENT_3D('',#3414,#3415,#3416);
#3414 = CARTESIAN_POINT('',(-23.,24.,0.));
#3415 = DIRECTION('',(-0.,0.,-1.));
#3416 = DIRECTION('',(-0.,-1.,0.));
#3417 = FACE_BOUND('',#3418,.F.);
#3418 = EDGE_LOOP('',(#3419));
#3419 = ORIENTED_EDGE('',*,*,#3420,.T.);
#3420 = EDGE_CURVE('',#3421,#3421,#3423,.T.);
#3421 = VERTEX_POINT('',#3422);
#3422 = CARTESIAN_POINT('',(-20.46,23.5,0.));
#3423 = CIRCLE('',#3424,0.5);
#3424 = AXIS2_PLACEMENT_3D('',#3425,#3426,#3427);
#3425 = CARTESIAN_POINT('',(-20.46,24.,0.));
#3426 = DIRECTION('',(-0.,0.,-1.));
#3427 = DIRECTION('',(-0.,-1.,0.));
#3428 = FACE_BOUND('',#3429,.F.);
#3429 = EDGE_LOOP('',(#3430));
#3430 = ORIENTED_EDGE('',*,*,#3431,.T.);
#3431 = EDGE_CURVE('',#3432,#3432,#3434,.T.);
#3432 = VERTEX_POINT('',#3433);
#3433 = CARTESIAN_POINT('',(-13.54,23.5,0.));
#3434 = CIRCLE('',#3435,0.5);
#3435 = AXIS2_PLACEMENT_3D('',#3436,#3437,#3438);
#3436 = CARTESIAN_POINT('',(-13.54,24.,0.));
#3437 = DIRECTION('',(-0.,0.,-1.));
#3438 = DIRECTION('',(-0.,-1.,0.));
#3439 = FACE_BOUND('',#3440,.F.);
#3440 = EDGE_LOOP('',(#3441));
#3441 = ORIENTED_EDGE('',*,*,#3442,.T.);
#3442 = EDGE_CURVE('',#3443,#3443,#3445,.T.);
#3443 = VERTEX_POINT('',#3444);
#3444 = CARTESIAN_POINT('',(-11.,23.5,0.));
#3445 = CIRCLE('',#3446,0.5);
#3446 = AXIS2_PLACEMENT_3D('',#3447,#3448,#3449);
#3447 = CARTESIAN_POINT('',(-11.,24.,0.));
#3448 = DIRECTION('',(-0.,0.,-1.));
#3449 = DIRECTION('',(-0.,-1.,0.));
#3450 = FACE_BOUND('',#3451,.F.);
#3451 = EDGE_LOOP('',(#3452));
#3452 = ORIENTED_EDGE('',*,*,#3453,.T.);
#3453 = EDGE_CURVE('',#3454,#3454,#3456,.T.);
#3454 = VERTEX_POINT('',#3455);
#3455 = CARTESIAN_POINT('',(-5.,27.5,0.));
#3456 = CIRCLE('',#3457,0.5);
#3457 = AXIS2_PLACEMENT_3D('',#3458,#3459,#3460);
#3458 = CARTESIAN_POINT('',(-5.,28.,0.));
#3459 = DIRECTION('',(-0.,0.,-1.));
#3460 = DIRECTION('',(-0.,-1.,0.));
#3461 = FACE_BOUND('',#3462,.F.);
#3462 = EDGE_LOOP('',(#3463));
#3463 = ORIENTED_EDGE('',*,*,#3464,.T.);
#3464 = EDGE_CURVE('',#3465,#3465,#3467,.T.);
#3465 = VERTEX_POINT('',#3466);
#3466 = CARTESIAN_POINT('',(-2.46,27.5,0.));
#3467 = CIRCLE('',#3468,0.5);
#3468 = AXIS2_PLACEMENT_3D('',#3469,#3470,#3471);
#3469 = CARTESIAN_POINT('',(-2.46,28.,0.));
#3470 = DIRECTION('',(-0.,0.,-1.));
#3471 = DIRECTION('',(-0.,-1.,0.));
#3472 = FACE_BOUND('',#3473,.F.);
#3473 = EDGE_LOOP('',(#3474));
#3474 = ORIENTED_EDGE('',*,*,#3475,.T.);
#3475 = EDGE_CURVE('',#3476,#3476,#3478,.T.);
#3476 = VERTEX_POINT('',#3477);
#3477 = CARTESIAN_POINT('',(4.46,27.5,0.));
#3478 = CIRCLE('',#3479,0.5);
#3479 = AXIS2_PLACEMENT_3D('',#3480,#3481,#3482);
#3480 = CARTESIAN_POINT('',(4.46,28.,0.));
#3481 = DIRECTION('',(-0.,0.,-1.));
#3482 = DIRECTION('',(-0.,-1.,0.));
#3483 = FACE_BOUND('',#3484,.F.);
#3484 = EDGE_LOOP('',(#3485));
#3485 = ORIENTED_EDGE('',*,*,#3486,.T.);
#3486 = EDGE_CURVE('',#3487,#3487,#3489,.T.);
#3487 = VERTEX_POINT('',#3488);
#3488 = CARTESIAN_POINT('',(7.,27.5,0.));
#3489 = CIRCLE('',#3490,0.5);
#3490 = AXIS2_PLACEMENT_3D('',#3491,#3492,#3493);
#3491 = CARTESIAN_POINT('',(7.,28.,0.));
#3492 = DIRECTION('',(-0.,0.,-1.));
#3493 = DIRECTION('',(-0.,-1.,0.));
#3494 = FACE_BOUND('',#3495,.F.);
#3495 = EDGE_LOOP('',(#3496));
#3496 = ORIENTED_EDGE('',*,*,#3497,.T.);
#3497 = EDGE_CURVE('',#3498,#3498,#3500,.T.);
#3498 = VERTEX_POINT('',#3499);
#3499 = CARTESIAN_POINT('',(35.85,-1.35,0.));
#3500 = CIRCLE('',#3501,0.4);
#3501 = AXIS2_PLACEMENT_3D('',#3502,#3503,#3504);
#3502 = CARTESIAN_POINT('',(35.85,-0.95,0.));
#3503 = DIRECTION('',(-0.,0.,-1.));
#3504 = DIRECTION('',(-0.,-1.,0.));
#3505 = FACE_BOUND('',#3506,.F.);
#3506 = EDGE_LOOP('',(#3507));
#3507 = ORIENTED_EDGE('',*,*,#3508,.T.);
#3508 = EDGE_CURVE('',#3509,#3509,#3511,.T.);
#3509 = VERTEX_POINT('',#3510);
#3510 = CARTESIAN_POINT('',(50.5,-8.06,0.));
#3511 = CIRCLE('',#3512,1.1);
#3512 = AXIS2_PLACEMENT_3D('',#3513,#3514,#3515);
#3513 = CARTESIAN_POINT('',(50.5,-6.96,0.));
#3514 = DIRECTION('',(-0.,0.,-1.));
#3515 = DIRECTION('',(-0.,-1.,0.));
#3516 = FACE_BOUND('',#3517,.F.);
#3517 = EDGE_LOOP('',(#3518));
#3518 = ORIENTED_EDGE('',*,*,#3519,.T.);
#3519 = EDGE_CURVE('',#3520,#3520,#3522,.T.);
#3520 = VERTEX_POINT('',#3521);
#3521 = CARTESIAN_POINT('',(71.16,-16.07,0.));
#3522 = CIRCLE('',#3523,0.38);
#3523 = AXIS2_PLACEMENT_3D('',#3524,#3525,#3526);
#3524 = CARTESIAN_POINT('',(71.16,-15.69,0.));
#3525 = DIRECTION('',(-0.,0.,-1.));
#3526 = DIRECTION('',(-0.,-1.,0.));
#3527 = FACE_BOUND('',#3528,.F.);
#3528 = EDGE_LOOP('',(#3529));
#3529 = ORIENTED_EDGE('',*,*,#3530,.T.);
#3530 = EDGE_CURVE('',#3531,#3531,#3533,.T.);
#3531 = VERTEX_POINT('',#3532);
#3532 = CARTESIAN_POINT('',(73.7,-14.8,0.));
#3533 = CIRCLE('',#3534,0.38);
#3534 = AXIS2_PLACEMENT_3D('',#3535,#3536,#3537);
#3535 = CARTESIAN_POINT('',(73.7,-14.42,0.));
#3536 = DIRECTION('',(-0.,0.,-1.));
#3537 = DIRECTION('',(3.739698609264E-14,-1.,-0.));
#3538 = FACE_BOUND('',#3539,.F.);
#3539 = EDGE_LOOP('',(#3540));
#3540 = ORIENTED_EDGE('',*,*,#3541,.T.);
#3541 = EDGE_CURVE('',#3542,#3542,#3544,.T.);
#3542 = VERTEX_POINT('',#3543);
#3543 = CARTESIAN_POINT('',(80.05,-14.75,0.));
#3544 = CIRCLE('',#3545,1.6);
#3545 = AXIS2_PLACEMENT_3D('',#3546,#3547,#3548);
#3546 = CARTESIAN_POINT('',(80.05,-13.15,0.));
#3547 = DIRECTION('',(-0.,0.,-1.));
#3548 = DIRECTION('',(-8.881784197001E-15,-1.,0.));
#3549 = FACE_BOUND('',#3550,.F.);
#3550 = EDGE_LOOP('',(#3551));
#3551 = ORIENTED_EDGE('',*,*,#3552,.T.);
#3552 = EDGE_CURVE('',#3553,#3553,#3555,.T.);
#3553 = VERTEX_POINT('',#3554);
#3554 = CARTESIAN_POINT('',(83.5,-8.06,0.));
#3555 = CIRCLE('',#3556,1.1);
#3556 = AXIS2_PLACEMENT_3D('',#3557,#3558,#3559);
#3557 = CARTESIAN_POINT('',(83.5,-6.96,0.));
#3558 = DIRECTION('',(-0.,0.,-1.));
#3559 = DIRECTION('',(-0.,-1.,0.));
#3560 = FACE_BOUND('',#3561,.F.);
#3561 = EDGE_LOOP('',(#3562));
#3562 = ORIENTED_EDGE('',*,*,#3563,.T.);
#3563 = EDGE_CURVE('',#3564,#3564,#3566,.T.);
#3564 = VERTEX_POINT('',#3565);
#3565 = CARTESIAN_POINT('',(13.,23.5,0.));
#3566 = CIRCLE('',#3567,0.5);
#3567 = AXIS2_PLACEMENT_3D('',#3568,#3569,#3570);
#3568 = CARTESIAN_POINT('',(13.,24.,0.));
#3569 = DIRECTION('',(-0.,0.,-1.));
#3570 = DIRECTION('',(-0.,-1.,0.));
#3571 = FACE_BOUND('',#3572,.F.);
#3572 = EDGE_LOOP('',(#3573));
#3573 = ORIENTED_EDGE('',*,*,#3574,.T.);
#3574 = EDGE_CURVE('',#3575,#3575,#3577,.T.);
#3575 = VERTEX_POINT('',#3576);
#3576 = CARTESIAN_POINT('',(15.54,23.5,0.));
#3577 = CIRCLE('',#3578,0.5);
#3578 = AXIS2_PLACEMENT_3D('',#3579,#3580,#3581);
#3579 = CARTESIAN_POINT('',(15.54,24.,0.));
#3580 = DIRECTION('',(-0.,0.,-1.));
#3581 = DIRECTION('',(-0.,-1.,0.));
#3582 = FACE_BOUND('',#3583,.F.);
#3583 = EDGE_LOOP('',(#3584));
#3584 = ORIENTED_EDGE('',*,*,#3585,.T.);
#3585 = EDGE_CURVE('',#3586,#3586,#3588,.T.);
#3586 = VERTEX_POINT('',#3587);
#3587 = CARTESIAN_POINT('',(22.46,23.5,0.));
#3588 = CIRCLE('',#3589,0.5);
#3589 = AXIS2_PLACEMENT_3D('',#3590,#3591,#3592);
#3590 = CARTESIAN_POINT('',(22.46,24.,0.));
#3591 = DIRECTION('',(-0.,0.,-1.));
#3592 = DIRECTION('',(-0.,-1.,0.));
#3593 = FACE_BOUND('',#3594,.F.);
#3594 = EDGE_LOOP('',(#3595));
#3595 = ORIENTED_EDGE('',*,*,#3596,.T.);
#3596 = EDGE_CURVE('',#3597,#3597,#3599,.T.);
#3597 = VERTEX_POINT('',#3598);
#3598 = CARTESIAN_POINT('',(25.,23.5,0.));
#3599 = CIRCLE('',#3600,0.5);
#3600 = AXIS2_PLACEMENT_3D('',#3601,#3602,#3603);
#3601 = CARTESIAN_POINT('',(25.,24.,0.));
#3602 = DIRECTION('',(-0.,0.,-1.));
#3603 = DIRECTION('',(-0.,-1.,0.));
#3604 = FACE_BOUND('',#3605,.F.);
#3605 = EDGE_LOOP('',(#3606));
#3606 = ORIENTED_EDGE('',*,*,#3607,.T.);
#3607 = EDGE_CURVE('',#3608,#3608,#3610,.T.);
#3608 = VERTEX_POINT('',#3609);
#3609 = CARTESIAN_POINT('',(31.,23.5,0.));
#3610 = CIRCLE('',#3611,0.5);
#3611 = AXIS2_PLACEMENT_3D('',#3612,#3613,#3614);
#3612 = CARTESIAN_POINT('',(31.,24.,0.));
#3613 = DIRECTION('',(-0.,0.,-1.));
#3614 = DIRECTION('',(-0.,-1.,0.));
#3615 = FACE_BOUND('',#3616,.F.);
#3616 = EDGE_LOOP('',(#3617));
#3617 = ORIENTED_EDGE('',*,*,#3618,.T.);
#3618 = EDGE_CURVE('',#3619,#3619,#3621,.T.);
#3619 = VERTEX_POINT('',#3620);
#3620 = CARTESIAN_POINT('',(33.54,23.5,0.));
#3621 = CIRCLE('',#3622,0.5);
#3622 = AXIS2_PLACEMENT_3D('',#3623,#3624,#3625);
#3623 = CARTESIAN_POINT('',(33.54,24.,0.));
#3624 = DIRECTION('',(-0.,0.,-1.));
#3625 = DIRECTION('',(-0.,-1.,0.));
#3626 = FACE_BOUND('',#3627,.F.);
#3627 = EDGE_LOOP('',(#3628));
#3628 = ORIENTED_EDGE('',*,*,#3629,.T.);
#3629 = EDGE_CURVE('',#3630,#3630,#3632,.T.);
#3630 = VERTEX_POINT('',#3631);
#3631 = CARTESIAN_POINT('',(40.46,23.5,0.));
#3632 = CIRCLE('',#3633,0.5);
#3633 = AXIS2_PLACEMENT_3D('',#3634,#3635,#3636);
#3634 = CARTESIAN_POINT('',(40.46,24.,0.));
#3635 = DIRECTION('',(-0.,0.,-1.));
#3636 = DIRECTION('',(-0.,-1.,0.));
#3637 = FACE_BOUND('',#3638,.F.);
#3638 = EDGE_LOOP('',(#3639));
#3639 = ORIENTED_EDGE('',*,*,#3640,.T.);
#3640 = EDGE_CURVE('',#3641,#3641,#3643,.T.);
#3641 = VERTEX_POINT('',#3642);
#3642 = CARTESIAN_POINT('',(43.,23.5,0.));
#3643 = CIRCLE('',#3644,0.5);
#3644 = AXIS2_PLACEMENT_3D('',#3645,#3646,#3647);
#3645 = CARTESIAN_POINT('',(43.,24.,0.));
#3646 = DIRECTION('',(-0.,0.,-1.));
#3647 = DIRECTION('',(-0.,-1.,0.));
#3648 = PLANE('',#3649);
#3649 = AXIS2_PLACEMENT_3D('',#3650,#3651,#3652);
#3650 = CARTESIAN_POINT('',(0.,0.,0.));
#3651 = DIRECTION('',(0.,0.,1.));
#3652 = DIRECTION('',(1.,0.,-0.));
#3653 = ADVANCED_FACE('',(#3654,#3737,#3748,#3759,#3770,#3781,#3792,
    #3803,#3814,#3825,#3836,#3847,#3858,#3869,#3880,#3891,#3902,#3913,
    #3924,#3935,#3946,#3957,#3968,#3979,#3990,#4001,#4012,#4023,#4034,
    #4045,#4056,#4067,#4078,#4089,#4100,#4111,#4122,#4133,#4144,#4180,
    #4191,#4202,#4213,#4224,#4235,#4246,#4257,#4268,#4279,#4290,#4301,
    #4312,#4323,#4334,#4345,#4356,#4367,#4378,#4389,#4400,#4411,#4422,
    #4433,#4444,#4455,#4466,#4477,#4488,#4499,#4510,#4521,#4532,#4543,
    #4554,#4565,#4576,#4587),#4598,.T.);
#3654 = FACE_BOUND('',#3655,.T.);
#3655 = EDGE_LOOP('',(#3656,#3657,#3658,#3666,#3674,#3682,#3690,#3698,
    #3706,#3714,#3722,#3730,#3736));
#3656 = ORIENTED_EDGE('',*,*,#2615,.F.);
#3657 = ORIENTED_EDGE('',*,*,#2655,.F.);
#3658 = ORIENTED_EDGE('',*,*,#3659,.F.);
#3659 = EDGE_CURVE('',#3660,#2648,#3662,.T.);
#3660 = VERTEX_POINT('',#3661);
#3661 = CARTESIAN_POINT('',(-7.,32.,1.6));
#3662 = LINE('',#3663,#3664);
#3663 = CARTESIAN_POINT('',(-7.,32.,1.6));
#3664 = VECTOR('',#3665,1.);
#3665 = DIRECTION('',(1.,0.,0.));
#3666 = ORIENTED_EDGE('',*,*,#3667,.F.);
#3667 = EDGE_CURVE('',#3668,#3660,#3670,.T.);
#3668 = VERTEX_POINT('',#3669);
#3669 = CARTESIAN_POINT('',(-63.,19.,1.6));
#3670 = LINE('',#3671,#3672);
#3671 = CARTESIAN_POINT('',(-63.,19.,1.6));
#3672 = VECTOR('',#3673,1.);
#3673 = DIRECTION('',(0.974097200243,0.226129707199,0.));
#3674 = ORIENTED_EDGE('',*,*,#3675,.F.);
#3675 = EDGE_CURVE('',#3676,#3668,#3678,.T.);
#3676 = VERTEX_POINT('',#3677);
#3677 = CARTESIAN_POINT('',(-63.,-46.,1.6));
#3678 = LINE('',#3679,#3680);
#3679 = CARTESIAN_POINT('',(-63.,-46.,1.6));
#3680 = VECTOR('',#3681,1.);
#3681 = DIRECTION('',(0.,1.,0.));
#3682 = ORIENTED_EDGE('',*,*,#3683,.F.);
#3683 = EDGE_CURVE('',#3684,#3676,#3686,.T.);
#3684 = VERTEX_POINT('',#3685);
#3685 = CARTESIAN_POINT('',(-24.,-46.,1.6));
#3686 = LINE('',#3687,#3688);
#3687 = CARTESIAN_POINT('',(-24.,-46.,1.6));
#3688 = VECTOR('',#3689,1.);
#3689 = DIRECTION('',(-1.,0.,0.));
#3690 = ORIENTED_EDGE('',*,*,#3691,.F.);
#3691 = EDGE_CURVE('',#3692,#3684,#3694,.T.);
#3692 = VERTEX_POINT('',#3693);
#3693 = CARTESIAN_POINT('',(-5.,-35.,1.6));
#3694 = LINE('',#3695,#3696);
#3695 = CARTESIAN_POINT('',(-5.,-35.,1.6));
#3696 = VECTOR('',#3697,1.);
#3697 = DIRECTION('',(-0.865426285481,-0.501036270542,0.));
#3698 = ORIENTED_EDGE('',*,*,#3699,.F.);
#3699 = EDGE_CURVE('',#3700,#3692,#3702,.T.);
#3700 = VERTEX_POINT('',#3701);
#3701 = CARTESIAN_POINT('',(6.,-35.,1.6));
#3702 = LINE('',#3703,#3704);
#3703 = CARTESIAN_POINT('',(6.,-35.,1.6));
#3704 = VECTOR('',#3705,1.);
#3705 = DIRECTION('',(-1.,0.,0.));
#3706 = ORIENTED_EDGE('',*,*,#3707,.F.);
#3707 = EDGE_CURVE('',#3708,#3700,#3710,.T.);
#3708 = VERTEX_POINT('',#3709);
#3709 = CARTESIAN_POINT('',(2.,-55.,1.6));
#3710 = LINE('',#3711,#3712);
#3711 = CARTESIAN_POINT('',(2.,-55.,1.6));
#3712 = VECTOR('',#3713,1.);
#3713 = DIRECTION('',(0.196116135138,0.980580675691,0.));
#3714 = ORIENTED_EDGE('',*,*,#3715,.F.);
#3715 = EDGE_CURVE('',#3716,#3708,#3718,.T.);
#3716 = VERTEX_POINT('',#3717);
#3717 = CARTESIAN_POINT('',(66.,-66.,1.6));
#3718 = LINE('',#3719,#3720);
#3719 = CARTESIAN_POINT('',(66.,-66.,1.6));
#3720 = VECTOR('',#3721,1.);
#3721 = DIRECTION('',(-0.98554889076,0.169391215599,0.));
#3722 = ORIENTED_EDGE('',*,*,#3723,.F.);
#3723 = EDGE_CURVE('',#3724,#3716,#3726,.T.);
#3724 = VERTEX_POINT('',#3725);
#3725 = CARTESIAN_POINT('',(88.,-52.,1.6));
#3726 = LINE('',#3727,#3728);
#3727 = CARTESIAN_POINT('',(88.,-52.,1.6));
#3728 = VECTOR('',#3729,1.);
#3729 = DIRECTION('',(-0.843661487732,-0.536875492193,0.));
#3730 = ORIENTED_EDGE('',*,*,#3731,.F.);
#3731 = EDGE_CURVE('',#2678,#3724,#3732,.T.);
#3732 = LINE('',#3733,#3734);
#3733 = CARTESIAN_POINT('',(88.,-3.,1.6));
#3734 = VECTOR('',#3735,1.);
#3735 = DIRECTION('',(0.,-1.,0.));
#3736 = ORIENTED_EDGE('',*,*,#2677,.F.);
#3737 = FACE_BOUND('',#3738,.T.);
#3738 = EDGE_LOOP('',(#3739));
#3739 = ORIENTED_EDGE('',*,*,#3740,.T.);
#3740 = EDGE_CURVE('',#3741,#3741,#3743,.T.);
#3741 = VERTEX_POINT('',#3742);
#3742 = CARTESIAN_POINT('',(-59.,-42.5,1.6));
#3743 = CIRCLE('',#3744,0.5);
#3744 = AXIS2_PLACEMENT_3D('',#3745,#3746,#3747);
#3745 = CARTESIAN_POINT('',(-59.,-42.,1.6));
#3746 = DIRECTION('',(-0.,0.,-1.));
#3747 = DIRECTION('',(-0.,-1.,0.));
#3748 = FACE_BOUND('',#3749,.T.);
#3749 = EDGE_LOOP('',(#3750));
#3750 = ORIENTED_EDGE('',*,*,#3751,.T.);
#3751 = EDGE_CURVE('',#3752,#3752,#3754,.T.);
#3752 = VERTEX_POINT('',#3753);
#3753 = CARTESIAN_POINT('',(-56.46,-42.5,1.6));
#3754 = CIRCLE('',#3755,0.5);
#3755 = AXIS2_PLACEMENT_3D('',#3756,#3757,#3758);
#3756 = CARTESIAN_POINT('',(-56.46,-42.,1.6));
#3757 = DIRECTION('',(-0.,0.,-1.));
#3758 = DIRECTION('',(-0.,-1.,0.));
#3759 = FACE_BOUND('',#3760,.T.);
#3760 = EDGE_LOOP('',(#3761));
#3761 = ORIENTED_EDGE('',*,*,#3762,.T.);
#3762 = EDGE_CURVE('',#3763,#3763,#3765,.T.);
#3763 = VERTEX_POINT('',#3764);
#3764 = CARTESIAN_POINT('',(-49.54,-42.5,1.6));
#3765 = CIRCLE('',#3766,0.5);
#3766 = AXIS2_PLACEMENT_3D('',#3767,#3768,#3769);
#3767 = CARTESIAN_POINT('',(-49.54,-42.,1.6));
#3768 = DIRECTION('',(-0.,0.,-1.));
#3769 = DIRECTION('',(-0.,-1.,0.));
#3770 = FACE_BOUND('',#3771,.T.);
#3771 = EDGE_LOOP('',(#3772));
#3772 = ORIENTED_EDGE('',*,*,#3773,.T.);
#3773 = EDGE_CURVE('',#3774,#3774,#3776,.T.);
#3774 = VERTEX_POINT('',#3775);
#3775 = CARTESIAN_POINT('',(-47.,-42.5,1.6));
#3776 = CIRCLE('',#3777,0.5);
#3777 = AXIS2_PLACEMENT_3D('',#3778,#3779,#3780);
#3778 = CARTESIAN_POINT('',(-47.,-42.,1.6));
#3779 = DIRECTION('',(-0.,0.,-1.));
#3780 = DIRECTION('',(-0.,-1.,0.));
#3781 = FACE_BOUND('',#3782,.T.);
#3782 = EDGE_LOOP('',(#3783));
#3783 = ORIENTED_EDGE('',*,*,#3784,.T.);
#3784 = EDGE_CURVE('',#3785,#3785,#3787,.T.);
#3785 = VERTEX_POINT('',#3786);
#3786 = CARTESIAN_POINT('',(-41.,-42.5,1.6));
#3787 = CIRCLE('',#3788,0.5);
#3788 = AXIS2_PLACEMENT_3D('',#3789,#3790,#3791);
#3789 = CARTESIAN_POINT('',(-41.,-42.,1.6));
#3790 = DIRECTION('',(-0.,0.,-1.));
#3791 = DIRECTION('',(-0.,-1.,0.));
#3792 = FACE_BOUND('',#3793,.T.);
#3793 = EDGE_LOOP('',(#3794));
#3794 = ORIENTED_EDGE('',*,*,#3795,.T.);
#3795 = EDGE_CURVE('',#3796,#3796,#3798,.T.);
#3796 = VERTEX_POINT('',#3797);
#3797 = CARTESIAN_POINT('',(-38.46,-42.5,1.6));
#3798 = CIRCLE('',#3799,0.5);
#3799 = AXIS2_PLACEMENT_3D('',#3800,#3801,#3802);
#3800 = CARTESIAN_POINT('',(-38.46,-42.,1.6));
#3801 = DIRECTION('',(-0.,0.,-1.));
#3802 = DIRECTION('',(-0.,-1.,0.));
#3803 = FACE_BOUND('',#3804,.T.);
#3804 = EDGE_LOOP('',(#3805));
#3805 = ORIENTED_EDGE('',*,*,#3806,.T.);
#3806 = EDGE_CURVE('',#3807,#3807,#3809,.T.);
#3807 = VERTEX_POINT('',#3808);
#3808 = CARTESIAN_POINT('',(-31.54,-42.5,1.6));
#3809 = CIRCLE('',#3810,0.5);
#3810 = AXIS2_PLACEMENT_3D('',#3811,#3812,#3813);
#3811 = CARTESIAN_POINT('',(-31.54,-42.,1.6));
#3812 = DIRECTION('',(-0.,0.,-1.));
#3813 = DIRECTION('',(-0.,-1.,0.));
#3814 = FACE_BOUND('',#3815,.T.);
#3815 = EDGE_LOOP('',(#3816));
#3816 = ORIENTED_EDGE('',*,*,#3817,.T.);
#3817 = EDGE_CURVE('',#3818,#3818,#3820,.T.);
#3818 = VERTEX_POINT('',#3819);
#3819 = CARTESIAN_POINT('',(-29.,-42.5,1.6));
#3820 = CIRCLE('',#3821,0.5);
#3821 = AXIS2_PLACEMENT_3D('',#3822,#3823,#3824);
#3822 = CARTESIAN_POINT('',(-29.,-42.,1.6));
#3823 = DIRECTION('',(-0.,0.,-1.));
#3824 = DIRECTION('',(-0.,-1.,0.));
#3825 = FACE_BOUND('',#3826,.T.);
#3826 = EDGE_LOOP('',(#3827));
#3827 = ORIENTED_EDGE('',*,*,#3828,.T.);
#3828 = EDGE_CURVE('',#3829,#3829,#3831,.T.);
#3829 = VERTEX_POINT('',#3830);
#3830 = CARTESIAN_POINT('',(6.933075,-52.480261,1.6));
#3831 = CIRCLE('',#3832,0.5);
#3832 = AXIS2_PLACEMENT_3D('',#3833,#3834,#3835);
#3833 = CARTESIAN_POINT('',(6.933075,-51.980261,1.6));
#3834 = DIRECTION('',(-0.,0.,-1.));
#3835 = DIRECTION('',(-0.,-1.,0.));
#3836 = FACE_BOUND('',#3837,.T.);
#3837 = EDGE_LOOP('',(#3838));
#3838 = ORIENTED_EDGE('',*,*,#3839,.T.);
#3839 = EDGE_CURVE('',#3840,#3840,#3842,.T.);
#3840 = VERTEX_POINT('',#3841);
#3841 = CARTESIAN_POINT('',(7.374141,-49.978849,1.6));
#3842 = CIRCLE('',#3843,0.5);
#3843 = AXIS2_PLACEMENT_3D('',#3844,#3845,#3846);
#3844 = CARTESIAN_POINT('',(7.374141,-49.478849,1.6));
#3845 = DIRECTION('',(-0.,0.,-1.));
#3846 = DIRECTION('',(-0.,-1.,0.));
#3847 = FACE_BOUND('',#3848,.T.);
#3848 = EDGE_LOOP('',(#3849));
#3849 = ORIENTED_EDGE('',*,*,#3850,.T.);
#3850 = EDGE_CURVE('',#3851,#3851,#3853,.T.);
#3851 = VERTEX_POINT('',#3852);
#3852 = CARTESIAN_POINT('',(8.575787,-43.16398,1.6));
#3853 = CIRCLE('',#3854,0.5);
#3854 = AXIS2_PLACEMENT_3D('',#3855,#3856,#3857);
#3855 = CARTESIAN_POINT('',(8.575787,-42.66398,1.6));
#3856 = DIRECTION('',(-0.,0.,-1.));
#3857 = DIRECTION('',(-0.,-1.,0.));
#3858 = FACE_BOUND('',#3859,.T.);
#3859 = EDGE_LOOP('',(#3860));
#3860 = ORIENTED_EDGE('',*,*,#3861,.T.);
#3861 = EDGE_CURVE('',#3862,#3862,#3864,.T.);
#3862 = VERTEX_POINT('',#3863);
#3863 = CARTESIAN_POINT('',(9.016853,-40.662568,1.6));
#3864 = CIRCLE('',#3865,0.5);
#3865 = AXIS2_PLACEMENT_3D('',#3866,#3867,#3868);
#3866 = CARTESIAN_POINT('',(9.016853,-40.162568,1.6));
#3867 = DIRECTION('',(-0.,0.,-1.));
#3868 = DIRECTION('',(-0.,-1.,0.));
#3869 = FACE_BOUND('',#3870,.T.);
#3870 = EDGE_LOOP('',(#3871));
#3871 = ORIENTED_EDGE('',*,*,#3872,.T.);
#3872 = EDGE_CURVE('',#3873,#3873,#3875,.T.);
#3873 = VERTEX_POINT('',#3874);
#3874 = CARTESIAN_POINT('',(-23.,-33.5,1.6));
#3875 = CIRCLE('',#3876,0.5);
#3876 = AXIS2_PLACEMENT_3D('',#3877,#3878,#3879);
#3877 = CARTESIAN_POINT('',(-23.,-33.,1.6));
#3878 = DIRECTION('',(-0.,0.,-1.));
#3879 = DIRECTION('',(-0.,-1.,0.));
#3880 = FACE_BOUND('',#3881,.T.);
#3881 = EDGE_LOOP('',(#3882));
#3882 = ORIENTED_EDGE('',*,*,#3883,.T.);
#3883 = EDGE_CURVE('',#3884,#3884,#3886,.T.);
#3884 = VERTEX_POINT('',#3885);
#3885 = CARTESIAN_POINT('',(-20.46,-33.5,1.6));
#3886 = CIRCLE('',#3887,0.5);
#3887 = AXIS2_PLACEMENT_3D('',#3888,#3889,#3890);
#3888 = CARTESIAN_POINT('',(-20.46,-33.,1.6));
#3889 = DIRECTION('',(-0.,0.,-1.));
#3890 = DIRECTION('',(-0.,-1.,0.));
#3891 = FACE_BOUND('',#3892,.T.);
#3892 = EDGE_LOOP('',(#3893));
#3893 = ORIENTED_EDGE('',*,*,#3894,.T.);
#3894 = EDGE_CURVE('',#3895,#3895,#3897,.T.);
#3895 = VERTEX_POINT('',#3896);
#3896 = CARTESIAN_POINT('',(-13.54,-33.5,1.6));
#3897 = CIRCLE('',#3898,0.5);
#3898 = AXIS2_PLACEMENT_3D('',#3899,#3900,#3901);
#3899 = CARTESIAN_POINT('',(-13.54,-33.,1.6));
#3900 = DIRECTION('',(-0.,0.,-1.));
#3901 = DIRECTION('',(-0.,-1.,0.));
#3902 = FACE_BOUND('',#3903,.T.);
#3903 = EDGE_LOOP('',(#3904));
#3904 = ORIENTED_EDGE('',*,*,#3905,.T.);
#3905 = EDGE_CURVE('',#3906,#3906,#3908,.T.);
#3906 = VERTEX_POINT('',#3907);
#3907 = CARTESIAN_POINT('',(-11.,-33.5,1.6));
#3908 = CIRCLE('',#3909,0.5);
#3909 = AXIS2_PLACEMENT_3D('',#3910,#3911,#3912);
#3910 = CARTESIAN_POINT('',(-11.,-33.,1.6));
#3911 = DIRECTION('',(-0.,0.,-1.));
#3912 = DIRECTION('',(-0.,-1.,0.));
#3913 = FACE_BOUND('',#3914,.T.);
#3914 = EDGE_LOOP('',(#3915));
#3915 = ORIENTED_EDGE('',*,*,#3916,.T.);
#3916 = EDGE_CURVE('',#3917,#3917,#3919,.T.);
#3917 = VERTEX_POINT('',#3918);
#3918 = CARTESIAN_POINT('',(-5.,-29.5,1.6));
#3919 = CIRCLE('',#3920,0.5);
#3920 = AXIS2_PLACEMENT_3D('',#3921,#3922,#3923);
#3921 = CARTESIAN_POINT('',(-5.,-29.,1.6));
#3922 = DIRECTION('',(-0.,0.,-1.));
#3923 = DIRECTION('',(-0.,-1.,0.));
#3924 = FACE_BOUND('',#3925,.T.);
#3925 = EDGE_LOOP('',(#3926));
#3926 = ORIENTED_EDGE('',*,*,#3927,.T.);
#3927 = EDGE_CURVE('',#3928,#3928,#3930,.T.);
#3928 = VERTEX_POINT('',#3929);
#3929 = CARTESIAN_POINT('',(-2.46,-29.5,1.6));
#3930 = CIRCLE('',#3931,0.5);
#3931 = AXIS2_PLACEMENT_3D('',#3932,#3933,#3934);
#3932 = CARTESIAN_POINT('',(-2.46,-29.,1.6));
#3933 = DIRECTION('',(-0.,0.,-1.));
#3934 = DIRECTION('',(-0.,-1.,0.));
#3935 = FACE_BOUND('',#3936,.T.);
#3936 = EDGE_LOOP('',(#3937));
#3937 = ORIENTED_EDGE('',*,*,#3938,.T.);
#3938 = EDGE_CURVE('',#3939,#3939,#3941,.T.);
#3939 = VERTEX_POINT('',#3940);
#3940 = CARTESIAN_POINT('',(4.46,-29.5,1.6));
#3941 = CIRCLE('',#3942,0.5);
#3942 = AXIS2_PLACEMENT_3D('',#3943,#3944,#3945);
#3943 = CARTESIAN_POINT('',(4.46,-29.,1.6));
#3944 = DIRECTION('',(-0.,0.,-1.));
#3945 = DIRECTION('',(-0.,-1.,0.));
#3946 = FACE_BOUND('',#3947,.T.);
#3947 = EDGE_LOOP('',(#3948));
#3948 = ORIENTED_EDGE('',*,*,#3949,.T.);
#3949 = EDGE_CURVE('',#3950,#3950,#3952,.T.);
#3950 = VERTEX_POINT('',#3951);
#3951 = CARTESIAN_POINT('',(7.,-29.5,1.6));
#3952 = CIRCLE('',#3953,0.5);
#3953 = AXIS2_PLACEMENT_3D('',#3954,#3955,#3956);
#3954 = CARTESIAN_POINT('',(7.,-29.,1.6));
#3955 = DIRECTION('',(-0.,0.,-1.));
#3956 = DIRECTION('',(-0.,-1.,0.));
#3957 = FACE_BOUND('',#3958,.T.);
#3958 = EDGE_LOOP('',(#3959));
#3959 = ORIENTED_EDGE('',*,*,#3960,.T.);
#3960 = EDGE_CURVE('',#3961,#3961,#3963,.T.);
#3961 = VERTEX_POINT('',#3962);
#3962 = CARTESIAN_POINT('',(8.85,-18.7,1.6));
#3963 = CIRCLE('',#3964,1.25);
#3964 = AXIS2_PLACEMENT_3D('',#3965,#3966,#3967);
#3965 = CARTESIAN_POINT('',(8.85,-17.45,1.6));
#3966 = DIRECTION('',(-0.,0.,-1.));
#3967 = DIRECTION('',(-0.,-1.,0.));
#3968 = FACE_BOUND('',#3969,.T.);
#3969 = EDGE_LOOP('',(#3970));
#3970 = ORIENTED_EDGE('',*,*,#3971,.T.);
#3971 = EDGE_CURVE('',#3972,#3972,#3974,.T.);
#3972 = VERTEX_POINT('',#3973);
#3973 = CARTESIAN_POINT('',(63.067117,-62.378208,1.6));
#3974 = CIRCLE('',#3975,0.5);
#3975 = AXIS2_PLACEMENT_3D('',#3976,#3977,#3978);
#3976 = CARTESIAN_POINT('',(63.067117,-61.878208,1.6));
#3977 = DIRECTION('',(-0.,0.,-1.));
#3978 = DIRECTION('',(-0.,-1.,0.));
#3979 = FACE_BOUND('',#3980,.T.);
#3980 = EDGE_LOOP('',(#3981));
#3981 = ORIENTED_EDGE('',*,*,#3982,.T.);
#3982 = EDGE_CURVE('',#3983,#3983,#3985,.T.);
#3983 = VERTEX_POINT('',#3984);
#3984 = CARTESIAN_POINT('',(63.508183,-59.876796,1.6));
#3985 = CIRCLE('',#3986,0.5);
#3986 = AXIS2_PLACEMENT_3D('',#3987,#3988,#3989);
#3987 = CARTESIAN_POINT('',(63.508183,-59.376796,1.6));
#3988 = DIRECTION('',(-0.,0.,-1.));
#3989 = DIRECTION('',(-0.,-1.,0.));
#3990 = FACE_BOUND('',#3991,.T.);
#3991 = EDGE_LOOP('',(#3992));
#3992 = ORIENTED_EDGE('',*,*,#3993,.T.);
#3993 = EDGE_CURVE('',#3994,#3994,#3996,.T.);
#3994 = VERTEX_POINT('',#3995);
#3995 = CARTESIAN_POINT('',(64.709829,-53.061927,1.6));
#3996 = CIRCLE('',#3997,0.5);
#3997 = AXIS2_PLACEMENT_3D('',#3998,#3999,#4000);
#3998 = CARTESIAN_POINT('',(64.709829,-52.561927,1.6));
#3999 = DIRECTION('',(-0.,0.,-1.));
#4000 = DIRECTION('',(-0.,-1.,0.));
#4001 = FACE_BOUND('',#4002,.T.);
#4002 = EDGE_LOOP('',(#4003));
#4003 = ORIENTED_EDGE('',*,*,#4004,.T.);
#4004 = EDGE_CURVE('',#4005,#4005,#4007,.T.);
#4005 = VERTEX_POINT('',#4006);
#4006 = CARTESIAN_POINT('',(65.150895,-50.560515,1.6));
#4007 = CIRCLE('',#4008,0.5);
#4008 = AXIS2_PLACEMENT_3D('',#4009,#4010,#4011);
#4009 = CARTESIAN_POINT('',(65.150895,-50.060515,1.6));
#4010 = DIRECTION('',(-0.,0.,-1.));
#4011 = DIRECTION('',(-0.,-1.,0.));
#4012 = FACE_BOUND('',#4013,.T.);
#4013 = EDGE_LOOP('',(#4014));
#4014 = ORIENTED_EDGE('',*,*,#4015,.T.);
#4015 = EDGE_CURVE('',#4016,#4016,#4018,.T.);
#4016 = VERTEX_POINT('',#4017);
#4017 = CARTESIAN_POINT('',(50.5,-41.06,1.6));
#4018 = CIRCLE('',#4019,1.1);
#4019 = AXIS2_PLACEMENT_3D('',#4020,#4021,#4022);
#4020 = CARTESIAN_POINT('',(50.5,-39.96,1.6));
#4021 = DIRECTION('',(-0.,0.,-1.));
#4022 = DIRECTION('',(-0.,-1.,0.));
#4023 = FACE_BOUND('',#4024,.T.);
#4024 = EDGE_LOOP('',(#4025));
#4025 = ORIENTED_EDGE('',*,*,#4026,.T.);
#4026 = EDGE_CURVE('',#4027,#4027,#4029,.T.);
#4027 = VERTEX_POINT('',#4028);
#4028 = CARTESIAN_POINT('',(83.5,-41.06,1.6));
#4029 = CIRCLE('',#4030,1.1);
#4030 = AXIS2_PLACEMENT_3D('',#4031,#4032,#4033);
#4031 = CARTESIAN_POINT('',(83.5,-39.96,1.6));
#4032 = DIRECTION('',(-0.,0.,-1.));
#4033 = DIRECTION('',(-0.,-1.,0.));
#4034 = FACE_BOUND('',#4035,.T.);
#4035 = EDGE_LOOP('',(#4036));
#4036 = ORIENTED_EDGE('',*,*,#4037,.T.);
#4037 = EDGE_CURVE('',#4038,#4038,#4040,.T.);
#4038 = VERTEX_POINT('',#4039);
#4039 = CARTESIAN_POINT('',(13.,-33.5,1.6));
#4040 = CIRCLE('',#4041,0.5);
#4041 = AXIS2_PLACEMENT_3D('',#4042,#4043,#4044);
#4042 = CARTESIAN_POINT('',(13.,-33.,1.6));
#4043 = DIRECTION('',(-0.,0.,-1.));
#4044 = DIRECTION('',(-0.,-1.,0.));
#4045 = FACE_BOUND('',#4046,.T.);
#4046 = EDGE_LOOP('',(#4047));
#4047 = ORIENTED_EDGE('',*,*,#4048,.T.);
#4048 = EDGE_CURVE('',#4049,#4049,#4051,.T.);
#4049 = VERTEX_POINT('',#4050);
#4050 = CARTESIAN_POINT('',(15.54,-33.5,1.6));
#4051 = CIRCLE('',#4052,0.5);
#4052 = AXIS2_PLACEMENT_3D('',#4053,#4054,#4055);
#4053 = CARTESIAN_POINT('',(15.54,-33.,1.6));
#4054 = DIRECTION('',(-0.,0.,-1.));
#4055 = DIRECTION('',(-0.,-1.,0.));
#4056 = FACE_BOUND('',#4057,.T.);
#4057 = EDGE_LOOP('',(#4058));
#4058 = ORIENTED_EDGE('',*,*,#4059,.T.);
#4059 = EDGE_CURVE('',#4060,#4060,#4062,.T.);
#4060 = VERTEX_POINT('',#4061);
#4061 = CARTESIAN_POINT('',(22.46,-33.5,1.6));
#4062 = CIRCLE('',#4063,0.5);
#4063 = AXIS2_PLACEMENT_3D('',#4064,#4065,#4066);
#4064 = CARTESIAN_POINT('',(22.46,-33.,1.6));
#4065 = DIRECTION('',(-0.,0.,-1.));
#4066 = DIRECTION('',(-0.,-1.,0.));
#4067 = FACE_BOUND('',#4068,.T.);
#4068 = EDGE_LOOP('',(#4069));
#4069 = ORIENTED_EDGE('',*,*,#4070,.T.);
#4070 = EDGE_CURVE('',#4071,#4071,#4073,.T.);
#4071 = VERTEX_POINT('',#4072);
#4072 = CARTESIAN_POINT('',(25.,-33.5,1.6));
#4073 = CIRCLE('',#4074,0.5);
#4074 = AXIS2_PLACEMENT_3D('',#4075,#4076,#4077);
#4075 = CARTESIAN_POINT('',(25.,-33.,1.6));
#4076 = DIRECTION('',(-0.,0.,-1.));
#4077 = DIRECTION('',(-0.,-1.,0.));
#4078 = FACE_BOUND('',#4079,.T.);
#4079 = EDGE_LOOP('',(#4080));
#4080 = ORIENTED_EDGE('',*,*,#4081,.T.);
#4081 = EDGE_CURVE('',#4082,#4082,#4084,.T.);
#4082 = VERTEX_POINT('',#4083);
#4083 = CARTESIAN_POINT('',(31.,-33.5,1.6));
#4084 = CIRCLE('',#4085,0.5);
#4085 = AXIS2_PLACEMENT_3D('',#4086,#4087,#4088);
#4086 = CARTESIAN_POINT('',(31.,-33.,1.6));
#4087 = DIRECTION('',(-0.,0.,-1.));
#4088 = DIRECTION('',(-0.,-1.,0.));
#4089 = FACE_BOUND('',#4090,.T.);
#4090 = EDGE_LOOP('',(#4091));
#4091 = ORIENTED_EDGE('',*,*,#4092,.T.);
#4092 = EDGE_CURVE('',#4093,#4093,#4095,.T.);
#4093 = VERTEX_POINT('',#4094);
#4094 = CARTESIAN_POINT('',(33.54,-33.5,1.6));
#4095 = CIRCLE('',#4096,0.5);
#4096 = AXIS2_PLACEMENT_3D('',#4097,#4098,#4099);
#4097 = CARTESIAN_POINT('',(33.54,-33.,1.6));
#4098 = DIRECTION('',(-0.,0.,-1.));
#4099 = DIRECTION('',(-0.,-1.,0.));
#4100 = FACE_BOUND('',#4101,.T.);
#4101 = EDGE_LOOP('',(#4102));
#4102 = ORIENTED_EDGE('',*,*,#4103,.T.);
#4103 = EDGE_CURVE('',#4104,#4104,#4106,.T.);
#4104 = VERTEX_POINT('',#4105);
#4105 = CARTESIAN_POINT('',(40.46,-33.5,1.6));
#4106 = CIRCLE('',#4107,0.5);
#4107 = AXIS2_PLACEMENT_3D('',#4108,#4109,#4110);
#4108 = CARTESIAN_POINT('',(40.46,-33.,1.6));
#4109 = DIRECTION('',(-0.,0.,-1.));
#4110 = DIRECTION('',(-0.,-1.,0.));
#4111 = FACE_BOUND('',#4112,.T.);
#4112 = EDGE_LOOP('',(#4113));
#4113 = ORIENTED_EDGE('',*,*,#4114,.T.);
#4114 = EDGE_CURVE('',#4115,#4115,#4117,.T.);
#4115 = VERTEX_POINT('',#4116);
#4116 = CARTESIAN_POINT('',(43.,-33.5,1.6));
#4117 = CIRCLE('',#4118,0.5);
#4118 = AXIS2_PLACEMENT_3D('',#4119,#4120,#4121);
#4119 = CARTESIAN_POINT('',(43.,-33.,1.6));
#4120 = DIRECTION('',(-0.,0.,-1.));
#4121 = DIRECTION('',(-0.,-1.,0.));
#4122 = FACE_BOUND('',#4123,.T.);
#4123 = EDGE_LOOP('',(#4124));
#4124 = ORIENTED_EDGE('',*,*,#4125,.T.);
#4125 = EDGE_CURVE('',#4126,#4126,#4128,.T.);
#4126 = VERTEX_POINT('',#4127);
#4127 = CARTESIAN_POINT('',(35.85,-17.35,1.6));
#4128 = CIRCLE('',#4129,0.4);
#4129 = AXIS2_PLACEMENT_3D('',#4130,#4131,#4132);
#4130 = CARTESIAN_POINT('',(35.85,-16.95,1.6));
#4131 = DIRECTION('',(-0.,0.,-1.));
#4132 = DIRECTION('',(-0.,-1.,0.));
#4133 = FACE_BOUND('',#4134,.T.);
#4134 = EDGE_LOOP('',(#4135));
#4135 = ORIENTED_EDGE('',*,*,#4136,.T.);
#4136 = EDGE_CURVE('',#4137,#4137,#4139,.T.);
#4137 = VERTEX_POINT('',#4138);
#4138 = CARTESIAN_POINT('',(76.31,-33.76,1.6));
#4139 = CIRCLE('',#4140,1.5);
#4140 = AXIS2_PLACEMENT_3D('',#4141,#4142,#4143);
#4141 = CARTESIAN_POINT('',(76.31,-32.26,1.6));
#4142 = DIRECTION('',(-0.,0.,-1.));
#4143 = DIRECTION('',(-0.,-1.,0.));
#4144 = FACE_BOUND('',#4145,.T.);
#4145 = EDGE_LOOP('',(#4146,#4157,#4165,#4174));
#4146 = ORIENTED_EDGE('',*,*,#4147,.T.);
#4147 = EDGE_CURVE('',#4148,#4150,#4152,.T.);
#4148 = VERTEX_POINT('',#4149);
#4149 = CARTESIAN_POINT('',(79.89,-31.244,1.6));
#4150 = VERTEX_POINT('',#4151);
#4151 = CARTESIAN_POINT('',(82.89,-31.244,1.6));
#4152 = CIRCLE('',#4153,1.5);
#4153 = AXIS2_PLACEMENT_3D('',#4154,#4155,#4156);
#4154 = CARTESIAN_POINT('',(81.39,-31.244,1.6));
#4155 = DIRECTION('',(0.,-0.,-1.));
#4156 = DIRECTION('',(1.,0.,-0.));
#4157 = ORIENTED_EDGE('',*,*,#4158,.T.);
#4158 = EDGE_CURVE('',#4150,#4159,#4161,.T.);
#4159 = VERTEX_POINT('',#4160);
#4160 = CARTESIAN_POINT('',(82.89,-33.276,1.6));
#4161 = LINE('',#4162,#4163);
#4162 = CARTESIAN_POINT('',(82.89,-16.638,1.6));
#4163 = VECTOR('',#4164,1.);
#4164 = DIRECTION('',(0.,-1.,0.));
#4165 = ORIENTED_EDGE('',*,*,#4166,.T.);
#4166 = EDGE_CURVE('',#4159,#4167,#4169,.T.);
#4167 = VERTEX_POINT('',#4168);
#4168 = CARTESIAN_POINT('',(79.89,-33.276,1.6));
#4169 = CIRCLE('',#4170,1.5);
#4170 = AXIS2_PLACEMENT_3D('',#4171,#4172,#4173);
#4171 = CARTESIAN_POINT('',(81.39,-33.276,1.6));
#4172 = DIRECTION('',(-0.,0.,-1.));
#4173 = DIRECTION('',(-1.,0.,0.));
#4174 = ORIENTED_EDGE('',*,*,#4175,.T.);
#4175 = EDGE_CURVE('',#4167,#4148,#4176,.T.);
#4176 = LINE('',#4177,#4178);
#4177 = CARTESIAN_POINT('',(79.89,-15.622,1.6));
#4178 = VECTOR('',#4179,1.);
#4179 = DIRECTION('',(-0.,1.,0.));
#4180 = FACE_BOUND('',#4181,.T.);
#4181 = EDGE_LOOP('',(#4182));
#4182 = ORIENTED_EDGE('',*,*,#4183,.T.);
#4183 = EDGE_CURVE('',#4184,#4184,#4186,.T.);
#4184 = VERTEX_POINT('',#4185);
#4185 = CARTESIAN_POINT('',(71.16,-23.69,1.6));
#4186 = CIRCLE('',#4187,0.38);
#4187 = AXIS2_PLACEMENT_3D('',#4188,#4189,#4190);
#4188 = CARTESIAN_POINT('',(71.16,-23.31,1.6));
#4189 = DIRECTION('',(-0.,0.,-1.));
#4190 = DIRECTION('',(-0.,-1.,0.));
#4191 = FACE_BOUND('',#4192,.T.);
#4192 = EDGE_LOOP('',(#4193));
#4193 = ORIENTED_EDGE('',*,*,#4194,.T.);
#4194 = EDGE_CURVE('',#4195,#4195,#4197,.T.);
#4195 = VERTEX_POINT('',#4196);
#4196 = CARTESIAN_POINT('',(80.05,-26.18,1.6));
#4197 = CIRCLE('',#4198,1.6);
#4198 = AXIS2_PLACEMENT_3D('',#4199,#4200,#4201);
#4199 = CARTESIAN_POINT('',(80.05,-24.58,1.6));
#4200 = DIRECTION('',(-0.,0.,-1.));
#4201 = DIRECTION('',(-8.881784197001E-15,-1.,0.));
#4202 = FACE_BOUND('',#4203,.T.);
#4203 = EDGE_LOOP('',(#4204));
#4204 = ORIENTED_EDGE('',*,*,#4205,.T.);
#4205 = EDGE_CURVE('',#4206,#4206,#4208,.T.);
#4206 = VERTEX_POINT('',#4207);
#4207 = CARTESIAN_POINT('',(73.7,-22.42,1.6));
#4208 = CIRCLE('',#4209,0.38);
#4209 = AXIS2_PLACEMENT_3D('',#4210,#4211,#4212);
#4210 = CARTESIAN_POINT('',(73.7,-22.04,1.6));
#4211 = DIRECTION('',(-0.,0.,-1.));
#4212 = DIRECTION('',(3.739698609264E-14,-1.,-0.));
#4213 = FACE_BOUND('',#4214,.T.);
#4214 = EDGE_LOOP('',(#4215));
#4215 = ORIENTED_EDGE('',*,*,#4216,.T.);
#4216 = EDGE_CURVE('',#4217,#4217,#4219,.T.);
#4217 = VERTEX_POINT('',#4218);
#4218 = CARTESIAN_POINT('',(71.16,-21.15,1.6));
#4219 = CIRCLE('',#4220,0.38);
#4220 = AXIS2_PLACEMENT_3D('',#4221,#4222,#4223);
#4221 = CARTESIAN_POINT('',(71.16,-20.77,1.6));
#4222 = DIRECTION('',(-0.,0.,-1.));
#4223 = DIRECTION('',(-0.,-1.,0.));
#4224 = FACE_BOUND('',#4225,.T.);
#4225 = EDGE_LOOP('',(#4226));
#4226 = ORIENTED_EDGE('',*,*,#4227,.T.);
#4227 = EDGE_CURVE('',#4228,#4228,#4230,.T.);
#4228 = VERTEX_POINT('',#4229);
#4229 = CARTESIAN_POINT('',(73.7,-19.88,1.6));
#4230 = CIRCLE('',#4231,0.38);
#4231 = AXIS2_PLACEMENT_3D('',#4232,#4233,#4234);
#4232 = CARTESIAN_POINT('',(73.7,-19.5,1.6));
#4233 = DIRECTION('',(-0.,0.,-1.));
#4234 = DIRECTION('',(3.739698609264E-14,-1.,-0.));
#4235 = FACE_BOUND('',#4236,.T.);
#4236 = EDGE_LOOP('',(#4237));
#4237 = ORIENTED_EDGE('',*,*,#4238,.T.);
#4238 = EDGE_CURVE('',#4239,#4239,#4241,.T.);
#4239 = VERTEX_POINT('',#4240);
#4240 = CARTESIAN_POINT('',(71.16,-18.61,1.6));
#4241 = CIRCLE('',#4242,0.38);
#4242 = AXIS2_PLACEMENT_3D('',#4243,#4244,#4245);
#4243 = CARTESIAN_POINT('',(71.16,-18.23,1.6));
#4244 = DIRECTION('',(-0.,0.,-1.));
#4245 = DIRECTION('',(-0.,-1.,0.));
#4246 = FACE_BOUND('',#4247,.T.);
#4247 = EDGE_LOOP('',(#4248));
#4248 = ORIENTED_EDGE('',*,*,#4249,.T.);
#4249 = EDGE_CURVE('',#4250,#4250,#4252,.T.);
#4250 = VERTEX_POINT('',#4251);
#4251 = CARTESIAN_POINT('',(73.7,-17.34,1.6));
#4252 = CIRCLE('',#4253,0.38);
#4253 = AXIS2_PLACEMENT_3D('',#4254,#4255,#4256);
#4254 = CARTESIAN_POINT('',(73.7,-16.96,1.6));
#4255 = DIRECTION('',(-0.,0.,-1.));
#4256 = DIRECTION('',(3.739698609264E-14,-1.,-0.));
#4257 = FACE_BOUND('',#4258,.T.);
#4258 = EDGE_LOOP('',(#4259));
#4259 = ORIENTED_EDGE('',*,*,#4260,.T.);
#4260 = EDGE_CURVE('',#4261,#4261,#4263,.T.);
#4261 = VERTEX_POINT('',#4262);
#4262 = CARTESIAN_POINT('',(8.85,-1.7,1.6));
#4263 = CIRCLE('',#4264,1.25);
#4264 = AXIS2_PLACEMENT_3D('',#4265,#4266,#4267);
#4265 = CARTESIAN_POINT('',(8.85,-0.45,1.6));
#4266 = DIRECTION('',(-0.,0.,-1.));
#4267 = DIRECTION('',(-0.,-1.,0.));
#4268 = FACE_BOUND('',#4269,.T.);
#4269 = EDGE_LOOP('',(#4270));
#4270 = ORIENTED_EDGE('',*,*,#4271,.T.);
#4271 = EDGE_CURVE('',#4272,#4272,#4274,.T.);
#4272 = VERTEX_POINT('',#4273);
#4273 = CARTESIAN_POINT('',(-59.,14.5,1.6));
#4274 = CIRCLE('',#4275,0.5);
#4275 = AXIS2_PLACEMENT_3D('',#4276,#4277,#4278);
#4276 = CARTESIAN_POINT('',(-59.,15.,1.6));
#4277 = DIRECTION('',(-0.,0.,-1.));
#4278 = DIRECTION('',(-0.,-1.,0.));
#4279 = FACE_BOUND('',#4280,.T.);
#4280 = EDGE_LOOP('',(#4281));
#4281 = ORIENTED_EDGE('',*,*,#4282,.T.);
#4282 = EDGE_CURVE('',#4283,#4283,#4285,.T.);
#4283 = VERTEX_POINT('',#4284);
#4284 = CARTESIAN_POINT('',(-56.46,14.5,1.6));
#4285 = CIRCLE('',#4286,0.5);
#4286 = AXIS2_PLACEMENT_3D('',#4287,#4288,#4289);
#4287 = CARTESIAN_POINT('',(-56.46,15.,1.6));
#4288 = DIRECTION('',(-0.,0.,-1.));
#4289 = DIRECTION('',(-0.,-1.,0.));
#4290 = FACE_BOUND('',#4291,.T.);
#4291 = EDGE_LOOP('',(#4292));
#4292 = ORIENTED_EDGE('',*,*,#4293,.T.);
#4293 = EDGE_CURVE('',#4294,#4294,#4296,.T.);
#4294 = VERTEX_POINT('',#4295);
#4295 = CARTESIAN_POINT('',(-49.54,14.5,1.6));
#4296 = CIRCLE('',#4297,0.5);
#4297 = AXIS2_PLACEMENT_3D('',#4298,#4299,#4300);
#4298 = CARTESIAN_POINT('',(-49.54,15.,1.6));
#4299 = DIRECTION('',(-0.,0.,-1.));
#4300 = DIRECTION('',(-0.,-1.,0.));
#4301 = FACE_BOUND('',#4302,.T.);
#4302 = EDGE_LOOP('',(#4303));
#4303 = ORIENTED_EDGE('',*,*,#4304,.T.);
#4304 = EDGE_CURVE('',#4305,#4305,#4307,.T.);
#4305 = VERTEX_POINT('',#4306);
#4306 = CARTESIAN_POINT('',(-47.,14.5,1.6));
#4307 = CIRCLE('',#4308,0.5);
#4308 = AXIS2_PLACEMENT_3D('',#4309,#4310,#4311);
#4309 = CARTESIAN_POINT('',(-47.,15.,1.6));
#4310 = DIRECTION('',(-0.,0.,-1.));
#4311 = DIRECTION('',(-0.,-1.,0.));
#4312 = FACE_BOUND('',#4313,.T.);
#4313 = EDGE_LOOP('',(#4314));
#4314 = ORIENTED_EDGE('',*,*,#4315,.T.);
#4315 = EDGE_CURVE('',#4316,#4316,#4318,.T.);
#4316 = VERTEX_POINT('',#4317);
#4317 = CARTESIAN_POINT('',(-41.,14.5,1.6));
#4318 = CIRCLE('',#4319,0.5);
#4319 = AXIS2_PLACEMENT_3D('',#4320,#4321,#4322);
#4320 = CARTESIAN_POINT('',(-41.,15.,1.6));
#4321 = DIRECTION('',(-0.,0.,-1.));
#4322 = DIRECTION('',(-0.,-1.,0.));
#4323 = FACE_BOUND('',#4324,.T.);
#4324 = EDGE_LOOP('',(#4325));
#4325 = ORIENTED_EDGE('',*,*,#4326,.T.);
#4326 = EDGE_CURVE('',#4327,#4327,#4329,.T.);
#4327 = VERTEX_POINT('',#4328);
#4328 = CARTESIAN_POINT('',(-38.46,14.5,1.6));
#4329 = CIRCLE('',#4330,0.5);
#4330 = AXIS2_PLACEMENT_3D('',#4331,#4332,#4333);
#4331 = CARTESIAN_POINT('',(-38.46,15.,1.6));
#4332 = DIRECTION('',(-0.,0.,-1.));
#4333 = DIRECTION('',(-0.,-1.,0.));
#4334 = FACE_BOUND('',#4335,.T.);
#4335 = EDGE_LOOP('',(#4336));
#4336 = ORIENTED_EDGE('',*,*,#4337,.T.);
#4337 = EDGE_CURVE('',#4338,#4338,#4340,.T.);
#4338 = VERTEX_POINT('',#4339);
#4339 = CARTESIAN_POINT('',(-31.54,14.5,1.6));
#4340 = CIRCLE('',#4341,0.5);
#4341 = AXIS2_PLACEMENT_3D('',#4342,#4343,#4344);
#4342 = CARTESIAN_POINT('',(-31.54,15.,1.6));
#4343 = DIRECTION('',(-0.,0.,-1.));
#4344 = DIRECTION('',(-0.,-1.,0.));
#4345 = FACE_BOUND('',#4346,.T.);
#4346 = EDGE_LOOP('',(#4347));
#4347 = ORIENTED_EDGE('',*,*,#4348,.T.);
#4348 = EDGE_CURVE('',#4349,#4349,#4351,.T.);
#4349 = VERTEX_POINT('',#4350);
#4350 = CARTESIAN_POINT('',(-29.,14.5,1.6));
#4351 = CIRCLE('',#4352,0.5);
#4352 = AXIS2_PLACEMENT_3D('',#4353,#4354,#4355);
#4353 = CARTESIAN_POINT('',(-29.,15.,1.6));
#4354 = DIRECTION('',(-0.,0.,-1.));
#4355 = DIRECTION('',(-0.,-1.,0.));
#4356 = FACE_BOUND('',#4357,.T.);
#4357 = EDGE_LOOP('',(#4358));
#4358 = ORIENTED_EDGE('',*,*,#4359,.T.);
#4359 = EDGE_CURVE('',#4360,#4360,#4362,.T.);
#4360 = VERTEX_POINT('',#4361);
#4361 = CARTESIAN_POINT('',(-23.,23.5,1.6));
#4362 = CIRCLE('',#4363,0.5);
#4363 = AXIS2_PLACEMENT_3D('',#4364,#4365,#4366);
#4364 = CARTESIAN_POINT('',(-23.,24.,1.6));
#4365 = DIRECTION('',(-0.,0.,-1.));
#4366 = DIRECTION('',(-0.,-1.,0.));
#4367 = FACE_BOUND('',#4368,.T.);
#4368 = EDGE_LOOP('',(#4369));
#4369 = ORIENTED_EDGE('',*,*,#4370,.T.);
#4370 = EDGE_CURVE('',#4371,#4371,#4373,.T.);
#4371 = VERTEX_POINT('',#4372);
#4372 = CARTESIAN_POINT('',(-20.46,23.5,1.6));
#4373 = CIRCLE('',#4374,0.5);
#4374 = AXIS2_PLACEMENT_3D('',#4375,#4376,#4377);
#4375 = CARTESIAN_POINT('',(-20.46,24.,1.6));
#4376 = DIRECTION('',(-0.,0.,-1.));
#4377 = DIRECTION('',(-0.,-1.,0.));
#4378 = FACE_BOUND('',#4379,.T.);
#4379 = EDGE_LOOP('',(#4380));
#4380 = ORIENTED_EDGE('',*,*,#4381,.T.);
#4381 = EDGE_CURVE('',#4382,#4382,#4384,.T.);
#4382 = VERTEX_POINT('',#4383);
#4383 = CARTESIAN_POINT('',(-13.54,23.5,1.6));
#4384 = CIRCLE('',#4385,0.5);
#4385 = AXIS2_PLACEMENT_3D('',#4386,#4387,#4388);
#4386 = CARTESIAN_POINT('',(-13.54,24.,1.6));
#4387 = DIRECTION('',(-0.,0.,-1.));
#4388 = DIRECTION('',(-0.,-1.,0.));
#4389 = FACE_BOUND('',#4390,.T.);
#4390 = EDGE_LOOP('',(#4391));
#4391 = ORIENTED_EDGE('',*,*,#4392,.T.);
#4392 = EDGE_CURVE('',#4393,#4393,#4395,.T.);
#4393 = VERTEX_POINT('',#4394);
#4394 = CARTESIAN_POINT('',(-11.,23.5,1.6));
#4395 = CIRCLE('',#4396,0.5);
#4396 = AXIS2_PLACEMENT_3D('',#4397,#4398,#4399);
#4397 = CARTESIAN_POINT('',(-11.,24.,1.6));
#4398 = DIRECTION('',(-0.,0.,-1.));
#4399 = DIRECTION('',(-0.,-1.,0.));
#4400 = FACE_BOUND('',#4401,.T.);
#4401 = EDGE_LOOP('',(#4402));
#4402 = ORIENTED_EDGE('',*,*,#4403,.T.);
#4403 = EDGE_CURVE('',#4404,#4404,#4406,.T.);
#4404 = VERTEX_POINT('',#4405);
#4405 = CARTESIAN_POINT('',(-5.,27.5,1.6));
#4406 = CIRCLE('',#4407,0.5);
#4407 = AXIS2_PLACEMENT_3D('',#4408,#4409,#4410);
#4408 = CARTESIAN_POINT('',(-5.,28.,1.6));
#4409 = DIRECTION('',(-0.,0.,-1.));
#4410 = DIRECTION('',(-0.,-1.,0.));
#4411 = FACE_BOUND('',#4412,.T.);
#4412 = EDGE_LOOP('',(#4413));
#4413 = ORIENTED_EDGE('',*,*,#4414,.T.);
#4414 = EDGE_CURVE('',#4415,#4415,#4417,.T.);
#4415 = VERTEX_POINT('',#4416);
#4416 = CARTESIAN_POINT('',(-2.46,27.5,1.6));
#4417 = CIRCLE('',#4418,0.5);
#4418 = AXIS2_PLACEMENT_3D('',#4419,#4420,#4421);
#4419 = CARTESIAN_POINT('',(-2.46,28.,1.6));
#4420 = DIRECTION('',(-0.,0.,-1.));
#4421 = DIRECTION('',(-0.,-1.,0.));
#4422 = FACE_BOUND('',#4423,.T.);
#4423 = EDGE_LOOP('',(#4424));
#4424 = ORIENTED_EDGE('',*,*,#4425,.T.);
#4425 = EDGE_CURVE('',#4426,#4426,#4428,.T.);
#4426 = VERTEX_POINT('',#4427);
#4427 = CARTESIAN_POINT('',(4.46,27.5,1.6));
#4428 = CIRCLE('',#4429,0.5);
#4429 = AXIS2_PLACEMENT_3D('',#4430,#4431,#4432);
#4430 = CARTESIAN_POINT('',(4.46,28.,1.6));
#4431 = DIRECTION('',(-0.,0.,-1.));
#4432 = DIRECTION('',(-0.,-1.,0.));
#4433 = FACE_BOUND('',#4434,.T.);
#4434 = EDGE_LOOP('',(#4435));
#4435 = ORIENTED_EDGE('',*,*,#4436,.T.);
#4436 = EDGE_CURVE('',#4437,#4437,#4439,.T.);
#4437 = VERTEX_POINT('',#4438);
#4438 = CARTESIAN_POINT('',(7.,27.5,1.6));
#4439 = CIRCLE('',#4440,0.5);
#4440 = AXIS2_PLACEMENT_3D('',#4441,#4442,#4443);
#4441 = CARTESIAN_POINT('',(7.,28.,1.6));
#4442 = DIRECTION('',(-0.,0.,-1.));
#4443 = DIRECTION('',(-0.,-1.,0.));
#4444 = FACE_BOUND('',#4445,.T.);
#4445 = EDGE_LOOP('',(#4446));
#4446 = ORIENTED_EDGE('',*,*,#4447,.T.);
#4447 = EDGE_CURVE('',#4448,#4448,#4450,.T.);
#4448 = VERTEX_POINT('',#4449);
#4449 = CARTESIAN_POINT('',(35.85,-1.35,1.6));
#4450 = CIRCLE('',#4451,0.4);
#4451 = AXIS2_PLACEMENT_3D('',#4452,#4453,#4454);
#4452 = CARTESIAN_POINT('',(35.85,-0.95,1.6));
#4453 = DIRECTION('',(-0.,0.,-1.));
#4454 = DIRECTION('',(-0.,-1.,0.));
#4455 = FACE_BOUND('',#4456,.T.);
#4456 = EDGE_LOOP('',(#4457));
#4457 = ORIENTED_EDGE('',*,*,#4458,.T.);
#4458 = EDGE_CURVE('',#4459,#4459,#4461,.T.);
#4459 = VERTEX_POINT('',#4460);
#4460 = CARTESIAN_POINT('',(50.5,-8.06,1.6));
#4461 = CIRCLE('',#4462,1.1);
#4462 = AXIS2_PLACEMENT_3D('',#4463,#4464,#4465);
#4463 = CARTESIAN_POINT('',(50.5,-6.96,1.6));
#4464 = DIRECTION('',(-0.,0.,-1.));
#4465 = DIRECTION('',(-0.,-1.,0.));
#4466 = FACE_BOUND('',#4467,.T.);
#4467 = EDGE_LOOP('',(#4468));
#4468 = ORIENTED_EDGE('',*,*,#4469,.T.);
#4469 = EDGE_CURVE('',#4470,#4470,#4472,.T.);
#4470 = VERTEX_POINT('',#4471);
#4471 = CARTESIAN_POINT('',(71.16,-16.07,1.6));
#4472 = CIRCLE('',#4473,0.38);
#4473 = AXIS2_PLACEMENT_3D('',#4474,#4475,#4476);
#4474 = CARTESIAN_POINT('',(71.16,-15.69,1.6));
#4475 = DIRECTION('',(-0.,0.,-1.));
#4476 = DIRECTION('',(-0.,-1.,0.));
#4477 = FACE_BOUND('',#4478,.T.);
#4478 = EDGE_LOOP('',(#4479));
#4479 = ORIENTED_EDGE('',*,*,#4480,.T.);
#4480 = EDGE_CURVE('',#4481,#4481,#4483,.T.);
#4481 = VERTEX_POINT('',#4482);
#4482 = CARTESIAN_POINT('',(73.7,-14.8,1.6));
#4483 = CIRCLE('',#4484,0.38);
#4484 = AXIS2_PLACEMENT_3D('',#4485,#4486,#4487);
#4485 = CARTESIAN_POINT('',(73.7,-14.42,1.6));
#4486 = DIRECTION('',(-0.,0.,-1.));
#4487 = DIRECTION('',(3.739698609264E-14,-1.,-0.));
#4488 = FACE_BOUND('',#4489,.T.);
#4489 = EDGE_LOOP('',(#4490));
#4490 = ORIENTED_EDGE('',*,*,#4491,.T.);
#4491 = EDGE_CURVE('',#4492,#4492,#4494,.T.);
#4492 = VERTEX_POINT('',#4493);
#4493 = CARTESIAN_POINT('',(80.05,-14.75,1.6));
#4494 = CIRCLE('',#4495,1.6);
#4495 = AXIS2_PLACEMENT_3D('',#4496,#4497,#4498);
#4496 = CARTESIAN_POINT('',(80.05,-13.15,1.6));
#4497 = DIRECTION('',(-0.,0.,-1.));
#4498 = DIRECTION('',(-8.881784197001E-15,-1.,0.));
#4499 = FACE_BOUND('',#4500,.T.);
#4500 = EDGE_LOOP('',(#4501));
#4501 = ORIENTED_EDGE('',*,*,#4502,.T.);
#4502 = EDGE_CURVE('',#4503,#4503,#4505,.T.);
#4503 = VERTEX_POINT('',#4504);
#4504 = CARTESIAN_POINT('',(83.5,-8.06,1.6));
#4505 = CIRCLE('',#4506,1.1);
#4506 = AXIS2_PLACEMENT_3D('',#4507,#4508,#4509);
#4507 = CARTESIAN_POINT('',(83.5,-6.96,1.6));
#4508 = DIRECTION('',(-0.,0.,-1.));
#4509 = DIRECTION('',(-0.,-1.,0.));
#4510 = FACE_BOUND('',#4511,.T.);
#4511 = EDGE_LOOP('',(#4512));
#4512 = ORIENTED_EDGE('',*,*,#4513,.T.);
#4513 = EDGE_CURVE('',#4514,#4514,#4516,.T.);
#4514 = VERTEX_POINT('',#4515);
#4515 = CARTESIAN_POINT('',(13.,23.5,1.6));
#4516 = CIRCLE('',#4517,0.5);
#4517 = AXIS2_PLACEMENT_3D('',#4518,#4519,#4520);
#4518 = CARTESIAN_POINT('',(13.,24.,1.6));
#4519 = DIRECTION('',(-0.,0.,-1.));
#4520 = DIRECTION('',(-0.,-1.,0.));
#4521 = FACE_BOUND('',#4522,.T.);
#4522 = EDGE_LOOP('',(#4523));
#4523 = ORIENTED_EDGE('',*,*,#4524,.T.);
#4524 = EDGE_CURVE('',#4525,#4525,#4527,.T.);
#4525 = VERTEX_POINT('',#4526);
#4526 = CARTESIAN_POINT('',(15.54,23.5,1.6));
#4527 = CIRCLE('',#4528,0.5);
#4528 = AXIS2_PLACEMENT_3D('',#4529,#4530,#4531);
#4529 = CARTESIAN_POINT('',(15.54,24.,1.6));
#4530 = DIRECTION('',(-0.,0.,-1.));
#4531 = DIRECTION('',(-0.,-1.,0.));
#4532 = FACE_BOUND('',#4533,.T.);
#4533 = EDGE_LOOP('',(#4534));
#4534 = ORIENTED_EDGE('',*,*,#4535,.T.);
#4535 = EDGE_CURVE('',#4536,#4536,#4538,.T.);
#4536 = VERTEX_POINT('',#4537);
#4537 = CARTESIAN_POINT('',(22.46,23.5,1.6));
#4538 = CIRCLE('',#4539,0.5);
#4539 = AXIS2_PLACEMENT_3D('',#4540,#4541,#4542);
#4540 = CARTESIAN_POINT('',(22.46,24.,1.6));
#4541 = DIRECTION('',(-0.,0.,-1.));
#4542 = DIRECTION('',(-0.,-1.,0.));
#4543 = FACE_BOUND('',#4544,.T.);
#4544 = EDGE_LOOP('',(#4545));
#4545 = ORIENTED_EDGE('',*,*,#4546,.T.);
#4546 = EDGE_CURVE('',#4547,#4547,#4549,.T.);
#4547 = VERTEX_POINT('',#4548);
#4548 = CARTESIAN_POINT('',(25.,23.5,1.6));
#4549 = CIRCLE('',#4550,0.5);
#4550 = AXIS2_PLACEMENT_3D('',#4551,#4552,#4553);
#4551 = CARTESIAN_POINT('',(25.,24.,1.6));
#4552 = DIRECTION('',(-0.,0.,-1.));
#4553 = DIRECTION('',(-0.,-1.,0.));
#4554 = FACE_BOUND('',#4555,.T.);
#4555 = EDGE_LOOP('',(#4556));
#4556 = ORIENTED_EDGE('',*,*,#4557,.T.);
#4557 = EDGE_CURVE('',#4558,#4558,#4560,.T.);
#4558 = VERTEX_POINT('',#4559);
#4559 = CARTESIAN_POINT('',(31.,23.5,1.6));
#4560 = CIRCLE('',#4561,0.5);
#4561 = AXIS2_PLACEMENT_3D('',#4562,#4563,#4564);
#4562 = CARTESIAN_POINT('',(31.,24.,1.6));
#4563 = DIRECTION('',(-0.,0.,-1.));
#4564 = DIRECTION('',(-0.,-1.,0.));
#4565 = FACE_BOUND('',#4566,.T.);
#4566 = EDGE_LOOP('',(#4567));
#4567 = ORIENTED_EDGE('',*,*,#4568,.T.);
#4568 = EDGE_CURVE('',#4569,#4569,#4571,.T.);
#4569 = VERTEX_POINT('',#4570);
#4570 = CARTESIAN_POINT('',(33.54,23.5,1.6));
#4571 = CIRCLE('',#4572,0.5);
#4572 = AXIS2_PLACEMENT_3D('',#4573,#4574,#4575);
#4573 = CARTESIAN_POINT('',(33.54,24.,1.6));
#4574 = DIRECTION('',(-0.,0.,-1.));
#4575 = DIRECTION('',(-0.,-1.,0.));
#4576 = FACE_BOUND('',#4577,.T.);
#4577 = EDGE_LOOP('',(#4578));
#4578 = ORIENTED_EDGE('',*,*,#4579,.T.);
#4579 = EDGE_CURVE('',#4580,#4580,#4582,.T.);
#4580 = VERTEX_POINT('',#4581);
#4581 = CARTESIAN_POINT('',(40.46,23.5,1.6));
#4582 = CIRCLE('',#4583,0.5);
#4583 = AXIS2_PLACEMENT_3D('',#4584,#4585,#4586);
#4584 = CARTESIAN_POINT('',(40.46,24.,1.6));
#4585 = DIRECTION('',(-0.,0.,-1.));
#4586 = DIRECTION('',(-0.,-1.,0.));
#4587 = FACE_BOUND('',#4588,.T.);
#4588 = EDGE_LOOP('',(#4589));
#4589 = ORIENTED_EDGE('',*,*,#4590,.T.);
#4590 = EDGE_CURVE('',#4591,#4591,#4593,.T.);
#4591 = VERTEX_POINT('',#4592);
#4592 = CARTESIAN_POINT('',(43.,23.5,1.6));
#4593 = CIRCLE('',#4594,0.5);
#4594 = AXIS2_PLACEMENT_3D('',#4595,#4596,#4597);
#4595 = CARTESIAN_POINT('',(43.,24.,1.6));
#4596 = DIRECTION('',(-0.,0.,-1.));
#4597 = DIRECTION('',(-0.,-1.,0.));
#4598 = PLANE('',#4599);
#4599 = AXIS2_PLACEMENT_3D('',#4600,#4601,#4602);
#4600 = CARTESIAN_POINT('',(0.,0.,1.6));
#4601 = DIRECTION('',(0.,0.,1.));
#4602 = DIRECTION('',(1.,0.,-0.));
#4603 = ADVANCED_FACE('',(#4604),#4615,.T.);
#4604 = FACE_BOUND('',#4605,.T.);
#4605 = EDGE_LOOP('',(#4606,#4612,#4613,#4614));
#4606 = ORIENTED_EDGE('',*,*,#4607,.T.);
#4607 = EDGE_CURVE('',#2710,#3660,#4608,.T.);
#4608 = LINE('',#4609,#4610);
#4609 = CARTESIAN_POINT('',(-7.,32.,0.));
#4610 = VECTOR('',#4611,1.);
#4611 = DIRECTION('',(0.,0.,1.));
#4612 = ORIENTED_EDGE('',*,*,#3659,.T.);
#4613 = ORIENTED_EDGE('',*,*,#2645,.F.);
#4614 = ORIENTED_EDGE('',*,*,#2709,.F.);
#4615 = PLANE('',#4616);
#4616 = AXIS2_PLACEMENT_3D('',#4617,#4618,#4619);
#4617 = CARTESIAN_POINT('',(-7.,32.,0.));
#4618 = DIRECTION('',(0.,1.,0.));
#4619 = DIRECTION('',(1.,0.,0.));
#4620 = ADVANCED_FACE('',(#4621),#4632,.T.);
#4621 = FACE_BOUND('',#4622,.T.);
#4622 = EDGE_LOOP('',(#4623,#4624,#4625,#4631));
#4623 = ORIENTED_EDGE('',*,*,#2685,.T.);
#4624 = ORIENTED_EDGE('',*,*,#3731,.T.);
#4625 = ORIENTED_EDGE('',*,*,#4626,.F.);
#4626 = EDGE_CURVE('',#2774,#3724,#4627,.T.);
#4627 = LINE('',#4628,#4629);
#4628 = CARTESIAN_POINT('',(88.,-52.,0.));
#4629 = VECTOR('',#4630,1.);
#4630 = DIRECTION('',(0.,0.,1.));
#4631 = ORIENTED_EDGE('',*,*,#2781,.F.);
#4632 = PLANE('',#4633);
#4633 = AXIS2_PLACEMENT_3D('',#4634,#4635,#4636);
#4634 = CARTESIAN_POINT('',(88.,-3.,0.));
#4635 = DIRECTION('',(1.,0.,-0.));
#4636 = DIRECTION('',(0.,-1.,0.));
#4637 = ADVANCED_FACE('',(#4638),#4649,.T.);
#4638 = FACE_BOUND('',#4639,.T.);
#4639 = EDGE_LOOP('',(#4640,#4646,#4647,#4648));
#4640 = ORIENTED_EDGE('',*,*,#4641,.T.);
#4641 = EDGE_CURVE('',#2718,#3668,#4642,.T.);
#4642 = LINE('',#4643,#4644);
#4643 = CARTESIAN_POINT('',(-63.,19.,0.));
#4644 = VECTOR('',#4645,1.);
#4645 = DIRECTION('',(0.,0.,1.));
#4646 = ORIENTED_EDGE('',*,*,#3667,.T.);
#4647 = ORIENTED_EDGE('',*,*,#4607,.F.);
#4648 = ORIENTED_EDGE('',*,*,#2717,.F.);
#4649 = PLANE('',#4650);
#4650 = AXIS2_PLACEMENT_3D('',#4651,#4652,#4653);
#4651 = CARTESIAN_POINT('',(-63.,19.,0.));
#4652 = DIRECTION('',(-0.226129707199,0.974097200243,0.));
#4653 = DIRECTION('',(0.974097200243,0.226129707199,0.));
#4654 = ADVANCED_FACE('',(#4655),#4666,.T.);
#4655 = FACE_BOUND('',#4656,.T.);
#4656 = EDGE_LOOP('',(#4657,#4658,#4659,#4665));
#4657 = ORIENTED_EDGE('',*,*,#4626,.T.);
#4658 = ORIENTED_EDGE('',*,*,#3723,.T.);
#4659 = ORIENTED_EDGE('',*,*,#4660,.F.);
#4660 = EDGE_CURVE('',#2766,#3716,#4661,.T.);
#4661 = LINE('',#4662,#4663);
#4662 = CARTESIAN_POINT('',(66.,-66.,0.));
#4663 = VECTOR('',#4664,1.);
#4664 = DIRECTION('',(0.,0.,1.));
#4665 = ORIENTED_EDGE('',*,*,#2773,.F.);
#4666 = PLANE('',#4667);
#4667 = AXIS2_PLACEMENT_3D('',#4668,#4669,#4670);
#4668 = CARTESIAN_POINT('',(88.,-52.,0.));
#4669 = DIRECTION('',(0.536875492193,-0.843661487732,0.));
#4670 = DIRECTION('',(-0.843661487732,-0.536875492193,0.));
#4671 = ADVANCED_FACE('',(#4672),#4683,.T.);
#4672 = FACE_BOUND('',#4673,.T.);
#4673 = EDGE_LOOP('',(#4674,#4680,#4681,#4682));
#4674 = ORIENTED_EDGE('',*,*,#4675,.T.);
#4675 = EDGE_CURVE('',#2726,#3676,#4676,.T.);
#4676 = LINE('',#4677,#4678);
#4677 = CARTESIAN_POINT('',(-63.,-46.,0.));
#4678 = VECTOR('',#4679,1.);
#4679 = DIRECTION('',(0.,0.,1.));
#4680 = ORIENTED_EDGE('',*,*,#3675,.T.);
#4681 = ORIENTED_EDGE('',*,*,#4641,.F.);
#4682 = ORIENTED_EDGE('',*,*,#2725,.F.);
#4683 = PLANE('',#4684);
#4684 = AXIS2_PLACEMENT_3D('',#4685,#4686,#4687);
#4685 = CARTESIAN_POINT('',(-63.,-46.,0.));
#4686 = DIRECTION('',(-1.,0.,0.));
#4687 = DIRECTION('',(0.,1.,0.));
#4688 = ADVANCED_FACE('',(#4689),#4700,.T.);
#4689 = FACE_BOUND('',#4690,.T.);
#4690 = EDGE_LOOP('',(#4691,#4692,#4693,#4699));
#4691 = ORIENTED_EDGE('',*,*,#4660,.T.);
#4692 = ORIENTED_EDGE('',*,*,#3715,.T.);
#4693 = ORIENTED_EDGE('',*,*,#4694,.F.);
#4694 = EDGE_CURVE('',#2758,#3708,#4695,.T.);
#4695 = LINE('',#4696,#4697);
#4696 = CARTESIAN_POINT('',(2.,-55.,0.));
#4697 = VECTOR('',#4698,1.);
#4698 = DIRECTION('',(0.,0.,1.));
#4699 = ORIENTED_EDGE('',*,*,#2765,.F.);
#4700 = PLANE('',#4701);
#4701 = AXIS2_PLACEMENT_3D('',#4702,#4703,#4704);
#4702 = CARTESIAN_POINT('',(66.,-66.,0.));
#4703 = DIRECTION('',(-0.169391215599,-0.98554889076,0.));
#4704 = DIRECTION('',(-0.98554889076,0.169391215599,0.));
#4705 = ADVANCED_FACE('',(#4706),#4717,.T.);
#4706 = FACE_BOUND('',#4707,.T.);
#4707 = EDGE_LOOP('',(#4708,#4714,#4715,#4716));
#4708 = ORIENTED_EDGE('',*,*,#4709,.T.);
#4709 = EDGE_CURVE('',#2734,#3684,#4710,.T.);
#4710 = LINE('',#4711,#4712);
#4711 = CARTESIAN_POINT('',(-24.,-46.,0.));
#4712 = VECTOR('',#4713,1.);
#4713 = DIRECTION('',(0.,0.,1.));
#4714 = ORIENTED_EDGE('',*,*,#3683,.T.);
#4715 = ORIENTED_EDGE('',*,*,#4675,.F.);
#4716 = ORIENTED_EDGE('',*,*,#2733,.F.);
#4717 = PLANE('',#4718);
#4718 = AXIS2_PLACEMENT_3D('',#4719,#4720,#4721);
#4719 = CARTESIAN_POINT('',(-24.,-46.,0.));
#4720 = DIRECTION('',(0.,-1.,0.));
#4721 = DIRECTION('',(-1.,0.,0.));
#4722 = ADVANCED_FACE('',(#4723),#4734,.T.);
#4723 = FACE_BOUND('',#4724,.T.);
#4724 = EDGE_LOOP('',(#4725,#4726,#4727,#4733));
#4725 = ORIENTED_EDGE('',*,*,#4694,.T.);
#4726 = ORIENTED_EDGE('',*,*,#3707,.T.);
#4727 = ORIENTED_EDGE('',*,*,#4728,.F.);
#4728 = EDGE_CURVE('',#2750,#3700,#4729,.T.);
#4729 = LINE('',#4730,#4731);
#4730 = CARTESIAN_POINT('',(6.,-35.,0.));
#4731 = VECTOR('',#4732,1.);
#4732 = DIRECTION('',(0.,0.,1.));
#4733 = ORIENTED_EDGE('',*,*,#2757,.F.);
#4734 = PLANE('',#4735);
#4735 = AXIS2_PLACEMENT_3D('',#4736,#4737,#4738);
#4736 = CARTESIAN_POINT('',(2.,-55.,0.));
#4737 = DIRECTION('',(-0.980580675691,0.196116135138,0.));
#4738 = DIRECTION('',(0.196116135138,0.980580675691,0.));
#4739 = ADVANCED_FACE('',(#4740),#4751,.T.);
#4740 = FACE_BOUND('',#4741,.T.);
#4741 = EDGE_LOOP('',(#4742,#4748,#4749,#4750));
#4742 = ORIENTED_EDGE('',*,*,#4743,.T.);
#4743 = EDGE_CURVE('',#2742,#3692,#4744,.T.);
#4744 = LINE('',#4745,#4746);
#4745 = CARTESIAN_POINT('',(-5.,-35.,0.));
#4746 = VECTOR('',#4747,1.);
#4747 = DIRECTION('',(0.,0.,1.));
#4748 = ORIENTED_EDGE('',*,*,#3691,.T.);
#4749 = ORIENTED_EDGE('',*,*,#4709,.F.);
#4750 = ORIENTED_EDGE('',*,*,#2741,.F.);
#4751 = PLANE('',#4752);
#4752 = AXIS2_PLACEMENT_3D('',#4753,#4754,#4755);
#4753 = CARTESIAN_POINT('',(-5.,-35.,0.));
#4754 = DIRECTION('',(0.501036270542,-0.865426285481,0.));
#4755 = DIRECTION('',(-0.865426285481,-0.501036270542,0.));
#4756 = ADVANCED_FACE('',(#4757),#4763,.T.);
#4757 = FACE_BOUND('',#4758,.T.);
#4758 = EDGE_LOOP('',(#4759,#4760,#4761,#4762));
#4759 = ORIENTED_EDGE('',*,*,#4728,.T.);
#4760 = ORIENTED_EDGE('',*,*,#3699,.T.);
#4761 = ORIENTED_EDGE('',*,*,#4743,.F.);
#4762 = ORIENTED_EDGE('',*,*,#2749,.F.);
#4763 = PLANE('',#4764);
#4764 = AXIS2_PLACEMENT_3D('',#4765,#4766,#4767);
#4765 = CARTESIAN_POINT('',(6.,-35.,0.));
#4766 = DIRECTION('',(0.,-1.,0.));
#4767 = DIRECTION('',(-1.,0.,0.));
#4768 = ADVANCED_FACE('',(#4769),#4780,.F.);
#4769 = FACE_BOUND('',#4770,.T.);
#4770 = EDGE_LOOP('',(#4771,#4772,#4778,#4779));
#4771 = ORIENTED_EDGE('',*,*,#2790,.T.);
#4772 = ORIENTED_EDGE('',*,*,#4773,.T.);
#4773 = EDGE_CURVE('',#2791,#3741,#4774,.T.);
#4774 = LINE('',#4775,#4776);
#4775 = CARTESIAN_POINT('',(-59.,-42.5,-4.5E-02));
#4776 = VECTOR('',#4777,1.);
#4777 = DIRECTION('',(0.,0.,1.));
#4778 = ORIENTED_EDGE('',*,*,#3740,.F.);
#4779 = ORIENTED_EDGE('',*,*,#4773,.F.);
#4780 = CYLINDRICAL_SURFACE('',#4781,0.5);
#4781 = AXIS2_PLACEMENT_3D('',#4782,#4783,#4784);
#4782 = CARTESIAN_POINT('',(-59.,-42.,-4.5E-02));
#4783 = DIRECTION('',(-0.,-0.,-1.));
#4784 = DIRECTION('',(-0.,-1.,0.));
#4785 = ADVANCED_FACE('',(#4786),#4797,.F.);
#4786 = FACE_BOUND('',#4787,.T.);
#4787 = EDGE_LOOP('',(#4788,#4789,#4795,#4796));
#4788 = ORIENTED_EDGE('',*,*,#2801,.T.);
#4789 = ORIENTED_EDGE('',*,*,#4790,.T.);
#4790 = EDGE_CURVE('',#2802,#3752,#4791,.T.);
#4791 = LINE('',#4792,#4793);
#4792 = CARTESIAN_POINT('',(-56.46,-42.5,-4.5E-02));
#4793 = VECTOR('',#4794,1.);
#4794 = DIRECTION('',(0.,0.,1.));
#4795 = ORIENTED_EDGE('',*,*,#3751,.F.);
#4796 = ORIENTED_EDGE('',*,*,#4790,.F.);
#4797 = CYLINDRICAL_SURFACE('',#4798,0.5);
#4798 = AXIS2_PLACEMENT_3D('',#4799,#4800,#4801);
#4799 = CARTESIAN_POINT('',(-56.46,-42.,-4.5E-02));
#4800 = DIRECTION('',(-0.,-0.,-1.));
#4801 = DIRECTION('',(-0.,-1.,0.));
#4802 = ADVANCED_FACE('',(#4803),#4814,.F.);
#4803 = FACE_BOUND('',#4804,.T.);
#4804 = EDGE_LOOP('',(#4805,#4806,#4812,#4813));
#4805 = ORIENTED_EDGE('',*,*,#2812,.T.);
#4806 = ORIENTED_EDGE('',*,*,#4807,.T.);
#4807 = EDGE_CURVE('',#2813,#3763,#4808,.T.);
#4808 = LINE('',#4809,#4810);
#4809 = CARTESIAN_POINT('',(-49.54,-42.5,-4.5E-02));
#4810 = VECTOR('',#4811,1.);
#4811 = DIRECTION('',(0.,0.,1.));
#4812 = ORIENTED_EDGE('',*,*,#3762,.F.);
#4813 = ORIENTED_EDGE('',*,*,#4807,.F.);
#4814 = CYLINDRICAL_SURFACE('',#4815,0.5);
#4815 = AXIS2_PLACEMENT_3D('',#4816,#4817,#4818);
#4816 = CARTESIAN_POINT('',(-49.54,-42.,-4.5E-02));
#4817 = DIRECTION('',(-0.,-0.,-1.));
#4818 = DIRECTION('',(-0.,-1.,0.));
#4819 = ADVANCED_FACE('',(#4820),#4831,.F.);
#4820 = FACE_BOUND('',#4821,.T.);
#4821 = EDGE_LOOP('',(#4822,#4823,#4829,#4830));
#4822 = ORIENTED_EDGE('',*,*,#2823,.T.);
#4823 = ORIENTED_EDGE('',*,*,#4824,.T.);
#4824 = EDGE_CURVE('',#2824,#3774,#4825,.T.);
#4825 = LINE('',#4826,#4827);
#4826 = CARTESIAN_POINT('',(-47.,-42.5,-4.5E-02));
#4827 = VECTOR('',#4828,1.);
#4828 = DIRECTION('',(0.,0.,1.));
#4829 = ORIENTED_EDGE('',*,*,#3773,.F.);
#4830 = ORIENTED_EDGE('',*,*,#4824,.F.);
#4831 = CYLINDRICAL_SURFACE('',#4832,0.5);
#4832 = AXIS2_PLACEMENT_3D('',#4833,#4834,#4835);
#4833 = CARTESIAN_POINT('',(-47.,-42.,-4.5E-02));
#4834 = DIRECTION('',(-0.,-0.,-1.));
#4835 = DIRECTION('',(-0.,-1.,0.));
#4836 = ADVANCED_FACE('',(#4837),#4848,.F.);
#4837 = FACE_BOUND('',#4838,.T.);
#4838 = EDGE_LOOP('',(#4839,#4840,#4846,#4847));
#4839 = ORIENTED_EDGE('',*,*,#2834,.T.);
#4840 = ORIENTED_EDGE('',*,*,#4841,.T.);
#4841 = EDGE_CURVE('',#2835,#3785,#4842,.T.);
#4842 = LINE('',#4843,#4844);
#4843 = CARTESIAN_POINT('',(-41.,-42.5,-4.5E-02));
#4844 = VECTOR('',#4845,1.);
#4845 = DIRECTION('',(0.,0.,1.));
#4846 = ORIENTED_EDGE('',*,*,#3784,.F.);
#4847 = ORIENTED_EDGE('',*,*,#4841,.F.);
#4848 = CYLINDRICAL_SURFACE('',#4849,0.5);
#4849 = AXIS2_PLACEMENT_3D('',#4850,#4851,#4852);
#4850 = CARTESIAN_POINT('',(-41.,-42.,-4.5E-02));
#4851 = DIRECTION('',(-0.,-0.,-1.));
#4852 = DIRECTION('',(-0.,-1.,0.));
#4853 = ADVANCED_FACE('',(#4854),#4865,.F.);
#4854 = FACE_BOUND('',#4855,.T.);
#4855 = EDGE_LOOP('',(#4856,#4857,#4863,#4864));
#4856 = ORIENTED_EDGE('',*,*,#2845,.T.);
#4857 = ORIENTED_EDGE('',*,*,#4858,.T.);
#4858 = EDGE_CURVE('',#2846,#3796,#4859,.T.);
#4859 = LINE('',#4860,#4861);
#4860 = CARTESIAN_POINT('',(-38.46,-42.5,-4.5E-02));
#4861 = VECTOR('',#4862,1.);
#4862 = DIRECTION('',(0.,0.,1.));
#4863 = ORIENTED_EDGE('',*,*,#3795,.F.);
#4864 = ORIENTED_EDGE('',*,*,#4858,.F.);
#4865 = CYLINDRICAL_SURFACE('',#4866,0.5);
#4866 = AXIS2_PLACEMENT_3D('',#4867,#4868,#4869);
#4867 = CARTESIAN_POINT('',(-38.46,-42.,-4.5E-02));
#4868 = DIRECTION('',(-0.,-0.,-1.));
#4869 = DIRECTION('',(-0.,-1.,0.));
#4870 = ADVANCED_FACE('',(#4871),#4882,.F.);
#4871 = FACE_BOUND('',#4872,.T.);
#4872 = EDGE_LOOP('',(#4873,#4874,#4880,#4881));
#4873 = ORIENTED_EDGE('',*,*,#2856,.T.);
#4874 = ORIENTED_EDGE('',*,*,#4875,.T.);
#4875 = EDGE_CURVE('',#2857,#3807,#4876,.T.);
#4876 = LINE('',#4877,#4878);
#4877 = CARTESIAN_POINT('',(-31.54,-42.5,-4.5E-02));
#4878 = VECTOR('',#4879,1.);
#4879 = DIRECTION('',(0.,0.,1.));
#4880 = ORIENTED_EDGE('',*,*,#3806,.F.);
#4881 = ORIENTED_EDGE('',*,*,#4875,.F.);
#4882 = CYLINDRICAL_SURFACE('',#4883,0.5);
#4883 = AXIS2_PLACEMENT_3D('',#4884,#4885,#4886);
#4884 = CARTESIAN_POINT('',(-31.54,-42.,-4.5E-02));
#4885 = DIRECTION('',(-0.,-0.,-1.));
#4886 = DIRECTION('',(-0.,-1.,0.));
#4887 = ADVANCED_FACE('',(#4888),#4899,.F.);
#4888 = FACE_BOUND('',#4889,.T.);
#4889 = EDGE_LOOP('',(#4890,#4891,#4897,#4898));
#4890 = ORIENTED_EDGE('',*,*,#2867,.T.);
#4891 = ORIENTED_EDGE('',*,*,#4892,.T.);
#4892 = EDGE_CURVE('',#2868,#3818,#4893,.T.);
#4893 = LINE('',#4894,#4895);
#4894 = CARTESIAN_POINT('',(-29.,-42.5,-4.5E-02));
#4895 = VECTOR('',#4896,1.);
#4896 = DIRECTION('',(0.,0.,1.));
#4897 = ORIENTED_EDGE('',*,*,#3817,.F.);
#4898 = ORIENTED_EDGE('',*,*,#4892,.F.);
#4899 = CYLINDRICAL_SURFACE('',#4900,0.5);
#4900 = AXIS2_PLACEMENT_3D('',#4901,#4902,#4903);
#4901 = CARTESIAN_POINT('',(-29.,-42.,-4.5E-02));
#4902 = DIRECTION('',(-0.,-0.,-1.));
#4903 = DIRECTION('',(-0.,-1.,0.));
#4904 = ADVANCED_FACE('',(#4905),#4916,.F.);
#4905 = FACE_BOUND('',#4906,.T.);
#4906 = EDGE_LOOP('',(#4907,#4908,#4914,#4915));
#4907 = ORIENTED_EDGE('',*,*,#2878,.T.);
#4908 = ORIENTED_EDGE('',*,*,#4909,.T.);
#4909 = EDGE_CURVE('',#2879,#3829,#4910,.T.);
#4910 = LINE('',#4911,#4912);
#4911 = CARTESIAN_POINT('',(6.933075,-52.480261,-4.5E-02));
#4912 = VECTOR('',#4913,1.);
#4913 = DIRECTION('',(0.,0.,1.));
#4914 = ORIENTED_EDGE('',*,*,#3828,.F.);
#4915 = ORIENTED_EDGE('',*,*,#4909,.F.);
#4916 = CYLINDRICAL_SURFACE('',#4917,0.5);
#4917 = AXIS2_PLACEMENT_3D('',#4918,#4919,#4920);
#4918 = CARTESIAN_POINT('',(6.933075,-51.980261,-4.5E-02));
#4919 = DIRECTION('',(-0.,-0.,-1.));
#4920 = DIRECTION('',(-0.,-1.,0.));
#4921 = ADVANCED_FACE('',(#4922),#4933,.F.);
#4922 = FACE_BOUND('',#4923,.T.);
#4923 = EDGE_LOOP('',(#4924,#4925,#4931,#4932));
#4924 = ORIENTED_EDGE('',*,*,#2889,.T.);
#4925 = ORIENTED_EDGE('',*,*,#4926,.T.);
#4926 = EDGE_CURVE('',#2890,#3840,#4927,.T.);
#4927 = LINE('',#4928,#4929);
#4928 = CARTESIAN_POINT('',(7.374141,-49.978849,-4.5E-02));
#4929 = VECTOR('',#4930,1.);
#4930 = DIRECTION('',(0.,0.,1.));
#4931 = ORIENTED_EDGE('',*,*,#3839,.F.);
#4932 = ORIENTED_EDGE('',*,*,#4926,.F.);
#4933 = CYLINDRICAL_SURFACE('',#4934,0.5);
#4934 = AXIS2_PLACEMENT_3D('',#4935,#4936,#4937);
#4935 = CARTESIAN_POINT('',(7.374141,-49.478849,-4.5E-02));
#4936 = DIRECTION('',(-0.,-0.,-1.));
#4937 = DIRECTION('',(-0.,-1.,0.));
#4938 = ADVANCED_FACE('',(#4939),#4950,.F.);
#4939 = FACE_BOUND('',#4940,.T.);
#4940 = EDGE_LOOP('',(#4941,#4942,#4948,#4949));
#4941 = ORIENTED_EDGE('',*,*,#2900,.T.);
#4942 = ORIENTED_EDGE('',*,*,#4943,.T.);
#4943 = EDGE_CURVE('',#2901,#3851,#4944,.T.);
#4944 = LINE('',#4945,#4946);
#4945 = CARTESIAN_POINT('',(8.575787,-43.16398,-4.5E-02));
#4946 = VECTOR('',#4947,1.);
#4947 = DIRECTION('',(0.,0.,1.));
#4948 = ORIENTED_EDGE('',*,*,#3850,.F.);
#4949 = ORIENTED_EDGE('',*,*,#4943,.F.);
#4950 = CYLINDRICAL_SURFACE('',#4951,0.5);
#4951 = AXIS2_PLACEMENT_3D('',#4952,#4953,#4954);
#4952 = CARTESIAN_POINT('',(8.575787,-42.66398,-4.5E-02));
#4953 = DIRECTION('',(-0.,-0.,-1.));
#4954 = DIRECTION('',(-0.,-1.,0.));
#4955 = ADVANCED_FACE('',(#4956),#4967,.F.);
#4956 = FACE_BOUND('',#4957,.T.);
#4957 = EDGE_LOOP('',(#4958,#4959,#4965,#4966));
#4958 = ORIENTED_EDGE('',*,*,#2911,.T.);
#4959 = ORIENTED_EDGE('',*,*,#4960,.T.);
#4960 = EDGE_CURVE('',#2912,#3862,#4961,.T.);
#4961 = LINE('',#4962,#4963);
#4962 = CARTESIAN_POINT('',(9.016853,-40.662568,-4.5E-02));
#4963 = VECTOR('',#4964,1.);
#4964 = DIRECTION('',(0.,0.,1.));
#4965 = ORIENTED_EDGE('',*,*,#3861,.F.);
#4966 = ORIENTED_EDGE('',*,*,#4960,.F.);
#4967 = CYLINDRICAL_SURFACE('',#4968,0.5);
#4968 = AXIS2_PLACEMENT_3D('',#4969,#4970,#4971);
#4969 = CARTESIAN_POINT('',(9.016853,-40.162568,-4.5E-02));
#4970 = DIRECTION('',(-0.,-0.,-1.));
#4971 = DIRECTION('',(-0.,-1.,0.));
#4972 = ADVANCED_FACE('',(#4973),#4984,.F.);
#4973 = FACE_BOUND('',#4974,.T.);
#4974 = EDGE_LOOP('',(#4975,#4976,#4982,#4983));
#4975 = ORIENTED_EDGE('',*,*,#2922,.T.);
#4976 = ORIENTED_EDGE('',*,*,#4977,.T.);
#4977 = EDGE_CURVE('',#2923,#3873,#4978,.T.);
#4978 = LINE('',#4979,#4980);
#4979 = CARTESIAN_POINT('',(-23.,-33.5,-4.5E-02));
#4980 = VECTOR('',#4981,1.);
#4981 = DIRECTION('',(0.,0.,1.));
#4982 = ORIENTED_EDGE('',*,*,#3872,.F.);
#4983 = ORIENTED_EDGE('',*,*,#4977,.F.);
#4984 = CYLINDRICAL_SURFACE('',#4985,0.5);
#4985 = AXIS2_PLACEMENT_3D('',#4986,#4987,#4988);
#4986 = CARTESIAN_POINT('',(-23.,-33.,-4.5E-02));
#4987 = DIRECTION('',(-0.,-0.,-1.));
#4988 = DIRECTION('',(-0.,-1.,0.));
#4989 = ADVANCED_FACE('',(#4990),#5001,.F.);
#4990 = FACE_BOUND('',#4991,.T.);
#4991 = EDGE_LOOP('',(#4992,#4993,#4999,#5000));
#4992 = ORIENTED_EDGE('',*,*,#2933,.T.);
#4993 = ORIENTED_EDGE('',*,*,#4994,.T.);
#4994 = EDGE_CURVE('',#2934,#3884,#4995,.T.);
#4995 = LINE('',#4996,#4997);
#4996 = CARTESIAN_POINT('',(-20.46,-33.5,-4.5E-02));
#4997 = VECTOR('',#4998,1.);
#4998 = DIRECTION('',(0.,0.,1.));
#4999 = ORIENTED_EDGE('',*,*,#3883,.F.);
#5000 = ORIENTED_EDGE('',*,*,#4994,.F.);
#5001 = CYLINDRICAL_SURFACE('',#5002,0.5);
#5002 = AXIS2_PLACEMENT_3D('',#5003,#5004,#5005);
#5003 = CARTESIAN_POINT('',(-20.46,-33.,-4.5E-02));
#5004 = DIRECTION('',(-0.,-0.,-1.));
#5005 = DIRECTION('',(-0.,-1.,0.));
#5006 = ADVANCED_FACE('',(#5007),#5018,.F.);
#5007 = FACE_BOUND('',#5008,.T.);
#5008 = EDGE_LOOP('',(#5009,#5010,#5016,#5017));
#5009 = ORIENTED_EDGE('',*,*,#2944,.T.);
#5010 = ORIENTED_EDGE('',*,*,#5011,.T.);
#5011 = EDGE_CURVE('',#2945,#3895,#5012,.T.);
#5012 = LINE('',#5013,#5014);
#5013 = CARTESIAN_POINT('',(-13.54,-33.5,-4.5E-02));
#5014 = VECTOR('',#5015,1.);
#5015 = DIRECTION('',(0.,0.,1.));
#5016 = ORIENTED_EDGE('',*,*,#3894,.F.);
#5017 = ORIENTED_EDGE('',*,*,#5011,.F.);
#5018 = CYLINDRICAL_SURFACE('',#5019,0.5);
#5019 = AXIS2_PLACEMENT_3D('',#5020,#5021,#5022);
#5020 = CARTESIAN_POINT('',(-13.54,-33.,-4.5E-02));
#5021 = DIRECTION('',(-0.,-0.,-1.));
#5022 = DIRECTION('',(-0.,-1.,0.));
#5023 = ADVANCED_FACE('',(#5024),#5035,.F.);
#5024 = FACE_BOUND('',#5025,.T.);
#5025 = EDGE_LOOP('',(#5026,#5027,#5033,#5034));
#5026 = ORIENTED_EDGE('',*,*,#2955,.T.);
#5027 = ORIENTED_EDGE('',*,*,#5028,.T.);
#5028 = EDGE_CURVE('',#2956,#3906,#5029,.T.);
#5029 = LINE('',#5030,#5031);
#5030 = CARTESIAN_POINT('',(-11.,-33.5,-4.5E-02));
#5031 = VECTOR('',#5032,1.);
#5032 = DIRECTION('',(0.,0.,1.));
#5033 = ORIENTED_EDGE('',*,*,#3905,.F.);
#5034 = ORIENTED_EDGE('',*,*,#5028,.F.);
#5035 = CYLINDRICAL_SURFACE('',#5036,0.5);
#5036 = AXIS2_PLACEMENT_3D('',#5037,#5038,#5039);
#5037 = CARTESIAN_POINT('',(-11.,-33.,-4.5E-02));
#5038 = DIRECTION('',(-0.,-0.,-1.));
#5039 = DIRECTION('',(-0.,-1.,0.));
#5040 = ADVANCED_FACE('',(#5041),#5052,.F.);
#5041 = FACE_BOUND('',#5042,.T.);
#5042 = EDGE_LOOP('',(#5043,#5044,#5050,#5051));
#5043 = ORIENTED_EDGE('',*,*,#2966,.T.);
#5044 = ORIENTED_EDGE('',*,*,#5045,.T.);
#5045 = EDGE_CURVE('',#2967,#3917,#5046,.T.);
#5046 = LINE('',#5047,#5048);
#5047 = CARTESIAN_POINT('',(-5.,-29.5,-4.5E-02));
#5048 = VECTOR('',#5049,1.);
#5049 = DIRECTION('',(0.,0.,1.));
#5050 = ORIENTED_EDGE('',*,*,#3916,.F.);
#5051 = ORIENTED_EDGE('',*,*,#5045,.F.);
#5052 = CYLINDRICAL_SURFACE('',#5053,0.5);
#5053 = AXIS2_PLACEMENT_3D('',#5054,#5055,#5056);
#5054 = CARTESIAN_POINT('',(-5.,-29.,-4.5E-02));
#5055 = DIRECTION('',(-0.,-0.,-1.));
#5056 = DIRECTION('',(-0.,-1.,0.));
#5057 = ADVANCED_FACE('',(#5058),#5069,.F.);
#5058 = FACE_BOUND('',#5059,.T.);
#5059 = EDGE_LOOP('',(#5060,#5061,#5067,#5068));
#5060 = ORIENTED_EDGE('',*,*,#2977,.T.);
#5061 = ORIENTED_EDGE('',*,*,#5062,.T.);
#5062 = EDGE_CURVE('',#2978,#3928,#5063,.T.);
#5063 = LINE('',#5064,#5065);
#5064 = CARTESIAN_POINT('',(-2.46,-29.5,-4.5E-02));
#5065 = VECTOR('',#5066,1.);
#5066 = DIRECTION('',(0.,0.,1.));
#5067 = ORIENTED_EDGE('',*,*,#3927,.F.);
#5068 = ORIENTED_EDGE('',*,*,#5062,.F.);
#5069 = CYLINDRICAL_SURFACE('',#5070,0.5);
#5070 = AXIS2_PLACEMENT_3D('',#5071,#5072,#5073);
#5071 = CARTESIAN_POINT('',(-2.46,-29.,-4.5E-02));
#5072 = DIRECTION('',(-0.,-0.,-1.));
#5073 = DIRECTION('',(-0.,-1.,0.));
#5074 = ADVANCED_FACE('',(#5075),#5086,.F.);
#5075 = FACE_BOUND('',#5076,.T.);
#5076 = EDGE_LOOP('',(#5077,#5078,#5084,#5085));
#5077 = ORIENTED_EDGE('',*,*,#2988,.T.);
#5078 = ORIENTED_EDGE('',*,*,#5079,.T.);
#5079 = EDGE_CURVE('',#2989,#3939,#5080,.T.);
#5080 = LINE('',#5081,#5082);
#5081 = CARTESIAN_POINT('',(4.46,-29.5,-4.5E-02));
#5082 = VECTOR('',#5083,1.);
#5083 = DIRECTION('',(0.,0.,1.));
#5084 = ORIENTED_EDGE('',*,*,#3938,.F.);
#5085 = ORIENTED_EDGE('',*,*,#5079,.F.);
#5086 = CYLINDRICAL_SURFACE('',#5087,0.5);
#5087 = AXIS2_PLACEMENT_3D('',#5088,#5089,#5090);
#5088 = CARTESIAN_POINT('',(4.46,-29.,-4.5E-02));
#5089 = DIRECTION('',(-0.,-0.,-1.));
#5090 = DIRECTION('',(-0.,-1.,0.));
#5091 = ADVANCED_FACE('',(#5092),#5103,.F.);
#5092 = FACE_BOUND('',#5093,.T.);
#5093 = EDGE_LOOP('',(#5094,#5095,#5101,#5102));
#5094 = ORIENTED_EDGE('',*,*,#2999,.T.);
#5095 = ORIENTED_EDGE('',*,*,#5096,.T.);
#5096 = EDGE_CURVE('',#3000,#3950,#5097,.T.);
#5097 = LINE('',#5098,#5099);
#5098 = CARTESIAN_POINT('',(7.,-29.5,-4.5E-02));
#5099 = VECTOR('',#5100,1.);
#5100 = DIRECTION('',(0.,0.,1.));
#5101 = ORIENTED_EDGE('',*,*,#3949,.F.);
#5102 = ORIENTED_EDGE('',*,*,#5096,.F.);
#5103 = CYLINDRICAL_SURFACE('',#5104,0.5);
#5104 = AXIS2_PLACEMENT_3D('',#5105,#5106,#5107);
#5105 = CARTESIAN_POINT('',(7.,-29.,-4.5E-02));
#5106 = DIRECTION('',(-0.,-0.,-1.));
#5107 = DIRECTION('',(-0.,-1.,0.));
#5108 = ADVANCED_FACE('',(#5109),#5120,.F.);
#5109 = FACE_BOUND('',#5110,.T.);
#5110 = EDGE_LOOP('',(#5111,#5112,#5118,#5119));
#5111 = ORIENTED_EDGE('',*,*,#3010,.T.);
#5112 = ORIENTED_EDGE('',*,*,#5113,.T.);
#5113 = EDGE_CURVE('',#3011,#3961,#5114,.T.);
#5114 = LINE('',#5115,#5116);
#5115 = CARTESIAN_POINT('',(8.85,-18.7,-4.5E-02));
#5116 = VECTOR('',#5117,1.);
#5117 = DIRECTION('',(0.,0.,1.));
#5118 = ORIENTED_EDGE('',*,*,#3960,.F.);
#5119 = ORIENTED_EDGE('',*,*,#5113,.F.);
#5120 = CYLINDRICAL_SURFACE('',#5121,1.25);
#5121 = AXIS2_PLACEMENT_3D('',#5122,#5123,#5124);
#5122 = CARTESIAN_POINT('',(8.85,-17.45,-4.5E-02));
#5123 = DIRECTION('',(-0.,-0.,-1.));
#5124 = DIRECTION('',(-0.,-1.,0.));
#5125 = ADVANCED_FACE('',(#5126),#5137,.F.);
#5126 = FACE_BOUND('',#5127,.T.);
#5127 = EDGE_LOOP('',(#5128,#5129,#5135,#5136));
#5128 = ORIENTED_EDGE('',*,*,#3021,.T.);
#5129 = ORIENTED_EDGE('',*,*,#5130,.T.);
#5130 = EDGE_CURVE('',#3022,#3972,#5131,.T.);
#5131 = LINE('',#5132,#5133);
#5132 = CARTESIAN_POINT('',(63.067117,-62.378208,-4.5E-02));
#5133 = VECTOR('',#5134,1.);
#5134 = DIRECTION('',(0.,0.,1.));
#5135 = ORIENTED_EDGE('',*,*,#3971,.F.);
#5136 = ORIENTED_EDGE('',*,*,#5130,.F.);
#5137 = CYLINDRICAL_SURFACE('',#5138,0.5);
#5138 = AXIS2_PLACEMENT_3D('',#5139,#5140,#5141);
#5139 = CARTESIAN_POINT('',(63.067117,-61.878208,-4.5E-02));
#5140 = DIRECTION('',(-0.,-0.,-1.));
#5141 = DIRECTION('',(-0.,-1.,0.));
#5142 = ADVANCED_FACE('',(#5143),#5154,.F.);
#5143 = FACE_BOUND('',#5144,.T.);
#5144 = EDGE_LOOP('',(#5145,#5146,#5152,#5153));
#5145 = ORIENTED_EDGE('',*,*,#3032,.T.);
#5146 = ORIENTED_EDGE('',*,*,#5147,.T.);
#5147 = EDGE_CURVE('',#3033,#3983,#5148,.T.);
#5148 = LINE('',#5149,#5150);
#5149 = CARTESIAN_POINT('',(63.508183,-59.876796,-4.5E-02));
#5150 = VECTOR('',#5151,1.);
#5151 = DIRECTION('',(0.,0.,1.));
#5152 = ORIENTED_EDGE('',*,*,#3982,.F.);
#5153 = ORIENTED_EDGE('',*,*,#5147,.F.);
#5154 = CYLINDRICAL_SURFACE('',#5155,0.5);
#5155 = AXIS2_PLACEMENT_3D('',#5156,#5157,#5158);
#5156 = CARTESIAN_POINT('',(63.508183,-59.376796,-4.5E-02));
#5157 = DIRECTION('',(-0.,-0.,-1.));
#5158 = DIRECTION('',(-0.,-1.,0.));
#5159 = ADVANCED_FACE('',(#5160),#5171,.F.);
#5160 = FACE_BOUND('',#5161,.T.);
#5161 = EDGE_LOOP('',(#5162,#5163,#5169,#5170));
#5162 = ORIENTED_EDGE('',*,*,#3043,.T.);
#5163 = ORIENTED_EDGE('',*,*,#5164,.T.);
#5164 = EDGE_CURVE('',#3044,#3994,#5165,.T.);
#5165 = LINE('',#5166,#5167);
#5166 = CARTESIAN_POINT('',(64.709829,-53.061927,-4.5E-02));
#5167 = VECTOR('',#5168,1.);
#5168 = DIRECTION('',(0.,0.,1.));
#5169 = ORIENTED_EDGE('',*,*,#3993,.F.);
#5170 = ORIENTED_EDGE('',*,*,#5164,.F.);
#5171 = CYLINDRICAL_SURFACE('',#5172,0.5);
#5172 = AXIS2_PLACEMENT_3D('',#5173,#5174,#5175);
#5173 = CARTESIAN_POINT('',(64.709829,-52.561927,-4.5E-02));
#5174 = DIRECTION('',(-0.,-0.,-1.));
#5175 = DIRECTION('',(-0.,-1.,0.));
#5176 = ADVANCED_FACE('',(#5177),#5188,.F.);
#5177 = FACE_BOUND('',#5178,.T.);
#5178 = EDGE_LOOP('',(#5179,#5180,#5186,#5187));
#5179 = ORIENTED_EDGE('',*,*,#3054,.T.);
#5180 = ORIENTED_EDGE('',*,*,#5181,.T.);
#5181 = EDGE_CURVE('',#3055,#4005,#5182,.T.);
#5182 = LINE('',#5183,#5184);
#5183 = CARTESIAN_POINT('',(65.150895,-50.560515,-4.5E-02));
#5184 = VECTOR('',#5185,1.);
#5185 = DIRECTION('',(0.,0.,1.));
#5186 = ORIENTED_EDGE('',*,*,#4004,.F.);
#5187 = ORIENTED_EDGE('',*,*,#5181,.F.);
#5188 = CYLINDRICAL_SURFACE('',#5189,0.5);
#5189 = AXIS2_PLACEMENT_3D('',#5190,#5191,#5192);
#5190 = CARTESIAN_POINT('',(65.150895,-50.060515,-4.5E-02));
#5191 = DIRECTION('',(-0.,-0.,-1.));
#5192 = DIRECTION('',(-0.,-1.,0.));
#5193 = ADVANCED_FACE('',(#5194),#5205,.F.);
#5194 = FACE_BOUND('',#5195,.T.);
#5195 = EDGE_LOOP('',(#5196,#5197,#5203,#5204));
#5196 = ORIENTED_EDGE('',*,*,#3065,.T.);
#5197 = ORIENTED_EDGE('',*,*,#5198,.T.);
#5198 = EDGE_CURVE('',#3066,#4016,#5199,.T.);
#5199 = LINE('',#5200,#5201);
#5200 = CARTESIAN_POINT('',(50.5,-41.06,-4.5E-02));
#5201 = VECTOR('',#5202,1.);
#5202 = DIRECTION('',(0.,0.,1.));
#5203 = ORIENTED_EDGE('',*,*,#4015,.F.);
#5204 = ORIENTED_EDGE('',*,*,#5198,.F.);
#5205 = CYLINDRICAL_SURFACE('',#5206,1.1);
#5206 = AXIS2_PLACEMENT_3D('',#5207,#5208,#5209);
#5207 = CARTESIAN_POINT('',(50.5,-39.96,-4.5E-02));
#5208 = DIRECTION('',(-0.,-0.,-1.));
#5209 = DIRECTION('',(-0.,-1.,0.));
#5210 = ADVANCED_FACE('',(#5211),#5222,.F.);
#5211 = FACE_BOUND('',#5212,.T.);
#5212 = EDGE_LOOP('',(#5213,#5214,#5220,#5221));
#5213 = ORIENTED_EDGE('',*,*,#3076,.T.);
#5214 = ORIENTED_EDGE('',*,*,#5215,.T.);
#5215 = EDGE_CURVE('',#3077,#4027,#5216,.T.);
#5216 = LINE('',#5217,#5218);
#5217 = CARTESIAN_POINT('',(83.5,-41.06,-4.5E-02));
#5218 = VECTOR('',#5219,1.);
#5219 = DIRECTION('',(0.,0.,1.));
#5220 = ORIENTED_EDGE('',*,*,#4026,.F.);
#5221 = ORIENTED_EDGE('',*,*,#5215,.F.);
#5222 = CYLINDRICAL_SURFACE('',#5223,1.1);
#5223 = AXIS2_PLACEMENT_3D('',#5224,#5225,#5226);
#5224 = CARTESIAN_POINT('',(83.5,-39.96,-4.5E-02));
#5225 = DIRECTION('',(-0.,-0.,-1.));
#5226 = DIRECTION('',(-0.,-1.,0.));
#5227 = ADVANCED_FACE('',(#5228),#5239,.F.);
#5228 = FACE_BOUND('',#5229,.T.);
#5229 = EDGE_LOOP('',(#5230,#5231,#5237,#5238));
#5230 = ORIENTED_EDGE('',*,*,#3087,.T.);
#5231 = ORIENTED_EDGE('',*,*,#5232,.T.);
#5232 = EDGE_CURVE('',#3088,#4038,#5233,.T.);
#5233 = LINE('',#5234,#5235);
#5234 = CARTESIAN_POINT('',(13.,-33.5,-4.5E-02));
#5235 = VECTOR('',#5236,1.);
#5236 = DIRECTION('',(0.,0.,1.));
#5237 = ORIENTED_EDGE('',*,*,#4037,.F.);
#5238 = ORIENTED_EDGE('',*,*,#5232,.F.);
#5239 = CYLINDRICAL_SURFACE('',#5240,0.5);
#5240 = AXIS2_PLACEMENT_3D('',#5241,#5242,#5243);
#5241 = CARTESIAN_POINT('',(13.,-33.,-4.5E-02));
#5242 = DIRECTION('',(-0.,-0.,-1.));
#5243 = DIRECTION('',(-0.,-1.,0.));
#5244 = ADVANCED_FACE('',(#5245),#5256,.F.);
#5245 = FACE_BOUND('',#5246,.T.);
#5246 = EDGE_LOOP('',(#5247,#5248,#5254,#5255));
#5247 = ORIENTED_EDGE('',*,*,#3098,.T.);
#5248 = ORIENTED_EDGE('',*,*,#5249,.T.);
#5249 = EDGE_CURVE('',#3099,#4049,#5250,.T.);
#5250 = LINE('',#5251,#5252);
#5251 = CARTESIAN_POINT('',(15.54,-33.5,-4.5E-02));
#5252 = VECTOR('',#5253,1.);
#5253 = DIRECTION('',(0.,0.,1.));
#5254 = ORIENTED_EDGE('',*,*,#4048,.F.);
#5255 = ORIENTED_EDGE('',*,*,#5249,.F.);
#5256 = CYLINDRICAL_SURFACE('',#5257,0.5);
#5257 = AXIS2_PLACEMENT_3D('',#5258,#5259,#5260);
#5258 = CARTESIAN_POINT('',(15.54,-33.,-4.5E-02));
#5259 = DIRECTION('',(-0.,-0.,-1.));
#5260 = DIRECTION('',(-0.,-1.,0.));
#5261 = ADVANCED_FACE('',(#5262),#5273,.F.);
#5262 = FACE_BOUND('',#5263,.T.);
#5263 = EDGE_LOOP('',(#5264,#5265,#5271,#5272));
#5264 = ORIENTED_EDGE('',*,*,#3109,.T.);
#5265 = ORIENTED_EDGE('',*,*,#5266,.T.);
#5266 = EDGE_CURVE('',#3110,#4060,#5267,.T.);
#5267 = LINE('',#5268,#5269);
#5268 = CARTESIAN_POINT('',(22.46,-33.5,-4.5E-02));
#5269 = VECTOR('',#5270,1.);
#5270 = DIRECTION('',(0.,0.,1.));
#5271 = ORIENTED_EDGE('',*,*,#4059,.F.);
#5272 = ORIENTED_EDGE('',*,*,#5266,.F.);
#5273 = CYLINDRICAL_SURFACE('',#5274,0.5);
#5274 = AXIS2_PLACEMENT_3D('',#5275,#5276,#5277);
#5275 = CARTESIAN_POINT('',(22.46,-33.,-4.5E-02));
#5276 = DIRECTION('',(-0.,-0.,-1.));
#5277 = DIRECTION('',(-0.,-1.,0.));
#5278 = ADVANCED_FACE('',(#5279),#5290,.F.);
#5279 = FACE_BOUND('',#5280,.T.);
#5280 = EDGE_LOOP('',(#5281,#5282,#5288,#5289));
#5281 = ORIENTED_EDGE('',*,*,#3120,.T.);
#5282 = ORIENTED_EDGE('',*,*,#5283,.T.);
#5283 = EDGE_CURVE('',#3121,#4071,#5284,.T.);
#5284 = LINE('',#5285,#5286);
#5285 = CARTESIAN_POINT('',(25.,-33.5,-4.5E-02));
#5286 = VECTOR('',#5287,1.);
#5287 = DIRECTION('',(0.,0.,1.));
#5288 = ORIENTED_EDGE('',*,*,#4070,.F.);
#5289 = ORIENTED_EDGE('',*,*,#5283,.F.);
#5290 = CYLINDRICAL_SURFACE('',#5291,0.5);
#5291 = AXIS2_PLACEMENT_3D('',#5292,#5293,#5294);
#5292 = CARTESIAN_POINT('',(25.,-33.,-4.5E-02));
#5293 = DIRECTION('',(-0.,-0.,-1.));
#5294 = DIRECTION('',(-0.,-1.,0.));
#5295 = ADVANCED_FACE('',(#5296),#5307,.F.);
#5296 = FACE_BOUND('',#5297,.T.);
#5297 = EDGE_LOOP('',(#5298,#5299,#5305,#5306));
#5298 = ORIENTED_EDGE('',*,*,#3131,.T.);
#5299 = ORIENTED_EDGE('',*,*,#5300,.T.);
#5300 = EDGE_CURVE('',#3132,#4082,#5301,.T.);
#5301 = LINE('',#5302,#5303);
#5302 = CARTESIAN_POINT('',(31.,-33.5,-4.5E-02));
#5303 = VECTOR('',#5304,1.);
#5304 = DIRECTION('',(0.,0.,1.));
#5305 = ORIENTED_EDGE('',*,*,#4081,.F.);
#5306 = ORIENTED_EDGE('',*,*,#5300,.F.);
#5307 = CYLINDRICAL_SURFACE('',#5308,0.5);
#5308 = AXIS2_PLACEMENT_3D('',#5309,#5310,#5311);
#5309 = CARTESIAN_POINT('',(31.,-33.,-4.5E-02));
#5310 = DIRECTION('',(-0.,-0.,-1.));
#5311 = DIRECTION('',(-0.,-1.,0.));
#5312 = ADVANCED_FACE('',(#5313),#5324,.F.);
#5313 = FACE_BOUND('',#5314,.T.);
#5314 = EDGE_LOOP('',(#5315,#5316,#5322,#5323));
#5315 = ORIENTED_EDGE('',*,*,#3142,.T.);
#5316 = ORIENTED_EDGE('',*,*,#5317,.T.);
#5317 = EDGE_CURVE('',#3143,#4093,#5318,.T.);
#5318 = LINE('',#5319,#5320);
#5319 = CARTESIAN_POINT('',(33.54,-33.5,-4.5E-02));
#5320 = VECTOR('',#5321,1.);
#5321 = DIRECTION('',(0.,0.,1.));
#5322 = ORIENTED_EDGE('',*,*,#4092,.F.);
#5323 = ORIENTED_EDGE('',*,*,#5317,.F.);
#5324 = CYLINDRICAL_SURFACE('',#5325,0.5);
#5325 = AXIS2_PLACEMENT_3D('',#5326,#5327,#5328);
#5326 = CARTESIAN_POINT('',(33.54,-33.,-4.5E-02));
#5327 = DIRECTION('',(-0.,-0.,-1.));
#5328 = DIRECTION('',(-0.,-1.,0.));
#5329 = ADVANCED_FACE('',(#5330),#5341,.F.);
#5330 = FACE_BOUND('',#5331,.T.);
#5331 = EDGE_LOOP('',(#5332,#5333,#5339,#5340));
#5332 = ORIENTED_EDGE('',*,*,#3153,.T.);
#5333 = ORIENTED_EDGE('',*,*,#5334,.T.);
#5334 = EDGE_CURVE('',#3154,#4104,#5335,.T.);
#5335 = LINE('',#5336,#5337);
#5336 = CARTESIAN_POINT('',(40.46,-33.5,-4.5E-02));
#5337 = VECTOR('',#5338,1.);
#5338 = DIRECTION('',(0.,0.,1.));
#5339 = ORIENTED_EDGE('',*,*,#4103,.F.);
#5340 = ORIENTED_EDGE('',*,*,#5334,.F.);
#5341 = CYLINDRICAL_SURFACE('',#5342,0.5);
#5342 = AXIS2_PLACEMENT_3D('',#5343,#5344,#5345);
#5343 = CARTESIAN_POINT('',(40.46,-33.,-4.5E-02));
#5344 = DIRECTION('',(-0.,-0.,-1.));
#5345 = DIRECTION('',(-0.,-1.,0.));
#5346 = ADVANCED_FACE('',(#5347),#5358,.F.);
#5347 = FACE_BOUND('',#5348,.T.);
#5348 = EDGE_LOOP('',(#5349,#5350,#5356,#5357));
#5349 = ORIENTED_EDGE('',*,*,#3164,.T.);
#5350 = ORIENTED_EDGE('',*,*,#5351,.T.);
#5351 = EDGE_CURVE('',#3165,#4115,#5352,.T.);
#5352 = LINE('',#5353,#5354);
#5353 = CARTESIAN_POINT('',(43.,-33.5,-4.5E-02));
#5354 = VECTOR('',#5355,1.);
#5355 = DIRECTION('',(0.,0.,1.));
#5356 = ORIENTED_EDGE('',*,*,#4114,.F.);
#5357 = ORIENTED_EDGE('',*,*,#5351,.F.);
#5358 = CYLINDRICAL_SURFACE('',#5359,0.5);
#5359 = AXIS2_PLACEMENT_3D('',#5360,#5361,#5362);
#5360 = CARTESIAN_POINT('',(43.,-33.,-4.5E-02));
#5361 = DIRECTION('',(-0.,-0.,-1.));
#5362 = DIRECTION('',(-0.,-1.,0.));
#5363 = ADVANCED_FACE('',(#5364),#5375,.F.);
#5364 = FACE_BOUND('',#5365,.T.);
#5365 = EDGE_LOOP('',(#5366,#5367,#5373,#5374));
#5366 = ORIENTED_EDGE('',*,*,#3175,.T.);
#5367 = ORIENTED_EDGE('',*,*,#5368,.T.);
#5368 = EDGE_CURVE('',#3176,#4126,#5369,.T.);
#5369 = LINE('',#5370,#5371);
#5370 = CARTESIAN_POINT('',(35.85,-17.35,-4.5E-02));
#5371 = VECTOR('',#5372,1.);
#5372 = DIRECTION('',(0.,0.,1.));
#5373 = ORIENTED_EDGE('',*,*,#4125,.F.);
#5374 = ORIENTED_EDGE('',*,*,#5368,.F.);
#5375 = CYLINDRICAL_SURFACE('',#5376,0.4);
#5376 = AXIS2_PLACEMENT_3D('',#5377,#5378,#5379);
#5377 = CARTESIAN_POINT('',(35.85,-16.95,-4.5E-02));
#5378 = DIRECTION('',(-0.,-0.,-1.));
#5379 = DIRECTION('',(-0.,-1.,0.));
#5380 = ADVANCED_FACE('',(#5381),#5392,.F.);
#5381 = FACE_BOUND('',#5382,.T.);
#5382 = EDGE_LOOP('',(#5383,#5384,#5390,#5391));
#5383 = ORIENTED_EDGE('',*,*,#3186,.T.);
#5384 = ORIENTED_EDGE('',*,*,#5385,.T.);
#5385 = EDGE_CURVE('',#3187,#4137,#5386,.T.);
#5386 = LINE('',#5387,#5388);
#5387 = CARTESIAN_POINT('',(76.31,-33.76,-4.5E-02));
#5388 = VECTOR('',#5389,1.);
#5389 = DIRECTION('',(0.,0.,1.));
#5390 = ORIENTED_EDGE('',*,*,#4136,.F.);
#5391 = ORIENTED_EDGE('',*,*,#5385,.F.);
#5392 = CYLINDRICAL_SURFACE('',#5393,1.5);
#5393 = AXIS2_PLACEMENT_3D('',#5394,#5395,#5396);
#5394 = CARTESIAN_POINT('',(76.31,-32.26,-4.5E-02));
#5395 = DIRECTION('',(-0.,-0.,-1.));
#5396 = DIRECTION('',(-0.,-1.,0.));
#5397 = ADVANCED_FACE('',(#5398),#5414,.F.);
#5398 = FACE_BOUND('',#5399,.T.);
#5399 = EDGE_LOOP('',(#5400,#5401,#5407,#5408));
#5400 = ORIENTED_EDGE('',*,*,#3197,.T.);
#5401 = ORIENTED_EDGE('',*,*,#5402,.T.);
#5402 = EDGE_CURVE('',#3200,#4150,#5403,.T.);
#5403 = LINE('',#5404,#5405);
#5404 = CARTESIAN_POINT('',(82.89,-31.244,-4.5E-02));
#5405 = VECTOR('',#5406,1.);
#5406 = DIRECTION('',(0.,0.,1.));
#5407 = ORIENTED_EDGE('',*,*,#4147,.F.);
#5408 = ORIENTED_EDGE('',*,*,#5409,.F.);
#5409 = EDGE_CURVE('',#3198,#4148,#5410,.T.);
#5410 = LINE('',#5411,#5412);
#5411 = CARTESIAN_POINT('',(79.89,-31.244,-4.5E-02));
#5412 = VECTOR('',#5413,1.);
#5413 = DIRECTION('',(0.,0.,1.));
#5414 = CYLINDRICAL_SURFACE('',#5415,1.5);
#5415 = AXIS2_PLACEMENT_3D('',#5416,#5417,#5418);
#5416 = CARTESIAN_POINT('',(81.39,-31.244,-4.5E-02));
#5417 = DIRECTION('',(-0.,-0.,-1.));
#5418 = DIRECTION('',(1.,0.,-0.));
#5419 = ADVANCED_FACE('',(#5420),#5431,.T.);
#5420 = FACE_BOUND('',#5421,.T.);
#5421 = EDGE_LOOP('',(#5422,#5423,#5424,#5425));
#5422 = ORIENTED_EDGE('',*,*,#3225,.T.);
#5423 = ORIENTED_EDGE('',*,*,#5409,.T.);
#5424 = ORIENTED_EDGE('',*,*,#4175,.F.);
#5425 = ORIENTED_EDGE('',*,*,#5426,.F.);
#5426 = EDGE_CURVE('',#3217,#4167,#5427,.T.);
#5427 = LINE('',#5428,#5429);
#5428 = CARTESIAN_POINT('',(79.89,-33.276,-4.5E-02));
#5429 = VECTOR('',#5430,1.);
#5430 = DIRECTION('',(0.,0.,1.));
#5431 = PLANE('',#5432);
#5432 = AXIS2_PLACEMENT_3D('',#5433,#5434,#5435);
#5433 = CARTESIAN_POINT('',(79.89,-31.244,-4.5E-02));
#5434 = DIRECTION('',(1.,0.,-0.));
#5435 = DIRECTION('',(0.,-1.,0.));
#5436 = ADVANCED_FACE('',(#5437),#5448,.F.);
#5437 = FACE_BOUND('',#5438,.T.);
#5438 = EDGE_LOOP('',(#5439,#5440,#5441,#5442));
#5439 = ORIENTED_EDGE('',*,*,#3216,.T.);
#5440 = ORIENTED_EDGE('',*,*,#5426,.T.);
#5441 = ORIENTED_EDGE('',*,*,#4166,.F.);
#5442 = ORIENTED_EDGE('',*,*,#5443,.F.);
#5443 = EDGE_CURVE('',#3209,#4159,#5444,.T.);
#5444 = LINE('',#5445,#5446);
#5445 = CARTESIAN_POINT('',(82.89,-33.276,-4.5E-02));
#5446 = VECTOR('',#5447,1.);
#5447 = DIRECTION('',(0.,0.,1.));
#5448 = CYLINDRICAL_SURFACE('',#5449,1.5);
#5449 = AXIS2_PLACEMENT_3D('',#5450,#5451,#5452);
#5450 = CARTESIAN_POINT('',(81.39,-33.276,-4.5E-02));
#5451 = DIRECTION('',(-0.,-0.,-1.));
#5452 = DIRECTION('',(-1.,0.,-0.));
#5453 = ADVANCED_FACE('',(#5454),#5460,.T.);
#5454 = FACE_BOUND('',#5455,.T.);
#5455 = EDGE_LOOP('',(#5456,#5457,#5458,#5459));
#5456 = ORIENTED_EDGE('',*,*,#3208,.T.);
#5457 = ORIENTED_EDGE('',*,*,#5443,.T.);
#5458 = ORIENTED_EDGE('',*,*,#4158,.F.);
#5459 = ORIENTED_EDGE('',*,*,#5402,.F.);
#5460 = PLANE('',#5461);
#5461 = AXIS2_PLACEMENT_3D('',#5462,#5463,#5464);
#5462 = CARTESIAN_POINT('',(82.89,-33.276,-4.5E-02));
#5463 = DIRECTION('',(-1.,0.,0.));
#5464 = DIRECTION('',(0.,1.,0.));
#5465 = ADVANCED_FACE('',(#5466),#5477,.F.);
#5466 = FACE_BOUND('',#5467,.T.);
#5467 = EDGE_LOOP('',(#5468,#5469,#5475,#5476));
#5468 = ORIENTED_EDGE('',*,*,#3233,.T.);
#5469 = ORIENTED_EDGE('',*,*,#5470,.T.);
#5470 = EDGE_CURVE('',#3234,#4184,#5471,.T.);
#5471 = LINE('',#5472,#5473);
#5472 = CARTESIAN_POINT('',(71.16,-23.69,-4.5E-02));
#5473 = VECTOR('',#5474,1.);
#5474 = DIRECTION('',(0.,0.,1.));
#5475 = ORIENTED_EDGE('',*,*,#4183,.F.);
#5476 = ORIENTED_EDGE('',*,*,#5470,.F.);
#5477 = CYLINDRICAL_SURFACE('',#5478,0.38);
#5478 = AXIS2_PLACEMENT_3D('',#5479,#5480,#5481);
#5479 = CARTESIAN_POINT('',(71.16,-23.31,-4.5E-02));
#5480 = DIRECTION('',(-0.,-0.,-1.));
#5481 = DIRECTION('',(-0.,-1.,0.));
#5482 = ADVANCED_FACE('',(#5483),#5494,.F.);
#5483 = FACE_BOUND('',#5484,.T.);
#5484 = EDGE_LOOP('',(#5485,#5486,#5492,#5493));
#5485 = ORIENTED_EDGE('',*,*,#3244,.T.);
#5486 = ORIENTED_EDGE('',*,*,#5487,.T.);
#5487 = EDGE_CURVE('',#3245,#4195,#5488,.T.);
#5488 = LINE('',#5489,#5490);
#5489 = CARTESIAN_POINT('',(80.05,-26.18,-4.5E-02));
#5490 = VECTOR('',#5491,1.);
#5491 = DIRECTION('',(0.,0.,1.));
#5492 = ORIENTED_EDGE('',*,*,#4194,.F.);
#5493 = ORIENTED_EDGE('',*,*,#5487,.F.);
#5494 = CYLINDRICAL_SURFACE('',#5495,1.6);
#5495 = AXIS2_PLACEMENT_3D('',#5496,#5497,#5498);
#5496 = CARTESIAN_POINT('',(80.05,-24.58,-4.5E-02));
#5497 = DIRECTION('',(-0.,-0.,-1.));
#5498 = DIRECTION('',(-8.881784197001E-15,-1.,0.));
#5499 = ADVANCED_FACE('',(#5500),#5511,.F.);
#5500 = FACE_BOUND('',#5501,.T.);
#5501 = EDGE_LOOP('',(#5502,#5503,#5509,#5510));
#5502 = ORIENTED_EDGE('',*,*,#3255,.T.);
#5503 = ORIENTED_EDGE('',*,*,#5504,.T.);
#5504 = EDGE_CURVE('',#3256,#4206,#5505,.T.);
#5505 = LINE('',#5506,#5507);
#5506 = CARTESIAN_POINT('',(73.7,-22.42,-4.5E-02));
#5507 = VECTOR('',#5508,1.);
#5508 = DIRECTION('',(0.,0.,1.));
#5509 = ORIENTED_EDGE('',*,*,#4205,.F.);
#5510 = ORIENTED_EDGE('',*,*,#5504,.F.);
#5511 = CYLINDRICAL_SURFACE('',#5512,0.38);
#5512 = AXIS2_PLACEMENT_3D('',#5513,#5514,#5515);
#5513 = CARTESIAN_POINT('',(73.7,-22.04,-4.5E-02));
#5514 = DIRECTION('',(-0.,0.,-1.));
#5515 = DIRECTION('',(3.739698609264E-14,-1.,-0.));
#5516 = ADVANCED_FACE('',(#5517),#5528,.F.);
#5517 = FACE_BOUND('',#5518,.T.);
#5518 = EDGE_LOOP('',(#5519,#5520,#5526,#5527));
#5519 = ORIENTED_EDGE('',*,*,#3266,.T.);
#5520 = ORIENTED_EDGE('',*,*,#5521,.T.);
#5521 = EDGE_CURVE('',#3267,#4217,#5522,.T.);
#5522 = LINE('',#5523,#5524);
#5523 = CARTESIAN_POINT('',(71.16,-21.15,-4.5E-02));
#5524 = VECTOR('',#5525,1.);
#5525 = DIRECTION('',(0.,0.,1.));
#5526 = ORIENTED_EDGE('',*,*,#4216,.F.);
#5527 = ORIENTED_EDGE('',*,*,#5521,.F.);
#5528 = CYLINDRICAL_SURFACE('',#5529,0.38);
#5529 = AXIS2_PLACEMENT_3D('',#5530,#5531,#5532);
#5530 = CARTESIAN_POINT('',(71.16,-20.77,-4.5E-02));
#5531 = DIRECTION('',(-0.,-0.,-1.));
#5532 = DIRECTION('',(-0.,-1.,0.));
#5533 = ADVANCED_FACE('',(#5534),#5545,.F.);
#5534 = FACE_BOUND('',#5535,.T.);
#5535 = EDGE_LOOP('',(#5536,#5537,#5543,#5544));
#5536 = ORIENTED_EDGE('',*,*,#3277,.T.);
#5537 = ORIENTED_EDGE('',*,*,#5538,.T.);
#5538 = EDGE_CURVE('',#3278,#4228,#5539,.T.);
#5539 = LINE('',#5540,#5541);
#5540 = CARTESIAN_POINT('',(73.7,-19.88,-4.5E-02));
#5541 = VECTOR('',#5542,1.);
#5542 = DIRECTION('',(0.,0.,1.));
#5543 = ORIENTED_EDGE('',*,*,#4227,.F.);
#5544 = ORIENTED_EDGE('',*,*,#5538,.F.);
#5545 = CYLINDRICAL_SURFACE('',#5546,0.38);
#5546 = AXIS2_PLACEMENT_3D('',#5547,#5548,#5549);
#5547 = CARTESIAN_POINT('',(73.7,-19.5,-4.5E-02));
#5548 = DIRECTION('',(-0.,0.,-1.));
#5549 = DIRECTION('',(3.739698609264E-14,-1.,-0.));
#5550 = ADVANCED_FACE('',(#5551),#5562,.F.);
#5551 = FACE_BOUND('',#5552,.T.);
#5552 = EDGE_LOOP('',(#5553,#5554,#5560,#5561));
#5553 = ORIENTED_EDGE('',*,*,#3288,.T.);
#5554 = ORIENTED_EDGE('',*,*,#5555,.T.);
#5555 = EDGE_CURVE('',#3289,#4239,#5556,.T.);
#5556 = LINE('',#5557,#5558);
#5557 = CARTESIAN_POINT('',(71.16,-18.61,-4.5E-02));
#5558 = VECTOR('',#5559,1.);
#5559 = DIRECTION('',(0.,0.,1.));
#5560 = ORIENTED_EDGE('',*,*,#4238,.F.);
#5561 = ORIENTED_EDGE('',*,*,#5555,.F.);
#5562 = CYLINDRICAL_SURFACE('',#5563,0.38);
#5563 = AXIS2_PLACEMENT_3D('',#5564,#5565,#5566);
#5564 = CARTESIAN_POINT('',(71.16,-18.23,-4.5E-02));
#5565 = DIRECTION('',(-0.,-0.,-1.));
#5566 = DIRECTION('',(-0.,-1.,0.));
#5567 = ADVANCED_FACE('',(#5568),#5579,.F.);
#5568 = FACE_BOUND('',#5569,.T.);
#5569 = EDGE_LOOP('',(#5570,#5571,#5577,#5578));
#5570 = ORIENTED_EDGE('',*,*,#3299,.T.);
#5571 = ORIENTED_EDGE('',*,*,#5572,.T.);
#5572 = EDGE_CURVE('',#3300,#4250,#5573,.T.);
#5573 = LINE('',#5574,#5575);
#5574 = CARTESIAN_POINT('',(73.7,-17.34,-4.5E-02));
#5575 = VECTOR('',#5576,1.);
#5576 = DIRECTION('',(0.,0.,1.));
#5577 = ORIENTED_EDGE('',*,*,#4249,.F.);
#5578 = ORIENTED_EDGE('',*,*,#5572,.F.);
#5579 = CYLINDRICAL_SURFACE('',#5580,0.38);
#5580 = AXIS2_PLACEMENT_3D('',#5581,#5582,#5583);
#5581 = CARTESIAN_POINT('',(73.7,-16.96,-4.5E-02));
#5582 = DIRECTION('',(-0.,0.,-1.));
#5583 = DIRECTION('',(3.739698609264E-14,-1.,-0.));
#5584 = ADVANCED_FACE('',(#5585),#5596,.F.);
#5585 = FACE_BOUND('',#5586,.T.);
#5586 = EDGE_LOOP('',(#5587,#5588,#5594,#5595));
#5587 = ORIENTED_EDGE('',*,*,#3310,.T.);
#5588 = ORIENTED_EDGE('',*,*,#5589,.T.);
#5589 = EDGE_CURVE('',#3311,#4261,#5590,.T.);
#5590 = LINE('',#5591,#5592);
#5591 = CARTESIAN_POINT('',(8.85,-1.7,-4.5E-02));
#5592 = VECTOR('',#5593,1.);
#5593 = DIRECTION('',(0.,0.,1.));
#5594 = ORIENTED_EDGE('',*,*,#4260,.F.);
#5595 = ORIENTED_EDGE('',*,*,#5589,.F.);
#5596 = CYLINDRICAL_SURFACE('',#5597,1.25);
#5597 = AXIS2_PLACEMENT_3D('',#5598,#5599,#5600);
#5598 = CARTESIAN_POINT('',(8.85,-0.45,-4.5E-02));
#5599 = DIRECTION('',(-0.,-0.,-1.));
#5600 = DIRECTION('',(-0.,-1.,0.));
#5601 = ADVANCED_FACE('',(#5602),#5613,.F.);
#5602 = FACE_BOUND('',#5603,.T.);
#5603 = EDGE_LOOP('',(#5604,#5605,#5611,#5612));
#5604 = ORIENTED_EDGE('',*,*,#3321,.T.);
#5605 = ORIENTED_EDGE('',*,*,#5606,.T.);
#5606 = EDGE_CURVE('',#3322,#4272,#5607,.T.);
#5607 = LINE('',#5608,#5609);
#5608 = CARTESIAN_POINT('',(-59.,14.5,-4.5E-02));
#5609 = VECTOR('',#5610,1.);
#5610 = DIRECTION('',(0.,0.,1.));
#5611 = ORIENTED_EDGE('',*,*,#4271,.F.);
#5612 = ORIENTED_EDGE('',*,*,#5606,.F.);
#5613 = CYLINDRICAL_SURFACE('',#5614,0.5);
#5614 = AXIS2_PLACEMENT_3D('',#5615,#5616,#5617);
#5615 = CARTESIAN_POINT('',(-59.,15.,-4.5E-02));
#5616 = DIRECTION('',(-0.,-0.,-1.));
#5617 = DIRECTION('',(-0.,-1.,0.));
#5618 = ADVANCED_FACE('',(#5619),#5630,.F.);
#5619 = FACE_BOUND('',#5620,.T.);
#5620 = EDGE_LOOP('',(#5621,#5622,#5628,#5629));
#5621 = ORIENTED_EDGE('',*,*,#3332,.T.);
#5622 = ORIENTED_EDGE('',*,*,#5623,.T.);
#5623 = EDGE_CURVE('',#3333,#4283,#5624,.T.);
#5624 = LINE('',#5625,#5626);
#5625 = CARTESIAN_POINT('',(-56.46,14.5,-4.5E-02));
#5626 = VECTOR('',#5627,1.);
#5627 = DIRECTION('',(0.,0.,1.));
#5628 = ORIENTED_EDGE('',*,*,#4282,.F.);
#5629 = ORIENTED_EDGE('',*,*,#5623,.F.);
#5630 = CYLINDRICAL_SURFACE('',#5631,0.5);
#5631 = AXIS2_PLACEMENT_3D('',#5632,#5633,#5634);
#5632 = CARTESIAN_POINT('',(-56.46,15.,-4.5E-02));
#5633 = DIRECTION('',(-0.,-0.,-1.));
#5634 = DIRECTION('',(-0.,-1.,0.));
#5635 = ADVANCED_FACE('',(#5636),#5647,.F.);
#5636 = FACE_BOUND('',#5637,.T.);
#5637 = EDGE_LOOP('',(#5638,#5639,#5645,#5646));
#5638 = ORIENTED_EDGE('',*,*,#3343,.T.);
#5639 = ORIENTED_EDGE('',*,*,#5640,.T.);
#5640 = EDGE_CURVE('',#3344,#4294,#5641,.T.);
#5641 = LINE('',#5642,#5643);
#5642 = CARTESIAN_POINT('',(-49.54,14.5,-4.5E-02));
#5643 = VECTOR('',#5644,1.);
#5644 = DIRECTION('',(0.,0.,1.));
#5645 = ORIENTED_EDGE('',*,*,#4293,.F.);
#5646 = ORIENTED_EDGE('',*,*,#5640,.F.);
#5647 = CYLINDRICAL_SURFACE('',#5648,0.5);
#5648 = AXIS2_PLACEMENT_3D('',#5649,#5650,#5651);
#5649 = CARTESIAN_POINT('',(-49.54,15.,-4.5E-02));
#5650 = DIRECTION('',(-0.,-0.,-1.));
#5651 = DIRECTION('',(-0.,-1.,0.));
#5652 = ADVANCED_FACE('',(#5653),#5664,.F.);
#5653 = FACE_BOUND('',#5654,.T.);
#5654 = EDGE_LOOP('',(#5655,#5656,#5662,#5663));
#5655 = ORIENTED_EDGE('',*,*,#3354,.T.);
#5656 = ORIENTED_EDGE('',*,*,#5657,.T.);
#5657 = EDGE_CURVE('',#3355,#4305,#5658,.T.);
#5658 = LINE('',#5659,#5660);
#5659 = CARTESIAN_POINT('',(-47.,14.5,-4.5E-02));
#5660 = VECTOR('',#5661,1.);
#5661 = DIRECTION('',(0.,0.,1.));
#5662 = ORIENTED_EDGE('',*,*,#4304,.F.);
#5663 = ORIENTED_EDGE('',*,*,#5657,.F.);
#5664 = CYLINDRICAL_SURFACE('',#5665,0.5);
#5665 = AXIS2_PLACEMENT_3D('',#5666,#5667,#5668);
#5666 = CARTESIAN_POINT('',(-47.,15.,-4.5E-02));
#5667 = DIRECTION('',(-0.,-0.,-1.));
#5668 = DIRECTION('',(-0.,-1.,0.));
#5669 = ADVANCED_FACE('',(#5670),#5681,.F.);
#5670 = FACE_BOUND('',#5671,.T.);
#5671 = EDGE_LOOP('',(#5672,#5673,#5679,#5680));
#5672 = ORIENTED_EDGE('',*,*,#3365,.T.);
#5673 = ORIENTED_EDGE('',*,*,#5674,.T.);
#5674 = EDGE_CURVE('',#3366,#4316,#5675,.T.);
#5675 = LINE('',#5676,#5677);
#5676 = CARTESIAN_POINT('',(-41.,14.5,-4.5E-02));
#5677 = VECTOR('',#5678,1.);
#5678 = DIRECTION('',(0.,0.,1.));
#5679 = ORIENTED_EDGE('',*,*,#4315,.F.);
#5680 = ORIENTED_EDGE('',*,*,#5674,.F.);
#5681 = CYLINDRICAL_SURFACE('',#5682,0.5);
#5682 = AXIS2_PLACEMENT_3D('',#5683,#5684,#5685);
#5683 = CARTESIAN_POINT('',(-41.,15.,-4.5E-02));
#5684 = DIRECTION('',(-0.,-0.,-1.));
#5685 = DIRECTION('',(-0.,-1.,0.));
#5686 = ADVANCED_FACE('',(#5687),#5698,.F.);
#5687 = FACE_BOUND('',#5688,.T.);
#5688 = EDGE_LOOP('',(#5689,#5690,#5696,#5697));
#5689 = ORIENTED_EDGE('',*,*,#3376,.T.);
#5690 = ORIENTED_EDGE('',*,*,#5691,.T.);
#5691 = EDGE_CURVE('',#3377,#4327,#5692,.T.);
#5692 = LINE('',#5693,#5694);
#5693 = CARTESIAN_POINT('',(-38.46,14.5,-4.5E-02));
#5694 = VECTOR('',#5695,1.);
#5695 = DIRECTION('',(0.,0.,1.));
#5696 = ORIENTED_EDGE('',*,*,#4326,.F.);
#5697 = ORIENTED_EDGE('',*,*,#5691,.F.);
#5698 = CYLINDRICAL_SURFACE('',#5699,0.5);
#5699 = AXIS2_PLACEMENT_3D('',#5700,#5701,#5702);
#5700 = CARTESIAN_POINT('',(-38.46,15.,-4.5E-02));
#5701 = DIRECTION('',(-0.,-0.,-1.));
#5702 = DIRECTION('',(-0.,-1.,0.));
#5703 = ADVANCED_FACE('',(#5704),#5715,.F.);
#5704 = FACE_BOUND('',#5705,.T.);
#5705 = EDGE_LOOP('',(#5706,#5707,#5713,#5714));
#5706 = ORIENTED_EDGE('',*,*,#3387,.T.);
#5707 = ORIENTED_EDGE('',*,*,#5708,.T.);
#5708 = EDGE_CURVE('',#3388,#4338,#5709,.T.);
#5709 = LINE('',#5710,#5711);
#5710 = CARTESIAN_POINT('',(-31.54,14.5,-4.5E-02));
#5711 = VECTOR('',#5712,1.);
#5712 = DIRECTION('',(0.,0.,1.));
#5713 = ORIENTED_EDGE('',*,*,#4337,.F.);
#5714 = ORIENTED_EDGE('',*,*,#5708,.F.);
#5715 = CYLINDRICAL_SURFACE('',#5716,0.5);
#5716 = AXIS2_PLACEMENT_3D('',#5717,#5718,#5719);
#5717 = CARTESIAN_POINT('',(-31.54,15.,-4.5E-02));
#5718 = DIRECTION('',(-0.,-0.,-1.));
#5719 = DIRECTION('',(-0.,-1.,0.));
#5720 = ADVANCED_FACE('',(#5721),#5732,.F.);
#5721 = FACE_BOUND('',#5722,.T.);
#5722 = EDGE_LOOP('',(#5723,#5724,#5730,#5731));
#5723 = ORIENTED_EDGE('',*,*,#3398,.T.);
#5724 = ORIENTED_EDGE('',*,*,#5725,.T.);
#5725 = EDGE_CURVE('',#3399,#4349,#5726,.T.);
#5726 = LINE('',#5727,#5728);
#5727 = CARTESIAN_POINT('',(-29.,14.5,-4.5E-02));
#5728 = VECTOR('',#5729,1.);
#5729 = DIRECTION('',(0.,0.,1.));
#5730 = ORIENTED_EDGE('',*,*,#4348,.F.);
#5731 = ORIENTED_EDGE('',*,*,#5725,.F.);
#5732 = CYLINDRICAL_SURFACE('',#5733,0.5);
#5733 = AXIS2_PLACEMENT_3D('',#5734,#5735,#5736);
#5734 = CARTESIAN_POINT('',(-29.,15.,-4.5E-02));
#5735 = DIRECTION('',(-0.,-0.,-1.));
#5736 = DIRECTION('',(-0.,-1.,0.));
#5737 = ADVANCED_FACE('',(#5738),#5749,.F.);
#5738 = FACE_BOUND('',#5739,.T.);
#5739 = EDGE_LOOP('',(#5740,#5741,#5747,#5748));
#5740 = ORIENTED_EDGE('',*,*,#3409,.T.);
#5741 = ORIENTED_EDGE('',*,*,#5742,.T.);
#5742 = EDGE_CURVE('',#3410,#4360,#5743,.T.);
#5743 = LINE('',#5744,#5745);
#5744 = CARTESIAN_POINT('',(-23.,23.5,-4.5E-02));
#5745 = VECTOR('',#5746,1.);
#5746 = DIRECTION('',(0.,0.,1.));
#5747 = ORIENTED_EDGE('',*,*,#4359,.F.);
#5748 = ORIENTED_EDGE('',*,*,#5742,.F.);
#5749 = CYLINDRICAL_SURFACE('',#5750,0.5);
#5750 = AXIS2_PLACEMENT_3D('',#5751,#5752,#5753);
#5751 = CARTESIAN_POINT('',(-23.,24.,-4.5E-02));
#5752 = DIRECTION('',(-0.,-0.,-1.));
#5753 = DIRECTION('',(-0.,-1.,0.));
#5754 = ADVANCED_FACE('',(#5755),#5766,.F.);
#5755 = FACE_BOUND('',#5756,.T.);
#5756 = EDGE_LOOP('',(#5757,#5758,#5764,#5765));
#5757 = ORIENTED_EDGE('',*,*,#3420,.T.);
#5758 = ORIENTED_EDGE('',*,*,#5759,.T.);
#5759 = EDGE_CURVE('',#3421,#4371,#5760,.T.);
#5760 = LINE('',#5761,#5762);
#5761 = CARTESIAN_POINT('',(-20.46,23.5,-4.5E-02));
#5762 = VECTOR('',#5763,1.);
#5763 = DIRECTION('',(0.,0.,1.));
#5764 = ORIENTED_EDGE('',*,*,#4370,.F.);
#5765 = ORIENTED_EDGE('',*,*,#5759,.F.);
#5766 = CYLINDRICAL_SURFACE('',#5767,0.5);
#5767 = AXIS2_PLACEMENT_3D('',#5768,#5769,#5770);
#5768 = CARTESIAN_POINT('',(-20.46,24.,-4.5E-02));
#5769 = DIRECTION('',(-0.,-0.,-1.));
#5770 = DIRECTION('',(-0.,-1.,0.));
#5771 = ADVANCED_FACE('',(#5772),#5783,.F.);
#5772 = FACE_BOUND('',#5773,.T.);
#5773 = EDGE_LOOP('',(#5774,#5775,#5781,#5782));
#5774 = ORIENTED_EDGE('',*,*,#3431,.T.);
#5775 = ORIENTED_EDGE('',*,*,#5776,.T.);
#5776 = EDGE_CURVE('',#3432,#4382,#5777,.T.);
#5777 = LINE('',#5778,#5779);
#5778 = CARTESIAN_POINT('',(-13.54,23.5,-4.5E-02));
#5779 = VECTOR('',#5780,1.);
#5780 = DIRECTION('',(0.,0.,1.));
#5781 = ORIENTED_EDGE('',*,*,#4381,.F.);
#5782 = ORIENTED_EDGE('',*,*,#5776,.F.);
#5783 = CYLINDRICAL_SURFACE('',#5784,0.5);
#5784 = AXIS2_PLACEMENT_3D('',#5785,#5786,#5787);
#5785 = CARTESIAN_POINT('',(-13.54,24.,-4.5E-02));
#5786 = DIRECTION('',(-0.,-0.,-1.));
#5787 = DIRECTION('',(-0.,-1.,0.));
#5788 = ADVANCED_FACE('',(#5789),#5800,.F.);
#5789 = FACE_BOUND('',#5790,.T.);
#5790 = EDGE_LOOP('',(#5791,#5792,#5798,#5799));
#5791 = ORIENTED_EDGE('',*,*,#3442,.T.);
#5792 = ORIENTED_EDGE('',*,*,#5793,.T.);
#5793 = EDGE_CURVE('',#3443,#4393,#5794,.T.);
#5794 = LINE('',#5795,#5796);
#5795 = CARTESIAN_POINT('',(-11.,23.5,-4.5E-02));
#5796 = VECTOR('',#5797,1.);
#5797 = DIRECTION('',(0.,0.,1.));
#5798 = ORIENTED_EDGE('',*,*,#4392,.F.);
#5799 = ORIENTED_EDGE('',*,*,#5793,.F.);
#5800 = CYLINDRICAL_SURFACE('',#5801,0.5);
#5801 = AXIS2_PLACEMENT_3D('',#5802,#5803,#5804);
#5802 = CARTESIAN_POINT('',(-11.,24.,-4.5E-02));
#5803 = DIRECTION('',(-0.,-0.,-1.));
#5804 = DIRECTION('',(-0.,-1.,0.));
#5805 = ADVANCED_FACE('',(#5806),#5817,.F.);
#5806 = FACE_BOUND('',#5807,.T.);
#5807 = EDGE_LOOP('',(#5808,#5809,#5815,#5816));
#5808 = ORIENTED_EDGE('',*,*,#3453,.T.);
#5809 = ORIENTED_EDGE('',*,*,#5810,.T.);
#5810 = EDGE_CURVE('',#3454,#4404,#5811,.T.);
#5811 = LINE('',#5812,#5813);
#5812 = CARTESIAN_POINT('',(-5.,27.5,-4.5E-02));
#5813 = VECTOR('',#5814,1.);
#5814 = DIRECTION('',(0.,0.,1.));
#5815 = ORIENTED_EDGE('',*,*,#4403,.F.);
#5816 = ORIENTED_EDGE('',*,*,#5810,.F.);
#5817 = CYLINDRICAL_SURFACE('',#5818,0.5);
#5818 = AXIS2_PLACEMENT_3D('',#5819,#5820,#5821);
#5819 = CARTESIAN_POINT('',(-5.,28.,-4.5E-02));
#5820 = DIRECTION('',(-0.,-0.,-1.));
#5821 = DIRECTION('',(-0.,-1.,0.));
#5822 = ADVANCED_FACE('',(#5823),#5834,.F.);
#5823 = FACE_BOUND('',#5824,.T.);
#5824 = EDGE_LOOP('',(#5825,#5826,#5832,#5833));
#5825 = ORIENTED_EDGE('',*,*,#3464,.T.);
#5826 = ORIENTED_EDGE('',*,*,#5827,.T.);
#5827 = EDGE_CURVE('',#3465,#4415,#5828,.T.);
#5828 = LINE('',#5829,#5830);
#5829 = CARTESIAN_POINT('',(-2.46,27.5,-4.5E-02));
#5830 = VECTOR('',#5831,1.);
#5831 = DIRECTION('',(0.,0.,1.));
#5832 = ORIENTED_EDGE('',*,*,#4414,.F.);
#5833 = ORIENTED_EDGE('',*,*,#5827,.F.);
#5834 = CYLINDRICAL_SURFACE('',#5835,0.5);
#5835 = AXIS2_PLACEMENT_3D('',#5836,#5837,#5838);
#5836 = CARTESIAN_POINT('',(-2.46,28.,-4.5E-02));
#5837 = DIRECTION('',(-0.,-0.,-1.));
#5838 = DIRECTION('',(-0.,-1.,0.));
#5839 = ADVANCED_FACE('',(#5840),#5851,.F.);
#5840 = FACE_BOUND('',#5841,.T.);
#5841 = EDGE_LOOP('',(#5842,#5843,#5849,#5850));
#5842 = ORIENTED_EDGE('',*,*,#3475,.T.);
#5843 = ORIENTED_EDGE('',*,*,#5844,.T.);
#5844 = EDGE_CURVE('',#3476,#4426,#5845,.T.);
#5845 = LINE('',#5846,#5847);
#5846 = CARTESIAN_POINT('',(4.46,27.5,-4.5E-02));
#5847 = VECTOR('',#5848,1.);
#5848 = DIRECTION('',(0.,0.,1.));
#5849 = ORIENTED_EDGE('',*,*,#4425,.F.);
#5850 = ORIENTED_EDGE('',*,*,#5844,.F.);
#5851 = CYLINDRICAL_SURFACE('',#5852,0.5);
#5852 = AXIS2_PLACEMENT_3D('',#5853,#5854,#5855);
#5853 = CARTESIAN_POINT('',(4.46,28.,-4.5E-02));
#5854 = DIRECTION('',(-0.,-0.,-1.));
#5855 = DIRECTION('',(-0.,-1.,0.));
#5856 = ADVANCED_FACE('',(#5857),#5868,.F.);
#5857 = FACE_BOUND('',#5858,.T.);
#5858 = EDGE_LOOP('',(#5859,#5860,#5866,#5867));
#5859 = ORIENTED_EDGE('',*,*,#3486,.T.);
#5860 = ORIENTED_EDGE('',*,*,#5861,.T.);
#5861 = EDGE_CURVE('',#3487,#4437,#5862,.T.);
#5862 = LINE('',#5863,#5864);
#5863 = CARTESIAN_POINT('',(7.,27.5,-4.5E-02));
#5864 = VECTOR('',#5865,1.);
#5865 = DIRECTION('',(0.,0.,1.));
#5866 = ORIENTED_EDGE('',*,*,#4436,.F.);
#5867 = ORIENTED_EDGE('',*,*,#5861,.F.);
#5868 = CYLINDRICAL_SURFACE('',#5869,0.5);
#5869 = AXIS2_PLACEMENT_3D('',#5870,#5871,#5872);
#5870 = CARTESIAN_POINT('',(7.,28.,-4.5E-02));
#5871 = DIRECTION('',(-0.,-0.,-1.));
#5872 = DIRECTION('',(-0.,-1.,0.));
#5873 = ADVANCED_FACE('',(#5874),#5885,.F.);
#5874 = FACE_BOUND('',#5875,.T.);
#5875 = EDGE_LOOP('',(#5876,#5877,#5883,#5884));
#5876 = ORIENTED_EDGE('',*,*,#3497,.T.);
#5877 = ORIENTED_EDGE('',*,*,#5878,.T.);
#5878 = EDGE_CURVE('',#3498,#4448,#5879,.T.);
#5879 = LINE('',#5880,#5881);
#5880 = CARTESIAN_POINT('',(35.85,-1.35,-4.5E-02));
#5881 = VECTOR('',#5882,1.);
#5882 = DIRECTION('',(0.,0.,1.));
#5883 = ORIENTED_EDGE('',*,*,#4447,.F.);
#5884 = ORIENTED_EDGE('',*,*,#5878,.F.);
#5885 = CYLINDRICAL_SURFACE('',#5886,0.4);
#5886 = AXIS2_PLACEMENT_3D('',#5887,#5888,#5889);
#5887 = CARTESIAN_POINT('',(35.85,-0.95,-4.5E-02));
#5888 = DIRECTION('',(-0.,-0.,-1.));
#5889 = DIRECTION('',(-0.,-1.,0.));
#5890 = ADVANCED_FACE('',(#5891),#5902,.F.);
#5891 = FACE_BOUND('',#5892,.T.);
#5892 = EDGE_LOOP('',(#5893,#5894,#5900,#5901));
#5893 = ORIENTED_EDGE('',*,*,#3508,.T.);
#5894 = ORIENTED_EDGE('',*,*,#5895,.T.);
#5895 = EDGE_CURVE('',#3509,#4459,#5896,.T.);
#5896 = LINE('',#5897,#5898);
#5897 = CARTESIAN_POINT('',(50.5,-8.06,-4.5E-02));
#5898 = VECTOR('',#5899,1.);
#5899 = DIRECTION('',(0.,0.,1.));
#5900 = ORIENTED_EDGE('',*,*,#4458,.F.);
#5901 = ORIENTED_EDGE('',*,*,#5895,.F.);
#5902 = CYLINDRICAL_SURFACE('',#5903,1.1);
#5903 = AXIS2_PLACEMENT_3D('',#5904,#5905,#5906);
#5904 = CARTESIAN_POINT('',(50.5,-6.96,-4.5E-02));
#5905 = DIRECTION('',(-0.,-0.,-1.));
#5906 = DIRECTION('',(-0.,-1.,0.));
#5907 = ADVANCED_FACE('',(#5908),#5919,.F.);
#5908 = FACE_BOUND('',#5909,.T.);
#5909 = EDGE_LOOP('',(#5910,#5911,#5917,#5918));
#5910 = ORIENTED_EDGE('',*,*,#3519,.T.);
#5911 = ORIENTED_EDGE('',*,*,#5912,.T.);
#5912 = EDGE_CURVE('',#3520,#4470,#5913,.T.);
#5913 = LINE('',#5914,#5915);
#5914 = CARTESIAN_POINT('',(71.16,-16.07,-4.5E-02));
#5915 = VECTOR('',#5916,1.);
#5916 = DIRECTION('',(0.,0.,1.));
#5917 = ORIENTED_EDGE('',*,*,#4469,.F.);
#5918 = ORIENTED_EDGE('',*,*,#5912,.F.);
#5919 = CYLINDRICAL_SURFACE('',#5920,0.38);
#5920 = AXIS2_PLACEMENT_3D('',#5921,#5922,#5923);
#5921 = CARTESIAN_POINT('',(71.16,-15.69,-4.5E-02));
#5922 = DIRECTION('',(-0.,-0.,-1.));
#5923 = DIRECTION('',(-0.,-1.,0.));
#5924 = ADVANCED_FACE('',(#5925),#5936,.F.);
#5925 = FACE_BOUND('',#5926,.T.);
#5926 = EDGE_LOOP('',(#5927,#5928,#5934,#5935));
#5927 = ORIENTED_EDGE('',*,*,#3530,.T.);
#5928 = ORIENTED_EDGE('',*,*,#5929,.T.);
#5929 = EDGE_CURVE('',#3531,#4481,#5930,.T.);
#5930 = LINE('',#5931,#5932);
#5931 = CARTESIAN_POINT('',(73.7,-14.8,-4.5E-02));
#5932 = VECTOR('',#5933,1.);
#5933 = DIRECTION('',(0.,0.,1.));
#5934 = ORIENTED_EDGE('',*,*,#4480,.F.);
#5935 = ORIENTED_EDGE('',*,*,#5929,.F.);
#5936 = CYLINDRICAL_SURFACE('',#5937,0.38);
#5937 = AXIS2_PLACEMENT_3D('',#5938,#5939,#5940);
#5938 = CARTESIAN_POINT('',(73.7,-14.42,-4.5E-02));
#5939 = DIRECTION('',(-0.,0.,-1.));
#5940 = DIRECTION('',(3.739698609264E-14,-1.,-0.));
#5941 = ADVANCED_FACE('',(#5942),#5953,.F.);
#5942 = FACE_BOUND('',#5943,.T.);
#5943 = EDGE_LOOP('',(#5944,#5945,#5951,#5952));
#5944 = ORIENTED_EDGE('',*,*,#3541,.T.);
#5945 = ORIENTED_EDGE('',*,*,#5946,.T.);
#5946 = EDGE_CURVE('',#3542,#4492,#5947,.T.);
#5947 = LINE('',#5948,#5949);
#5948 = CARTESIAN_POINT('',(80.05,-14.75,-4.5E-02));
#5949 = VECTOR('',#5950,1.);
#5950 = DIRECTION('',(0.,0.,1.));
#5951 = ORIENTED_EDGE('',*,*,#4491,.F.);
#5952 = ORIENTED_EDGE('',*,*,#5946,.F.);
#5953 = CYLINDRICAL_SURFACE('',#5954,1.6);
#5954 = AXIS2_PLACEMENT_3D('',#5955,#5956,#5957);
#5955 = CARTESIAN_POINT('',(80.05,-13.15,-4.5E-02));
#5956 = DIRECTION('',(-0.,-0.,-1.));
#5957 = DIRECTION('',(-8.881784197001E-15,-1.,0.));
#5958 = ADVANCED_FACE('',(#5959),#5970,.F.);
#5959 = FACE_BOUND('',#5960,.T.);
#5960 = EDGE_LOOP('',(#5961,#5962,#5968,#5969));
#5961 = ORIENTED_EDGE('',*,*,#3552,.T.);
#5962 = ORIENTED_EDGE('',*,*,#5963,.T.);
#5963 = EDGE_CURVE('',#3553,#4503,#5964,.T.);
#5964 = LINE('',#5965,#5966);
#5965 = CARTESIAN_POINT('',(83.5,-8.06,-4.5E-02));
#5966 = VECTOR('',#5967,1.);
#5967 = DIRECTION('',(0.,0.,1.));
#5968 = ORIENTED_EDGE('',*,*,#4502,.F.);
#5969 = ORIENTED_EDGE('',*,*,#5963,.F.);
#5970 = CYLINDRICAL_SURFACE('',#5971,1.1);
#5971 = AXIS2_PLACEMENT_3D('',#5972,#5973,#5974);
#5972 = CARTESIAN_POINT('',(83.5,-6.96,-4.5E-02));
#5973 = DIRECTION('',(-0.,-0.,-1.));
#5974 = DIRECTION('',(-0.,-1.,0.));
#5975 = ADVANCED_FACE('',(#5976),#5987,.F.);
#5976 = FACE_BOUND('',#5977,.T.);
#5977 = EDGE_LOOP('',(#5978,#5979,#5985,#5986));
#5978 = ORIENTED_EDGE('',*,*,#3563,.T.);
#5979 = ORIENTED_EDGE('',*,*,#5980,.T.);
#5980 = EDGE_CURVE('',#3564,#4514,#5981,.T.);
#5981 = LINE('',#5982,#5983);
#5982 = CARTESIAN_POINT('',(13.,23.5,-4.5E-02));
#5983 = VECTOR('',#5984,1.);
#5984 = DIRECTION('',(0.,0.,1.));
#5985 = ORIENTED_EDGE('',*,*,#4513,.F.);
#5986 = ORIENTED_EDGE('',*,*,#5980,.F.);
#5987 = CYLINDRICAL_SURFACE('',#5988,0.5);
#5988 = AXIS2_PLACEMENT_3D('',#5989,#5990,#5991);
#5989 = CARTESIAN_POINT('',(13.,24.,-4.5E-02));
#5990 = DIRECTION('',(-0.,-0.,-1.));
#5991 = DIRECTION('',(-0.,-1.,0.));
#5992 = ADVANCED_FACE('',(#5993),#6004,.F.);
#5993 = FACE_BOUND('',#5994,.T.);
#5994 = EDGE_LOOP('',(#5995,#5996,#6002,#6003));
#5995 = ORIENTED_EDGE('',*,*,#3574,.T.);
#5996 = ORIENTED_EDGE('',*,*,#5997,.T.);
#5997 = EDGE_CURVE('',#3575,#4525,#5998,.T.);
#5998 = LINE('',#5999,#6000);
#5999 = CARTESIAN_POINT('',(15.54,23.5,-4.5E-02));
#6000 = VECTOR('',#6001,1.);
#6001 = DIRECTION('',(0.,0.,1.));
#6002 = ORIENTED_EDGE('',*,*,#4524,.F.);
#6003 = ORIENTED_EDGE('',*,*,#5997,.F.);
#6004 = CYLINDRICAL_SURFACE('',#6005,0.5);
#6005 = AXIS2_PLACEMENT_3D('',#6006,#6007,#6008);
#6006 = CARTESIAN_POINT('',(15.54,24.,-4.5E-02));
#6007 = DIRECTION('',(-0.,-0.,-1.));
#6008 = DIRECTION('',(-0.,-1.,0.));
#6009 = ADVANCED_FACE('',(#6010),#6021,.F.);
#6010 = FACE_BOUND('',#6011,.T.);
#6011 = EDGE_LOOP('',(#6012,#6013,#6019,#6020));
#6012 = ORIENTED_EDGE('',*,*,#3585,.T.);
#6013 = ORIENTED_EDGE('',*,*,#6014,.T.);
#6014 = EDGE_CURVE('',#3586,#4536,#6015,.T.);
#6015 = LINE('',#6016,#6017);
#6016 = CARTESIAN_POINT('',(22.46,23.5,-4.5E-02));
#6017 = VECTOR('',#6018,1.);
#6018 = DIRECTION('',(0.,0.,1.));
#6019 = ORIENTED_EDGE('',*,*,#4535,.F.);
#6020 = ORIENTED_EDGE('',*,*,#6014,.F.);
#6021 = CYLINDRICAL_SURFACE('',#6022,0.5);
#6022 = AXIS2_PLACEMENT_3D('',#6023,#6024,#6025);
#6023 = CARTESIAN_POINT('',(22.46,24.,-4.5E-02));
#6024 = DIRECTION('',(-0.,-0.,-1.));
#6025 = DIRECTION('',(-0.,-1.,0.));
#6026 = ADVANCED_FACE('',(#6027),#6038,.F.);
#6027 = FACE_BOUND('',#6028,.T.);
#6028 = EDGE_LOOP('',(#6029,#6030,#6036,#6037));
#6029 = ORIENTED_EDGE('',*,*,#3596,.T.);
#6030 = ORIENTED_EDGE('',*,*,#6031,.T.);
#6031 = EDGE_CURVE('',#3597,#4547,#6032,.T.);
#6032 = LINE('',#6033,#6034);
#6033 = CARTESIAN_POINT('',(25.,23.5,-4.5E-02));
#6034 = VECTOR('',#6035,1.);
#6035 = DIRECTION('',(0.,0.,1.));
#6036 = ORIENTED_EDGE('',*,*,#4546,.F.);
#6037 = ORIENTED_EDGE('',*,*,#6031,.F.);
#6038 = CYLINDRICAL_SURFACE('',#6039,0.5);
#6039 = AXIS2_PLACEMENT_3D('',#6040,#6041,#6042);
#6040 = CARTESIAN_POINT('',(25.,24.,-4.5E-02));
#6041 = DIRECTION('',(-0.,-0.,-1.));
#6042 = DIRECTION('',(-0.,-1.,0.));
#6043 = ADVANCED_FACE('',(#6044),#6055,.F.);
#6044 = FACE_BOUND('',#6045,.T.);
#6045 = EDGE_LOOP('',(#6046,#6047,#6053,#6054));
#6046 = ORIENTED_EDGE('',*,*,#3607,.T.);
#6047 = ORIENTED_EDGE('',*,*,#6048,.T.);
#6048 = EDGE_CURVE('',#3608,#4558,#6049,.T.);
#6049 = LINE('',#6050,#6051);
#6050 = CARTESIAN_POINT('',(31.,23.5,-4.5E-02));
#6051 = VECTOR('',#6052,1.);
#6052 = DIRECTION('',(0.,0.,1.));
#6053 = ORIENTED_EDGE('',*,*,#4557,.F.);
#6054 = ORIENTED_EDGE('',*,*,#6048,.F.);
#6055 = CYLINDRICAL_SURFACE('',#6056,0.5);
#6056 = AXIS2_PLACEMENT_3D('',#6057,#6058,#6059);
#6057 = CARTESIAN_POINT('',(31.,24.,-4.5E-02));
#6058 = DIRECTION('',(-0.,-0.,-1.));
#6059 = DIRECTION('',(-0.,-1.,0.));
#6060 = ADVANCED_FACE('',(#6061),#6072,.F.);
#6061 = FACE_BOUND('',#6062,.T.);
#6062 = EDGE_LOOP('',(#6063,#6064,#6070,#6071));
#6063 = ORIENTED_EDGE('',*,*,#3618,.T.);
#6064 = ORIENTED_EDGE('',*,*,#6065,.T.);
#6065 = EDGE_CURVE('',#3619,#4569,#6066,.T.);
#6066 = LINE('',#6067,#6068);
#6067 = CARTESIAN_POINT('',(33.54,23.5,-4.5E-02));
#6068 = VECTOR('',#6069,1.);
#6069 = DIRECTION('',(0.,0.,1.));
#6070 = ORIENTED_EDGE('',*,*,#4568,.F.);
#6071 = ORIENTED_EDGE('',*,*,#6065,.F.);
#6072 = CYLINDRICAL_SURFACE('',#6073,0.5);
#6073 = AXIS2_PLACEMENT_3D('',#6074,#6075,#6076);
#6074 = CARTESIAN_POINT('',(33.54,24.,-4.5E-02));
#6075 = DIRECTION('',(-0.,-0.,-1.));
#6076 = DIRECTION('',(-0.,-1.,0.));
#6077 = ADVANCED_FACE('',(#6078),#6089,.F.);
#6078 = FACE_BOUND('',#6079,.T.);
#6079 = EDGE_LOOP('',(#6080,#6081,#6087,#6088));
#6080 = ORIENTED_EDGE('',*,*,#3629,.T.);
#6081 = ORIENTED_EDGE('',*,*,#6082,.T.);
#6082 = EDGE_CURVE('',#3630,#4580,#6083,.T.);
#6083 = LINE('',#6084,#6085);
#6084 = CARTESIAN_POINT('',(40.46,23.5,-4.5E-02));
#6085 = VECTOR('',#6086,1.);
#6086 = DIRECTION('',(0.,0.,1.));
#6087 = ORIENTED_EDGE('',*,*,#4579,.F.);
#6088 = ORIENTED_EDGE('',*,*,#6082,.F.);
#6089 = CYLINDRICAL_SURFACE('',#6090,0.5);
#6090 = AXIS2_PLACEMENT_3D('',#6091,#6092,#6093);
#6091 = CARTESIAN_POINT('',(40.46,24.,-4.5E-02));
#6092 = DIRECTION('',(-0.,-0.,-1.));
#6093 = DIRECTION('',(-0.,-1.,0.));
#6094 = ADVANCED_FACE('',(#6095),#6106,.F.);
#6095 = FACE_BOUND('',#6096,.T.);
#6096 = EDGE_LOOP('',(#6097,#6098,#6104,#6105));
#6097 = ORIENTED_EDGE('',*,*,#3640,.T.);
#6098 = ORIENTED_EDGE('',*,*,#6099,.T.);
#6099 = EDGE_CURVE('',#3641,#4591,#6100,.T.);
#6100 = LINE('',#6101,#6102);
#6101 = CARTESIAN_POINT('',(43.,23.5,-4.5E-02));
#6102 = VECTOR('',#6103,1.);
#6103 = DIRECTION('',(0.,0.,1.));
#6104 = ORIENTED_EDGE('',*,*,#4590,.F.);
#6105 = ORIENTED_EDGE('',*,*,#6099,.F.);
#6106 = CYLINDRICAL_SURFACE('',#6107,0.5);
#6107 = AXIS2_PLACEMENT_3D('',#6108,#6109,#6110);
#6108 = CARTESIAN_POINT('',(43.,24.,-4.5E-02));
#6109 = DIRECTION('',(-0.,-0.,-1.));
#6110 = DIRECTION('',(-0.,-1.,0.));
#6111 = ( GEOMETRIC_REPRESENTATION_CONTEXT(3) 
GLOBAL_UNCERTAINTY_ASSIGNED_CONTEXT((#6115)) 
GLOBAL_UNIT_ASSIGNED_CONTEXT((#6112,#6113,#6114)) REPRESENTATION_CONTEXT
('Context #1','3D Context with UNIT and UNCERTAINTY') );
#6112 = ( LENGTH_UNIT() NAMED_UNIT(*) SI_UNIT(.MILLI.,.METRE.) );
#6113 = ( NAMED_UNIT(*) PLANE_ANGLE_UNIT() SI_UNIT($,.RADIAN.) );
#6114 = ( NAMED_UNIT(*) SI_UNIT($,.STERADIAN.) SOLID_ANGLE_UNIT() );
#6115 = UNCERTAINTY_MEASURE_WITH_UNIT(LENGTH_MEASURE(1.E-05),#6112,
  'distance_accuracy_value','confusion accuracy');
#6116 = CONTEXT_DEPENDENT_SHAPE_REPRESENTATION(#6117,#6119);
#6117 = ( REPRESENTATION_RELATIONSHIP('','',#2598,#10) 
REPRESENTATION_RELATIONSHIP_WITH_TRANSFORMATION(#6118) 
SHAPE_REPRESENTATION_RELATIONSHIP() );
#6118 = ITEM_DEFINED_TRANSFORMATION('','',#11,#135);
#6119 = PRODUCT_DEFINITION_SHAPE('Placement','Placement of an item',
  #6120);
#6120 = NEXT_ASSEMBLY_USAGE_OCCURRENCE('33','=>[0:1:1:6]','',#5,#2593,$
  );
#6121 = PRODUCT_RELATED_PRODUCT_CATEGORY('part',$,(#2595));
#6122 = MECHANICAL_DESIGN_GEOMETRIC_PRESENTATION_REPRESENTATION('',(
    #6123,#6131,#6138,#6145,#6152,#6159,#6166,#6173,#6181,#6188,#6195,
    #6202,#6209,#6216,#6224,#6231,#6238,#6245,#6252,#6259,#6266,#6273,
    #6280,#6287,#6294,#6301),#966);
#6123 = STYLED_ITEM('color',(#6124),#178);
#6124 = PRESENTATION_STYLE_ASSIGNMENT((#6125));
#6125 = SURFACE_STYLE_USAGE(.BOTH.,#6126);
#6126 = SURFACE_SIDE_STYLE('',(#6127));
#6127 = SURFACE_STYLE_FILL_AREA(#6128);
#6128 = FILL_AREA_STYLE('',(#6129));
#6129 = FILL_AREA_STYLE_COLOUR('',#6130);
#6130 = COLOUR_RGB('',0.823999987314,0.819999987296,0.781000009244);
#6131 = STYLED_ITEM('color',(#6132),#218);
#6132 = PRESENTATION_STYLE_ASSIGNMENT((#6133));
#6133 = SURFACE_STYLE_USAGE(.BOTH.,#6134);
#6134 = SURFACE_SIDE_STYLE('',(#6135));
#6135 = SURFACE_STYLE_FILL_AREA(#6136);
#6136 = FILL_AREA_STYLE('',(#6137));
#6137 = FILL_AREA_STYLE_COLOUR('',#6130);
#6138 = STYLED_ITEM('color',(#6139),#301);
#6139 = PRESENTATION_STYLE_ASSIGNMENT((#6140));
#6140 = SURFACE_STYLE_USAGE(.BOTH.,#6141);
#6141 = SURFACE_SIDE_STYLE('',(#6142));
#6142 = SURFACE_STYLE_FILL_AREA(#6143);
#6143 = FILL_AREA_STYLE('',(#6144));
#6144 = FILL_AREA_STYLE_COLOUR('',#6130);
#6145 = STYLED_ITEM('color',(#6146),#326);
#6146 = PRESENTATION_STYLE_ASSIGNMENT((#6147));
#6147 = SURFACE_STYLE_USAGE(.BOTH.,#6148);
#6148 = SURFACE_SIDE_STYLE('',(#6149));
#6149 = SURFACE_STYLE_FILL_AREA(#6150);
#6150 = FILL_AREA_STYLE('',(#6151));
#6151 = FILL_AREA_STYLE_COLOUR('',#6130);
#6152 = STYLED_ITEM('color',(#6153),#351);
#6153 = PRESENTATION_STYLE_ASSIGNMENT((#6154));
#6154 = SURFACE_STYLE_USAGE(.BOTH.,#6155);
#6155 = SURFACE_SIDE_STYLE('',(#6156));
#6156 = SURFACE_STYLE_FILL_AREA(#6157);
#6157 = FILL_AREA_STYLE('',(#6158));
#6158 = FILL_AREA_STYLE_COLOUR('',#6130);
#6159 = STYLED_ITEM('color',(#6160),#418);
#6160 = PRESENTATION_STYLE_ASSIGNMENT((#6161));
#6161 = SURFACE_STYLE_USAGE(.BOTH.,#6162);
#6162 = SURFACE_SIDE_STYLE('',(#6163));
#6163 = SURFACE_STYLE_FILL_AREA(#6164);
#6164 = FILL_AREA_STYLE('',(#6165));
#6165 = FILL_AREA_STYLE_COLOUR('',#6130);
#6166 = STYLED_ITEM('color',(#6167),#435);
#6167 = PRESENTATION_STYLE_ASSIGNMENT((#6168));
#6168 = SURFACE_STYLE_USAGE(.BOTH.,#6169);
#6169 = SURFACE_SIDE_STYLE('',(#6170));
#6170 = SURFACE_STYLE_FILL_AREA(#6171);
#6171 = FILL_AREA_STYLE('',(#6172));
#6172 = FILL_AREA_STYLE_COLOUR('',#6130);
#6173 = STYLED_ITEM('color',(#6174),#452);
#6174 = PRESENTATION_STYLE_ASSIGNMENT((#6175));
#6175 = SURFACE_STYLE_USAGE(.BOTH.,#6176);
#6176 = SURFACE_SIDE_STYLE('',(#6177));
#6177 = SURFACE_STYLE_FILL_AREA(#6178);
#6178 = FILL_AREA_STYLE('',(#6179));
#6179 = FILL_AREA_STYLE_COLOUR('',#6180);
#6180 = COLOUR_RGB('',0.894999966383,0.890999961016,0.813000030345);
#6181 = STYLED_ITEM('color',(#6182),#501);
#6182 = PRESENTATION_STYLE_ASSIGNMENT((#6183));
#6183 = SURFACE_STYLE_USAGE(.BOTH.,#6184);
#6184 = SURFACE_SIDE_STYLE('',(#6185));
#6185 = SURFACE_STYLE_FILL_AREA(#6186);
#6186 = FILL_AREA_STYLE('',(#6187));
#6187 = FILL_AREA_STYLE_COLOUR('',#6130);
#6188 = STYLED_ITEM('color',(#6189),#518);
#6189 = PRESENTATION_STYLE_ASSIGNMENT((#6190));
#6190 = SURFACE_STYLE_USAGE(.BOTH.,#6191);
#6191 = SURFACE_SIDE_STYLE('',(#6192));
#6192 = SURFACE_STYLE_FILL_AREA(#6193);
#6193 = FILL_AREA_STYLE('',(#6194));
#6194 = FILL_AREA_STYLE_COLOUR('',#6130);
#6195 = STYLED_ITEM('color',(#6196),#535);
#6196 = PRESENTATION_STYLE_ASSIGNMENT((#6197));
#6197 = SURFACE_STYLE_USAGE(.BOTH.,#6198);
#6198 = SURFACE_SIDE_STYLE('',(#6199));
#6199 = SURFACE_STYLE_FILL_AREA(#6200);
#6200 = FILL_AREA_STYLE('',(#6201));
#6201 = FILL_AREA_STYLE_COLOUR('',#6180);
#6202 = STYLED_ITEM('color',(#6203),#584);
#6203 = PRESENTATION_STYLE_ASSIGNMENT((#6204));
#6204 = SURFACE_STYLE_USAGE(.BOTH.,#6205);
#6205 = SURFACE_SIDE_STYLE('',(#6206));
#6206 = SURFACE_STYLE_FILL_AREA(#6207);
#6207 = FILL_AREA_STYLE('',(#6208));
#6208 = FILL_AREA_STYLE_COLOUR('',#6180);
#6209 = STYLED_ITEM('color',(#6210),#601);
#6210 = PRESENTATION_STYLE_ASSIGNMENT((#6211));
#6211 = SURFACE_STYLE_USAGE(.BOTH.,#6212);
#6212 = SURFACE_SIDE_STYLE('',(#6213));
#6213 = SURFACE_STYLE_FILL_AREA(#6214);
#6214 = FILL_AREA_STYLE('',(#6215));
#6215 = FILL_AREA_STYLE_COLOUR('',#6130);
#6216 = STYLED_ITEM('color',(#6217),#670);
#6217 = PRESENTATION_STYLE_ASSIGNMENT((#6218));
#6218 = SURFACE_STYLE_USAGE(.BOTH.,#6219);
#6219 = SURFACE_SIDE_STYLE('',(#6220));
#6220 = SURFACE_STYLE_FILL_AREA(#6221);
#6221 = FILL_AREA_STYLE('',(#6222));
#6222 = FILL_AREA_STYLE_COLOUR('',#6223);
#6223 = COLOUR_RGB('',8.200000279077E-02,8.600000121357E-02,
  9.399999706163E-02);
#6224 = STYLED_ITEM('color',(#6225),#701);
#6225 = PRESENTATION_STYLE_ASSIGNMENT((#6226));
#6226 = SURFACE_STYLE_USAGE(.BOTH.,#6227);
#6227 = SURFACE_SIDE_STYLE('',(#6228));
#6228 = SURFACE_STYLE_FILL_AREA(#6229);
#6229 = FILL_AREA_STYLE('',(#6230));
#6230 = FILL_AREA_STYLE_COLOUR('',#6223);
#6231 = STYLED_ITEM('color',(#6232),#725);
#6232 = PRESENTATION_STYLE_ASSIGNMENT((#6233));
#6233 = SURFACE_STYLE_USAGE(.BOTH.,#6234);
#6234 = SURFACE_SIDE_STYLE('',(#6235));
#6235 = SURFACE_STYLE_FILL_AREA(#6236);
#6236 = FILL_AREA_STYLE('',(#6237));
#6237 = FILL_AREA_STYLE_COLOUR('',#6130);
#6238 = STYLED_ITEM('color',(#6239),#794);
#6239 = PRESENTATION_STYLE_ASSIGNMENT((#6240));
#6240 = SURFACE_STYLE_USAGE(.BOTH.,#6241);
#6241 = SURFACE_SIDE_STYLE('',(#6242));
#6242 = SURFACE_STYLE_FILL_AREA(#6243);
#6243 = FILL_AREA_STYLE('',(#6244));
#6244 = FILL_AREA_STYLE_COLOUR('',#6223);
#6245 = STYLED_ITEM('color',(#6246),#818);
#6246 = PRESENTATION_STYLE_ASSIGNMENT((#6247));
#6247 = SURFACE_STYLE_USAGE(.BOTH.,#6248);
#6248 = SURFACE_SIDE_STYLE('',(#6249));
#6249 = SURFACE_STYLE_FILL_AREA(#6250);
#6250 = FILL_AREA_STYLE('',(#6251));
#6251 = FILL_AREA_STYLE_COLOUR('',#6130);
#6252 = STYLED_ITEM('color',(#6253),#835);
#6253 = PRESENTATION_STYLE_ASSIGNMENT((#6254));
#6254 = SURFACE_STYLE_USAGE(.BOTH.,#6255);
#6255 = SURFACE_SIDE_STYLE('',(#6256));
#6256 = SURFACE_STYLE_FILL_AREA(#6257);
#6257 = FILL_AREA_STYLE('',(#6258));
#6258 = FILL_AREA_STYLE_COLOUR('',#6130);
#6259 = STYLED_ITEM('color',(#6260),#852);
#6260 = PRESENTATION_STYLE_ASSIGNMENT((#6261));
#6261 = SURFACE_STYLE_USAGE(.BOTH.,#6262);
#6262 = SURFACE_SIDE_STYLE('',(#6263));
#6263 = SURFACE_STYLE_FILL_AREA(#6264);
#6264 = FILL_AREA_STYLE('',(#6265));
#6265 = FILL_AREA_STYLE_COLOUR('',#6130);
#6266 = STYLED_ITEM('color',(#6267),#869);
#6267 = PRESENTATION_STYLE_ASSIGNMENT((#6268));
#6268 = SURFACE_STYLE_USAGE(.BOTH.,#6269);
#6269 = SURFACE_SIDE_STYLE('',(#6270));
#6270 = SURFACE_STYLE_FILL_AREA(#6271);
#6271 = FILL_AREA_STYLE('',(#6272));
#6272 = FILL_AREA_STYLE_COLOUR('',#6130);
#6273 = STYLED_ITEM('color',(#6274),#886);
#6274 = PRESENTATION_STYLE_ASSIGNMENT((#6275));
#6275 = SURFACE_STYLE_USAGE(.BOTH.,#6276);
#6276 = SURFACE_SIDE_STYLE('',(#6277));
#6277 = SURFACE_STYLE_FILL_AREA(#6278);
#6278 = FILL_AREA_STYLE('',(#6279));
#6279 = FILL_AREA_STYLE_COLOUR('',#6130);
#6280 = STYLED_ITEM('color',(#6281),#903);
#6281 = PRESENTATION_STYLE_ASSIGNMENT((#6282));
#6282 = SURFACE_STYLE_USAGE(.BOTH.,#6283);
#6283 = SURFACE_SIDE_STYLE('',(#6284));
#6284 = SURFACE_STYLE_FILL_AREA(#6285);
#6285 = FILL_AREA_STYLE('',(#6286));
#6286 = FILL_AREA_STYLE_COLOUR('',#6130);
#6287 = STYLED_ITEM('color',(#6288),#920);
#6288 = PRESENTATION_STYLE_ASSIGNMENT((#6289));
#6289 = SURFACE_STYLE_USAGE(.BOTH.,#6290);
#6290 = SURFACE_SIDE_STYLE('',(#6291));
#6291 = SURFACE_STYLE_FILL_AREA(#6292);
#6292 = FILL_AREA_STYLE('',(#6293));
#6293 = FILL_AREA_STYLE_COLOUR('',#6130);
#6294 = STYLED_ITEM('color',(#6295),#937);
#6295 = PRESENTATION_STYLE_ASSIGNMENT((#6296));
#6296 = SURFACE_STYLE_USAGE(.BOTH.,#6297);
#6297 = SURFACE_SIDE_STYLE('',(#6298));
#6298 = SURFACE_STYLE_FILL_AREA(#6299);
#6299 = FILL_AREA_STYLE('',(#6300));
#6300 = FILL_AREA_STYLE_COLOUR('',#6223);
#6301 = STYLED_ITEM('color',(#6302),#954);
#6302 = PRESENTATION_STYLE_ASSIGNMENT((#6303));
#6303 = SURFACE_STYLE_USAGE(.BOTH.,#6304);
#6304 = SURFACE_SIDE_STYLE('',(#6305));
#6305 = SURFACE_STYLE_FILL_AREA(#6306);
#6306 = FILL_AREA_STYLE('',(#6307));
#6307 = FILL_AREA_STYLE_COLOUR('',#6223);
#6308 = MECHANICAL_DESIGN_GEOMETRIC_PRESENTATION_REPRESENTATION('',(
    #6309,#6317,#6324,#6331,#6338,#6345,#6352,#6359,#6366,#6373,#6380,
    #6387,#6394,#6401,#6408,#6415,#6422,#6430,#6437,#6444,#6451,#6458,
    #6465,#6472,#6479,#6486,#6493,#6500,#6507,#6514,#6521,#6528,#6535,
    #6542,#6549,#6556,#6563,#6570,#6577,#6584,#6591,#6598,#6605,#6612,
    #6619,#6626,#6633,#6640,#6647,#6654,#6661,#6668),#2440);
#6309 = STYLED_ITEM('color',(#6310),#1010);
#6310 = PRESENTATION_STYLE_ASSIGNMENT((#6311));
#6311 = SURFACE_STYLE_USAGE(.BOTH.,#6312);
#6312 = SURFACE_SIDE_STYLE('',(#6313));
#6313 = SURFACE_STYLE_FILL_AREA(#6314);
#6314 = FILL_AREA_STYLE('',(#6315));
#6315 = FILL_AREA_STYLE_COLOUR('',#6316);
#6316 = COLOUR_RGB('',0.147999998088,0.144999993226,0.144999993226);
#6317 = STYLED_ITEM('color',(#6318),#1050);
#6318 = PRESENTATION_STYLE_ASSIGNMENT((#6319));
#6319 = SURFACE_STYLE_USAGE(.BOTH.,#6320);
#6320 = SURFACE_SIDE_STYLE('',(#6321));
#6321 = SURFACE_STYLE_FILL_AREA(#6322);
#6322 = FILL_AREA_STYLE('',(#6323));
#6323 = FILL_AREA_STYLE_COLOUR('',#6316);
#6324 = STYLED_ITEM('color',(#6325),#1081);
#6325 = PRESENTATION_STYLE_ASSIGNMENT((#6326));
#6326 = SURFACE_STYLE_USAGE(.BOTH.,#6327);
#6327 = SURFACE_SIDE_STYLE('',(#6328));
#6328 = SURFACE_STYLE_FILL_AREA(#6329);
#6329 = FILL_AREA_STYLE('',(#6330));
#6330 = FILL_AREA_STYLE_COLOUR('',#6316);
#6331 = STYLED_ITEM('color',(#6332),#1112);
#6332 = PRESENTATION_STYLE_ASSIGNMENT((#6333));
#6333 = SURFACE_STYLE_USAGE(.BOTH.,#6334);
#6334 = SURFACE_SIDE_STYLE('',(#6335));
#6335 = SURFACE_STYLE_FILL_AREA(#6336);
#6336 = FILL_AREA_STYLE('',(#6337));
#6337 = FILL_AREA_STYLE_COLOUR('',#6316);
#6338 = STYLED_ITEM('color',(#6339),#1277);
#6339 = PRESENTATION_STYLE_ASSIGNMENT((#6340));
#6340 = SURFACE_STYLE_USAGE(.BOTH.,#6341);
#6341 = SURFACE_SIDE_STYLE('',(#6342));
#6342 = SURFACE_STYLE_FILL_AREA(#6343);
#6343 = FILL_AREA_STYLE('',(#6344));
#6344 = FILL_AREA_STYLE_COLOUR('',#6316);
#6345 = STYLED_ITEM('color',(#6346),#1442);
#6346 = PRESENTATION_STYLE_ASSIGNMENT((#6347));
#6347 = SURFACE_STYLE_USAGE(.BOTH.,#6348);
#6348 = SURFACE_SIDE_STYLE('',(#6349));
#6349 = SURFACE_STYLE_FILL_AREA(#6350);
#6350 = FILL_AREA_STYLE('',(#6351));
#6351 = FILL_AREA_STYLE_COLOUR('',#6316);
#6352 = STYLED_ITEM('color',(#6353),#1459);
#6353 = PRESENTATION_STYLE_ASSIGNMENT((#6354));
#6354 = SURFACE_STYLE_USAGE(.BOTH.,#6355);
#6355 = SURFACE_SIDE_STYLE('',(#6356));
#6356 = SURFACE_STYLE_FILL_AREA(#6357);
#6357 = FILL_AREA_STYLE('',(#6358));
#6358 = FILL_AREA_STYLE_COLOUR('',#6316);
#6359 = STYLED_ITEM('color',(#6360),#1476);
#6360 = PRESENTATION_STYLE_ASSIGNMENT((#6361));
#6361 = SURFACE_STYLE_USAGE(.BOTH.,#6362);
#6362 = SURFACE_SIDE_STYLE('',(#6363));
#6363 = SURFACE_STYLE_FILL_AREA(#6364);
#6364 = FILL_AREA_STYLE('',(#6365));
#6365 = FILL_AREA_STYLE_COLOUR('',#6316);
#6366 = STYLED_ITEM('color',(#6367),#1493);
#6367 = PRESENTATION_STYLE_ASSIGNMENT((#6368));
#6368 = SURFACE_STYLE_USAGE(.BOTH.,#6369);
#6369 = SURFACE_SIDE_STYLE('',(#6370));
#6370 = SURFACE_STYLE_FILL_AREA(#6371);
#6371 = FILL_AREA_STYLE('',(#6372));
#6372 = FILL_AREA_STYLE_COLOUR('',#6316);
#6373 = STYLED_ITEM('color',(#6374),#1510);
#6374 = PRESENTATION_STYLE_ASSIGNMENT((#6375));
#6375 = SURFACE_STYLE_USAGE(.BOTH.,#6376);
#6376 = SURFACE_SIDE_STYLE('',(#6377));
#6377 = SURFACE_STYLE_FILL_AREA(#6378);
#6378 = FILL_AREA_STYLE('',(#6379));
#6379 = FILL_AREA_STYLE_COLOUR('',#6316);
#6380 = STYLED_ITEM('color',(#6381),#1527);
#6381 = PRESENTATION_STYLE_ASSIGNMENT((#6382));
#6382 = SURFACE_STYLE_USAGE(.BOTH.,#6383);
#6383 = SURFACE_SIDE_STYLE('',(#6384));
#6384 = SURFACE_STYLE_FILL_AREA(#6385);
#6385 = FILL_AREA_STYLE('',(#6386));
#6386 = FILL_AREA_STYLE_COLOUR('',#6316);
#6387 = STYLED_ITEM('color',(#6388),#1544);
#6388 = PRESENTATION_STYLE_ASSIGNMENT((#6389));
#6389 = SURFACE_STYLE_USAGE(.BOTH.,#6390);
#6390 = SURFACE_SIDE_STYLE('',(#6391));
#6391 = SURFACE_STYLE_FILL_AREA(#6392);
#6392 = FILL_AREA_STYLE('',(#6393));
#6393 = FILL_AREA_STYLE_COLOUR('',#6316);
#6394 = STYLED_ITEM('color',(#6395),#1561);
#6395 = PRESENTATION_STYLE_ASSIGNMENT((#6396));
#6396 = SURFACE_STYLE_USAGE(.BOTH.,#6397);
#6397 = SURFACE_SIDE_STYLE('',(#6398));
#6398 = SURFACE_STYLE_FILL_AREA(#6399);
#6399 = FILL_AREA_STYLE('',(#6400));
#6400 = FILL_AREA_STYLE_COLOUR('',#6316);
#6401 = STYLED_ITEM('color',(#6402),#1578);
#6402 = PRESENTATION_STYLE_ASSIGNMENT((#6403));
#6403 = SURFACE_STYLE_USAGE(.BOTH.,#6404);
#6404 = SURFACE_SIDE_STYLE('',(#6405));
#6405 = SURFACE_STYLE_FILL_AREA(#6406);
#6406 = FILL_AREA_STYLE('',(#6407));
#6407 = FILL_AREA_STYLE_COLOUR('',#6316);
#6408 = STYLED_ITEM('color',(#6409),#1595);
#6409 = PRESENTATION_STYLE_ASSIGNMENT((#6410));
#6410 = SURFACE_STYLE_USAGE(.BOTH.,#6411);
#6411 = SURFACE_SIDE_STYLE('',(#6412));
#6412 = SURFACE_STYLE_FILL_AREA(#6413);
#6413 = FILL_AREA_STYLE('',(#6414));
#6414 = FILL_AREA_STYLE_COLOUR('',#6316);
#6415 = STYLED_ITEM('color',(#6416),#1612);
#6416 = PRESENTATION_STYLE_ASSIGNMENT((#6417));
#6417 = SURFACE_STYLE_USAGE(.BOTH.,#6418);
#6418 = SURFACE_SIDE_STYLE('',(#6419));
#6419 = SURFACE_STYLE_FILL_AREA(#6420);
#6420 = FILL_AREA_STYLE('',(#6421));
#6421 = FILL_AREA_STYLE_COLOUR('',#6316);
#6422 = STYLED_ITEM('color',(#6423),#1624);
#6423 = PRESENTATION_STYLE_ASSIGNMENT((#6424));
#6424 = SURFACE_STYLE_USAGE(.BOTH.,#6425);
#6425 = SURFACE_SIDE_STYLE('',(#6426));
#6426 = SURFACE_STYLE_FILL_AREA(#6427);
#6427 = FILL_AREA_STYLE('',(#6428));
#6428 = FILL_AREA_STYLE_COLOUR('',#6429);
#6429 = COLOUR_RGB('',0.859000020776,0.737999965183,0.495999988746);
#6430 = STYLED_ITEM('color',(#6431),#1655);
#6431 = PRESENTATION_STYLE_ASSIGNMENT((#6432));
#6432 = SURFACE_STYLE_USAGE(.BOTH.,#6433);
#6433 = SURFACE_SIDE_STYLE('',(#6434));
#6434 = SURFACE_STYLE_FILL_AREA(#6435);
#6435 = FILL_AREA_STYLE('',(#6436));
#6436 = FILL_AREA_STYLE_COLOUR('',#6429);
#6437 = STYLED_ITEM('color',(#6438),#1679);
#6438 = PRESENTATION_STYLE_ASSIGNMENT((#6439));
#6439 = SURFACE_STYLE_USAGE(.BOTH.,#6440);
#6440 = SURFACE_SIDE_STYLE('',(#6441));
#6441 = SURFACE_STYLE_FILL_AREA(#6442);
#6442 = FILL_AREA_STYLE('',(#6443));
#6443 = FILL_AREA_STYLE_COLOUR('',#6429);
#6444 = STYLED_ITEM('color',(#6445),#1703);
#6445 = PRESENTATION_STYLE_ASSIGNMENT((#6446));
#6446 = SURFACE_STYLE_USAGE(.BOTH.,#6447);
#6447 = SURFACE_SIDE_STYLE('',(#6448));
#6448 = SURFACE_STYLE_FILL_AREA(#6449);
#6449 = FILL_AREA_STYLE('',(#6450));
#6450 = FILL_AREA_STYLE_COLOUR('',#6429);
#6451 = STYLED_ITEM('color',(#6452),#1720);
#6452 = PRESENTATION_STYLE_ASSIGNMENT((#6453));
#6453 = SURFACE_STYLE_USAGE(.BOTH.,#6454);
#6454 = SURFACE_SIDE_STYLE('',(#6455));
#6455 = SURFACE_STYLE_FILL_AREA(#6456);
#6456 = FILL_AREA_STYLE('',(#6457));
#6457 = FILL_AREA_STYLE_COLOUR('',#6429);
#6458 = STYLED_ITEM('color',(#6459),#1751);
#6459 = PRESENTATION_STYLE_ASSIGNMENT((#6460));
#6460 = SURFACE_STYLE_USAGE(.BOTH.,#6461);
#6461 = SURFACE_SIDE_STYLE('',(#6462));
#6462 = SURFACE_STYLE_FILL_AREA(#6463);
#6463 = FILL_AREA_STYLE('',(#6464));
#6464 = FILL_AREA_STYLE_COLOUR('',#6429);
#6465 = STYLED_ITEM('color',(#6466),#1775);
#6466 = PRESENTATION_STYLE_ASSIGNMENT((#6467));
#6467 = SURFACE_STYLE_USAGE(.BOTH.,#6468);
#6468 = SURFACE_SIDE_STYLE('',(#6469));
#6469 = SURFACE_STYLE_FILL_AREA(#6470);
#6470 = FILL_AREA_STYLE('',(#6471));
#6471 = FILL_AREA_STYLE_COLOUR('',#6429);
#6472 = STYLED_ITEM('color',(#6473),#1799);
#6473 = PRESENTATION_STYLE_ASSIGNMENT((#6474));
#6474 = SURFACE_STYLE_USAGE(.BOTH.,#6475);
#6475 = SURFACE_SIDE_STYLE('',(#6476));
#6476 = SURFACE_STYLE_FILL_AREA(#6477);
#6477 = FILL_AREA_STYLE('',(#6478));
#6478 = FILL_AREA_STYLE_COLOUR('',#6429);
#6479 = STYLED_ITEM('color',(#6480),#1816);
#6480 = PRESENTATION_STYLE_ASSIGNMENT((#6481));
#6481 = SURFACE_STYLE_USAGE(.BOTH.,#6482);
#6482 = SURFACE_SIDE_STYLE('',(#6483));
#6483 = SURFACE_STYLE_FILL_AREA(#6484);
#6484 = FILL_AREA_STYLE('',(#6485));
#6485 = FILL_AREA_STYLE_COLOUR('',#6429);
#6486 = STYLED_ITEM('color',(#6487),#1847);
#6487 = PRESENTATION_STYLE_ASSIGNMENT((#6488));
#6488 = SURFACE_STYLE_USAGE(.BOTH.,#6489);
#6489 = SURFACE_SIDE_STYLE('',(#6490));
#6490 = SURFACE_STYLE_FILL_AREA(#6491);
#6491 = FILL_AREA_STYLE('',(#6492));
#6492 = FILL_AREA_STYLE_COLOUR('',#6429);
#6493 = STYLED_ITEM('color',(#6494),#1871);
#6494 = PRESENTATION_STYLE_ASSIGNMENT((#6495));
#6495 = SURFACE_STYLE_USAGE(.BOTH.,#6496);
#6496 = SURFACE_SIDE_STYLE('',(#6497));
#6497 = SURFACE_STYLE_FILL_AREA(#6498);
#6498 = FILL_AREA_STYLE('',(#6499));
#6499 = FILL_AREA_STYLE_COLOUR('',#6429);
#6500 = STYLED_ITEM('color',(#6501),#1895);
#6501 = PRESENTATION_STYLE_ASSIGNMENT((#6502));
#6502 = SURFACE_STYLE_USAGE(.BOTH.,#6503);
#6503 = SURFACE_SIDE_STYLE('',(#6504));
#6504 = SURFACE_STYLE_FILL_AREA(#6505);
#6505 = FILL_AREA_STYLE('',(#6506));
#6506 = FILL_AREA_STYLE_COLOUR('',#6429);
#6507 = STYLED_ITEM('color',(#6508),#1912);
#6508 = PRESENTATION_STYLE_ASSIGNMENT((#6509));
#6509 = SURFACE_STYLE_USAGE(.BOTH.,#6510);
#6510 = SURFACE_SIDE_STYLE('',(#6511));
#6511 = SURFACE_STYLE_FILL_AREA(#6512);
#6512 = FILL_AREA_STYLE('',(#6513));
#6513 = FILL_AREA_STYLE_COLOUR('',#6429);
#6514 = STYLED_ITEM('color',(#6515),#1943);
#6515 = PRESENTATION_STYLE_ASSIGNMENT((#6516));
#6516 = SURFACE_STYLE_USAGE(.BOTH.,#6517);
#6517 = SURFACE_SIDE_STYLE('',(#6518));
#6518 = SURFACE_STYLE_FILL_AREA(#6519);
#6519 = FILL_AREA_STYLE('',(#6520));
#6520 = FILL_AREA_STYLE_COLOUR('',#6429);
#6521 = STYLED_ITEM('color',(#6522),#1967);
#6522 = PRESENTATION_STYLE_ASSIGNMENT((#6523));
#6523 = SURFACE_STYLE_USAGE(.BOTH.,#6524);
#6524 = SURFACE_SIDE_STYLE('',(#6525));
#6525 = SURFACE_STYLE_FILL_AREA(#6526);
#6526 = FILL_AREA_STYLE('',(#6527));
#6527 = FILL_AREA_STYLE_COLOUR('',#6429);
#6528 = STYLED_ITEM('color',(#6529),#1991);
#6529 = PRESENTATION_STYLE_ASSIGNMENT((#6530));
#6530 = SURFACE_STYLE_USAGE(.BOTH.,#6531);
#6531 = SURFACE_SIDE_STYLE('',(#6532));
#6532 = SURFACE_STYLE_FILL_AREA(#6533);
#6533 = FILL_AREA_STYLE('',(#6534));
#6534 = FILL_AREA_STYLE_COLOUR('',#6429);
#6535 = STYLED_ITEM('color',(#6536),#2008);
#6536 = PRESENTATION_STYLE_ASSIGNMENT((#6537));
#6537 = SURFACE_STYLE_USAGE(.BOTH.,#6538);
#6538 = SURFACE_SIDE_STYLE('',(#6539));
#6539 = SURFACE_STYLE_FILL_AREA(#6540);
#6540 = FILL_AREA_STYLE('',(#6541));
#6541 = FILL_AREA_STYLE_COLOUR('',#6429);
#6542 = STYLED_ITEM('color',(#6543),#2039);
#6543 = PRESENTATION_STYLE_ASSIGNMENT((#6544));
#6544 = SURFACE_STYLE_USAGE(.BOTH.,#6545);
#6545 = SURFACE_SIDE_STYLE('',(#6546));
#6546 = SURFACE_STYLE_FILL_AREA(#6547);
#6547 = FILL_AREA_STYLE('',(#6548));
#6548 = FILL_AREA_STYLE_COLOUR('',#6429);
#6549 = STYLED_ITEM('color',(#6550),#2063);
#6550 = PRESENTATION_STYLE_ASSIGNMENT((#6551));
#6551 = SURFACE_STYLE_USAGE(.BOTH.,#6552);
#6552 = SURFACE_SIDE_STYLE('',(#6553));
#6553 = SURFACE_STYLE_FILL_AREA(#6554);
#6554 = FILL_AREA_STYLE('',(#6555));
#6555 = FILL_AREA_STYLE_COLOUR('',#6429);
#6556 = STYLED_ITEM('color',(#6557),#2087);
#6557 = PRESENTATION_STYLE_ASSIGNMENT((#6558));
#6558 = SURFACE_STYLE_USAGE(.BOTH.,#6559);
#6559 = SURFACE_SIDE_STYLE('',(#6560));
#6560 = SURFACE_STYLE_FILL_AREA(#6561);
#6561 = FILL_AREA_STYLE('',(#6562));
#6562 = FILL_AREA_STYLE_COLOUR('',#6429);
#6563 = STYLED_ITEM('color',(#6564),#2104);
#6564 = PRESENTATION_STYLE_ASSIGNMENT((#6565));
#6565 = SURFACE_STYLE_USAGE(.BOTH.,#6566);
#6566 = SURFACE_SIDE_STYLE('',(#6567));
#6567 = SURFACE_STYLE_FILL_AREA(#6568);
#6568 = FILL_AREA_STYLE('',(#6569));
#6569 = FILL_AREA_STYLE_COLOUR('',#6429);
#6570 = STYLED_ITEM('color',(#6571),#2135);
#6571 = PRESENTATION_STYLE_ASSIGNMENT((#6572));
#6572 = SURFACE_STYLE_USAGE(.BOTH.,#6573);
#6573 = SURFACE_SIDE_STYLE('',(#6574));
#6574 = SURFACE_STYLE_FILL_AREA(#6575);
#6575 = FILL_AREA_STYLE('',(#6576));
#6576 = FILL_AREA_STYLE_COLOUR('',#6429);
#6577 = STYLED_ITEM('color',(#6578),#2159);
#6578 = PRESENTATION_STYLE_ASSIGNMENT((#6579));
#6579 = SURFACE_STYLE_USAGE(.BOTH.,#6580);
#6580 = SURFACE_SIDE_STYLE('',(#6581));
#6581 = SURFACE_STYLE_FILL_AREA(#6582);
#6582 = FILL_AREA_STYLE('',(#6583));
#6583 = FILL_AREA_STYLE_COLOUR('',#6429);
#6584 = STYLED_ITEM('color',(#6585),#2183);
#6585 = PRESENTATION_STYLE_ASSIGNMENT((#6586));
#6586 = SURFACE_STYLE_USAGE(.BOTH.,#6587);
#6587 = SURFACE_SIDE_STYLE('',(#6588));
#6588 = SURFACE_STYLE_FILL_AREA(#6589);
#6589 = FILL_AREA_STYLE('',(#6590));
#6590 = FILL_AREA_STYLE_COLOUR('',#6429);
#6591 = STYLED_ITEM('color',(#6592),#2200);
#6592 = PRESENTATION_STYLE_ASSIGNMENT((#6593));
#6593 = SURFACE_STYLE_USAGE(.BOTH.,#6594);
#6594 = SURFACE_SIDE_STYLE('',(#6595));
#6595 = SURFACE_STYLE_FILL_AREA(#6596);
#6596 = FILL_AREA_STYLE('',(#6597));
#6597 = FILL_AREA_STYLE_COLOUR('',#6429);
#6598 = STYLED_ITEM('color',(#6599),#2231);
#6599 = PRESENTATION_STYLE_ASSIGNMENT((#6600));
#6600 = SURFACE_STYLE_USAGE(.BOTH.,#6601);
#6601 = SURFACE_SIDE_STYLE('',(#6602));
#6602 = SURFACE_STYLE_FILL_AREA(#6603);
#6603 = FILL_AREA_STYLE('',(#6604));
#6604 = FILL_AREA_STYLE_COLOUR('',#6429);
#6605 = STYLED_ITEM('color',(#6606),#2255);
#6606 = PRESENTATION_STYLE_ASSIGNMENT((#6607));
#6607 = SURFACE_STYLE_USAGE(.BOTH.,#6608);
#6608 = SURFACE_SIDE_STYLE('',(#6609));
#6609 = SURFACE_STYLE_FILL_AREA(#6610);
#6610 = FILL_AREA_STYLE('',(#6611));
#6611 = FILL_AREA_STYLE_COLOUR('',#6429);
#6612 = STYLED_ITEM('color',(#6613),#2279);
#6613 = PRESENTATION_STYLE_ASSIGNMENT((#6614));
#6614 = SURFACE_STYLE_USAGE(.BOTH.,#6615);
#6615 = SURFACE_SIDE_STYLE('',(#6616));
#6616 = SURFACE_STYLE_FILL_AREA(#6617);
#6617 = FILL_AREA_STYLE('',(#6618));
#6618 = FILL_AREA_STYLE_COLOUR('',#6429);
#6619 = STYLED_ITEM('color',(#6620),#2296);
#6620 = PRESENTATION_STYLE_ASSIGNMENT((#6621));
#6621 = SURFACE_STYLE_USAGE(.BOTH.,#6622);
#6622 = SURFACE_SIDE_STYLE('',(#6623));
#6623 = SURFACE_STYLE_FILL_AREA(#6624);
#6624 = FILL_AREA_STYLE('',(#6625));
#6625 = FILL_AREA_STYLE_COLOUR('',#6429);
#6626 = STYLED_ITEM('color',(#6627),#2327);
#6627 = PRESENTATION_STYLE_ASSIGNMENT((#6628));
#6628 = SURFACE_STYLE_USAGE(.BOTH.,#6629);
#6629 = SURFACE_SIDE_STYLE('',(#6630));
#6630 = SURFACE_STYLE_FILL_AREA(#6631);
#6631 = FILL_AREA_STYLE('',(#6632));
#6632 = FILL_AREA_STYLE_COLOUR('',#6429);
#6633 = STYLED_ITEM('color',(#6634),#2351);
#6634 = PRESENTATION_STYLE_ASSIGNMENT((#6635));
#6635 = SURFACE_STYLE_USAGE(.BOTH.,#6636);
#6636 = SURFACE_SIDE_STYLE('',(#6637));
#6637 = SURFACE_STYLE_FILL_AREA(#6638);
#6638 = FILL_AREA_STYLE('',(#6639));
#6639 = FILL_AREA_STYLE_COLOUR('',#6429);
#6640 = STYLED_ITEM('color',(#6641),#2375);
#6641 = PRESENTATION_STYLE_ASSIGNMENT((#6642));
#6642 = SURFACE_STYLE_USAGE(.BOTH.,#6643);
#6643 = SURFACE_SIDE_STYLE('',(#6644));
#6644 = SURFACE_STYLE_FILL_AREA(#6645);
#6645 = FILL_AREA_STYLE('',(#6646));
#6646 = FILL_AREA_STYLE_COLOUR('',#6429);
#6647 = STYLED_ITEM('color',(#6648),#2392);
#6648 = PRESENTATION_STYLE_ASSIGNMENT((#6649));
#6649 = SURFACE_STYLE_USAGE(.BOTH.,#6650);
#6650 = SURFACE_SIDE_STYLE('',(#6651));
#6651 = SURFACE_STYLE_FILL_AREA(#6652);
#6652 = FILL_AREA_STYLE('',(#6653));
#6653 = FILL_AREA_STYLE_COLOUR('',#6429);
#6654 = STYLED_ITEM('color',(#6655),#2404);
#6655 = PRESENTATION_STYLE_ASSIGNMENT((#6656));
#6656 = SURFACE_STYLE_USAGE(.BOTH.,#6657);
#6657 = SURFACE_SIDE_STYLE('',(#6658));
#6658 = SURFACE_STYLE_FILL_AREA(#6659);
#6659 = FILL_AREA_STYLE('',(#6660));
#6660 = FILL_AREA_STYLE_COLOUR('',#6429);
#6661 = STYLED_ITEM('color',(#6662),#2416);
#6662 = PRESENTATION_STYLE_ASSIGNMENT((#6663));
#6663 = SURFACE_STYLE_USAGE(.BOTH.,#6664);
#6664 = SURFACE_SIDE_STYLE('',(#6665));
#6665 = SURFACE_STYLE_FILL_AREA(#6666);
#6666 = FILL_AREA_STYLE('',(#6667));
#6667 = FILL_AREA_STYLE_COLOUR('',#6429);
#6668 = STYLED_ITEM('color',(#6669),#2428);
#6669 = PRESENTATION_STYLE_ASSIGNMENT((#6670));
#6670 = SURFACE_STYLE_USAGE(.BOTH.,#6671);
#6671 = SURFACE_SIDE_STYLE('',(#6672));
#6672 = SURFACE_STYLE_FILL_AREA(#6673);
#6673 = FILL_AREA_STYLE('',(#6674));
#6674 = FILL_AREA_STYLE_COLOUR('',#6429);
#6675 = MECHANICAL_DESIGN_GEOMETRIC_PRESENTATION_REPRESENTATION('',(
    #6676),#6111);
#6676 = STYLED_ITEM('color',(#6677),#2599);
#6677 = PRESENTATION_STYLE_ASSIGNMENT((#6678));
#6678 = SURFACE_STYLE_USAGE(.BOTH.,#6679);
#6679 = SURFACE_SIDE_STYLE('',(#6680));
#6680 = SURFACE_STYLE_FILL_AREA(#6681);
#6681 = FILL_AREA_STYLE('',(#6682));
#6682 = FILL_AREA_STYLE_COLOUR('',#6683);
#6683 = COLOUR_RGB('',0.313304153717,0.484529207832,0.410020903123);
ENDSEC;
END-ISO-10303-21;
